Date,Open,High,Low,Close,Volume,RV_daily_sq,RV_21,Parkinson_21,log_ret,RV_target,log_ret_lag1,log_ret_lag2,log_ret_lag5,log_ret_lag10,log_ret_lag21,RV_lag1,RV_lag2,RV_lag5,RV_lag10,RV_lag21,absret_roll5_mean,absret_roll5_std,absret_roll5_min,absret_roll5_max,absret_roll10_mean,absret_roll10_std,absret_roll10_min,absret_roll10_max,absret_roll21_mean,absret_roll21_std,absret_roll21_min,absret_roll21_max,absret_roll42_mean,absret_roll42_std,absret_roll42_min,absret_roll42_max,RV_roll5_mean,RV_roll5_std,RV_roll5_min,RV_roll5_max,RV_roll10_mean,RV_roll10_std,RV_roll10_min,RV_roll10_max,RV_roll21_mean,RV_roll21_std,RV_roll21_min,RV_roll21_max,RV_roll42_mean,RV_roll42_std,RV_roll42_min,RV_roll42_max,parkinson,garman_klass,regime_high_vol,vol_spike,ret_spike,VIX_level,VIX_change,vol_of_vol,GARCH_vol_forecast,HAR_RV_forecast
2023-04-26,18.65999984741211,19.61000061035156,17.8700008392334,18.84000015258789,0,1.810776080247992e-05,0.1637103947761997,0.2003209958130579,0.004255321468758844,0.1637103947761997,0.10500526109575503,0.007130091551149409,-0.022229864041926728,-0.0005237092940850729,-0.05386277685143703,0.1722909873647614,0.1421187348990952,0.1857965550173284,0.2815986192411644,0.3533883138048215,0.036438658012409066,0.04121660192887202,0.004255321468758844,0.10500526109575503,0.033042479616520425,0.03292978336858542,0.004255321468758844,0.10500526109575503,0.025598499772645795,0.02553443396177576,0.0005237092940850729,0.10500526109575503,0.04458352390669026,0.04078539561853615,0.0005237092940850729,0.16818052309360176,0.15348248866866307,0.013697835133473628,0.1421187348990952,0.1722909873647614,0.18857253289546452,0.04515836051590539,0.1421187348990952,0.2680236992910952,0.2649925772816256,0.08300464290252714,0.1421187348990952,0.3556037778309256,0.2841625376421109,0.07053545608353899,0.1421187348990952,0.3746533751191513,0.003113854515854313,0.0042811174007956285,0,0,0,18.84000015258789,0.004264388205224456,-0.04980291029614636,0.0756815273502638,0.0009176840250301
2023-04-27,18.43000030517578,18.43000030517578,16.719999313354492,17.030000686645508,0,0.0102021599680806,0.1898381702645472,0.2041318351986196,-0.10100574225300596,0.1898381702645472,0.004255321468758844,0.10500526109575503,0.042230539725252036,-0.06996623129446444,-0.031059981269611292,0.1637103947761997,0.1722909873647614,0.1464977659448727,0.2680236992910952,0.3531377202455352,0.04819369851795985,0.05059567838603769,0.004255321468758844,0.10500526109575503,0.036146430712374576,0.037886720336176134,0.004255321468758844,0.10500526109575503,0.02892925029566459,0.030383876409485266,0.0005237092940850729,0.10500526109575503,0.04618389547738847,0.041660880606133543,0.0005237092940850729,0.16818052309360176,0.16215056953259796,0.020296513572716415,0.1421187348990952,0.1898381702645472,0.1807539799928097,0.035639107766871944,0.1421187348990952,0.2534447717774985,0.2572164082349119,0.0819768835183362,0.1421187348990952,0.3556037778309256,0.2825491220371396,0.07191925465266483,0.1421187348990952,0.3746533751191513,0.0034198144737834306,0.0023298078489709497,0,0,1,17.030000686645508,-0.09607215771140842,0.159597535172189,0.0686601554405641,0.0007679215233297
2023-04-28,17.209999084472656,17.649999618530273,15.720000267028809,15.779999732971191,0,0.0058115063470523,0.1998952755039587,0.2153615271969864,-0.0762332364986058,0.1998952755039587,-0.10100574225300596,0.004255321468758844,-0.02357207622113,-0.04187589550782356,-0.04349616152765723,0.1898381702645472,0.1637103947761997,0.1427945603583864,0.2534447717774985,0.3556037778309256,0.05872593057345501,0.049661460234924064,0.004255321468758844,0.10500526109575503,0.039582164811452804,0.039964866158761755,0.004255321468758844,0.10500526109575503,0.03048815862761452,0.03196719961323554,0.0005237092940850729,0.10500526109575503,0.04771314049742664,0.04155435153142558,0.0005237092940850729,0.16818052309360176,0.17357071256171244,0.022614725603658445,0.1421187348990952,0.1998952755039587,0.17539903036545573,0.026303774866850954,0.1421187348990952,0.2186219824405144,0.24980171764791342,0.07964147663830538,0.1421187348990952,0.3555949131615979,0.28117495261361,0.07295136276327212,0.1421187348990952,0.3746533751191513,0.004836668820660284,0.003798148090756452,0,0,1,15.779999732971191,-0.07339993560038638,0.05297725544550147,0.0779842126141621,0.0011158993958748
2023-05-01,16.40999984741211,16.6200008392334,15.529999732971191,16.079999923706055,0,0.000354680401587,0.2007119911573229,0.2158681002492613,0.018832960510421604,0.2007119911573229,-0.0762332364986058,-0.10100574225300596,0.007130091551149409,-0.0070546400908124696,-0.005243870331479883,0.1998952755039587,0.1898381702645472,0.1421187348990952,0.2186219824405144,0.3555949131615979,0.06106650436530945,0.04681604841910143,0.004255321468758844,0.10500526109575503,0.040759996853413714,0.039063099204681415,0.004255321468758844,0.10500526109575503,0.03113525815994508,0.0315656562421265,0.0005237092940850729,0.10500526109575503,0.04802311549935129,0.04128184551250533,0.0005237092940850729,0.16818052309360176,0.18528936381335798,0.016631982936810497,0.1637103947761997,0.2007119911573229,0.17360803123713658,0.023493362583705987,0.1421187348990952,0.2007119911573229,0.24242634040961464,0.0764625977439191,0.1421187348990952,0.3525692852045088,0.2800800874496795,0.07382132688990115,0.1421187348990952,0.3746533751191513,0.0016595846664006263,0.0021412551818414966,0,0,0,16.079999923706055,0.01901141925294425,0.004085717640425424,0.0777641914803306,0.0012174261131409
2023-05-02,16.270000457763672,19.809999465942383,16.260000228881836,17.780000686645508,0,0.0100998499533734,0.2238241647603642,0.244611292509772,0.10049800969856815,0.2238241647603642,0.018832960510421604,-0.0762332364986058,0.10500526109575503,-0.007104875168131741,-0.01696751652529338,0.2007119911573229,0.1998952755039587,0.1722909873647614,0.1924258770848931,0.3525692852045088,0.06016505408587207,0.045790653427082266,0.004255321468758844,0.10100574225300596,0.050099310306457354,0.04122710365304166,0.004255321468758844,0.10500526109575503,0.03511290069200578,0.03478938418220025,0.0005237092940850729,0.10500526109575503,0.04924210413614588,0.04206887360165177,0.0005237092940850729,0.16818052309360176,0.19559599929247856,0.021744716857607625,0.1637103947761997,0.2238241647603642,0.17674786000468368,0.0279610965175678,0.1421187348990952,0.2238241647603642,0.23629562038846488,0.0722342887547977,0.1421187348990952,0.3486589273111717,0.2794551462237384,0.07419173292088004,0.1421187348990952,0.3746533751191513,0.01406549871050429,0.016456159405879085,0,0,1,17.780000686645508,0.10572144098292036,0.11515093577505997,0.0708923529642514,0.0011348513106182
2023-05-03,17.81999969482422,18.82999992370605,17.190000534057617,18.34000015258789,0,0.0009616329036702,0.2258185680371458,0.2473815314114722,0.031010206443529142,0.2258185680371458,0.10049800969856815,0.018832960510421604,0.004255321468758844,-0.022229864041926728,-0.008053816734809427,0.2238241647603642,0.2007119911573229,0.1637103947761997,0.1857965550173284,0.3478941971630052,0.06551603108082613,0.03862666802497056,0.018832960510421604,0.10100574225300596,0.0509773445466176,0.04065716431399533,0.004255321468758844,0.10500526109575503,0.036206062106706724,0.03425315173205086,0.0005237092940850729,0.10500526109575503,0.048604508891344954,0.04213904687652723,0.0005237092940850729,0.16818052309360176,0.20801763394466777,0.015941750953592095,0.1898381702645472,0.2258185680371458,0.18075006130666543,0.031976181446233334,0.1421187348990952,0.2258185680371458,0.2304824951919954,0.06756542562973789,0.1421187348990952,0.3486589273111717,0.2790422504944089,0.0744464680615636,0.1421187348990952,0.3746533751191513,0.0029948509949805804,0.003832158232879414,0,0,0,18.34000015258789,0.031496031738794894,0.008910580673525015,0.081559872170709,0.001259692277242
2023-05-04,19.170000076293945,21.32999992370605,18.670000076293945,20.09000015258789,0,0.0083060824162246,0.2423336213575171,0.2560464526005281,0.09113771127378989,0.2423336213575171,0.031010206443529142,0.10049800969856815,-0.10100574225300596,0.042230539725252036,0.023969231241808497,0.2258185680371458,0.2238241647603642,0.1898381702645472,0.1464977659448727,0.3486589273111717,0.06354242488498292,0.036556645157172,0.018832960510421604,0.10049800969856815,0.055868061701471385,0.042392612575367764,0.004255321468758844,0.10500526109575503,0.03940456115584869,0.0361375675735534,0.0005237092940850729,0.10500526109575503,0.05062042891141675,0.04209937809072034,0.0005237092940850729,0.16818052309360176,0.21851672416326173,0.018114202364419768,0.1998952755039587,0.2423336213575171,0.19033364684792986,0.034806049333189086,0.1421187348990952,0.2423336213575171,0.2254193853846785,0.06202345451286382,0.1421187348990952,0.3459024446378188,0.279129675882699,0.07440003260340225,0.1421187348990952,0.3746533751191513,0.0063988305907865806,0.008021848796432585,0,0,1,20.09000015258789,0.09541984653435587,0.0731341690097631,0.0746173755460572,0.0012075088867814
2023-05-05,19.5,19.6299991607666,16.690000534057617,17.190000534057617,0,0.0243030439842151,0.2881162506448553,0.2719412879186464,-0.15589433595937718,0.2881162506448553,0.09113771127378989,0.031010206443529142,-0.0762332364986058,-0.02357207622113,0.004201682855065503,0.2423336213575171,0.2258185680371458,0.1998952755039587,0.1427945603583864,0.3448868587570659,0.0794746447771372,0.05577677349670316,0.018832960510421604,0.15589433595937718,0.06910028767529611,0.05097440450334406,0.004255321468758844,0.15589433595937718,0.04662802082748258,0.04321652174435008,0.0005237092940850729,0.15589433595937718,0.05311029080820207,0.04512540619646395,0.0005237092940850729,0.16818052309360176,0.23616091919144105,0.03260845348420228,0.2007119911573229,0.2881162506448553,0.20486581587657673,0.04228577791637047,0.1421187348990952,0.2881162506448553,0.22271602309362087,0.05763814986293604,0.1421187348990952,0.3459024446378188,0.28020004386608327,0.07419303073336805,0.1421187348990952,0.3746533751191513,0.009494665165140496,0.007021156954255553,0,0,1,17.190000534057617,-0.14435040301165503,0.18892396783768883,0.08114464906582,0.0012687230137177
2023-05-08,17.729999542236328,17.8799991607666,16.829999923706055,16.979999542236328,0,0.0001510858037938,0.2860858162736173,0.2701108777668984,-0.012291696538472507,0.2860858162736173,-0.15589433595937718,0.09113771127378989,0.018832960510421604,0.007130091551149409,-0.0362900181386161,0.2881162506448553,0.2423336213575171,0.2007119911573229,0.1421187348990952,0.3459024446378188,0.07816639198274737,0.057601586096380726,0.012291696538472507,0.15589433595937718,0.06961644817402841,0.05029883567562968,0.004255321468758844,0.15589433595937718,0.04548524360842813,0.043816685842531795,0.0005237092940850729,0.15589433595937718,0.05281229668877328,0.045357595662220015,0.0005237092940850729,0.16818052309360176,0.25323568421469994,0.03174655808676705,0.2238241647603642,0.2881162506448553,0.21926252401402896,0.04304987207012042,0.1637103947761997,0.2881162506448553,0.2198676122191351,0.0524945617624095,0.1421187348990952,0.3038001929887153,0.281359864140223,0.0738873332109707,0.1421187348990952,0.3746533751191513,0.0013210168443912747,0.0011096677506437775,0,0,0,16.979999542236328,-0.01221646220459538,-0.007047274725717645,0.1012985653373363,0.0016875993800437
2023-05-09,17.290000915527344,17.860000610351562,17.219999313354492,17.709999084472656,0,0.0017718413735516,0.287552067015514,0.2687907959873544,0.04209324617502963,0.287552067015514,-0.012291696538472507,-0.15589433595937718,0.10049800969856815,0.10500526109575503,0.03050810386764269,0.2860858162736173,0.2881162506448553,0.2238241647603642,0.1722909873647614,0.3038001929887153,0.06648543927803967,0.05786216013399057,0.012291696538472507,0.15589433595937718,0.06332524668195587,0.04930530987749933,0.004255321468758844,0.15589433595937718,0.046036917051637025,0.04369144016903592,0.0005237092940850729,0.15589433595937718,0.049810218666902516,0.04154818460176636,0.0005237092940850729,0.15589433595937718,0.2659812646657299,0.029714067998915995,0.2258185680371458,0.2881162506448553,0.2307886319791042,0.04448251609991848,0.1637103947761997,0.2881162506448553,0.21909389193469692,0.05130181093019032,0.1421187348990952,0.2894718574179837,0.2813470612938926,0.07388618521761872,0.1421187348990952,0.3746533751191513,0.0004803009682891599,0.00044331354954592957,0,0,0,17.709999084472656,0.042991729205911655,0.005125212990267025,0.087214329221496,0.0014878151744139
2023-05-10,17.579999923706055,18.309999465942383,16.360000610351562,16.940000534057617,0,0.001975951796938,0.2908874344249193,0.2762237970942579,-0.04445167934890737,0.2908874344249193,0.04209324617502963,-0.012291696538472507,0.031010206443529142,0.004255321468758844,0.006829607274288385,0.287552067015514,0.2860858162736173,0.2258185680371458,0.1637103947761997,0.2894718574179837,0.06917373385911532,0.05608693719277459,0.012291696538472507,0.15589433595937718,0.06734488246997072,0.04544166345686846,0.012291696538472507,0.15589433595937718,0.04782844429328555,0.04276490252092079,0.0005237092940850729,0.15589433595937718,0.04866737033895724,0.0410032456905496,0.0005237092940850729,0.15589433595937718,0.2789950379432846,0.020568100089536568,0.2423336213575171,0.2908874344249193,0.2435063359439762,0.041235400588175555,0.1898381702645472,0.2908874344249193,0.2191613003635986,0.051399744838980736,0.1421187348990952,0.2908874344249193,0.28117089315615296,0.07385362480853758,0.1421187348990952,0.3746533751191513,0.004573542692118261,0.005809030743154024,0,0,0,16.940000534057617,-0.0434781812659798,0.011599177303863284,0.0798668658615843,0.001460670604555
2023-05-11,16.799999237060547,18.190000534057617,16.6299991607666,16.93000030517578,0,3.486980204894263e-07,0.2908875623551263,0.2761175369122047,-0.0005905065795479558,0.2908875623551263,-0.04445167934890737,0.04209324617502963,0.09113771127378989,-0.10100574225300596,-0.0005237092940850729,0.2908874344249193,0.287552067015514,0.2423336213575171,0.1898381702645472,0.2815986192411644,0.05106429292026693,0.061572034234880633,0.0005905065795479558,0.15589433595937718,0.057303358902624925,0.04818860430433351,0.0005905065795479558,0.15589433595937718,0.047831625116402834,0.042761210428441554,0.0005905065795479558,0.15589433595937718,0.047084869062958695,0.04155513255700708,0.0005237092940850729,0.15589433595937718,0.2887058261428065,0.002125005806111035,0.2860858162736173,0.2908875623551263,0.25361127515303405,0.03893988957304407,0.1998952755039587,0.2908875623551263,0.219603630988073,0.05200038676630043,0.1421187348990952,0.2908875623551263,0.2809300473298449,0.07380384933697375,0.1421187348990952,0.3746533751191513,0.002899670343099968,0.0039968434145358995,0,0,0,16.93000030517578,-0.0005903322648502796,4.3979282660089325e-07,0.0739386380980536,0.0014831591908101
2023-05-12,16.829999923706055,17.920000076293945,16.3799991607666,17.030000686645508,0,3.4684099762963585e-05,0.282409250045249,0.2781756313697253,0.005889320823572408,0.282409250045249,-0.0005905065795479558,-0.04445167934890737,-0.15589433595937718,-0.0762332364986058,-0.06996623129446444,0.2908875623551263,0.2908874344249193,0.2881162506448553,0.1998952755039587,0.2680236992910952,0.021063289893105974,0.020709906243523243,0.0005905065795479558,0.04445167934890737,0.05026896733512158,0.05021012587311055,0.0005905065795479558,0.15589433595937718,0.04478034366540797,0.043384399129460564,0.0005905065795479558,0.15589433595937718,0.04457844500110167,0.04076335693909942,0.0005237092940850729,0.15589433595937718,0.28756442602288523,0.003565385632010333,0.282409250045249,0.2908875623551263,0.2618626726071631,0.034816812892273966,0.2007119911573229,0.2908875623551263,0.22028865721446125,0.05275935593240065,0.1421187348990952,0.2908875623551263,0.28001708152588406,0.07353588532363067,0.1421187348990952,0.3746533751191513,0.0029121412026382573,0.003983173871472797,0,0,0,17.030000686645508,0.005906696967935332,-0.029146355523879897,0.0673715348183414,0.0010892603006419
2023-05-15,17.440000534057617,18.15999984741211,17.079999923706055,17.1200008392334,0,2.778222594111296e-05,0.2793370296120422,0.2783026356513987,0.005270884739881243,0.2793370296120422,0.005889320823572408,-0.0005905065795479558,-0.012291696538472507,0.018832960510421604,-0.04187589550782356,0.282409250045249,0.2908875623551263,0.2860858162736173,0.2007119911573229,0.2534447717774985,0.01965912753338772,0.02166911233382897,0.0005905065795479558,0.04445167934890737,0.048912759758067546,0.05132437430910206,0.0005905065795479558,0.15589433595937718,0.04303724791455358,0.04423396728942871,0.0005905065795479558,0.15589433595937718,0.042400927168966096,0.04035035775606292,0.0005237092940850729,0.15589433595937718,0.28621466869057016,0.0051778962776789905,0.2793370296120422,0.2908875623551263,0.26972517645263505,0.027603646666364976,0.2238241647603642,0.2908875623551263,0.22152162187324906,0.05386392618398454,0.1421187348990952,0.2908875623551263,0.2786943459572891,0.07302260147931433,0.1421187348990952,0.3746533751191513,0.001355883084685954,0.0017471717049548246,0,0,0,17.1200008392334,0.005284800291198266,-0.010878611209493183,0.0629499414566385,0.0005790594132928
2023-05-16,17.540000915527344,18.299999237060547,17.260000228881836,17.989999771118164,0,0.0024570476431299,0.2836132151519001,0.2788136204582396,0.04956861550547842,0.2836132151519001,0.005270884739881243,0.005889320823572408,0.04209324617502963,0.10049800969856815,-0.0070546400908124696,0.2793370296120422,0.282409250045249,0.287552067015514,0.2238241647603642,0.2186219824405144,0.02115420139947748,0.023760856884508838,0.0005905065795479558,0.04956861550547842,0.04381982033875857,0.04805984047695966,0.0005905065795479558,0.15589433595937718,0.045061722934299574,0.04347109353285153,0.0005905065795479558,0.15589433595937718,0.04052381429939735,0.038018123710580505,0.0005237092940850729,0.15589433595937718,0.2854268983178474,0.005222988964261792,0.2793370296120422,0.2908875623551263,0.27570408149178866,0.02257371498348261,0.2258185680371458,0.2908875623551263,0.22461644247855317,0.05553029475878772,0.1421187348990952,0.2908875623551263,0.27708563120998225,0.07212552661155422,0.1421187348990952,0.3746533751191513,0.0012347090682932147,0.0014637812543389004,0,0,0,17.989999771118164,0.050817692128321434,0.015308337551225737,0.0599134106465307,0.0005637296548236
2023-05-17,17.959999084472656,18.26000022888184,16.68000030517578,16.8700008392334,0,0.0041318012742815,0.2907194142673049,0.2827838558968654,-0.06427908893475065,0.2907194142673049,0.04956861550547842,0.005270884739881243,-0.04445167934890737,0.031010206443529142,-0.007104875168131741,0.2836132151519001,0.2793370296120422,0.2908874344249193,0.2258185680371458,0.1924258770848931,0.025119683316646137,0.029566330054190314,0.0005905065795479558,0.06427908893475065,0.047146708587880726,0.04822579762505395,0.0005905065795479558,0.15589433595937718,0.047784304542233806,0.04275958539300907,0.0005905065795479558,0.15589433595937718,0.03957781136197279,0.036877041443698855,0.0005237092940850729,0.15589433595937718,0.28539329428632454,0.005179432382683323,0.2793370296120422,0.2908875623551263,0.2821941661148045,0.01453668636774001,0.2423336213575171,0.2908875623551263,0.22929708710628705,0.05680913922167106,0.1421187348990952,0.2908875623551263,0.27533078816226725,0.07083379934810519,0.1421187348990952,0.3746533751191513,0.0029541696748502533,0.002581067019424155,0,0,0,16.8700008392334,-0.062256750757876844,0.02505595203523514,0.0630223253866482,0.0006706526657265
2023-05-18,16.920000076293945,17.149999618530273,16.049999237060547,16.049999237060547,0,0.0024828439608049,0.2941197969151468,0.2802312747144212,-0.04982814426410975,0.2941197969151468,-0.06427908893475065,0.04956861550547842,-0.0005905065795479558,0.09113771127378989,-0.022229864041926728,0.2907194142673049,0.2836132151519001,0.2908875623551263,0.2423336213575171,0.1857965550173284,0.03496721085355849,0.027480129318903146,0.005270884739881243,0.06427908893475065,0.043015751886912715,0.0457443156838764,0.0005905065795479558,0.15589433595937718,0.04909850836233776,0.04235712510656819,0.0005905065795479558,0.15589433595937718,0.03945976296770812,0.0368350817895217,0.0005237092940850729,0.15589433595937718,0.2860397411983286,0.006147793866419603,0.2793370296120422,0.2941197969151468,0.2873727836705675,0.0045584366074334914,0.2793370296120422,0.2941197969151468,0.23445533672046887,0.0575745147944639,0.1421187348990952,0.2941197969151468,0.27389623965270943,0.06979652958937314,0.1421187348990952,0.3746533751191513,0.0015849007099670205,0.0011207195834462384,0,0,0,16.049999237060547,-0.04860708721874096,0.01169644158926153,0.0660102039718795,0.0007937430777301
2023-05-19,16.1299991607666,17.360000610351562,15.850000381469728,16.809999465942383,0,0.0021404607372939,0.2947261393042956,0.2814395055727637,0.04626511360943519,0.2947261393042956,-0.04982814426410975,-0.06427908893475065,0.005889320823572408,-0.15589433595937718,0.042230539725252036,0.2941197969151468,0.2907194142673049,0.282409250045249,0.2881162506448553,0.1464977659448727,0.04304236941073105,0.022230092324383464,0.005270884739881243,0.06427908893475065,0.03205282965191851,0.02333335411086994,0.0005905065795479558,0.06427908893475065,0.04929063092825124,0.0423335593505957,0.0005905065795479558,0.15589433595937718,0.03766063476890813,0.03448418136669518,0.0005237092940850729,0.15589433595937718,0.28850311905013787,0.006765969471088209,0.2793370296120422,0.2947261393042956,0.2880337725365115,0.005122544201437001,0.2793370296120422,0.2947261393042956,0.2415138306899652,0.05529297486310882,0.1421187348990952,0.2947261393042956,0.2719932102285462,0.06805011742468939,0.1421187348990952,0.3556037778309256,0.0029866882073677973,0.0034817515179518203,0,0,0,16.809999465942383,0.0473520414335562,0.0020615490541893156,0.0653473164417277,0.0008876238144428
2023-05-22,17.450000762939453,18.1299991607666,16.81999969482422,17.209999084472656,0,0.0005530324215956,0.2947217108280895,0.2822571138464815,0.023516641375751046,0.2947217108280895,0.04626511360943519,-0.04982814426410975,0.005270884739881243,-0.012291696538472507,-0.02357207622113,0.2947261393042956,0.2941197969151468,0.2793370296120422,0.2860858162736173,0.1427945603583864,0.046691520737905015,0.014702852554990237,0.023516641375751046,0.06427908893475065,0.03317532413564637,0.022533365178153332,0.0005905065795479558,0.06427908893475065,0.04928799117370939,0.04233524493888218,0.0005905065795479558,0.15589433595937718,0.03726018599723786,0.034549953922645205,0.0005237092940850729,0.15589433595937718,0.29158005529334735,0.004754718089029105,0.2836132151519001,0.2947261393042956,0.28889736199195876,0.005473575404464766,0.2793370296120422,0.2947261393042956,0.24874845690280822,0.05154255979916532,0.1421187348990952,0.2947261393042956,0.27061680133655236,0.06695725911531633,0.1421187348990952,0.3556037778309256,0.002028754307008017,0.002738359957654876,0,0,0,17.209999084472656,0.02379533796777844,-1.5025732758355836e-05,0.0657976168765988,0.0009593234649002
2023-05-23,17.350000381469727,19.309999465942383,17.299999237060547,18.530000686645508,0,0.0054612869046173,0.3037619718340754,0.2852551152116598,0.07390052032710859,0.3037619718340754,0.023516641375751046,0.04626511360943519,0.04956861550547842,0.04209324617502963,0.007130091551149409,0.2947217108280895,0.2947261393042956,0.2836132151519001,0.287552067015514,0.1421187348990952,0.05155790170223105,0.01922458815494519,0.023516641375751046,0.07390052032710859,0.036356051550854265,0.025922137511963185,0.0005905065795479558,0.07390052032710859,0.052467535401136016,0.04151002760783632,0.0005905065795479558,0.15589433595937718,0.03864827083466812,0.03482854839815623,0.0005237092940850729,0.15589433595937718,0.2956098066297824,0.004851892569476554,0.2907194142673049,0.3037619718340754,0.29051835247381497,0.007168689289288253,0.2793370296120422,0.3037619718340754,0.256445753899712,0.0466610558288627,0.1637103947761997,0.3037619718340754,0.26946971271112813,0.06593496089551823,0.1421187348990952,0.3556037778309256,0.004357538267537669,0.004368388975029858,0,0,0,18.530000686645508,0.07669969043541625,0.030673888871590504,0.0630475409996974,0.0009420910232884
2023-05-24,18.799999237060547,20.809999465942383,18.799999237060547,20.030000686645508,0,0.0060590821963446,0.2954730323922687,0.2799901045873127,0.07784010660542995,0.2954730323922687,0.07390052032710859,0.023516641375751046,-0.06427908893475065,-0.04445167934890737,0.10500526109575503,0.3037619718340754,0.2947217108280895,0.2907194142673049,0.2908874344249193,0.1722909873647614,0.054270105236366904,0.022195070448328445,0.023516641375751046,0.07784010660542995,0.03969489427650652,0.02904311707628701,0.0005905065795479558,0.07784010660542995,0.05117395661588244,0.04019332178414331,0.0005905065795479558,0.15589433595937718,0.03956735808432789,0.035349927559081035,0.0005237092940850729,0.15589433595937718,0.2965605302547752,0.004054221216844354,0.2941197969151468,0.3037619718340754,0.2909769122705499,0.007339549001229701,0.2793370296120422,0.3037619718340754,0.2623115655676886,0.04316458251869278,0.1637103947761997,0.3037619718340754,0.26816821235391,0.06483415107110041,0.1421187348990952,0.3556037778309256,0.0037213753584569033,0.0036074442198641924,0,0,0,20.030000686645508,0.0809498081174409,-0.027287614021462736,0.0701035823782728,0.0010952612468146
2023-05-25,19.540000915527344,19.950000762939453,18.700000762939453,19.13999938964844,0,0.00206577793156,0.298918020604045,0.2771113118072443,-0.04545082982256865,0.298918020604045,0.07784010660542995,0.07390052032710859,-0.04982814426410975,-0.0005905065795479558,0.004255321468758844,0.2954730323922687,0.3037619718340754,0.2941197969151468,0.2908875623551263,0.1637103947761997,0.053394642348058685,0.022498339016616298,0.023516641375751046,0.07784010660542995,0.04418092660080859,0.025591354100493922,0.005270884739881243,0.07784010660542995,0.053135647489873386,0.03876896008684663,0.0005905065795479558,0.15589433595937718,0.03936707363125959,0.035290738084147934,0.0005237092940850729,0.15589433595937718,0.2975201749925548,0.003896884335544031,0.2947217108280895,0.3037619718340754,0.2917799580954417,0.0077561818216983006,0.2793370296120422,0.3037619718340754,0.2687500239404431,0.03742388053006102,0.1898381702645472,0.3037619718340754,0.26687130061103437,0.0636213253867715,0.1421187348990952,0.3556037778309256,0.0015100749805717236,0.0019281514995766402,0,0,0,19.13999938964844,-0.0444334132045463,0.0116592305696539,0.0751730939002447,0.0011616426179278
2023-05-26,19.06999969482422,19.559999465942383,17.270000457763672,17.950000762939453,0,0.0041203813521451,0.2885657714038598,0.2810032203632828,-0.06419019669813375,0.2885657714038598,-0.04545082982256865,0.07784010660542995,0.04626511360943519,0.005889320823572408,-0.10100574225300596,0.298918020604045,0.2954730323922687,0.2947261393042956,0.282409250045249,0.1898381702645472,0.056979658965798395,0.022506405349197876,0.023516641375751046,0.07784010660542995,0.05001101418826472,0.02233204286402583,0.005270884739881243,0.07784010660542995,0.05138252627297471,0.037300643624375136,0.0005905065795479558,0.15589433595937718,0.04015588828431965,0.035470334575694575,0.0005237092940850729,0.15589433595937718,0.2962881014124677,0.005601953047077702,0.2885657714038598,0.3037619718340754,0.2923956102313028,0.007150413812917514,0.2793370296120422,0.3037619718340754,0.2734513382804104,0.03294872561158221,0.1998952755039587,0.3037619718340754,0.26533387325766117,0.06225127582760814,0.1421187348990952,0.3556037778309256,0.005591945196787324,0.0063369211040899395,0,0,0,17.950000762939453,-0.06217338895802571,-0.03463240248702859,0.0708037457424645,0.0011038437486885
2023-05-30,17.559999465942383,18.34000015258789,16.979999542236328,17.459999084472656,0,0.0007660528333013,0.2796868801215989,0.2761652775835735,-0.027677659462124193,0.2796868801215989,-0.06419019669813375,-0.04545082982256865,0.023516641375751046,0.005270884739881243,-0.0762332364986058,0.2885657714038598,0.298918020604045,0.2947217108280895,0.2793370296120422,0.1998952755039587,0.057811862583073026,0.020985256380064137,0.027677659462124193,0.07784010660542995,0.05225169166048902,0.018059698660111742,0.023516641375751046,0.07784010660542995,0.04907035593790415,0.03718793785814739,0.0005905065795479558,0.15589433595937718,0.03977925728275934,0.03551795185478199,0.0005237092940850729,0.15589433595937718,0.29328113527116956,0.009400335815512634,0.2796868801215989,0.3037619718340754,0.29243059528225845,0.007079931049078205,0.2796868801215989,0.3037619718340754,0.277250938500298,0.02831746969714648,0.2007119911573229,0.3037619718340754,0.26352632807410575,0.06064776450956788,0.1421187348990952,0.3555949131615979,0.002141119508936839,0.002955622445942424,0,0,0,17.459999084472656,-0.027298142486906207,-0.030769038334191423,0.0708253081245894,0.0011807683111839
2023-05-31,18.040000915527344,18.399999618530277,17.1200008392334,17.940000534057617,0,0.0007355154682683,0.2803668774638595,0.2765551909606628,0.02712038842399389,0.2803668774638595,-0.027677659462124193,-0.06419019669813375,0.07390052032710859,0.04956861550547842,0.018832960510421604,0.2796868801215989,0.2885657714038598,0.3037619718340754,0.2836132151519001,0.2007119911573229,0.04845583620245009,0.022399606420795897,0.02712038842399389,0.07784010660542995,0.050006868952340564,0.019746633063349915,0.023516641375751046,0.07784010660542995,0.04946499536235998,0.036893823933465054,0.0005905065795479558,0.15589433595937718,0.04030012676115253,0.035157721373985956,0.0005237092940850729,0.15589433595937718,0.2886021163971264,0.008673656744918493,0.2796868801215989,0.298918020604045,0.2921059615134544,0.007585527428652591,0.2796868801215989,0.3037619718340754,0.28104402832441877,0.022233918095490125,0.2238241647603642,0.3037619718340754,0.2617351843670167,0.05894942860794419,0.1421187348990952,0.3525692852045088,0.0018750977708770987,0.002587501390824343,0,0,0,17.940000534057617,0.02749149339943724,0.0024312808021775822,0.0660299888280344,0.0011190540924075
2023-06-01,17.239999771118164,17.59000015258789,15.579999923706056,15.649999618530272,0,0.0186491781475306,0.295220111396551,0.260245728119459,-0.13656199378864775,0.295220111396551,0.02712038842399389,-0.027677659462124193,0.07784010660542995,-0.06427908893475065,0.10049800969856815,0.2803668774638595,0.2796868801215989,0.2954730323922687,0.2907194142673049,0.2238241647603642,0.06020021363909365,0.04532266850551438,0.02712038842399389,0.13656199378864775,0.057235159437730276,0.03378852072464514,0.023516641375751046,0.13656199378864775,0.05118232793807805,0.04008906934353269,0.0005905065795479558,0.15589433595937718,0.04314761431504192,0.03795378216903707,0.0005237092940850729,0.15589433595937718,0.28855153219798285,0.008624164636484691,0.2796868801215989,0.298918020604045,0.292556031226379,0.007627521995315622,0.2796868801215989,0.3037619718340754,0.2844438353070944,0.01812602877716156,0.2258185680371458,0.3037619718340754,0.2603697278477796,0.0574389472526702,0.1421187348990952,0.3486589273111717,0.005310564067643009,0.0037452233727386657,0,0,1,15.649999618530272,-0.1276477618370171,0.052977848407239625,0.0635631963406222,0.0009900828863378
2023-06-02,15.649999618530272,15.649999618530272,14.420000076293944,14.600000381469728,0,0.0048232105165173,0.3016893962104717,0.2591323497664267,-0.06944933776874551,0.3016893962104717,-0.13656199378864775,0.02712038842399389,-0.04545082982256865,-0.04982814426410975,0.031010206443529142,0.295220111396551,0.2803668774638595,0.298918020604045,0.2941197969151468,0.2258185680371458,0.06499991522832901,0.04463572957652023,0.02712038842399389,0.13656199378864775,0.05919727878819385,0.033880181604365275,0.023516641375751046,0.13656199378864775,0.05301276276308836,0.03999942402994917,0.0005905065795479558,0.15589433595937718,0.04460941243489754,0.03775095895701426,0.0005237092940850729,0.15589433595937718,0.2891058073192682,0.009501422881548113,0.2796868801215989,0.3016893962104717,0.29331299115591153,0.008157170911775747,0.2796868801215989,0.3037619718340754,0.28805673188677655,0.012564697245464955,0.2423336213575171,0.3037619718340754,0.259269613539386,0.05614973249362748,0.1421187348990952,0.3486589273111717,0.0024165866860228953,0.0014869214709661584,0,0,0,14.600000381469728,-0.06709260464244993,0.021913428537498447,0.0860693106648162,0.0014159207224883
2023-06-05,15.279999732971191,15.289999961853027,14.65999984741211,14.729999542236328,0,7.858192309040462e-05,0.2877307618116365,0.2477686164562229,0.008864644555220735,0.2877307618116365,-0.06944933776874551,-0.13656199378864775,-0.06419019669813375,0.04626511360943519,0.09113771127378989,0.3016893962104717,0.295220111396551,0.2885657714038598,0.2947261393042956,0.2423336213575171,0.05393480479974642,0.051253592666208124,0.008864644555220735,0.13656199378864775,0.055457231882772406,0.03735275389813975,0.008864644555220735,0.13656199378864775,0.04909499768125173,0.04010754078034458,0.0005905065795479558,0.15589433595937718,0.04424977941855021,0.038023346561174634,0.0005237092940850729,0.15589433595937718,0.28893880540082356,0.009520606732902184,0.2796868801215989,0.3016893962104717,0.2926134534066456,0.008320828629220092,0.2796868801215989,0.3037619718340754,0.2902185004798299,0.00695987659723485,0.2793370296120422,0.3037619718340754,0.25781894293225416,0.054548186723767385,0.1421187348990952,0.3459024446378188,0.000638543195947748,0.0003660869520319142,0,0,0,14.729999542236328,0.008904051874655705,-0.04626823008753367,0.0817606533797529,0.0014097645783228
2023-06-06,14.90999984741211,14.970000267028809,13.949999809265137,13.960000038146973,0,0.0028826267661465,0.2477268133945862,0.2317126613639139,-0.05369009933075741,0.2477268133945862,0.008864644555220735,-0.06944933776874551,-0.027677659462124193,0.023516641375751046,-0.15589433595937718,0.2877307618116365,0.3016893962104717,0.2796868801215989,0.2947217108280895,0.2881162506448553,0.05913729277347306,0.049201158113087166,0.008864644555220735,0.13656199378864775,0.05847457767827304,0.03566656026930841,0.008864644555220735,0.13656199378864775,0.044228129270365076,0.031851136777795906,0.0005905065795479558,0.13656199378864775,0.04542807504892383,0.0375154367736276,0.0005237092940850729,0.15589433595937718,0.28254679205542094,0.021042271746184487,0.2477268133945862,0.3016893962104717,0.2879139636632953,0.01637287514773694,0.2477268133945862,0.3037619718340754,0.28829519394410275,0.011602242010315478,0.2477268133945862,0.3037619718340754,0.25550560851886184,0.05279780970717456,0.1421187348990952,0.3459024446378188,0.001796135300857475,0.000815625173144147,0,0,0,13.960000038146973,-0.05227423815469123,-0.13903257394229873,0.0731473218075667,0.0012026377099246
2023-06-07,14.140000343322754,14.289999961853027,13.770000457763672,13.9399995803833,0,2.055566905559697e-06,0.2474258350248571,0.2299245746104107,-0.0014337248360685173,0.2474258350248571,-0.05369009933075741,0.008864644555220735,0.02712038842399389,0.07390052032710859,-0.012291696538472507,0.2477268133945862,0.2877307618116365,0.2803668774638595,0.3037619718340754,0.2860858162736173,0.05399996005588799,0.054441882980852,0.0014337248360685173,0.13656199378864775,0.05122789812916904,0.03935520187907492,0.0014337248360685173,0.13656199378864775,0.04371108299882203,0.03247746104779394,0.0005905065795479558,0.13656199378864775,0.04459816330362508,0.03810345319742543,0.0005237092940850729,0.15589433595937718,0.2759585835676205,0.026376201113331547,0.2474258350248571,0.3016893962104717,0.28228034998237345,0.01967342407082202,0.2474258350248571,0.3016893962104717,0.28645424245606654,0.014639829903538024,0.2474258350248571,0.3037619718340754,0.2531609273376008,0.05083564037143263,0.1421187348990952,0.3038001929887153,0.0004955694178217465,0.0006086148216092193,0,0,0,13.9399995803833,-0.0014326975436259604,-0.0012149608094691455,0.0705850218654342,0.001341403251755
2023-06-08,14.140000343322754,14.210000038146973,13.529999732971191,13.649999618530272,0,0.0004419615485089,0.2447236482498271,0.2307645513088889,-0.021022881546280736,0.2447236482498271,-0.0014337248360685173,-0.05369009933075741,-0.13656199378864775,0.07784010660542995,0.04209324617502963,0.2474258350248571,0.2477268133945862,0.295220111396551,0.2954730323922687,0.287552067015514,0.030892137607414584,0.02939734465641299,0.0014337248360685173,0.06944933776874551,0.045546175623254116,0.03918730082697005,0.0014337248360685173,0.13656199378864775,0.04270773230221494,0.032853238536219,0.0005905065795479558,0.13656199378864775,0.044372324676925985,0.038216942027016414,0.0005237092940850729,0.15589433595937718,0.2658592909382757,0.02682094383415688,0.2447236482498271,0.3016893962104717,0.27720541156812933,0.022266820131230627,0.2447236482498271,0.3016893962104717,0.2844147939434148,0.017232793318528086,0.2447236482498271,0.3037619718340754,0.25175434293905585,0.05021381403497233,0.1421187348990952,0.3037619718340754,0.0008672690993036408,0.000721799836078951,0,0,0,13.649999618530272,-0.020803441218256835,-0.010921198971637458,0.0650239935077584,0.0010546043420816
2023-06-09,13.779999732971191,14.140000343322754,13.5,13.829999923706056,0,0.0001716269380798,0.2410090022257402,0.2223792019195201,0.013100646475644684,0.2410090022257402,-0.021022881546280736,-0.0014337248360685173,-0.06944933776874551,-0.04545082982256865,-0.04445167934890737,0.2447236482498271,0.2474258350248571,0.3016893962104717,0.298918020604045,0.2908874344249193,0.019622399348794416,0.020320309801486892,0.0014337248360685173,0.05369009933075741,0.04231115728856172,0.04050905351416274,0.0014337248360685173,0.13656199378864775,0.04121482597491671,0.033476439230338176,0.0005905065795479558,0.13656199378864775,0.04452163513410114,0.03807868838358139,0.0005237092940850729,0.15589433595937718,0.2537232121413294,0.019201370231517464,0.2410090022257402,0.2877307618116365,0.2714145097302988,0.023489238022717348,0.2410090022257402,0.3016893962104717,0.28203963050535863,0.019574321907170143,0.2410090022257402,0.3037619718340754,0.2506004654344786,0.04988167539963423,0.1421187348990952,0.3037619718340754,0.0007737739976881613,0.001067611075612742,0,0,0,13.829999923706056,0.013186835912539552,-0.01517894184175772,0.0616508489883997,0.0007746111827593
2023-06-12,14.4399995803833,15.020000457763672,14.31999969482422,15.010000228881836,0,0.0067037646474856,0.2545363532058083,0.2176565078477335,0.08187652073388074,0.2545363532058083,0.013100646475644684,-0.021022881546280736,0.008864644555220735,-0.06419019669813375,-0.0005905065795479558,0.2410090022257402,0.2447236482498271,0.2877307618116365,0.2885657714038598,0.2908875623551263,0.03422477458452642,0.032959670395493995,0.0014337248360685173,0.08187652073388074,0.04407978969213642,0.04193155237713078,0.0014337248360685173,0.13656199378864775,0.04508558855369447,0.03324292323444055,0.0014337248360685173,0.13656199378864775,0.04645860683504865,0.037854483504138045,0.0005905065795479558,0.15589433595937718,0.24708433042016376,0.004963478778674259,0.2410090022257402,0.2545363532058083,0.26801156791049363,0.023191485473891382,0.2410090022257402,0.3016893962104717,0.28030862054586736,0.02034490307378144,0.2410090022257402,0.3037619718340754,0.24995612576697016,0.04964572330690088,0.1421187348990952,0.3037619718340754,0.000821516305207745,0.0005598789107936896,0,0,0,15.010000228881836,0.08532178681744873,0.05612799046982375,0.0594598125822346,0.0005502485798553
2023-06-13,14.989999771118164,15.0600004196167,14.470000267028809,14.609999656677246,0,0.0007295648754325,0.2558977058884693,0.2122222275668261,-0.027010458630547518,0.2558977058884693,0.08187652073388074,0.013100646475644684,-0.05369009933075741,-0.027677659462124193,0.005889320823572408,0.2545363532058083,0.2410090022257402,0.2477268133945862,0.2796868801215989,0.282409250045249,0.028888846444484438,0.03112935243442899,0.0014337248360685173,0.08187652073388074,0.04401306960897875,0.041961071157174866,0.0014337248360685173,0.13656199378864775,0.04609135702069328,0.03230399266870273,0.0014337248360685173,0.13656199378864775,0.04543585034305063,0.037784087353129554,0.0005905065795479558,0.15589433595937718,0.24871850891894037,0.006372883811293598,0.2410090022257402,0.2558977058884693,0.2656326504871807,0.023080644231245614,0.2410090022257402,0.3016893962104717,0.2790461660622111,0.021019410212894836,0.2410090022257402,0.3037619718340754,0.24966741163833622,0.0495732952709743,0.1421187348990952,0.3037619718340754,0.0005760596675934825,0.0005438993028210138,0,0,0,14.609999656677246,-0.02664893844804339,0.00534836248541759,0.0701311365291682,0.000905079223161
2023-06-14,14.479999542236328,14.729999542236328,13.829999923706056,13.880000114440918,0,0.0026273045437281,0.260927496053537,0.2124052703333155,-0.05125723893976497,0.260927496053537,-0.027010458630547518,0.08187652073388074,-0.0014337248360685173,0.02712038842399389,0.005270884739881243,0.2558977058884693,0.2545363532058083,0.2474258350248571,0.2803668774638595,0.2793370296120422,0.03885354926522373,0.02795635482635978,0.013100646475644684,0.08187652073388074,0.04642675466055586,0.041573816533314094,0.0014337248360685173,0.13656199378864775,0.048281183411163935,0.030927845134713812,0.0014337248360685173,0.13656199378864775,0.04565921566285876,0.0377902579269027,0.0005905065795479558,0.15589433595937718,0.2514188411246764,0.008267163710103784,0.2410090022257402,0.260927496053537,0.26368871234614844,0.022513446159638857,0.2410090022257402,0.3016893962104717,0.2781695216070442,0.021387350349822778,0.2410090022257402,0.3037619718340754,0.24984557174014665,0.04960064016439977,0.1421187348990952,0.3037619718340754,0.001433608076629065,0.0012955762690333313,0,0,0,13.880000114440918,-0.0499657467070983,0.01965547189102157,0.0655262962200916,0.0007851791080994
2023-06-15,14.09000015258789,14.520000457763672,13.789999961853027,14.5,0,0.0019096625654874,0.2598764574160692,0.2117569024983107,0.04369968610284758,0.2598764574160692,-0.05125723893976497,-0.027010458630547518,-0.021022881546280736,-0.13656199378864775,0.04956861550547842,0.260927496053537,0.2558977058884693,0.2447236482498271,0.295220111396551,0.2836132151519001,0.0433889101765371,0.026119609198242168,0.013100646475644684,0.08187652073388074,0.03714052389197584,0.02703120571503691,0.0014337248360685173,0.08187652073388074,0.04800171058246723,0.030942143205847816,0.0014337248360685173,0.13656199378864775,0.0465317167583834,0.037297028267044965,0.0005905065795479558,0.15589433595937718,0.2544494029579248,0.007971325545571607,0.2410090022257402,0.260927496053537,0.26015434694810025,0.01959899117515365,0.2410090022257402,0.3016893962104717,0.2770391998100999,0.021710075222288523,0.2410090022257402,0.3037619718340754,0.2508278211443265,0.04937520550094332,0.1421187348990952,0.3037619718340754,0.000959695958603474,0.0010126041986695514,0,0,0,14.5,0.044668579282937326,-0.004028086933590802,0.065240229778448,0.0009069290899919
2023-06-16,14.489999771118164,14.539999961853027,13.479999542236328,13.539999961853027,0,0.0046923027122342,0.2609526289522271,0.2096507972045487,-0.06850038475975362,0.2609526289522271,0.04369968610284758,-0.05125723893976497,0.013100646475644684,-0.06944933776874551,-0.06427908893475065,0.2598764574160692,0.260927496053537,0.2410090022257402,0.3016893962104717,0.2907194142673049,0.054468857833358884,0.021379411685163115,0.027010458630547518,0.08187652073388074,0.03704562859107665,0.02690655870068177,0.0014337248360685173,0.08187652073388074,0.04820272466937213,0.031066636912048612,0.0014337248360685173,0.13656199378864775,0.04799351460580297,0.03691526213947493,0.0005905065795479558,0.15589433595937718,0.25843812830322216,0.0030110650484553745,0.2545363532058083,0.2609526289522271,0.25608067022227576,0.013193485816952703,0.2410090022257402,0.2877307618116365,0.2756217338427152,0.02174394560834831,0.2410090022257402,0.3037619718340754,0.25245941047450116,0.048523131218893206,0.1421187348990952,0.3037619718340754,0.002066640687673972,0.0010886901764758524,0,0,0,13.539999961853027,-0.06620689918254985,0.0041410889884301305,0.0652890334776332,0.0009488162451725
2023-06-20,14.359999656677246,14.670000076293944,13.859999656677246,13.880000114440918,0,0.0006150746538706,0.2573489950439762,0.2086434254914791,0.02480069865690604,0.2573489950439762,-0.06850038475975362,0.04369968610284758,0.08187652073388074,0.008864644555220735,-0.04982814426410975,0.2609526289522271,0.2598764574160692,0.2545363532058083,0.2877307618116365,0.2941197969151468,0.043053693417963945,0.018067974195472035,0.02480069865690604,0.06850038475975362,0.03863923400124518,0.025486468688413883,0.0014337248360685173,0.08187652073388074,0.04701094154521958,0.031478487992448984,0.0014337248360685173,0.13656199378864775,0.04805472495377867,0.03687360857778402,0.0005905065795479558,0.15589433595937718,0.25900065667085576,0.0022719057214019077,0.2558977058884693,0.2609526289522271,0.2530424935455098,0.0072586177676017575,0.2410090022257402,0.2609526289522271,0.2738707432774214,0.021660231682736883,0.2410090022257402,0.3037619718340754,0.25416303999894513,0.0473678746967856,0.1421187348990952,0.3037619718340754,0.001163522942282646,0.0011664926736732234,0,0,0,13.880000114440918,0.025110794205745357,-0.013809532874683672,0.0681692254151074,0.0010985612149701
2023-06-21,13.880000114440918,13.890000343322754,13.100000381469728,13.199999809265137,0,0.0025232687108746,0.2580916760062694,0.2044067263727088,-0.050232148180966885,0.2580916760062694,0.02480069865690604,-0.06850038475975362,-0.027010458630547518,-0.05369009933075741,0.04626511360943519,0.2573489950439762,0.2609526289522271,0.2558977058884693,0.2477268133945862,0.2947261393042956,0.04769803132804782,0.01574882712567883,0.02480069865690604,0.06850038475975362,0.03829343888626613,0.025282211896125603,0.0014337248360685173,0.08187652073388074,0.047199847953387754,0.03148569090908082,0.0014337248360685173,0.13656199378864775,0.0482452394408195,0.03686345239031583,0.0005905065795479558,0.15589433595937718,0.2594394506944158,0.001649353187076338,0.2573489950439762,0.2609526289522271,0.2540789798066781,0.007154505475762667,0.2410090022257402,0.2609526289522271,0.27212624502513444,0.021369879964929235,0.2410090022257402,0.3037619718340754,0.2568200378575498,0.04420557735713361,0.1421187348990952,0.3037619718340754,0.0012367189929568402,0.000739732091624809,0,0,0,13.199999809265137,-0.048991376049651536,0.002885890275834635,0.0647773554469866,0.000873322193723
2023-06-22,13.880000114440918,13.979999542236328,12.729999542236328,12.90999984741211,0,0.0004934894352021,0.2579762978208107,0.2071658363674886,-0.022214622103519766,0.2579762978208107,-0.050232148180966885,0.02480069865690604,-0.05125723893976497,-0.0014337248360685173,0.023516641375751046,0.2580916760062694,0.2573489950439762,0.260927496053537,0.2474258350248571,0.2947217108280895,0.04188950796079878,0.019105913297197675,0.022214622103519766,0.06850038475975362,0.04037152861301126,0.02263089678930143,0.013100646475644684,0.08187652073388074,0.04713784703566245,0.03153590108988771,0.0014337248360685173,0.13656199378864775,0.04821291910468592,0.036886200470047724,0.0005905065795479558,0.15589433595937718,0.2588492110478705,0.0015054971672042662,0.2573489950439762,0.2609526289522271,0.25513402608627345,0.006835170997771143,0.2410090022257402,0.2609526289522271,0.27037646345335925,0.020927021860282592,0.2410090022257402,0.3037619718340754,0.25956246017808376,0.04036513416395387,0.1421187348990952,0.3037619718340754,0.0031643282784416062,0.0023592111581192264,0,0,0,12.90999984741211,-0.02196969439722829,-0.00044704341978041295,0.0645856469283938,0.0009592668692628
2023-06-23,13.239999771118164,13.800000190734863,12.880000114440918,13.4399995803833,0,0.0016187032074072,0.2504180235927948,0.2006912023965771,0.04023311083432768,0.2504180235927948,-0.022214622103519766,-0.050232148180966885,0.04369968610284758,-0.021022881546280736,0.07390052032710859,0.2579762978208107,0.2580916760062694,0.2598764574160692,0.2447236482498271,0.3037619718340754,0.041196192907094795,0.019086691498242353,0.022214622103519766,0.06850038475975362,0.04229255154181595,0.021597744559793377,0.013100646475644684,0.08187652073388074,0.04553463705981574,0.0309578099391488,0.0014337248360685173,0.13656199378864775,0.04900108623047588,0.036336520330355934,0.0005905065795479558,0.15589433595937718,0.25695752428321567,0.0039116294432636756,0.2504180235927948,0.2609526289522271,0.2557034636205702,0.006065367854422753,0.2410090022257402,0.2609526289522271,0.2678362754418697,0.019883470990795078,0.2410090022257402,0.3016893962104717,0.2621410146707909,0.03589090610911693,0.1637103947761997,0.3037619718340754,0.00171681322908047,0.0022931760268224584,0,0,0,13.4399995803833,0.041053426741707755,-0.029298328148215647,0.0614229872445479,0.0008547570438986
2023-06-26,14.43000030517578,14.710000038146973,13.779999732971191,14.25,0,0.0034247779990958,0.2451017795587634,0.1951767568370903,0.05852160284113728,0.2451017795587634,0.04023311083432768,-0.022214622103519766,-0.06850038475975362,0.013100646475644684,0.07784010660542995,0.2504180235927948,0.2579762978208107,0.2609526289522271,0.2410090022257402,0.2954730323922687,0.03920043652337153,0.0157475624172145,0.022214622103519766,0.05852160284113728,0.046834647178365205,0.019445283882956296,0.022214622103519766,0.08187652073388074,0.04461470830913514,0.030228270042444463,0.0014337248360685173,0.13656199378864775,0.04789433246250879,0.03528171562968216,0.0005905065795479558,0.15589433595937718,0.25378735440452294,0.005821325363733386,0.2451017795587634,0.2580916760062694,0.2561127413538725,0.005009896999580097,0.2451017795587634,0.2609526289522271,0.2654376443545599,0.019415577879896017,0.2410090022257402,0.3016893962104717,0.26387460496112425,0.03309466349973961,0.1637103947761997,0.3037619718340754,0.001538383048517711,0.0020717852993458203,0,0,0,14.25,0.06026789024599055,-0.021229478444715233,0.0623093914969658,0.0008726422352676
2023-06-27,14.109999656677246,14.34000015258789,13.59000015258789,13.739999771118164,0,0.0013282844256137,0.2435926699162483,0.1939708318650431,-0.036445636578522844,0.2435926699162483,0.05852160284113728,0.04023311083432768,0.02480069865690604,0.08187652073388074,-0.04545082982256865,0.2451017795587634,0.2504180235927948,0.2573489950439762,0.2545363532058083,0.298918020604045,0.04152942410769489,0.013829844943181941,0.022214622103519766,0.05852160284113728,0.04229155876282942,0.015190178490092986,0.022214622103519766,0.06850038475975362,0.044185889583228194,0.03027964599647766,0.0014337248360685173,0.13656199378864775,0.04866076853655079,0.03465467810848833,0.0005905065795479558,0.15589433595937718,0.2510360893789773,0.006872960197918387,0.2435926699162483,0.2580916760062694,0.2550183730249166,0.006396026373488989,0.2435926699162483,0.2609526289522271,0.2628031038456172,0.01837090597255766,0.2410090022257402,0.3016893962104717,0.26577656389303017,0.029272513503406594,0.1898381702645472,0.3037619718340754,0.0010407921855438852,0.0011700833434925128,0,0,0,13.739999771118164,-0.03578948974609375,-0.006157073380828937,0.0661473492322124,0.0008401565382953
2023-06-28,13.899999618530272,13.960000038146973,13.359999656677246,13.43000030517578,0,0.0005207632111476,0.2360884806506425,0.1809110642875644,-0.022820236877552524,0.2360884806506425,-0.036445636578522844,0.05852160284113728,-0.050232148180966885,-0.027010458630547518,-0.06419019669813375,0.2435926699162483,0.2451017795587634,0.2580916760062694,0.2558977058884693,0.2885657714038598,0.03604704184701202,0.014908656452423777,0.022214622103519766,0.05852160284113728,0.041872536587529915,0.015707529199298235,0.022214622103519766,0.06850038475975362,0.042215891496533854,0.030258849370175186,0.0014337248360685173,0.13656199378864775,0.04679920888475428,0.03386522971433852,0.0005905065795479558,0.15589433595937718,0.24663545030785192,0.008151256197624622,0.2360884806506425,0.2579762978208107,0.25303745050113385,0.008733775045431175,0.2360884806506425,0.2609526289522271,0.2603041852383211,0.018260097616743933,0.2360884806506425,0.3016893962104717,0.2668777617593658,0.027138261099508912,0.1998952755039587,0.3037619718340754,0.0006960747640297544,0.0005078982393056365,0,0,0,13.43000030517578,-0.022561824680231157,-0.030806301635373012,0.0636756722908723,0.0008358735424452
2023-06-29,13.640000343322754,13.850000381469728,13.40999984741211,13.539999961853027,0,6.654042424677811e-05,0.2346023407531866,0.1759648307857756,0.008157231408191024,0.2346023407531866,-0.022820236877552524,-0.036445636578522844,-0.022214622103519766,-0.05125723893976497,-0.027677659462124193,0.2360884806506425,0.2435926699162483,0.2579762978208107,0.260927496053537,0.2796868801215989,0.03323556370794627,0.018947663395433367,0.008157231408191024,0.05852160284113728,0.037562535834372524,0.018509536167112973,0.008157231408191024,0.06850038475975362,0.041286347303489415,0.031018096604984235,0.0014337248360685173,0.13656199378864775,0.045178351620696784,0.034050716865835474,0.0005905065795479558,0.15589433595937718,0.2419606588943271,0.006570472582695334,0.2346023407531866,0.2504180235927948,0.25040493497109884,0.009971116684030654,0.2346023407531866,0.2609526289522271,0.2581573024112539,0.018515841899740704,0.2346023407531866,0.3016893962104717,0.26770412045577596,0.0255296397262727,0.2007119911573229,0.3037619718340754,0.0003759280007442324,0.0005002304801667287,0,0,0,13.539999961853027,0.008190592269372798,-0.006294842905338771,0.0608391742785411,0.0007431473701757
2023-06-30,13.510000228881836,13.59000015258789,12.960000038146973,13.59000015258789,0,1.3586409667666852e-05,0.2330586390337712,0.172919484712774,0.0036859747242306007,0.2330586390337712,0.008157231408191024,-0.022820236877552524,0.04023311083432768,0.04369968610284758,0.02712038842399389,0.2346023407531866,0.2360884806506425,0.2504180235927948,0.2598764574160692,0.2803668774638595,0.025926136485926853,0.022322240615231692,0.0036859747242306007,0.05852160284113728,0.033561164696510826,0.02116935266815149,0.0036859747242306007,0.06850038475975362,0.04017042284159592,0.03196045128870094,0.0014337248360685173,0.13656199378864775,0.04481770910197795,0.034414822084290836,0.0005905065795479558,0.15589433595937718,0.23848878198252238,0.005480276757177099,0.2330586390337712,0.2451017795587634,0.24772315313286902,0.010719002951043359,0.2330586390337712,0.2609526289522271,0.25590452915267825,0.01855644223712767,0.2330586390337712,0.3016893962104717,0.26847427873854857,0.0238949502997479,0.2238241647603642,0.3037619718340754,0.0008126242907417297,0.001113071004504931,0,0,0,13.59000015258789,0.00369277628328879,-0.006580078077905616,0.0586196379834829,0.0006832741720403
2023-07-03,13.850000381469728,13.850000381469728,13.470000267028809,13.56999969482422,0,2.169104590830493e-06,0.1888632314277552,0.1577014060293062,-0.0014727880332316978,0.1888632314277552,0.0036859747242306007,0.008157231408191024,0.05852160284113728,-0.06850038475975362,-0.13656199378864775,0.2330586390337712,0.2346023407531866,0.2451017795587634,0.2609526289522271,0.295220111396551,0.014516373524345738,0.014813153561743193,0.0014727880332316978,0.036445636578522844,0.026858405023858632,0.019416254294506715,0.0014727880332316978,0.05852160284113728,0.03373760351990945,0.024255490583303774,0.0014337248360685173,0.08187652073388074,0.04245996572899375,0.033895315666938805,0.0005905065795479558,0.15589433595937718,0.22724107235632074,0.02183198573815847,0.1888632314277552,0.2435926699162483,0.24051421338042184,0.020558470672460086,0.1888632314277552,0.2580916760062694,0.25083991582083087,0.02156037463872151,0.1888632314277552,0.3016893962104717,0.26764187556396263,0.026004173786326534,0.1888632314277552,0.3037619718340754,0.0002791493379318229,0.00022584742652347972,0,0,0,13.56999969482422,-0.001471704013179198,-0.18963213631232045,0.056953668767235,0.0005939509950776
2023-07-05,14.1899995803833,14.739999771118164,14.050000190734863,14.18000030517578,0,0.0019334568672786,0.1810512815091215,0.1525848880986979,0.0439710912677711,0.1810512815091215,-0.0014727880332316978,0.0036859747242306007,-0.036445636578522844,0.02480069865690604,-0.06944933776874551,0.1888632314277552,0.2330586390337712,0.2435926699162483,0.2573489950439762,0.3016893962104717,0.01602146446219539,0.017699430777321012,0.0014727880332316978,0.0439710912677711,0.02877544428494514,0.020123998545587,0.0014727880332316978,0.05852160284113728,0.032524353686529714,0.022983756545480967,0.0014337248360685173,0.08187652073388074,0.04276855822480904,0.033847497393355505,0.0005905065795479558,0.15589433595937718,0.21473279467489542,0.027342180728923842,0.1810512815091215,0.2360884806506425,0.23288444202693634,0.02682070661825098,0.1810512815091215,0.2580916760062694,0.24509524369219512,0.023333187201132147,0.1810512815091215,0.2877307618116365,0.2665759877894858,0.028552871048485595,0.1810512815091215,0.3037619718340754,0.0008290012984949747,0.0011490478716395156,0,0,0,14.18000030517578,0.0449521462100122,-0.04136300040816554,0.0557209818810783,0.0003855679002904
2023-07-06,14.850000381469728,17.079999923706055,14.789999961853027,15.4399995803833,0,0.0072469423494497,0.1998697750097662,0.1735455579475662,0.0851289747938373,0.1998697750097662,0.0439710912677711,-0.0014727880332316978,-0.022820236877552524,-0.050232148180966885,0.008864644555220735,0.1810512815091215,0.1888632314277552,0.2360884806506425,0.2580916760062694,0.2877307618116365,0.028483212045452344,0.036077099083431104,0.0014727880332316978,0.0851289747938373,0.03226512694623218,0.026327698268670333,0.0014727880332316978,0.0851289747938373,0.036155988459797166,0.02499556103676164,0.0014337248360685173,0.0851289747938373,0.04262549307052445,0.0336501899229721,0.0005905065795479558,0.15589433595937718,0.20748905354672015,0.02496429695817468,0.1810512815091215,0.2346023407531866,0.22706225192728602,0.027059065741698394,0.1810512815091215,0.2579762978208107,0.24091138717782035,0.023182655531132853,0.1810512815091215,0.2609526289522271,0.2655649438288251,0.030139924873813694,0.1810512815091215,0.3037619718340754,0.007474455803187648,0.009775397871234678,0,0,1,15.4399995803833,0.08885749281314292,0.10394012869605995,0.0593636314380209,0.0004762012751894
2023-07-07,15.970000267028809,16.059999465942383,14.329999923706056,14.829999923706056,0,0.0016248450207069,0.1966981067957058,0.1816791244023978,-0.04030936641410943,0.1966981067957058,0.0851289747938373,0.0439710912677711,0.008157231408191024,-0.022214622103519766,-0.05369009933075741,0.1998697750097662,0.1810512815091215,0.2346023407531866,0.2579762978208107,0.2477268133945862,0.034913639046636025,0.034373641043319955,0.0014727880332316978,0.0851289747938373,0.034074601377291146,0.02618159750026287,0.0014727880332316978,0.0851289747938373,0.035518810701861546,0.024694980289368937,0.0014337248360685173,0.0851289747938373,0.03987346998611331,0.02849184210365555,0.0005905065795479558,0.13656199378864775,0.19990820675522397,0.019917533034526976,0.1810512815091215,0.2330586390337712,0.22093443282477554,0.02620546752928577,0.1810512815091215,0.2504180235927948,0.23848144876834984,0.025033056008989765,0.1810512815091215,0.2609526289522271,0.2633883213562263,0.03173061726198692,0.1810512815091215,0.3037619718340754,0.00468537886114734,0.004376544533612338,0,0,0,14.829999923706056,-0.03950775085850755,-0.015868673559598645,0.0708663573470408,0.0008101954391819
2023-07-10,16.079999923706055,16.209999084472656,15.039999961853027,15.06999969482422,0,0.000257725823137,0.1973469418897755,0.1858384426277381,0.0160538413825817,0.1973469418897755,-0.04030936641410943,0.0851289747938373,0.0036859747242306007,0.04023311083432768,-0.0014337248360685173,0.1966981067957058,0.1998697750097662,0.2330586390337712,0.2504180235927948,0.2474258350248571,0.037387212378306243,0.03192225288909182,0.0014727880332316978,0.0851289747938373,0.03165667443211655,0.026661752201159752,0.0014727880332316978,0.0851289747938373,0.03621500672788599,0.02387860393210702,0.0014727880332316978,0.0851289747938373,0.03996304486335401,0.028408806265850555,0.0005905065795479558,0.13656199378864775,0.19276586732642484,0.0077358959339143656,0.1810512815091215,0.1998697750097662,0.21562732465447362,0.024913121015454464,0.1810512815091215,0.2451017795587634,0.2360967395714412,0.0264817860770304,0.1810512815091215,0.2609526289522271,0.26127549101375386,0.033106963487123435,0.1810512815091215,0.3037619718340754,0.0020241919325029176,0.0011805406700907725,0,0,0,15.06999969482422,0.01618339665224955,0.0032986341589122947,0.0672312786416342,0.000833270067194
2023-07-11,15.020000457763672,15.25,14.630000114440918,14.84000015258789,0,0.0002365365367763,0.1968257870847055,0.1851755548667943,-0.015379744366417203,0.1968257870847055,0.0160538413825817,-0.04030936641410943,-0.0014727880332316978,0.05852160284113728,-0.021022881546280736,0.1973469418897755,0.1966981067957058,0.1888632314277552,0.2451017795587634,0.2447236482498271,0.040168603644943346,0.028425002213835142,0.015379744366417203,0.0851289747938373,0.027342488584644543,0.02528665294094226,0.0014727880332316978,0.0851289747938373,0.035946285909797246,0.024088945158128913,0.0014727880332316978,0.0851289747938373,0.039327009106006096,0.028657898657845043,0.0005905065795479558,0.13656199378864775,0.1943583784578149,0.0075489778541452755,0.1810512815091215,0.1998697750097662,0.21079972540706785,0.02318445256517867,0.1810512815091215,0.2435926699162483,0.23381588903976874,0.027734667990042556,0.1810512815091215,0.2609526289522271,0.25911534149159177,0.03428938392378172,0.1810512815091215,0.3037619718340754,0.0006213284612257053,0.0008051933691824306,0,0,0,14.84000015258789,-0.015262080085862495,-0.0026408050719178844,0.0633519978171875,0.0007950035767911
2023-07-12,14.81999969482422,14.81999969482422,13.510000228881836,13.539999961853027,0,0.0084048526319777,0.2167339755447026,0.1913253578826457,-0.09167798335466237,0.2167339755447026,-0.015379744366417203,0.0160538413825817,0.0439710912677711,-0.036445636578522844,0.013100646475644684,0.1968257870847055,0.1973469418897755,0.1810512815091215,0.2435926699162483,0.2410090022257402,0.0497099820623216,0.03679500910064543,0.015379744366417203,0.09167798335466237,0.03286572326225849,0.03249933456321423,0.0014727880332316978,0.09167798335466237,0.039688063856417134,0.026358703960285595,0.0014727880332316978,0.09167798335466237,0.04045144491566693,0.02976884141511094,0.0005905065795479558,0.13656199378864775,0.2014949172649311,0.00861518792068637,0.1966981067957058,0.2167339755447026,0.20811385596991325,0.020345266267618643,0.1810512815091215,0.2360884806506425,0.23265993538829075,0.0279251018404346,0.1810512815091215,0.2609526289522271,0.2573497829468247,0.034521830442801424,0.1810512815091215,0.3037619718340754,0.0030891804463854485,0.0011305875918235456,0,0,1,13.539999961853027,-0.0876010901191373,0.10114624081970258,0.0602013651817821,0.0008003984988905
2023-07-13,13.4399995803833,13.609999656677246,13.119999885559082,13.609999656677246,0,2.6589768338259046e-05,0.2007397351703553,0.1904436697652298,0.005156526770827341,0.2007397351703553,-0.09167798335466237,-0.015379744366417203,0.0851289747938373,-0.022820236877552524,0.08187652073388074,0.2167339755447026,0.1968257870847055,0.1998697750097662,0.2360884806506425,0.2545363532058083,0.03371549245771961,0.034881505209078005,0.005156526770827341,0.09167798335466237,0.031099352251585978,0.033568417417910265,0.0014727880332316978,0.09167798335466237,0.03603473081055745,0.025522444005118293,0.0014727880332316978,0.09167798335466237,0.04056015968212596,0.029627723147505804,0.0014337248360685173,0.13656199378864775,0.20166890929704895,0.008582885560014257,0.1966981067957058,0.2167339755447026,0.20457898142188452,0.01786434495592534,0.1810512815091215,0.2346023407531866,0.2300981916723168,0.02828315278854746,0.1810512815091215,0.2609526289522271,0.2552034061090921,0.03518191453191016,0.1810512815091215,0.3037619718340754,0.0004849150899331989,0.0006112036292864008,0,0,0,13.609999656677246,0.005169844536294876,-0.07379664556122356,0.0706082025855217,0.0010672992980386
2023-07-14,13.720000267028809,13.760000228881836,13.220000267028809,13.34000015258789,0,0.0004015110047408,0.1999209528928189,0.190448995461803,-0.02003773951175214,0.1999209528928189,0.005156526770827341,-0.09167798335466237,-0.04030936641410943,0.008157231408191024,-0.027010458630547518,0.2007397351703553,0.2167339755447026,0.1966981067957058,0.2346023407531866,0.2558977058884693,0.02966116707724815,0.03510089601081516,0.005156526770827341,0.09167798335466237,0.03228740306194209,0.03286918778670788,0.0014727880332316978,0.09167798335466237,0.03570269656680529,0.025690517726005075,0.0014727880332316978,0.09167798335466237,0.040897026793749285,0.02930255031798983,0.0014337248360685173,0.13656199378864775,0.20231347851647158,0.008230018603195884,0.1968257870847055,0.2167339755447026,0.20111084263584775,0.014423085831740515,0.1810512815091215,0.2330586390337712,0.2274326320058573,0.028367742300654808,0.1810512815091215,0.2609526289522271,0.2532393990340342,0.03592079213283708,0.1810512815091215,0.3037619718340754,0.0005780881863554154,0.0004966478644985641,0,0,0,13.34000015258789,-0.019838318214570272,-0.004078825135649167,0.0651385589935975,0.0007608463798514
2023-07-17,13.779999732971191,14.0,13.43000030517578,13.479999542236328,0,0.0001089940092396,0.1935202234162729,0.1883092361174251,0.01044001959958063,0.1935202234162729,-0.02003773951175214,0.005156526770827341,0.0160538413825817,0.0036859747242306007,-0.05125723893976497,0.1999209528928189,0.2007397351703553,0.1973469418897755,0.2330586390337712,0.260927496053537,0.028538402720647938,0.03572912608028461,0.005156526770827341,0.09167798335466237,0.03296280754947709,0.032280293783595655,0.0014727880332316978,0.09167798335466237,0.03375901945536794,0.025997093669040898,0.0014727880332316978,0.09167798335466237,0.04102010143326594,0.02915977381258471,0.0014337248360685173,0.13656199378864775,0.201548134821771,0.008953475849824546,0.1935202234162729,0.2167339755447026,0.19715700107409792,0.009146072737563153,0.1810512815091215,0.2167339755447026,0.22422276188027326,0.028201376750804318,0.1810512815091215,0.2609526289522271,0.25119614174365873,0.03682933063809428,0.1810512815091215,0.3037619718340754,0.0006231566113473623,0.0006767220418517114,0,0,0,13.479999542236328,0.010494706750155292,-0.032016301362756794,0.0616407464080406,0.0007587183352517
2023-07-18,13.609999656677246,13.670000076293944,13.289999961853027,13.300000190734863,0,0.0001807148393298,0.1890003416529362,0.1865136123561727,-0.013443021956756063,0.1890003416529362,0.01044001959958063,-0.02003773951175214,-0.015379744366417203,-0.0014727880332316978,0.04369968610284758,0.1935202234162729,0.1999209528928189,0.1968257870847055,0.1888632314277552,0.2598764574160692,0.02815105823871571,0.03591744650524516,0.005156526770827341,0.09167798335466237,0.034159830941829526,0.0311862297803785,0.005156526770827341,0.09167798335466237,0.03231822592460168,0.026255767823223867,0.0014727880332316978,0.09167798335466237,0.040159968253534455,0.02943298885845,0.0014337248360685173,0.13656199378864775,0.19998304573541717,0.010530407698547696,0.1890003416529362,0.2167339755447026,0.19717071209661602,0.009132350413849343,0.1810512815091215,0.2167339755447026,0.22084770874869553,0.02796120100931609,0.1810512815091215,0.2609526289522271,0.2489434542793977,0.03768181973226581,0.1810512815091215,0.3037619718340754,0.0002866551456239833,0.0001923140894276471,0,0,0,13.300000190734863,-0.013353068072256224,-0.023356121047949485,0.0592440888611334,0.0007286374312498
2023-07-19,13.31999969482422,13.84000015258789,13.119999885559082,13.760000228881836,0,0.001156122374024,0.1794016410368545,0.1837121122377393,0.03400179957037697,0.1794016410368545,-0.013443021956756063,0.01044001959958063,-0.09167798335466237,0.0439710912677711,-0.06850038475975362,0.1890003416529362,0.1935202234162729,0.2167339755447026,0.1810512815091215,0.2609526289522271,0.01661582148185863,0.011107479215463121,0.005156526770827341,0.03400179957037697,0.033162901772090116,0.030996512022891456,0.005156526770827341,0.09167798335466237,0.03067543615367898,0.024924203858026156,0.0014727880332316978,0.09167798335466237,0.03943908041152556,0.029197685628341852,0.0014337248360685173,0.13656199378864775,0.19251657883384754,0.008772369621711967,0.1794016410368545,0.2007397351703553,0.19700574804938936,0.009464730607336333,0.1794016410368545,0.2167339755447026,0.216964328371773,0.027775217043005493,0.1794016410368545,0.2580916760062694,0.2462930311072441,0.038576024028025006,0.1794016410368545,0.3037619718340754,0.001029453276377043,0.0010191217660040774,0,0,0,13.760000228881836,0.03458646853760361,-0.050786683940010624,0.0573642614005208,0.0007287269703924
2023-07-20,13.960000038146973,14.229999542236328,13.579999923706056,13.989999771118164,0,0.0002747943820476,0.1784507454030197,0.1826883577776986,0.016576923177949343,0.1784507454030197,0.03400179957037697,-0.013443021956756063,0.005156526770827341,0.0851289747938373,0.02480069865690604,0.1794016410368545,0.1890003416529362,0.2007397351703553,0.1998697750097662,0.2573489950439762,0.018899900763283028,0.009166588311258383,0.01044001959958063,0.03400179957037697,0.026307696610501318,0.025280069841711376,0.005156526770827341,0.09167798335466237,0.030283827797538184,0.02508520857737001,0.0014727880332316978,0.09167798335466237,0.03864738467137888,0.029359470746734118,0.0014337248360685173,0.13656199378864775,0.18805878088038044,0.009201704082929313,0.1784507454030197,0.1999209528928189,0.19486384508871468,0.011037502329546431,0.1784507454030197,0.2167339755447026,0.2132072688650608,0.02737261678001469,0.1784507454030197,0.2580916760062694,0.24353900607124113,0.03920213892883286,0.1784507454030197,0.3037619718340754,0.0007884188269433492,0.0010912004516415088,0,0,0,13.989999771118164,0.016715082733324893,-0.005300373108847123,0.0587470523443339,0.0004181390689125
2023-07-21,13.869999885559082,13.890000343322754,13.369999885559082,13.600000381469728,0,0.0007993597879774,0.1735533336239791,0.180730211573962,-0.02827295152575049,0.1735533336239791,0.016576923177949343,0.03400179957037697,-0.02003773951175214,-0.04030936641410943,-0.050232148180966885,0.1784507454030197,0.1794016410368545,0.1999209528928189,0.1966981067957058,0.2580916760062694,0.020546943166082698,0.010113122975465681,0.01044001959958063,0.03400179957037697,0.025104055121665424,0.024821731791298454,0.005156526770827341,0.09167798335466237,0.029238151766337404,0.024666272234629305,0.0014727880332316978,0.09167798335466237,0.03821899985986258,0.029376866177822855,0.0014337248360685173,0.13656199378864775,0.18278525702661247,0.008205669354072163,0.1735533336239791,0.1935202234162729,0.19254936777154202,0.01288256120771457,0.1735533336239791,0.2167339755447026,0.20918163351352315,0.026648364887683466,0.1735533336239791,0.2579762978208107,0.24065393926932876,0.03979747377101215,0.1735533336239791,0.3037619718340754,0.0005250923010134697,0.0005786479204989199,0,0,0,13.600000381469728,-0.02787701186768954,-0.027444053360383025,0.0576925229434928,0.0004146354878147
2023-07-24,14.289999961853027,14.300000190734863,13.729999542236328,13.90999984741211,0,0.0005079692951176,0.1735950444912287,0.173481525975764,0.022538174174446368,0.1735950444912287,-0.02827295152575049,0.016576923177949343,0.01044001959958063,0.0160538413825817,-0.022214622103519766,0.1735533336239791,0.1784507454030197,0.1935202234162729,0.1973469418897755,0.2579762978208107,0.022966574081055846,0.0083911121639752,0.013443021956756063,0.03400179957037697,0.02575248840085189,0.0246430924313241,0.005156526770827341,0.09167798335466237,0.029253559007810098,0.024661766425805115,0.0014727880332316978,0.09167798335466237,0.03819570302173628,0.029389195408702662,0.0014337248360685173,0.13656199378864775,0.17880022124160364,0.006307733154882224,0.1735533336239791,0.1890003416529362,0.19017417803168732,0.014037560091990847,0.1735533336239791,0.2167339755447026,0.2051634785930669,0.025247906971532015,0.1735533336239791,0.2504180235927948,0.23776997102321307,0.040170867264719204,0.1735533336239791,0.3037619718340754,0.0005967587577522338,0.000546675215079003,0,0,0,13.90999984741211,0.022794077738759633,0.0002403345783030808,0.0572283171590192,0.0004545729149127
2023-07-25,14.020000457763672,14.09000015258789,13.81999969482422,13.859999656677246,0,1.2967388070476244e-05,0.1689067898356216,0.168861039394835,-0.003601025974701688,0.1689067898356216,0.022538174174446368,-0.02827295152575049,-0.013443021956756063,-0.015379744366417203,0.04023311083432768,0.1735950444912287,0.1735533336239791,0.1890003416529362,0.1968257870847055,0.2504180235927948,0.02099817488464497,0.011689701501821585,0.003601025974701688,0.03400179957037697,0.02457461656168034,0.0254618618707517,0.003601025974701688,0.09167798335466237,0.027509174014494576,0.025137278988008927,0.0014727880332316978,0.09167798335466237,0.03652190553715516,0.029307872771484948,0.0014337248360685173,0.13656199378864775,0.1747815108781407,0.0042496280385744675,0.1689067898356216,0.1794016410368545,0.18738227830677895,0.015288298709851905,0.1689067898356216,0.2167339755447026,0.20128199127129673,0.024186075482572875,0.1689067898356216,0.2451017795587634,0.23455913335658318,0.04015695945610839,0.1689067898356216,0.3016893962104717,0.00013502399970479395,0.00013629134349445377,0,0,0,13.859999656677246,-0.003594550056315482,-0.02700684613058746,0.0572185851934664,0.0004704443915717
2023-07-26,13.859999656677246,14.15999984741211,13.149999618530272,13.1899995803833,0,0.0024550076806991,0.1660112446016177,0.1701490002258756,-0.04954803407501762,0.1660112446016177,-0.003601025974701688,0.022538174174446368,0.03400179957037697,-0.09167798335466237,0.05852160284113728,0.1689067898356216,0.1735950444912287,0.1794016410368545,0.2167339755447026,0.2451017795587634,0.024107421785573104,0.01691345328558621,0.003601025974701688,0.04954803407501762,0.020361621633715864,0.01405573893878922,0.003601025974701688,0.04954803407501762,0.027081861216107925,0.02465538682385522,0.0014727880332316978,0.09167798335466237,0.03584828476262153,0.02865285744032833,0.0014337248360685173,0.13656199378864775,0.17210343159109337,0.004794496282302292,0.1660112446016177,0.1784507454030197,0.18231000521247046,0.012655732580855292,0.1660112446016177,0.2007397351703553,0.19751577532095646,0.02315740123132989,0.1660112446016177,0.2435926699162483,0.2314767098377582,0.04033551089352225,0.1660112446016177,0.3016893962104717,0.0019750147008787,0.0017895961193969468,0,0,0,13.1899995803833,-0.04834055504259438,-0.01714285871409793,0.0557981597419582,0.0004194540374378
2023-07-27,13.140000343322754,15.020000457763672,12.739999771118164,14.40999984741211,0,0.0078257845524794,0.1845460199003053,0.1941287257747044,0.08846346450642484,0.1845460199003053,-0.04954803407501762,-0.003601025974701688,0.016576923177949343,0.005156526770827341,-0.036445636578522844,0.1660112446016177,0.1689067898356216,0.1784507454030197,0.2007397351703553,0.2435926699162483,0.0384847300512682,0.03238717519616894,0.003601025974701688,0.08846346450642484,0.028692315407275615,0.024699832836636418,0.003601025974701688,0.08846346450642484,0.029558900641246118,0.028025820872494788,0.0014727880332316978,0.09167798335466237,0.03687239511223715,0.029752038012926425,0.0014337248360685173,0.13656199378864775,0.1733224864905505,0.007054217096355592,0.1660112446016177,0.1845460199003053,0.18069063368546545,0.01095764207382268,0.1660112446016177,0.1999209528928189,0.19470403008210205,0.020741763231279575,0.1660112446016177,0.2360884806506425,0.2287535669638596,0.0395239350027421,0.1660112446016177,0.3016893962104717,0.009776072078589264,0.010264314731037807,0,0,1,14.40999984741211,0.09249433706148413,0.11164771002811325,0.0587431809899585,0.0005543566539384
2023-07-28,14.029999732971191,14.18000030517578,13.270000457763672,13.329999923706056,0,0.0060692312426128,0.1990118124446614,0.196409197130916,-0.07790527095526212,0.1990118124446614,0.08846346450642484,-0.04954803407501762,-0.02827295152575049,-0.02003773951175214,-0.022820236877552524,0.1845460199003053,0.1660112446016177,0.1735533336239791,0.1999209528928189,0.2360884806506425,0.04841119393717053,0.03589130001430699,0.003601025974701688,0.08846346450642484,0.034479068551626614,0.02887306293593128,0.003601025974701688,0.08846346450642484,0.03218199750208943,0.02988009476624402,0.0014727880332316978,0.09167798335466237,0.03719894449931164,0.030132022658909203,0.0014337248360685173,0.13656199378864775,0.17841418225468694,0.013502863253538137,0.1660112446016177,0.1990118124446614,0.1805997196406497,0.010782738463943932,0.1660112446016177,0.1990118124446614,0.1929384744532458,0.018499781294142547,0.1660112446016177,0.2346023407531866,0.22662132984578345,0.038623864999879264,0.1660112446016177,0.3016893962104717,0.001586685310730404,0.001187726863288893,0,0,1,13.329999923706056,-0.07494794830966012,0.07838582783942316,0.0713884455586228,0.0008666923191988
2023-07-31,13.979999542236328,14.09000015258789,13.56999969482422,13.630000114440918,0,0.0004953351283945,0.2000862219060994,0.1967502382196617,0.02225612563755286,0.2000862219060994,-0.07790527095526212,0.08846346450642484,0.022538174174446368,0.01044001959958063,0.008157231408191024,0.1990118124446614,0.1845460199003053,0.1735950444912287,0.1935202234162729,0.2346023407531866,0.04835478422979182,0.03594231559981872,0.003601025974701688,0.08846346450642484,0.035660679155423834,0.028008820619567585,0.003601025974701688,0.08846346450642484,0.03285337341777333,0.029468855723607395,0.0014727880332316978,0.09167798335466237,0.03706986036063137,0.030185371801646724,0.0014337248360685173,0.13656199378864775,0.18371241773766106,0.016088862466617993,0.1660112446016177,0.2000862219060994,0.18125631948963236,0.011808095895730734,0.1660112446016177,0.2000862219060994,0.1912948497462416,0.01597391491069988,0.1660112446016177,0.2330586390337712,0.22472607607874776,0.03790270494518736,0.1660112446016177,0.3016893962104717,0.0005100115226268452,0.0004586974892395882,0,0,0,13.630000114440918,0.022505640844104002,0.005398722056946914,0.0738359834593656,0.0010121008488503
2023-08-01,13.75,14.300000190734863,13.75,13.93000030517578,0,0.0004740006330187,0.2012334724145264,0.1960939670411226,0.021771555594829906,0.2012334724145264,0.02225612563755286,-0.07790527095526212,-0.003601025974701688,-0.013443021956756063,0.0036859747242306007,0.2000862219060994,0.1990118124446614,0.1689067898356216,0.1890003416529362,0.2330586390337712,0.05198889015381747,0.030842891158564825,0.021771555594829906,0.08846346450642484,0.03649353251923122,0.027391793797737454,0.003601025974701688,0.08846346450642484,0.03371459155446853,0.028831201035189435,0.0014727880332316978,0.09167798335466237,0.03694250719803223,0.03023960754724288,0.0014337248360685173,0.13656199378864775,0.19017775425344202,0.01511773660294113,0.1660112446016177,0.2012334724145264,0.1824796325657914,0.013245678410715066,0.1660112446016177,0.2012334724145264,0.1897793656215157,0.01305689615030454,0.1660112446016177,0.2167339755447026,0.222841947387097,0.037026069542979774,0.1660112446016177,0.3016893962104717,0.0005548119611729683,0.0007037888152262435,0,0,0,13.93000030517578,0.022010285268964314,0.005733780654649134,0.0683116784119207,0.0009514571189761
2023-08-02,15.699999809265137,16.479999542236328,14.949999809265137,16.09000015258789,0,0.0207801337652192,0.2475335837429668,0.2039555454198662,0.14415316078816742,0.2475335837429668,0.021771555594829906,0.02225612563755286,-0.04954803407501762,0.03400179957037697,-0.0014727880332316978,0.2012334724145264,0.2000862219060994,0.1660112446016177,0.1794016410368545,0.1888632314277552,0.07090991549644743,0.051243059879261574,0.021771555594829906,0.14415316078816742,0.04750866864101026,0.04361937374763636,0.003601025974701688,0.14415316078816742,0.04050889501898928,0.03661454150456256,0.003601025974701688,0.14415316078816742,0.03712324926944936,0.03086575912484071,0.0014337248360685173,0.14415316078816742,0.20648222208171188,0.023930506011407178,0.1845460199003053,0.2475335837429668,0.1892928268364026,0.024352454449100582,0.1660112446016177,0.2475335837429668,0.19257319192224004,0.01813897237605389,0.1660112446016177,0.2475335837429668,0.22170655387153543,0.03545008795067634,0.1660112446016177,0.3016893962104717,0.0034241699355220512,0.004514328278585152,0,0,1,16.09000015258789,0.15506100503167608,0.23008156035326732,0.0644918715322337,0.0009617021996718
2023-08-03,16.770000457763672,17.420000076293945,15.720000267028809,15.920000076293944,0,0.0001128223225157,0.2438283013431243,0.2111205710618758,-0.010621785279120388,0.2438283013431243,0.14415316078816742,0.021771555594829906,0.08846346450642484,0.016576923177949343,0.0439710912677711,0.2475335837429668,0.2012334724145264,0.1845460199003053,0.1784507454030197,0.1810512815091215,0.05534157965098654,0.05616509347546026,0.010621785279120388,0.14415316078816742,0.04691315485112737,0.04412629704136696,0.003601025974701688,0.14415316078816742,0.03892083282905353,0.03717578832091083,0.003601025974701688,0.14415316078816742,0.035722593257791625,0.030697363425108537,0.0014337248360685173,0.14415316078816742,0.21833867837027565,0.025006655930427116,0.1990118124446614,0.2475335837429668,0.1958305824304131,0.02937595976125606,0.1660112446016177,0.2475335837429668,0.1955625738190973,0.02107974586271546,0.1660112446016177,0.2475335837429668,0.22032890875564623,0.033326713357589355,0.1660112446016177,0.2877307618116365,0.0038030323164724295,0.004226962802083788,0,0,0,15.920000076293944,-0.010565573317698473,-0.014968806833459691,0.0918595195133869,0.0014794326351733
2023-08-04,16.010000228881836,17.389999389648438,14.56999969482422,17.100000381469727,0,0.0051125789922675,0.2394115226522967,0.2199730456276533,0.07150230060821494,0.2394115226522967,-0.010621785279120388,0.14415316078816742,-0.07790527095526212,-0.02827295152575049,0.0851289747938373,0.2438283013431243,0.2475335837429668,0.1990118124446614,0.1735533336239791,0.1998697750097662,0.054060985581577105,0.05559208583773072,0.010621785279120388,0.14415316078816742,0.05123608975937381,0.04421470602775749,0.003601025974701688,0.14415316078816742,0.03827194358211913,0.03644056956338621,0.003601025974701688,0.14415316078816742,0.03721396602095815,0.030881707793815515,0.0014337248360685173,0.14415316078816742,0.2264186204118027,0.023693042575546042,0.2000862219060994,0.2475335837429668,0.20241640133324484,0.031155194924557917,0.1660112446016177,0.2475335837429668,0.19744551418302733,0.023148258348865657,0.1660112446016177,0.2475335837429668,0.21917845068042388,0.03173941530915344,0.1660112446016177,0.2609526289522271,0.011290701080400718,0.013976416552704898,0,0,0,17.100000381469727,0.07412062182919787,-0.01811429873602799,0.0802237004793234,0.0011877130590348
2023-08-07,16.899999618530273,17.360000610351562,15.770000457763672,15.770000457763672,0,0.0065559879994654,0.2494975353734977,0.2168659495361816,-0.08096905581433855,0.2494975353734977,0.07150230060821494,-0.010621785279120388,0.02225612563755286,0.022538174174446368,-0.04030936641410943,0.2394115226522967,0.2438283013431243,0.2000862219060994,0.1735950444912287,0.1966981067957058,0.06580357161693424,0.053350195699645456,0.010621785279120388,0.14415316078816742,0.057079177923363034,0.0438602885189296,0.003601025974701688,0.14415316078816742,0.04020811926784433,0.03761546902621869,0.003601025974701688,0.14415316078816742,0.03786346498485294,0.03151701135189675,0.0014337248360685173,0.14415316078816742,0.23630088310528236,0.01997740342848559,0.2012334724145264,0.2494975353734977,0.21000665042147176,0.03256729664551473,0.1660112446016177,0.2494975353734977,0.19995977268673173,0.025780748797925433,0.1660112446016177,0.2494975353734977,0.21922061072754076,0.03177941237238126,0.1660112446016177,0.2609526289522271,0.0033280781266714055,0.0027636483974460445,0,0,1,15.770000457763672,-0.07777777158106369,0.04212835125671521,0.0799023778892222,0.0012973309849629
2023-08-08,16.280000686645508,18.13999938964844,15.960000038146973,15.989999771118164,0,0.0001919356027301,0.2493656550871487,0.2256524979009084,0.01385408252935516,0.2493656550871487,-0.08096905581433855,0.07150230060821494,0.021771555594829906,-0.003601025974701688,0.0160538413825817,0.2494975353734977,0.2394115226522967,0.2012334724145264,0.1689067898356216,0.1973469418897755,0.06422007700383929,0.05507351275863702,0.010621785279120388,0.14415316078816742,0.05810448357882838,0.042572171139501985,0.010621785279120388,0.14415316078816742,0.040103368846262116,0.037689087205606514,0.003601025974701688,0.14415316078816742,0.03815918778707405,0.031223761153101794,0.0014727880332316978,0.14415316078816742,0.24592731963980685,0.004301457996882711,0.2394115226522967,0.2494975353734977,0.21805253694662446,0.031195136917140643,0.1660112446016177,0.2494975353734977,0.202436854267559,0.02792686869871507,0.1660112446016177,0.2494975353734977,0.21926679691950013,0.03182278387239943,0.1660112446016177,0.2609526289522271,0.005912401673192708,0.008071532562065714,0,0,0,15.989999771118164,0.013950495051900047,-0.0005285835234868363,0.0798348791693643,0.0014067046310379
2023-08-09,15.8100004196167,16.8700008392334,15.380000114440918,15.960000038146973,0,3.526576465340686e-06,0.2488980111948101,0.2310447281575478,-0.0018779181199777284,0.2488980111948101,0.01385408252935516,-0.08096905581433855,0.14415316078816742,-0.04954803407501762,-0.015379744366417203,0.2493656550871487,0.2494975353734977,0.2475335837429668,0.1660112446016177,0.1968257870847055,0.035765028470201354,0.037353598173645905,0.0018779181199777284,0.08096905581433855,0.05333747198332439,0.04615490540855007,0.0018779181199777284,0.14415316078816742,0.039460424739288805,0.038243033642759654,0.0018779181199777284,0.14415316078816742,0.037703355324543025,0.03161730165575778,0.0014727880332316978,0.14415316078816742,0.2462002051301755,0.004468857658490157,0.2394115226522967,0.2494975353734977,0.22634121360594367,0.026487637935337104,0.1845460199003053,0.2494975353734977,0.20491648398708784,0.029661620909795374,0.1660112446016177,0.2494975353734977,0.21936618651342826,0.031910627941519006,0.1660112446016177,0.2609526289522271,0.003083945061701377,0.004240810292759315,0,0,0,15.960000038146973,-0.0018761559349974588,-0.001875334003694995,0.0720052062310527,0.0012813233852615
2023-08-10,15.579999923706056,16.860000610351562,14.600000381469728,15.850000381469728,0,4.78320245359835e-05,0.2315020504645478,0.2403400967877498,-0.006916070021043996,0.2315020504645478,-0.0018779181199777284,0.01385408252935516,-0.010621785279120388,0.08846346450642484,-0.09167798335466237,0.2488980111948101,0.2493656550871487,0.2438283013431243,0.1845460199003053,0.2167339755447026,0.03502388541858607,0.038008217685105254,0.0018779181199777284,0.08096905581433855,0.04518273253478631,0.0464621603435707,0.0018779181199777284,0.14415316078816742,0.03542414315197365,0.03690591489870411,0.0018779181199777284,0.14415316078816742,0.037556103504195394,0.0317488072705305,0.0014727880332316978,0.14415316078816742,0.2437349549544602,0.008060789135418736,0.2315020504645478,0.2494975353734977,0.23103681666236792,0.022044560453004833,0.1990118124446614,0.2494975353734977,0.20561972564993758,0.03012722092442118,0.1660112446016177,0.2494975353734977,0.2191398305191142,0.03178683995482822,0.1660112446016177,0.2609526289522271,0.00747087616093526,0.010242798024330813,0,0,0,15.850000381469728,-0.006892209048516729,-0.06989192338964345,0.0659616960673019,0.0007940613440307
2023-08-11,15.529999732971191,16.510000228881836,14.84000015258789,14.84000015258789,0,0.0043353370430496,0.2406282332645141,0.2477500013731942,-0.06584327636934262,0.2406282332645141,-0.006916070021043996,-0.0018779181199777284,0.07150230060821494,-0.07790527095526212,0.005156526770827341,0.2315020504645478,0.2488980111948101,0.2394115226522967,0.1990118124446614,0.2007397351703553,0.03389208057081161,0.036712578291216456,0.0018779181199777284,0.08096905581433855,0.043976533076194355,0.045668048000575834,0.0018779181199777284,0.14415316078816742,0.03831398837095056,0.036793172492546156,0.0018779181199777284,0.14415316078816742,0.037174359590754005,0.03129606905066877,0.0014727880332316978,0.14415316078816742,0.2439782970769037,0.007914683534219074,0.2315020504645478,0.2494975353734977,0.2351984587443532,0.019052166803576655,0.2000862219060994,0.2494975353734977,0.20751917794013564,0.03104754725565223,0.1660112446016177,0.2494975353734977,0.2188086848062262,0.03148006066052915,0.1660112446016177,0.2609526289522271,0.004101616146405937,0.004888170387016551,0,0,0,14.84000015258789,-0.0637224103831967,0.039421606770450035,0.0617495717457735,0.0008442570739063
2023-08-14,15.880000114440918,16.059999465942383,14.770000457763672,14.81999969482422,0,1.81885343915588e-06,0.2397962770618004,0.2516560538896593,-0.001348648745654657,0.2397962770618004,-0.06584327636934262,-0.006916070021043996,-0.08096905581433855,0.02225612563755286,-0.02003773951175214,0.2406282332645141,0.2315020504645478,0.2494975353734977,0.2000862219060994,0.1999209528928189,0.01796799915707483,0.027231439237016153,0.001348648745654657,0.06584327636934262,0.041885785387004534,0.047224974134273054,0.001348648745654657,0.14415316078816742,0.037424031667803066,0.03747701523665685,0.001348648745654657,0.14415316078816742,0.036563364117304174,0.03174659531740907,0.001348648745654657,0.14415316078816742,0.24203804541456422,0.007395493209607896,0.2315020504645478,0.2493656550871487,0.23916946425992328,0.014519899940921475,0.2012334724145264,0.2494975353734977,0.20941800290056328,0.031770556852880355,0.1660112446016177,0.2494975353734977,0.2184253174532103,0.031113276034089955,0.1660112446016177,0.2609526289522271,0.0025287944652527894,0.0016620860495647125,0,0,0,14.81999969482422,-0.0013477397276294711,-0.0034574338656226944,0.0653869235939546,0.0009092991015254
2023-08-15,14.949999809265137,16.56999969482422,14.90999984741211,16.459999084472656,0,0.011015665450537,0.2615510006365817,0.2583151145863446,0.10495554035179389,0.2615510006365817,-0.001348648745654657,-0.06584327636934262,0.01385408252935516,0.021771555594829906,0.01044001959958063,0.2397962770618004,0.2406282332645141,0.2493656550871487,0.2012334724145264,0.1935202234162729,0.03618829072156258,0.047053740609237414,0.001348648745654657,0.10495554035179389,0.05020418386270094,0.050500866721964244,0.001348648745654657,0.14415316078816742,0.04192477075124179,0.03968470201511479,0.001348648745654657,0.14415316078816742,0.037841895103304865,0.03339147830337723,0.001348648745654657,0.14415316078816742,0.2444751145244508,0.01135933875721122,0.2315020504645478,0.2615510006365817,0.2452012170821288,0.008133748082682671,0.2315020504645478,0.2615510006365817,0.21265756372057804,0.0334903612064849,0.1660112446016177,0.2615510006365817,0.21844016280042564,0.031134191806275857,0.1660112446016177,0.2615510006365817,0.0040190855757886515,0.001995073351012246,0,0,1,16.459999084472656,0.11066122965044278,0.09072169026700383,0.0613730283398443,0.0005373721050059
2023-08-16,16.540000915527344,16.93000030517578,15.800000190734863,16.780000686645508,0,0.0003707397109616,0.2619140141451561,0.2610767296538501,0.019254602331953752,0.2619140141451561,0.10495554035179389,-0.001348648745654657,-0.0018779181199777284,0.14415316078816742,-0.013443021956756063,0.2615510006365817,0.2397962770618004,0.2488980111948101,0.2475335837429668,0.1890003416529362,0.03966362756395778,0.04445609160976095,0.001348648745654657,0.10495554035179389,0.037714328017079565,0.0387650174458146,0.001348648745654657,0.10495554035179389,0.042201512673870255,0.03949596795522884,0.001348648745654657,0.14415316078816742,0.03725986929923596,0.03349975239162868,0.001348648745654657,0.14415316078816742,0.24707831511452003,0.01384565136123983,0.2315020504645478,0.2619140141451561,0.24663926012234777,0.009710353549044417,0.2315020504645478,0.2619140141451561,0.21612964336306467,0.03467380679228097,0.1660112446016177,0.2619140141451561,0.2184886760558801,0.031201846516414024,0.1660112446016177,0.2619140141451561,0.0017210154886171248,0.002305665336235761,0,0,0,16.780000686645508,0.019441167677507476,0.0013879262847049656,0.0774238551010769,0.0010799501569135
2023-08-17,16.959999084472656,18.1299991607666,16.399999618530273,17.889999389648438,0,0.0041029304739862,0.2674803897589339,0.2660057356116262,0.0640541214441841,0.2674803897589339,0.019254602331953752,0.10495554035179389,-0.006916070021043996,-0.010621785279120388,0.03400179957037697,0.2619140141451561,0.2615510006365817,0.2315020504645478,0.2438283013431243,0.1794016410368545,0.051091237848585803,0.041154946869939125,0.001348648745654657,0.10495554035179389,0.04305756163358594,0.038295367560200314,0.001348648745654657,0.10495554035179389,0.04363257562024202,0.03972777626875938,0.001348648745654657,0.14415316078816742,0.0371540058869605,0.03340551337125445,0.001348648745654657,0.14415316078816742,0.2542739829733972,0.013053205508053424,0.2397962770618004,0.2674803897589339,0.24900446896392872,0.01163867003214533,0.2315020504645478,0.2674803897589339,0.22032386949268754,0.035329865808231393,0.1660112446016177,0.2674803897589339,0.21864409893223027,0.03143392233970634,0.1660112446016177,0.2674803897589339,0.0036274458879099487,0.003927814394282903,0,0,0,17.889999389648438,0.06615009878315026,0.021252683373761183,0.0706367675815403,0.0010033077995295
2023-08-18,17.799999237060547,18.8799991607666,17.139999389648438,17.299999237060547,0,0.0011246234556202,0.2690642822434145,0.2708180807444427,-0.0335354060005284,0.2690642822434145,0.0640541214441841,0.019254602331953752,-0.06584327636934262,0.07150230060821494,0.016576923177949343,0.2674803897589339,0.2619140141451561,0.2406282332645141,0.2394115226522967,0.1784507454030197,0.044629663774822956,0.04079443436694462,0.001348648745654657,0.10495554035179389,0.039260872172817284,0.037022870338763184,0.001348648745654657,0.10495554035179389,0.044440122421317216,0.03932058867941113,0.001348648745654657,0.14415316078816742,0.0373619751094277,0.03335388037644075,0.001348648745654657,0.14415316078816742,0.2599611927691773,0.011751270008120714,0.2397962770618004,0.2690642822434145,0.2519697449230405,0.0126560070751991,0.2315020504645478,0.2690642822434145,0.2246387998184206,0.03549314481459816,0.1660112446016177,0.2690642822434145,0.2189230343417407,0.03183517325901288,0.1660112446016177,0.2690642822434145,0.0033718003067644098,0.004360717228588712,0,0,0,17.299999237060547,-0.03297932770916012,0.005921527503037094,0.0722558586247857,0.00117047288023
2023-08-21,18.030000686645508,18.11000061035156,16.8799991607666,17.1299991607666,0,9.751945770655e-05,0.2677568816088449,0.2731329186806668,-0.009875194059184356,0.2677568816088449,-0.0335354060005284,0.0640541214441841,-0.001348648745654657,-0.08096905581433855,-0.02827295152575049,0.2690642822434145,0.2674803897589339,0.2397962770618004,0.2494975353734977,0.1735533336239791,0.046334972837528896,0.03865498030506295,0.009875194059184356,0.10495554035179389,0.03215148599730187,0.03488831088979178,0.001348648745654657,0.10495554035179389,0.043564038732433114,0.039899506741683605,0.001348648745654657,0.14415316078816742,0.03640109524938526,0.033554774432548284,0.001348648745654657,0.14415316078816742,0.26555331367858626,0.0035411595871660166,0.2615510006365817,0.2690642822434145,0.2537956795465752,0.013545610719887248,0.2315020504645478,0.2690642822434145,0.22912468305579517,0.03465697951407227,0.1660112446016177,0.2690642822434145,0.21915315828465914,0.032158504723280086,0.1660112446016177,0.2690642822434145,0.0017842507099297242,0.0014606192941025579,0,0,0,17.1299991607666,-0.009826594438788527,-0.004859064249140288,0.0675049582295188,0.0010606671299228
2023-08-22,16.959999084472656,17.579999923706055,16.610000610351562,16.969999313354492,0,8.806367059596176e-05,0.2669716127687946,0.2741654400225765,-0.009384224560184062,0.2669716127687946,-0.009875194059184356,-0.0335354060005284,0.10495554035179389,0.01385408252935516,0.022538174174446368,0.2677568816088449,0.2690642822434145,0.2615510006365817,0.2493656550871487,0.1735950444912287,0.027220709679206933,0.022798254273477377,0.009384224560184062,0.0640541214441841,0.031704500200384754,0.0351762283799343,0.001348648745654657,0.10495554035179389,0.042937660179373005,0.040346837626451824,0.001348648745654657,0.14415316078816742,0.03609560959359155,0.0337449451156177,0.001348648745654657,0.14415316078816742,0.2666374361050288,0.0027511679489183936,0.2619140141451561,0.2690642822434145,0.2555562753147398,0.014040953010346864,0.2315020504645478,0.2690642822434145,0.2335711863071078,0.03313289505606416,0.1660112446016177,0.2690642822434145,0.21936733245008733,0.032451986420940965,0.1660112446016177,0.2690642822434145,0.0011618559935054696,0.0016105401881032707,0,0,0,16.969999313354492,-0.009340330137234454,-0.002932768096685079,0.0628928951203757,0.0010007623948354
2023-08-23,16.639999389648438,17.100000381469727,15.90999984741211,15.979999542236328,0,0.0036131071597293,0.273631105315222,0.2773232575236137,-0.060109127091726666,0.273631105315222,-0.009384224560184062,-0.009875194059184356,0.019254602331953752,-0.0018779181199777284,-0.003601025974701688,0.2669716127687946,0.2677568816088449,0.2619140141451561,0.2488980111948101,0.1689067898356216,0.035391614631161514,0.026284083998854235,0.009384224560184062,0.0640541214441841,0.03752762109755965,0.03450348428096571,0.001348648745654657,0.10495554035179389,0.04562852213732657,0.03946693496768106,0.001348648745654657,0.14415316078816742,0.03656884807591058,0.03394317279873856,0.001348648745654657,0.14415316078816742,0.268980854339042,0.002711934238034827,0.2669716127687946,0.273631105315222,0.258029584726781,0.014890450545110671,0.2315020504645478,0.273631105315222,0.23855805847280304,0.030705733065586976,0.1660112446016177,0.273631105315222,0.2199200248720499,0.033183146714171365,0.1660112446016177,0.273631105315222,0.001876524660440395,0.001968688082028197,0,0,0,15.979999542236328,-0.058338232832990555,0.024944571736901233,0.0597109456793288,0.0006676251891003
2023-08-24,15.56999969482422,17.31999969482422,15.479999542236328,17.200000762939453,0,0.0054127680377938,0.2789834083832314,0.2819269281321372,0.07357151648426052,0.2789834083832314,-0.060109127091726666,-0.009384224560184062,0.0640541214441841,-0.006916070021043996,-0.04954803407501762,0.273631105315222,0.2669716127687946,0.2674803897589339,0.2315020504645478,0.1660112446016177,0.0372950936391768,0.029075168673935635,0.009384224560184062,0.07357151648426052,0.0441931657438813,0.03437087644561552,0.001348648745654657,0.10495554035179389,0.04677249749014766,0.03993165736752064,0.001348648745654657,0.14415316078816742,0.036927179353127795,0.03425855041507242,0.001348648745654657,0.14415316078816742,0.27128145806390147,0.0050188184665889285,0.2669716127687946,0.2789834083832314,0.26277772051864934,0.012933309165521748,0.2397962770618004,0.2789834083832314,0.24393768531954657,0.02703725345630313,0.1845460199003053,0.2789834083832314,0.22072673032025153,0.03420633241479992,0.1660112446016177,0.2789834083832314,0.004549618343393374,0.002477819468040229,0,0,0,17.200000762939453,0.07634551036616566,0.019560287423622924,0.0630084621910984,0.0008709089457965
2023-08-25,17.209999084472656,17.360000610351562,15.449999809265137,15.68000030517578,0,0.0085605783986689,0.2802972279551018,0.2731426329820741,-0.09252339379134877,0.2802972279551018,0.07357151648426052,-0.060109127091726666,-0.0335354060005284,-0.06584327636934262,0.08846346450642484,0.2789834083832314,0.273631105315222,0.2690642822434145,0.2406282332645141,0.1845460199003053,0.049092691197340874,0.03782054692725708,0.009384224560184062,0.09252339379134877,0.046861177486081915,0.03716048545792548,0.001348648745654657,0.10495554035179389,0.04696582745609642,0.040152813150489124,0.001348648745654657,0.14415316078816742,0.03826236404867127,0.035315792208354416,0.001348648745654657,0.14415316078816742,0.27352804720623897,0.006162113668257143,0.2669716127687946,0.2802972279551018,0.2667446199877081,0.011374458790334548,0.2397962770618004,0.2802972279551018,0.24849726665548927,0.024472762908448405,0.1990118124446614,0.2802972279551018,0.22160064836879564,0.03525749063718038,0.1660112446016177,0.2802972279551018,0.00490017722494604,0.0034445138755730144,0,0,0,15.68000030517578,-0.0883721157175058,0.004709310777598841,0.0697289524969938,0.0009360166738294
2023-08-28,16.239999771118164,16.280000686645508,15.0,15.079999923706056,0,0.0015223010735467,0.2720654440208243,0.2746610921043318,-0.03901667686447308,0.2720654440208243,-0.09252339379134877,0.07357151648426052,-0.009875194059184356,-0.001348648745654657,-0.07790527095526212,0.2802972279551018,0.2789834083832314,0.2677568816088449,0.2397962770618004,0.1990118124446614,0.05492098775839862,0.032075083236618694,0.009384224560184062,0.09252339379134877,0.05062798029796376,0.033790815646721456,0.009384224560184062,0.10495554035179389,0.04511398964224932,0.03954673977712158,0.001348648745654657,0.14415316078816742,0.03864799357216938,0.03523138713658012,0.001348648745654657,0.14415316078816742,0.27438975968863477,0.00540848160660519,0.2669716127687946,0.2802972279551018,0.2699715366836105,0.006345364741054501,0.2615510006365817,0.2802972279551018,0.2519760110162589,0.022170742414785297,0.2000862219060994,0.2802972279551018,0.22245724273475234,0.03604627687520187,0.1660112446016177,0.2802972279551018,0.002418502874294612,0.0012312320522933308,0,0,0,15.079999923706056,-0.03826532970612695,-0.029368053313734932,0.0761326946525332,0.0011751605546536
2023-08-29,15.079999923706056,15.300000190734863,14.34000015258789,14.449999809265137,0,0.0018211518834058,0.2744912067539861,0.276483611283164,-0.042674956161733224,0.2744912067539861,-0.03901667686447308,-0.09252339379134877,-0.009384224560184062,0.10495554035179389,0.02225612563755286,0.2720654440208243,0.2802972279551018,0.2669716127687946,0.2615510006365817,0.2000862219060994,0.06157913407870845,0.022192103233622574,0.03901667686447308,0.09252339379134877,0.04439992187895769,0.027889170923974187,0.009384224560184062,0.09252339379134877,0.046086314905305535,0.03920618939191143,0.001348648745654657,0.14415316078816742,0.03946984416153943,0.03490385318731805,0.001348648745654657,0.14415316078816742,0.2758936784856731,0.00355946703167279,0.2720654440208243,0.2802972279551018,0.27126555729535096,0.005726643190316151,0.2619140141451561,0.2802972279551018,0.255519105532825,0.019211450122058472,0.2012334724145264,0.2802972279551018,0.2234069776395333,0.036889698243526656,0.1660112446016177,0.2802972279551018,0.001514483314862379,0.0013960189761013226,0,0,0,14.449999809265137,-0.04177719612919539,0.008916100101915791,0.0706845865615653,0.0011459423366537
2023-08-30,14.529999732971191,14.699999809265137,13.829999923706056,13.880000114440918,0,0.0016196952826383,0.2765702754000854,0.2779042378823023,-0.04024543803511538,0.2765702754000854,-0.042674956161733224,-0.03901667686447308,-0.060109127091726666,0.019254602331953752,0.021771555594829906,0.2744912067539861,0.2720654440208243,0.273631105315222,0.2619140141451561,0.2012334724145264,0.057606396267386194,0.024207489654434148,0.03901667686447308,0.09252339379134877,0.04649900544927386,0.02654380826729012,0.009384224560184062,0.09252339379134877,0.04696602359293817,0.03883887383801048,0.001348648745654657,0.14415316078816742,0.040340307573703355,0.03444250430647583,0.001348648745654657,0.14415316078816742,0.2764815125026458,0.0033275375307297668,0.2720654440208243,0.2802972279551018,0.27273118342084385,0.004880323936722874,0.2669716127687946,0.2802972279551018,0.2591065723416611,0.015178191304266194,0.2315020504645478,0.2802972279551018,0.22444296898158836,0.0377678877919862,0.1660112446016177,0.2802972279551018,0.0013423900859364899,0.0010518263979062956,0,0,0,13.880000114440918,-0.03944634618325349,0.007574263200214926,0.0673789418759156,0.0011789739211383
2023-08-31,13.979999542236328,14.0,13.4399995803833,13.56999969482422,0,0.0005101956968099,0.2371100570757593,0.2727776308272936,-0.022587511965907137,0.2371100570757593,-0.04024543803511538,-0.042674956161733224,0.07357151648426052,0.0640541214441841,0.14415316078816742,0.2765702754000854,0.2744912067539861,0.2789834083832314,0.2674803897589339,0.2475335837429668,0.047409595363715515,0.02643659240670867,0.022587511965907137,0.09252339379134877,0.04235234450144616,0.026734898684062647,0.009384224560184062,0.09252339379134877,0.04117718317283054,0.032104836451416444,0.001348648745654657,0.10495554035179389,0.04084303909590991,0.034012764052569186,0.001348648745654657,0.14415316078816742,0.2681068422411514,0.017588821262124445,0.2371100570757593,0.2802972279551018,0.2696941501525264,0.012308155168334245,0.2371100570757593,0.2802972279551018,0.2586102139289369,0.01573576918832387,0.2315020504645478,0.2802972279551018,0.2255917029255885,0.03739116300615405,0.1660112446016177,0.2802972279551018,0.000601040382330047,0.0004909505772972065,0,0,0,13.56999969482422,-0.02233432399573032,-0.14267700412578,0.0648689836447293,0.0011346197036381
2023-09-01,13.5600004196167,13.5600004196167,13.020000457763672,13.09000015258789,0,0.0012969260694717,0.23959399598785,0.2668337060229142,-0.03601285977913671,0.23959399598785,-0.022587511965907137,-0.04024543803511538,-0.09252339379134877,-0.0335354060005284,-0.010621785279120388,0.2371100570757593,0.2765702754000854,0.2802972279551018,0.2690642822434145,0.2438283013431243,0.036107488561273104,0.007929633580128414,0.022587511965907137,0.042674956161733224,0.04260008987930699,0.02665547713805586,0.009384224560184062,0.09252339379134877,0.0423862819585456,0.03136618246596938,0.001348648745654657,0.10495554035179389,0.04065355739379957,0.034017079942689155,0.001348648745654657,0.14415316078816742,0.259966195847701,0.019814721879560522,0.2371100570757593,0.2765702754000854,0.26674712152697,0.015571301675361809,0.2371100570757593,0.2802972279551018,0.25840858034059055,0.015960179300166757,0.2315020504645478,0.2802972279551018,0.22698557707984393,0.03677640939365459,0.1660112446016177,0.2802972279551018,0.0005956231066441439,0.00034501330814638284,0,0,0,13.09000015258789,-0.03537211149823449,0.010475890152972456,0.0615822725992308,0.0009850165130795
2023-09-05,14.149999618530272,14.470000267028809,13.699999809265137,14.010000228881836,0,0.004613504736734,0.2385502225064826,0.2469574327096659,0.06792278510731142,0.2385502225064826,-0.03601285977913671,-0.022587511965907137,-0.03901667686447308,-0.009875194059184356,0.07150230060821494,0.23959399598785,0.2371100570757593,0.2720654440208243,0.2677568816088449,0.2394115226522967,0.04188871020984077,0.01649358552468156,0.022587511965907137,0.06792278510731142,0.048404848984119696,0.025006661240646932,0.009384224560184062,0.09252339379134877,0.04221582883945496,0.031209380289623476,0.001348648745654657,0.10495554035179389,0.04024388621078705,0.033569051509090654,0.001348648745654657,0.14415316078816742,0.2532631515448327,0.020359831199098743,0.2371100570757593,0.2765702754000854,0.26382645561673373,0.017922461165757304,0.2371100570757593,0.2802972279551018,0.2583675660479327,0.016012459703787382,0.2315020504645478,0.2802972279551018,0.22790654011548003,0.036564519268591424,0.1660112446016177,0.2802972279551018,0.0010784479810268899,0.0014568543458092248,0,0,0,14.010000228881836,0.07028266352709411,-0.004356425865614466,0.0605410314277943,0.0007307494655712
2023-09-06,14.270000457763672,15.300000190734863,14.130000114440918,14.449999809265137,0,0.0009562334549175,0.2265092804132855,0.24483149981891,0.0309230246728478,0.2265092804132855,0.06792278510731142,-0.03601285977913671,-0.042674956161733224,-0.009384224560184062,-0.08096905581433855,0.2385502225064826,0.23959399598785,0.2744912067539861,0.2669716127687946,0.2494975353734977,0.03953832391206369,0.017176728091340625,0.022587511965907137,0.06792278510731142,0.05055872899538607,0.02202173425764062,0.022587511965907137,0.09252339379134877,0.03983268449938397,0.029989128255392315,0.001348648745654657,0.10495554035179389,0.04002040188361415,0.03359983538719222,0.001348648745654657,0.14415316078816742,0.24366676627669256,0.019123134858796145,0.2265092804132855,0.2765702754000854,0.2597802223811828,0.02136947731340144,0.2265092804132855,0.2802972279551018,0.25727288724030356,0.01737683152820491,0.2265092804132855,0.2802972279551018,0.2286163299635177,0.0362317584713849,0.1660112446016177,0.2802972279551018,0.00228256785969919,0.0031036145805252643,0,0,0,14.449999809265137,0.03140610800820931,-0.050475501412998725,0.0669891596482964,0.0008793032992583
2023-09-07,14.8100004196167,15.6899995803833,14.399999618530272,14.399999618530272,0,1.201468987731861e-05,0.2261117714770541,0.2380859610217724,-0.0034662212677956106,0.2261117714770541,0.0309230246728478,0.06792278510731142,-0.04024543803511538,-0.060109127091726666,0.01385408252935516,0.2265092804132855,0.2385502225064826,0.2765702754000854,0.273631105315222,0.2493656550871487,0.032182480558599735,0.02350699030760585,0.0034662212677956106,0.06792278510731142,0.04489443841299297,0.026183674556834406,0.0034662212677956106,0.09252339379134877,0.039338024439309706,0.030520034156230058,0.001348648745654657,0.10495554035179389,0.039720696642785915,0.03387384989764994,0.001348648745654657,0.14415316078816742,0.2335750654920863,0.006691448898833353,0.2261117714770541,0.23959399598785,0.255028288997366,0.023155992661418393,0.2261117714770541,0.2802972279551018,0.2561655594493467,0.01860353007215288,0.2261117714770541,0.2802972279551018,0.22930120685845287,0.035896582830306174,0.1660112446016177,0.2802972279551018,0.0026548632052767114,0.003375953857034618,0,0,0,14.399999618530272,-0.003460220857775087,-0.0017549344358257501,0.064551270442431,0.0008082913299015
2023-09-08,14.220000267028809,14.869999885559082,13.579999923706056,13.84000015258789,0,0.001573329588508,0.2295568256718459,0.2378469599023681,-0.03966521887634089,0.2295568256718459,-0.0034662212677956106,0.0309230246728478,-0.022587511965907137,0.07357151648426052,-0.0018779181199777284,0.2261117714770541,0.2265092804132855,0.2371100570757593,0.2789834083832314,0.2488980111948101,0.03559802194068649,0.022999525587828966,0.0034662212677956106,0.06792278510731142,0.041503808652201005,0.02417590524145243,0.0034662212677956106,0.09252339379134877,0.04113741971342224,0.029290188543512737,0.001348648745654657,0.10495554035179389,0.040298922226355526,0.033654784250124886,0.001348648745654657,0.14415316078816742,0.23206441921130364,0.006544879263418444,0.2261117714770541,0.23959399598785,0.25008563072622747,0.02274605938159861,0.2261117714770541,0.2802972279551018,0.2552445506149198,0.019441219966587597,0.2261117714770541,0.2802972279551018,0.23008051730100382,0.035527747941623354,0.1660112446016177,0.2802972279551018,0.002970196560839146,0.00383415126110179,0,0,0,13.84000015258789,-0.038888852831757026,0.015236067420494326,0.0607924036749391,0.0006613915412899
2023-09-11,14.170000076293944,14.329999923706056,13.739999771118164,13.800000190734863,0,8.377292198204903e-06,0.229470872836176,0.2230198677601069,-0.002894355230134149,0.229470872836176,-0.03966521887634089,-0.0034662212677956106,-0.03601285977913671,-0.09252339379134877,-0.006916070021043996,0.2295568256718459,0.2261117714770541,0.23959399598785,0.2802972279551018,0.2315020504645478,0.028974321030885975,0.027230054013125927,0.002894355230134149,0.06792278510731142,0.03254090479607954,0.019277577414165695,0.002894355230134149,0.06792278510731142,0.04094590948528368,0.02953723404880548,0.001348648745654657,0.10495554035179389,0.03818502631862866,0.03313315301649875,0.001348648745654657,0.14415316078816742,0.23003979458096882,0.0050219072618908605,0.2261117714770541,0.2385502225064826,0.24500299521433494,0.0208442498193928,0.2261117714770541,0.2765702754000854,0.25514782787071166,0.019569875277531523,0.2261117714770541,0.2802972279551018,0.23038377676032462,0.03546535056921125,0.1660112446016177,0.2802972279551018,0.00063756124187213,0.0006134222871926026,0,0,0,13.800000190734863,-0.0028901706222559387,-0.00037442944864884975,0.0604524225588352,0.0007874196886174
2023-09-12,14.020000457763672,14.420000076293944,13.710000038146973,14.229999542236328,0,0.0009414939837115,0.2219527842151532,0.2157677284030174,0.03068377394831856,0.2219527842151532,-0.002894355230134149,-0.03966521887634089,0.06792278510731142,-0.03901667686447308,-0.06584327636934262,0.229470872836176,0.2295568256718459,0.2385502225064826,0.2720654440208243,0.2406282332645141,0.021526518799087402,0.017135445363160424,0.002894355230134149,0.03966521887634089,0.03170761450446409,0.01914620502761512,0.002894355230134149,0.06792278510731142,0.03927164746523491,0.029047831445351082,0.001348648745654657,0.10495554035179389,0.038792817918092734,0.0327443574508966,0.001348648745654657,0.14415316078816742,0.22672030692270292,0.0031126986604335704,0.2219527842151532,0.2295568256718459,0.2399917292337678,0.019602020811988235,0.2219527842151532,0.2765702754000854,0.25425852077312305,0.020656820246517427,0.2219527842151532,0.2802972279551018,0.23088884935662934,0.03518280935365169,0.1660112446016177,0.2802972279551018,0.000919467350868629,0.001189265304961153,0,0,0,14.229999542236328,0.031159372866542467,-0.03276271418721688,0.0579984020196322,0.0006506892821371
2023-09-13,14.420000076293944,14.68000030517578,13.40999984741211,13.479999542236328,0,0.0029317144225339,0.2284577291096826,0.2167486346958722,-0.054145308407413495,0.2284577291096826,0.03068377394831856,-0.002894355230134149,0.0309230246728478,-0.042674956161733224,-0.001348648745654657,0.2219527842151532,0.229470872836176,0.2265092804132855,0.2744912067539861,0.2397962770618004,0.026170975546000542,0.022596073617347293,0.002894355230134149,0.054145308407413495,0.03285464972903211,0.020191321373375745,0.002894355230134149,0.06792278510731142,0.04178577411579486,0.027862039320886028,0.002894355230134149,0.10495554035179389,0.03960490289179896,0.0326907753430657,0.001348648745654657,0.14415316078816742,0.22710999666198237,0.0032004056385986305,0.2219527842151532,0.2295568256718459,0.23538838146933747,0.01559581169742652,0.2219527842151532,0.2765702754000854,0.2537185899182603,0.02119491304457808,0.2219527842151532,0.2802972279551018,0.23156829640941176,0.03484409301529396,0.1660112446016177,0.2802972279551018,0.0029530524875791696,0.002338485338522941,0,0,0,13.479999542236328,-0.052705553346921175,0.029307786867966312,0.0586283532151589,0.0005583283597126
2023-09-14,13.390000343322754,13.460000038146973,12.789999961853027,12.81999969482422,0,0.0025201046417066,0.2090391666198531,0.2095260336804199,-0.05020064383757061,0.2090391666198531,-0.054145308407413495,0.03068377394831856,-0.0034662212677956106,-0.04024543803511538,0.10495554035179389,0.2284577291096826,0.2219527842151532,0.2261117714770541,0.2765702754000854,0.2615510006365817,0.03551786005995554,0.020417076262686764,0.002894355230134149,0.054145308407413495,0.03385017030927764,0.020831477988845146,0.002894355230134149,0.06792278510731142,0.039178398091308034,0.023941061760186438,0.002894355230134149,0.09252339379134877,0.04055158442127491,0.032400013984465945,0.001348648745654657,0.14415316078816742,0.22369547569054218,0.00877829799243495,0.2090391666198531,0.2295568256718459,0.22863527059131425,0.009014505302669614,0.2090391666198531,0.23959399598785,0.25121802639365415,0.023225074608286926,0.2090391666198531,0.2802972279551018,0.23193779505711604,0.034511473928865305,0.1660112446016177,0.2802972279551018,0.0009402737231124246,0.0005724715836394046,0,0,0,12.81999969482422,-0.04896141467543502,-0.08499849213027333,0.0612165447195463,0.0006771808924294
2023-09-15,12.699999809265137,14.170000076293944,12.68000030517578,13.789999961853027,0,0.0053198440933946,0.2205594649149196,0.2159446741651296,0.07293726135107237,0.2205594649149196,-0.05020064383757061,-0.054145308407413495,-0.03966521887634089,-0.022587511965907137,0.019254602331953752,0.2090391666198531,0.2284577291096826,0.2295568256718459,0.2371100570757593,0.2619140141451561,0.04217226855490184,0.0265943286163196,0.002894355230134149,0.07293726135107237,0.03888514524779416,0.02369481369327908,0.002894355230134149,0.07293726135107237,0.04173471518745654,0.02456518072009135,0.002894355230134149,0.09252339379134877,0.041968113930663395,0.032486349748593275,0.001348648745654657,0.14415316078816742,0.2218960035391569,0.008178060626447091,0.2090391666198531,0.229470872836176,0.22698021137523025,0.008802500742814892,0.2090391666198531,0.23959399598785,0.2492487621445953,0.02401269145039753,0.2090391666198531,0.2802972279551018,0.23268920275382998,0.0338918088047334,0.1660112446016177,0.2802972279551018,0.0044519589990526885,0.0035525891225292464,0,0,0,13.789999961853027,0.07566304915127442,0.05511071672045387,0.0621714417146798,0.0007839116672956
2023-09-18,14.399999618530272,14.75,13.859999656677246,14.0,0,0.0002284221314703,0.2115938780329897,0.2107170289757299,0.015113640576325693,0.2115938780329897,0.07293726135107237,-0.05020064383757061,-0.002894355230134149,-0.03601285977913671,0.0640541214441841,0.2205594649149196,0.2090391666198531,0.229470872836176,0.23959399598785,0.2674803897589339,0.04461612562414015,0.022296781966641904,0.015113640576325693,0.07293726135107237,0.03679522332751306,0.024868888278409922,0.002894355230134149,0.07293726135107237,0.0394042160985109,0.024663162862798425,0.002894355230134149,0.09252339379134877,0.04151839585937646,0.03272914936623268,0.001348648745654657,0.14415316078816742,0.21832060457851962,0.007942928598423667,0.2090391666198531,0.2284577291096826,0.2241801995797442,0.00879764618054048,0.2090391666198531,0.2385502225064826,0.24658749968145507,0.024968937091893115,0.2090391666198531,0.2802972279551018,0.23345568458707128,0.03300983467379004,0.1660112446016177,0.2802972279551018,0.001397009887984563,0.0016301049549147903,0,0,0,14.0,0.015228429204342975,-0.04064929557835273,0.0690727414035904,0.0009074781280638
2023-09-19,14.109999656677246,14.880000114440918,13.859999656677246,14.109999656677246,0,6.125272350377972e-05,0.2090660146674328,0.2069990080254215,0.007826411917589038,0.2090660146674328,0.015113640576325693,0.07293726135107237,0.03068377394831856,0.06792278510731142,-0.0335354060005284,0.2115938780329897,0.2205594649149196,0.2219527842151532,0.2385502225064826,0.2690642822434145,0.04004465321799424,0.02758381208182769,0.007826411917589038,0.07293726135107237,0.03078558600854082,0.023746962292116945,0.002894355230134149,0.07293726135107237,0.038179978285037594,0.025589717573820694,0.002894355230134149,0.09252339379134877,0.041310050353177405,0.03291909355523882,0.001348648745654657,0.14415316078816742,0.21574325066897554,0.00853817015690448,0.2090391666198531,0.2284577291096826,0.22123177879583927,0.00837719377782364,0.2090391666198531,0.2295568256718459,0.24373043932069405,0.025690653749265057,0.2090391666198531,0.2802972279551018,0.2341846195695573,0.032090805884966864,0.1660112446016177,0.2802972279551018,0.0018187233299143163,0.002521285896697407,0,0,0,14.109999656677246,0.007857118334088975,-0.011946769864309537,0.064505893616914,0.000845636714838
2023-09-20,14.18000030517578,15.149999618530272,13.56999969482422,15.140000343322754,0,0.0049641225002862,0.2203978256052063,0.2131655035115149,0.07045652915299083,0.2203978256052063,0.007826411917589038,0.015113640576325693,-0.054145308407413495,0.0309230246728478,-0.009875194059184356,0.2090660146674328,0.2115938780329897,0.2284577291096826,0.2265092804132855,0.2677568816088449,0.04330689736710971,0.030480769726726344,0.007826411917589038,0.07293726135107237,0.034738936456555125,0.026859178042078467,0.002894355230134149,0.07293726135107237,0.041064803765695046,0.0256539677797478,0.002894355230134149,0.09252339379134877,0.04231442124906408,0.03315430254364594,0.001348648745654657,0.14415316078816742,0.21413126996808032,0.005886766842471726,0.2090391666198531,0.2205594649149196,0.22062063331503134,0.008169760277564185,0.2090391666198531,0.2295568256718459,0.24147524617766364,0.025554384082484803,0.2090391666198531,0.2802972279551018,0.2352999646167294,0.03071675787821091,0.1660112446016177,0.2802972279551018,0.00437519327373888,0.004407615283227761,0,0,0,15.140000343322754,0.07299792428826057,0.05420207084254858,0.0609931769734406,0.0007846723138423
2023-09-21,15.489999771118164,17.540000915527344,15.100000381469728,17.540000915527344,0,0.0216512885950619,0.2648366033160237,0.2288450350935985,0.1471437684547392,0.2648366033160237,0.07045652915299083,0.007826411917589038,-0.05020064383757061,-0.0034662212677956106,-0.009384224560184062,0.2203978256052063,0.2090660146674328,0.2090391666198531,0.2261117714770541,0.2669716127687946,0.06269552229054343,0.05606087643646161,0.007826411917589038,0.1471437684547392,0.04910669117524948,0.04227591748207613,0.002894355230134149,0.1471437684547392,0.04762478204638815,0.033546914382460824,0.002894355230134149,0.1471437684547392,0.045281221112880576,0.036724395789563886,0.001348648745654657,0.1471437684547392,0.2252907573073144,0.02269937565482232,0.2090660146674328,0.2648366033160237,0.22449311649892828,0.016246856077593075,0.2090391666198531,0.2648366033160237,0.241373579060865,0.025451917564737945,0.2090391666198531,0.2802972279551018,0.2374723826839864,0.029446515733915178,0.1660112446016177,0.2802972279551018,0.008092374193178117,0.005250993501754169,0,0,1,17.540000915527344,0.15852050976095722,0.20162983726717698,0.0677464537241704,0.000943569764126
2023-09-22,17.309999465942383,17.40999984741211,15.93000030517578,17.200000762939453,0,0.0003831653944007,0.2586667444621367,0.2309549698550854,-0.019574610964225858,0.2586667444621367,0.1471437684547392,0.07045652915299083,0.07293726135107237,-0.03966521887634089,-0.060109127091726666,0.2648366033160237,0.2203978256052063,0.2205594649149196,0.2295568256718459,0.273631105315222,0.05202299221317412,0.058643611652641446,0.007826411917589038,0.1471437684547392,0.04709763038403798,0.04324082163413182,0.002894355230134149,0.1471437684547392,0.04569456699269764,0.033956311773356125,0.002894355230134149,0.1471437684547392,0.045661544565012105,0.03636315714513804,0.001348648745654657,0.1471437684547392,0.23291221321675787,0.02674969654236092,0.2090660146674328,0.2648366033160237,0.22740410837795735,0.01953088708242021,0.2090391666198531,0.2648366033160237,0.24066099044881334,0.024702069033644723,0.2090391666198531,0.2802972279551018,0.23960952446080824,0.02754469518366136,0.1660112446016177,0.2802972279551018,0.002846672674213462,0.003930627474431789,0,0,0,17.200000762939453,-0.019384272225830057,-0.023296850875725195,0.094046042189204,0.0014566526424132
2023-09-25,17.25,18.40999984741211,16.790000915527344,16.899999618530273,0,0.000309613191845,0.2486067775518028,0.2277073945174554,-0.017595828819497505,0.2486067775518028,-0.019574610964225858,0.1471437684547392,0.015113640576325693,-0.002894355230134149,0.07357151648426052,0.2586667444621367,0.2648366033160237,0.2115938780329897,0.229470872836176,0.2789834083832314,0.052519429861808485,0.05826231595133077,0.007826411917589038,0.1471437684547392,0.048567777742974313,0.041796771976639994,0.007826411917589038,0.1471437684547392,0.04302905805628035,0.03385545248794176,0.002894355230134149,0.1471437684547392,0.04490077777321401,0.036613245145330806,0.001348648745654657,0.1471437684547392,0.24031479312052045,0.024392837314133078,0.2090660146674328,0.2648366033160237,0.22931769884952008,0.02066065324308067,0.2090391666198531,0.2648366033160237,0.23921448421874533,0.02318882502570869,0.2090391666198531,0.2802972279551018,0.24157608476914594,0.024992161801203616,0.1845460199003053,0.2802972279551018,0.003060077760558065,0.004079851396290078,0,0,0,16.899999618530273,-0.017441926226863136,-0.03889161295647914,0.0820812959360823,0.0012400301304438
2023-09-26,18.030000686645508,19.5,17.170000076293945,18.940000534057617,0,0.0129874551894446,0.2573561863166829,0.2297624531243467,0.11396251659841772,0.2573561863166829,-0.017595828819497505,-0.019574610964225858,0.007826411917589038,0.03068377394831856,-0.09252339379134877,0.2486067775518028,0.2586667444621367,0.2090660146674328,0.2219527842151532,0.2802972279551018,0.07374665079797423,0.057233736448547005,0.017595828819497505,0.1471437684547392,0.05689565200798423,0.04592969350541401,0.007826411917589038,0.1471437684547392,0.044049968666140776,0.03569580655078356,0.002894355230134149,0.1471437684547392,0.0455078980611186,0.03755258219995293,0.001348648745654657,0.1471437684547392,0.24997282745037047,0.017518396335055576,0.2203978256052063,0.2648366033160237,0.232858039059673,0.022231954119429336,0.2090391666198531,0.2648366033160237,0.2381220536645349,0.021645669484599707,0.2090391666198531,0.2765702754000854,0.24330966016001213,0.0234152835248956,0.1990118124446614,0.2802972279551018,0.0058403045727355865,0.007159817136674359,0,0,1,18.940000534057617,0.12071011606950299,0.03519376603904911,0.0734004701698636,0.001225619064588
2023-09-27,18.290000915527344,19.709999084472656,18.030000686645508,18.21999931335449,0,0.0015020478294714,0.2573168346443581,0.2307268849944024,-0.03875626180982206,0.2573168346443581,0.11396251659841772,-0.017595828819497505,0.07045652915299083,-0.054145308407413495,-0.03901667686447308,0.2573561863166829,0.2486067775518028,0.2203978256052063,0.2284577291096826,0.2720654440208243,0.06740659732934047,0.059403963215059766,0.017595828819497505,0.1471437684547392,0.055356747348225085,0.0462884933155736,0.007826411917589038,0.1471437684547392,0.044037567949252635,0.03569768772820292,0.002894355230134149,0.1471437684547392,0.044575778795750975,0.03721314903371872,0.001348648745654657,0.1471437684547392,0.25735662925820085,0.005792838303579641,0.2486067775518028,0.2648366033160237,0.2357439496131406,0.02343767909510677,0.2090391666198531,0.2648366033160237,0.23741973893232224,0.02070824455509184,0.2090391666198531,0.2765702754000854,0.24469787497429057,0.022432694635970717,0.2000862219060994,0.2802972279551018,0.0028626134677971755,0.003962744602718108,0,0,0,18.21999931335449,-0.038014846906072375,-0.00015290742720419637,0.0862037119593761,0.0015809006365193
2023-09-28,18.21999931335449,18.770000457763672,17.059999465942383,17.34000015258789,0,0.0024506335403436,0.2585371057475691,0.2345452125580527,-0.049503873993290703,0.2585371057475691,-0.03875626180982206,0.11396251659841772,0.1471437684547392,-0.05020064383757061,-0.042674956161733224,0.2573168346443581,0.2573561863166829,0.2648366033160237,0.2090391666198531,0.2744912067539861,0.04787861843705077,0.0392781893304101,0.017595828819497505,0.11396251659841772,0.0552870703637971,0.046297640562761394,0.007826411917589038,0.1471437684547392,0.04436275451266013,0.035715753737929117,0.002894355230134149,0.1471437684547392,0.045224534708982835,0.037051710394193256,0.001348648745654657,0.1471437684547392,0.2560967297445099,0.004234816446994068,0.2486067775518028,0.2586667444621367,0.24069374352591216,0.02237384670236256,0.2090660146674328,0.2648366033160237,0.2366600198367785,0.019539903621359087,0.2090391666198531,0.2765702754000854,0.24608956268480175,0.021386248531370652,0.2012334724145264,0.2802972279551018,0.0032910445895442866,0.003615690638873348,0,0,0,17.34000015258789,-0.04829852875579399,0.00474229019993011,0.0777722814364522,0.0014269267827918
2023-09-29,16.8700008392334,17.739999771118164,15.829999923706056,17.520000457763672,0,0.0001066496446909,0.2555941889213882,0.2415562116420573,0.010327131484149543,0.2555941889213882,-0.049503873993290703,-0.03875626180982206,-0.019574610964225858,0.07293726135107237,-0.04024543803511538,0.2585371057475691,0.2573168346443581,0.2586667444621367,0.2205594649149196,0.2765702754000854,0.04602912254103551,0.04111872683555348,0.010327131484149543,0.11396251659841772,0.04902605737710482,0.047852908562578934,0.007826411917589038,0.1471437684547392,0.04293807324832842,0.03647680673422968,0.002894355230134149,0.1471437684547392,0.0449520484206333,0.037269835786742686,0.001348648745654657,0.1471437684547392,0.2554822186363602,0.003984160309237415,0.2486067775518028,0.2585371057475691,0.24419721592655902,0.02160039108577222,0.2090660146674328,0.2648366033160237,0.23566115857588818,0.017861801043354365,0.2090391666198531,0.2648366033160237,0.24738386545877467,0.020218408983905745,0.2090391666198531,0.2802972279551018,0.00468033673489679,0.005936191522669033,0,0,0,17.520000457763672,0.010380640345549086,-0.011382957265153038,0.0730662299932276,0.0010957649706754
2023-10-02,17.309999465942383,18.549999237060547,16.93000030517578,17.610000610351562,0,2.6253793027383637e-05,0.254645729409703,0.2464959750311974,0.005123845531179061,0.254645729409703,0.010327131484149543,-0.049503873993290703,-0.017595828819497505,0.015113640576325693,-0.022587511965907137,0.2555941889213882,0.2585371057475691,0.2486067775518028,0.2115938780329897,0.2371100570757593,0.043534725883371816,0.04357946250321499,0.005123845531179061,0.11396251659841772,0.048027077872590154,0.048735659215218524,0.005123845531179061,0.1471437684547392,0.04210647008476994,0.037156692683557875,0.002894355230134149,0.1471437684547392,0.04164182662880024,0.03429992328220868,0.001348648745654657,0.1471437684547392,0.25669000900794026,0.0015514807193052736,0.254645729409703,0.2585371057475691,0.24850240106423035,0.018439208397788027,0.2090660146674328,0.2648366033160237,0.2364961905917903,0.01833650798994931,0.2090391666198531,0.2648366033160237,0.24755320226036362,0.02024945313319821,0.2090391666198531,0.2802972279551018,0.0030119027060483555,0.004061333267245756,0,0,0,17.610000610351562,0.0051369948765045415,-0.003710802329613627,0.0670776311525817,0.0010046808882807
2023-10-03,17.809999465942383,20.479999542236328,17.520000457763672,19.780000686645508,0,0.0135034634488497,0.2775805916954167,0.2625907345925971,0.11620440374120822,0.2775805916954167,0.005123845531179061,0.010327131484149543,0.11396251659841772,0.007826411917589038,-0.03601285977913671,0.254645729409703,0.2555941889213882,0.2573561863166829,0.2090660146674328,0.23959399598785,0.043983103311929915,0.044487305413015564,0.005123845531179061,0.11620440374120822,0.05886487705495207,0.050808962049005355,0.005123845531179061,0.1471437684547392,0.04592511503534478,0.04047193155433449,0.002894355230134149,0.1471437684547392,0.044155698496945193,0.03580699890359783,0.001348648745654657,0.1471437684547392,0.260734890083687,0.009536714684843796,0.254645729409703,0.2775805916954167,0.2553538587670287,0.014456553795758536,0.2203978256052063,0.2775805916954167,0.2383050761016744,0.020413437631295786,0.2090391666198531,0.2775805916954167,0.24835682822113248,0.020761302800311864,0.2090391666198531,0.2802972279551018,0.008789251293943203,0.007932787160999148,0,0,1,19.780000686645508,0.1232254401523627,0.0900657644598215,0.0626903016795,0.000961076518791
2023-10-04,20.71999931335449,20.8799991607666,18.299999237060547,18.57999992370605,0,0.0039169612864314,0.2763230743815563,0.2723039165161743,-0.06258563162924435,0.2763230743815563,0.11620440374120822,0.005123845531179061,-0.03875626180982206,0.07045652915299083,0.06792278510731142,0.2775805916954167,0.254645729409703,0.2573168346443581,0.2203978256052063,0.2385502225064826,0.04874897727581438,0.04506009261573333,0.005123845531179061,0.11620440374120822,0.05807778730257742,0.05067021712772001,0.005123845531179061,0.1471437684547392,0.04567096486972254,0.04034344045871325,0.002894355230134149,0.1471437684547392,0.04394339685458875,0.035667065068468444,0.001348648745654657,0.1471437684547392,0.26453613803112663,0.01143302961652032,0.254645729409703,0.2775805916954167,0.26094638364466377,0.009344920978532461,0.2486067775518028,0.2775805916954167,0.24010378333382076,0.02203580553682901,0.2090391666198531,0.2775805916954167,0.24923567469087674,0.021150997380779378,0.2090391666198531,0.2802972279551018,0.006273977037194775,0.00410686569708449,0,0,0,18.57999992370605,-0.06066737721347193,-0.00453027823804153,0.0811959166339467,0.0011655644445203
2023-10-05,18.670000076293945,19.57999992370605,18.26000022888184,18.489999771118164,0,2.3577786160639736e-05,0.2746302710316513,0.271337166399178,-0.004855696259100206,0.2746302710316513,-0.06258563162924435,0.11620440374120822,-0.049503873993290703,0.1471437684547392,0.0309230246728478,0.2763230743815563,0.2775805916954167,0.2585371057475691,0.2648366033160237,0.2265092804132855,0.039819341728976276,0.049114677237347484,0.004855696259100206,0.11620440374120822,0.04384898008301352,0.04214062510934909,0.004855696259100206,0.11620440374120822,0.04442966351668694,0.041211582572495,0.002894355230134149,0.1471437684547392,0.042131174008035455,0.035673565844267806,0.001348648745654657,0.1471437684547392,0.2677547710879431,0.011586218146680746,0.254645729409703,0.2775805916954167,0.2619257504162265,0.010265753774624789,0.2486067775518028,0.2775805916954167,0.2423952590775525,0.02303099463056748,0.2090391666198531,0.2775805916954167,0.24983407315892803,0.021511046430561752,0.2090391666198531,0.2802972279551018,0.0017570027791867296,0.0023994670167895777,0,0,0,18.489999771118164,-0.004843926423974687,-0.006126174419902153,0.0773000766796419,0.0011932369493561
2023-10-06,18.729999542236328,19.93000030517578,17.190000534057617,17.450000762939453,0,0.0033512915406259,0.2806440140421079,0.2808172695998032,-0.05789034065045717,0.2806440140421079,-0.004855696259100206,-0.06258563162924435,0.010327131484149543,-0.019574610964225858,-0.0034662212677956106,0.2746302710316513,0.2763230743815563,0.2555941889213882,0.2586667444621367,0.2261117714770541,0.0493319835622378,0.04651162447219723,0.004855696259100206,0.11620440374120822,0.047680553051636654,0.04142408834615612,0.004855696259100206,0.11620440374120822,0.04702128824919463,0.04020573970018197,0.002894355230134149,0.1471437684547392,0.04317965634425217,0.035468750070406244,0.001348648745654657,0.1471437684547392,0.272764736112087,0.010364794756242784,0.254645729409703,0.2806440140421079,0.26412347737422365,0.011737516018642659,0.2486067775518028,0.2806440140421079,0.2449920325330312,0.02415030194573861,0.2090391666198531,0.2806440140421079,0.25057879599118893,0.022029619303927356,0.2090391666198531,0.2806440140421079,0.007889344241230074,0.009001320850796768,0,0,0,17.450000762939453,-0.05624656684978524,0.021897597041527828,0.0697873650939558,0.0009933264471839
2023-10-09,19.540000915527344,19.600000381469727,17.559999465942383,17.700000762939453,0,0.000202350349428,0.2781907320141829,0.2832752045436632,0.014224990313812302,0.2781907320141829,-0.05789034065045717,-0.004855696259100206,0.005123845531179061,-0.017595828819497505,-0.03966521887634089,0.2806440140421079,0.2746302710316513,0.254645729409703,0.2486067775518028,0.2295568256718459,0.05115221251876445,0.04448286238449518,0.004855696259100206,0.11620440374120822,0.047343469201068134,0.04170883685816449,0.004855696259100206,0.11620440374120822,0.04580984879383613,0.04081708968176804,0.002894355230134149,0.1471437684547392,0.043473634253629184,0.03516797005589728,0.001348648745654657,0.1471437684547392,0.277473736632983,0.0022352561081287743,0.2746302710316513,0.2806440140421079,0.26708187282046164,0.011103163634018028,0.254645729409703,0.2806440140421079,0.2473079328350473,0.0249158769055122,0.2090391666198531,0.2806440140421079,0.2512762417249836,0.02243507330593737,0.2090391666198531,0.2806440140421079,0.004356699164604792,0.0022613168016378587,0,0,0,17.700000762939453,0.01432664693808805,-0.008741615374546874,0.0689417710991012,0.0012015711569429
2023-10-10,17.700000762939453,17.860000610351562,16.510000228881836,17.030000686645508,0,0.0014890451420951,0.280839369085753,0.2860687983580168,-0.03858814768935037,0.280839369085753,0.014224990313812302,-0.05789034065045717,0.11620440374120822,0.11396251659841772,-0.002894355230134149,0.2781907320141829,0.2806440140421079,0.2775805916954167,0.2573561863166829,0.229470872836176,0.03562896130839288,0.025671539129776454,0.004855696259100206,0.06258563162924435,0.0398060323101614,0.0345238601523127,0.004855696259100206,0.11620440374120822,0.047509553196655945,0.039667644677129514,0.004855696259100206,0.1471437684547392,0.044227731340969814,0.03470143016901727,0.001348648745654657,0.1471437684547392,0.27812549211105025,0.002700815490853144,0.2746302710316513,0.280839369085753,0.26943019109736865,0.011299242464170793,0.254645729409703,0.280839369085753,0.24975405170407475,0.02558960873000492,0.2090391666198531,0.280839369085753,0.2524509397873932,0.022664916743569262,0.2090391666198531,0.280839369085753,0.002228077126617632,0.002513561014925913,0,0,0,17.030000686645508,-0.03785311002340763,0.009520939293675479,0.0644451973331199,0.0011256973403662
2023-10-11,16.950000762939453,17.780000686645508,16.09000015258789,16.09000015258789,0,0.0032238053874375,0.284873766135476,0.2907124179786444,-0.05677856450666541,0.284873766135476,-0.03858814768935037,0.014224990313812302,-0.06258563162924435,-0.03875626180982206,0.03068377394831856,0.280839369085753,0.2781907320141829,0.2763230743815563,0.2573168346443581,0.2219527842151532,0.03446754788387709,0.024238455603186913,0.004855696259100206,0.05789034065045717,0.041608262579845734,0.034930974427284336,0.004855696259100206,0.11620440374120822,0.04875216227086294,0.03952266614515903,0.004855696259100206,0.1471437684547392,0.04401190486804892,0.03459172843052985,0.001348648745654657,0.1471437684547392,0.27983563046183424,0.0037697892515886457,0.2746302710316513,0.284873766135476,0.27218588424648044,0.011376818928838989,0.254645729409703,0.284873766135476,0.2527502889383758,0.025853935075727866,0.2090391666198531,0.284873766135476,0.25350440485574943,0.023125579041542235,0.2090391666198531,0.284873766135476,0.003597819923858978,0.0039402870914698514,0,0,0,16.09000015258789,-0.05519674081955506,0.014365496770828656,0.0627382677402651,0.0008576749897183
2023-10-12,16.079999923706055,18.07999992370605,15.4399995803833,16.690000534057617,0,0.0013404238395416,0.282066963767857,0.3009100216280683,0.03661179918471147,0.282066963767857,-0.05677856450666541,-0.03858814768935037,-0.004855696259100206,-0.049503873993290703,-0.054145308407413495,0.284873766135476,0.280839369085753,0.2746302710316513,0.2585371057475691,0.2284577291096826,0.040818768468999345,0.0178609697560041,0.014224990313812302,0.05789034065045717,0.04031905509898781,0.03484499035815003,0.004855696259100206,0.11620440374120822,0.04791723326025808,0.03958818380498129,0.004855696259100206,0.1471437684547392,0.04485150368802647,0.03395301486305883,0.002894355230134149,0.1471437684547392,0.2813229690090754,0.002432459956515529,0.2781907320141829,0.284873766135476,0.27453887004850924,0.010650348124754353,0.254645729409703,0.284873766135476,0.25530310963638414,0.02598172759285471,0.2090391666198531,0.284873766135476,0.2545108497773222,0.023432233652779688,0.2090391666198531,0.284873766135476,0.008986183636793628,0.011921962574571421,0,0,0,16.690000534057617,0.03729026574143468,-0.009852793416871397,0.064212858614023,0.0008533294993198
2023-10-13,16.530000686645508,20.780000686645508,16.5,19.31999969482422,0,0.0214127742379847,0.313774507641229,0.3298347795861969,0.1463310433161218,0.313774507641229,0.03661179918471147,-0.05677856450666541,-0.05789034065045717,0.010327131484149543,-0.05020064383757061,0.282066963767857,0.284873766135476,0.2806440140421079,0.2555941889213882,0.2090391666198531,0.05850690900213227,0.05136415810555119,0.014224990313812302,0.1463310433161218,0.053919446282185035,0.04644815501396006,0.004855696259100206,0.1463310433161218,0.05249487133066528,0.04504691987750674,0.004855696259100206,0.1471437684547392,0.04583663471098666,0.036261226150089323,0.002894355230134149,0.1471437684547392,0.28794906772889955,0.014635427088771186,0.2781907320141829,0.313774507641229,0.28035690192049334,0.014387141644424433,0.254645729409703,0.313774507641229,0.26029050682787824,0.026699436875831397,0.2090660146674328,0.313774507641229,0.2557542666107662,0.025138414081511417,0.2090391666198531,0.313774507641229,0.01918441443158297,0.017198741248981412,0,0,1,19.31999969482422,0.15757933352966802,0.11241140561029161,0.0634335359108735,0.000883672726546
2023-10-16,19.100000381469727,19.56999969482422,17.139999389648438,17.209999084472656,0,0.0133749817041876,0.3263580537634834,0.3326845748533615,-0.11565025596248235,0.3263580537634834,0.1463310433161218,0.03661179918471147,0.014224990313812302,0.005123845531179061,0.07293726135107237,0.313774507641229,0.282066963767857,0.2781907320141829,0.254645729409703,0.2205594649149196,0.07879196213186627,0.04949788841026336,0.03661179918471147,0.1463310433161218,0.06497208732531537,0.04669636365649717,0.004855696259100206,0.1463310433161218,0.05452882345501814,0.04694056610285458,0.004855696259100206,0.1471437684547392,0.04813176932123734,0.03756491411272317,0.002894355230134149,0.1471437684547392,0.2975825320787597,0.021052255340382256,0.280839369085753,0.3263580537634834,0.2875281343558714,0.017649943137617863,0.2746302710316513,0.3263580537634834,0.265328534868286,0.028731992098595074,0.2090660146674328,0.3263580537634834,0.2572886485064406,0.027389514135094828,0.2090391666198531,0.3263580537634834,0.006340003519739497,0.004595043289296709,0,0,1,17.209999084472656,-0.10921328383441054,0.04010378732437525,0.0913799787776954,0.0014560549235193
2023-10-17,17.40999984741211,18.540000915527344,16.969999313354492,17.8799991607666,0,0.0014586415271452,0.3282374120236199,0.3348221240915685,0.03819216578233409,0.3282374120236199,-0.11565025596248235,0.1463310433161218,-0.03858814768935037,0.11620440374120822,0.015113640576325693,0.3263580537634834,0.313774507641229,0.280839369085753,0.2775805916954167,0.2115938780329897,0.07871276575046302,0.04957854686217779,0.03661179918471147,0.1463310433161218,0.05717086352942795,0.043600173845261575,0.004855696259100206,0.1463310433161218,0.05562780084578044,0.04623651256651467,0.004855696259100206,0.1471437684547392,0.04751600847214567,0.03750947304925782,0.002894355230134149,0.1471437684547392,0.3070621406663331,0.02226467539748835,0.282066963767857,0.3282374120236199,0.29259381638869164,0.021357706840914377,0.2746302710316513,0.3282374120236199,0.27088298886783985,0.02909705288763459,0.2090660146674328,0.3282374120236199,0.25873524427464745,0.0294666282802157,0.2090391666198531,0.3282374120236199,0.002823838323812375,0.003640563673403558,0,0,0,17.8799991607666,0.03893086065869911,0.0057585778517310615,0.094892358059991,0.0016945514103395
2023-10-18,18.36000061035156,20.149999618530277,17.8799991607666,19.21999931335449,0,0.0052227570513207,0.336007891246293,0.3397638892330561,0.07226864500819685,0.336007891246293,0.03819216578233409,-0.11565025596248235,-0.05677856450666541,-0.06258563162924435,0.007826411917589038,0.3282374120236199,0.3263580537634834,0.284873766135476,0.2763230743815563,0.2090660146674328,0.08181078185076932,0.04833362759251922,0.03661179918471147,0.1463310433161218,0.0581391648673232,0.04384065040478282,0.004855696259100206,0.1463310433161218,0.05869647861199986,0.045028043677997114,0.004855696259100206,0.1471437684547392,0.04843822844851873,0.03763330728613753,0.002894355230134149,0.1471437684547392,0.31728896568849646,0.021245327982688772,0.282066963767857,0.336007891246293,0.2985622980751653,0.024424900516987525,0.2746302710316513,0.336007891246293,0.27692784013349986,0.02879699600837072,0.2203978256052063,0.336007891246293,0.2603291397270969,0.03176024562979624,0.2090391666198531,0.336007891246293,0.005152368975497045,0.00633320898433345,0,0,0,19.21999931335449,0.07494408364001481,0.023673350258178072,0.0848033614558815,0.001595642721672
2023-10-19,19.729999542236328,21.399999618530277,18.549999237060547,21.399999618530277,0,0.0115432539787408,0.3456594197446893,0.3441389169730613,0.10743953638554515,0.3456594197446893,0.07226864500819685,0.03819216578233409,0.03661179918471147,-0.004855696259100206,0.07045652915299083,0.336007891246293,0.3282374120236199,0.282066963767857,0.2746302710316513,0.2203978256052063,0.09597632929093605,0.04169870974793001,0.03819216578233409,0.1463310433161218,0.0683975488799677,0.04194848405502469,0.014224990313812302,0.1463310433161218,0.06045757419450245,0.04621847608428686,0.004855696259100206,0.1471437684547392,0.05076118898009875,0.03820174530218708,0.002894355230134149,0.1471437684547392,0.3300074568838629,0.0118421809329204,0.313774507641229,0.3456594197446893,0.30566521294646914,0.026894990945929953,0.2781907320141829,0.3456594197446893,0.2828926779496657,0.029467407403575716,0.2486067775518028,0.3456594197446893,0.2621839620636647,0.034372007637977896,0.2090391666198531,0.3456594197446893,0.007367287022358075,0.0076630439611007194,0,0,0,21.399999618530277,0.11342353709976849,0.028724112587349193,0.0829334066867125,0.0016883431162842
2023-10-20,21.59000015258789,21.82999992370605,20.420000076293945,21.709999084472656,0,0.0002068430031494,0.3131069926819311,0.3345851229394348,0.014382037517314927,0.3131069926819311,0.10743953638554515,0.07226864500819685,0.1463310433161218,-0.05789034065045717,0.1471437684547392,0.3456594197446893,0.336007891246293,0.313774507641229,0.2806440140421079,0.2648366033160237,0.06958652813117468,0.04357479999320231,0.014382037517314927,0.11565025596248235,0.06404671856665348,0.04528312738202455,0.014224990313812302,0.1463310433161218,0.054135587007006054,0.042715390361008646,0.004855696259100206,0.1463310433161218,0.050880184526697105,0.03807729682341637,0.002894355230134149,0.1471437684547392,0.32987395389200336,0.012072457608900168,0.3131069926819311,0.3456594197446893,0.3089115108104515,0.02546020868081823,0.2781907320141829,0.3456594197446893,0.2851912679194708,0.02986845420547895,0.2486067775518028,0.3456594197446893,0.26328242349016795,0.035254609380181504,0.2090391666198531,0.3456594197446893,0.001607984510183211,0.002217272350309317,0,0,0,21.709999084472656,0.01448595661066987,-0.09417485884458765,0.0898012703165609,0.0018950216547218
2023-10-23,21.82999992370605,23.07999992370605,19.479999542236328,20.3700008392334,0,0.0040589220873442,0.3189227893382131,0.3456477083134938,-0.0637096702812392,0.3189227893382131,0.014382037517314927,0.10743953638554515,-0.11565025596248235,0.014224990313812302,-0.019574610964225858,0.3131069926819311,0.3456594197446893,0.3263580537634834,0.2781907320141829,0.2586667444621367,0.059198410994926044,0.03524258193606064,0.014382037517314927,0.10743953638554515,0.06899518656339616,0.04180389438234043,0.014382037517314927,0.1463310433161218,0.0562372564982924,0.04200984180624622,0.004855696259100206,0.1463310433161218,0.050965911745495016,0.03810262635075151,0.002894355230134149,0.1471437684547392,0.3283869010069493,0.01303348332977878,0.3131069926819311,0.3456594197446893,0.3129847165428545,0.02315299220682448,0.280839369085753,0.3456594197446893,0.2880606033897602,0.030086426772066164,0.2486067775518028,0.3456594197446893,0.26436079691928677,0.036257312309446385,0.2090391666198531,0.3456594197446893,0.010371806444186865,0.01252738136451751,0,0,0,20.3700008392334,-0.06172263020488311,0.018574470683220934,0.0792687655696772,0.0014071438877141
2023-10-24,20.030000686645508,20.239999771118164,18.649999618530277,18.96999931335449,0,0.0050700841935866,0.3263008068653951,0.3447121742900894,-0.07120452368766106,0.3263008068653951,-0.0637096702812392,0.014382037517314927,0.03819216578233409,-0.03858814768935037,-0.017595828819497505,0.3189227893382131,0.3131069926819311,0.3282374120236199,0.280839369085753,0.2486067775518028,0.06580088257599144,0.033365699360439816,0.014382037517314927,0.10743953638554515,0.07225682416322723,0.04041726890119493,0.014382037517314927,0.1463310433161218,0.058790051492014474,0.04116463489325495,0.004855696259100206,0.1463310433161218,0.050909554774147416,0.03807011188584127,0.002894355230134149,0.1471437684547392,0.32799957997530427,0.01306776668690944,0.3131069926819311,0.3456594197446893,0.3175308603208187,0.02044469531580347,0.282066963767857,0.3456594197446893,0.29176031907135985,0.02976753641822407,0.254645729409703,0.3456594197446893,0.2654874016450525,0.03743864463405964,0.2090391666198531,0.3456594197446893,0.002414222601988932,0.0022047972794390293,0,0,0,18.96999931335449,-0.06872859441333223,0.023134180979954122,0.0761716414877898,0.0012949390389792
2023-10-25,19.38999938964844,21.239999771118164,18.86000061035156,20.190000534057617,0,0.0038848682181381,0.3120410703572551,0.3436279979520457,0.06232871102580395,0.3120410703572551,-0.07120452368766106,-0.0637096702812392,0.07226864500819685,-0.05677856450666541,0.11396251659841772,0.3263008068653951,0.3189227893382131,0.336007891246293,0.284873766135476,0.2573561863166829,0.06381289577951285,0.033179598935658625,0.014382037517314927,0.10743953638554515,0.07281183881514108,0.04021872300961695,0.014382037517314927,0.1463310433161218,0.05633129884569953,0.03919955979803056,0.004855696259100206,0.1463310433161218,0.05019063375592016,0.03754660457471511,0.002894355230134149,0.1471437684547392,0.32320621579749675,0.013772485104773713,0.3120410703572551,0.3456594197446893,0.3202475907429966,0.0171649379399792,0.282066963767857,0.3456594197446893,0.29436436116852993,0.02898912491797943,0.254645729409703,0.3456594197446893,0.2662432074165324,0.03806017620705228,0.2090391666198531,0.3456594197446893,0.005094022445465714,0.00643038300599241,0,0,0,20.190000534057617,0.06431213836914962,-0.04370119904123437,0.0754176482609875,0.0013871596441709
2023-10-26,21.780000686645508,21.959999084472656,20.21999931335449,20.68000030517578,0,0.0005750214857358,0.3105520942546771,0.3430385157523098,0.02397960562094159,0.3105520942546771,0.06232871102580395,-0.07120452368766106,0.10743953638554515,0.03661179918471147,-0.03875626180982206,0.3120410703572551,0.3263008068653951,0.3456594197446893,0.282066963767857,0.2573168346443581,0.04712090962659214,0.025951100014099535,0.014382037517314927,0.07120452368766106,0.07154861945876409,0.041654795672665175,0.014382037517314927,0.1463310433161218,0.05562764855099094,0.03966072509196077,0.004855696259100206,0.1463310433161218,0.049832608250121785,0.037727012108145275,0.002894355230134149,0.1471437684547392,0.3161847506994943,0.006484615404145337,0.3105520942546771,0.3263008068653951,0.3230961037916786,0.011579761849427229,0.3105520942546771,0.3456594197446893,0.2968993735309261,0.027894406885508358,0.254645729409703,0.3456594197446893,0.26715955623162413,0.03866231837483682,0.2090391666198531,0.3456594197446893,0.0024578357808138097,0.0023697592694436427,0,0,0,20.68000030517578,0.024269428338627552,-0.004771731172673044,0.0748945863375801,0.0013580768567643
2023-10-27,20.38999938964844,22.06999969482422,19.71999931335449,21.270000457763672,0,0.0007913298876314,0.3078689649725248,0.3449001723956638,0.02813058633643184,0.3078689649725248,0.02397960562094159,0.06232871102580395,0.014382037517314927,0.1463310433161218,-0.049503873993290703,0.3105520942546771,0.3120410703572551,0.3131069926819311,0.313774507641229,0.2585371057475691,0.049870619390415524,0.022050127440210253,0.02397960562094159,0.07120452368766106,0.0597285737607951,0.034175491383922396,0.014382037517314927,0.11565025596248235,0.05460987294828338,0.04009756657284375,0.004855696259100206,0.1463310433161218,0.049486313730471757,0.03786082803621299,0.002894355230134149,0.1471437684547392,0.31513714515761304,0.007456427742961171,0.3078689649725248,0.3263008068653951,0.3225055495248082,0.012239753169304944,0.3078689649725248,0.3456594197446893,0.2992485096844954,0.026546882870472185,0.254645729409703,0.3456594197446893,0.26795426476063694,0.03915657955437531,0.2090391666198531,0.3456594197446893,0.004571750218555138,0.005648130904840752,0,0,0,21.270000457763672,0.02852998761514658,-0.00863986858176502,0.0692707397743252,0.0010196121331284
2023-10-30,21.1299991607666,21.15999984741211,19.549999237060547,19.75,0,0.0054973563711424,0.3165027745845291,0.3413716320232862,-0.07414415938657903,0.3165027745845291,0.02813058633643184,0.02397960562094159,-0.0637096702812392,-0.11565025596248235,0.010327131484149543,0.3078689649725248,0.3105520942546771,0.3189227893382131,0.3263580537634834,0.2555941889213882,0.05195751721148349,0.024087041030016028,0.02397960562094159,0.07414415938657903,0.05557796410320477,0.0287130958611106,0.014382037517314927,0.10743953638554515,0.057648779038875254,0.038976268485817527,0.004855696259100206,0.1463310433161218,0.05029342614360184,0.038020017119704236,0.002894355230134149,0.1471437684547392,0.31465314220687624,0.007224192105902567,0.3078689649725248,0.3263008068653951,0.32152002160691273,0.012291744673717468,0.3078689649725248,0.3456594197446893,0.30214891852559733,0.024809363089736178,0.254645729409703,0.3456594197446893,0.26890503855074277,0.039849565291721574,0.2090391666198531,0.3456594197446893,0.00225879896658017,0.0013692042961837788,0,0,0,19.75,-0.07146217325109949,0.02804378029066612,0.0657793687277313,0.0010426515115645
2023-10-31,19.86000061035156,19.86000061035156,17.969999313354492,18.13999938964844,0,0.0072307948136342,0.3276866603026617,0.3422421898626082,-0.0850340803068641,0.3276866603026617,-0.07414415938657903,0.02813058633643184,-0.07120452368766106,0.03819216578233409,0.005123845531179061,0.3165027745845291,0.3078689649725248,0.3263008068653951,0.3282374120236199,0.254645729409703,0.0547234285353241,0.027413968259714906,0.02397960562094159,0.0850340803068641,0.06026215555565777,0.029374889443349636,0.014382037517314927,0.10743953638554515,0.06145402831390788,0.03746331393788689,0.004855696259100206,0.1463310433161218,0.051780249199338914,0.038130980345605595,0.002894355230134149,0.1471437684547392,0.3149303128943296,0.0077874288172971855,0.3078689649725248,0.3276866603026617,0.32146494643481693,0.012259493600935398,0.3078689649725248,0.3456594197446893,0.3056270580919287,0.022860081655101748,0.2746302710316513,0.3456594197446893,0.2710616243418595,0.04053198797119188,0.2090391666198531,0.3456594197446893,0.0036070280777599473,0.0018303799272412144,0,0,0,18.13999938964844,-0.08151901824564856,0.035335822040781784,0.0694280805966305,0.0011390040214758
2023-11-01,18.020000457763672,18.420000076293945,16.6299991607666,16.8700008392334,0,0.0052682141870512,0.3148702877035456,0.334827967555417,-0.0725824647353015,0.3148702877035456,-0.0850340803068641,-0.07414415938657903,0.06232871102580395,0.07226864500819685,0.11620440374120822,0.3276866603026617,0.3165027745845291,0.3120410703572551,0.336007891246293,0.2775805916954167,0.05677417927722361,0.028487627060636872,0.02397960562094159,0.0850340803068641,0.06029353752836823,0.029389305593299477,0.014382037517314927,0.10743953638554515,0.05937679312315042,0.03542994727990427,0.004855696259100206,0.1463310433161218,0.052650954079247594,0.03817965184505052,0.002894355230134149,0.1471437684547392,0.3154961563635877,0.007626125765499534,0.3078689649725248,0.3276866603026617,0.31935118608054214,0.011254476155447026,0.3078689649725248,0.3456594197446893,0.3074027579018396,0.022004868070233358,0.2746302710316513,0.3456594197446893,0.27285391700175704,0.04077020498969612,0.2090391666198531,0.3456594197446893,0.0037693026292810335,0.0035454511936793376,0,0,0,16.8700008392334,-0.07001094780299522,-0.039111670237898966,0.0740037940189516,0.0012166284196292
2023-11-02,16.59000015258789,16.6200008392334,15.579999923706056,15.65999984741211,0,0.0055394178477394,0.317436221373399,0.3276306098687094,-0.0744272654861069,0.317436221373399,-0.0725824647353015,-0.0850340803068641,0.02397960562094159,0.10743953638554515,-0.06258563162924435,0.3148702877035456,0.3276866603026617,0.3105520942546771,0.3456594197446893,0.2763230743815563,0.06686371125025667,0.022211110375273846,0.02813058633643184,0.0850340803068641,0.05699231043842441,0.025036900775667812,0.014382037517314927,0.0850340803068641,0.05994068044966768,0.03557749710959774,0.004855696259100206,0.1463310433161218,0.052805822659695106,0.03825622537934218,0.002894355230134149,0.1471437684547392,0.31687298178733203,0.007114651039106827,0.3078689649725248,0.3276866603026617,0.3165288662434132,0.006427874544803303,0.3078689649725248,0.3276866603026617,0.30936052680621307,0.020902772539235184,0.2746302710316513,0.3456594197446893,0.2747321550700169,0.040967942830983324,0.2090391666198531,0.3456594197446893,0.0015060257028458558,0.0008021354505980665,0,0,0,15.65999984741211,-0.07172501076628712,0.008149176883495812,0.0742466937662841,0.001250891342359
2023-11-03,15.699999809265137,15.829999923706056,14.90999984741211,14.90999984741211,0,0.0024086071189684,0.321170957548514,0.3269217399240218,-0.049077562276140796,0.321170957548514,-0.0744272654861069,-0.0725824647353015,0.02813058633643184,0.014382037517314927,-0.004855696259100206,0.317436221373399,0.3148702877035456,0.3078689649725248,0.3131069926819311,0.2746302710316513,0.07105310643819847,0.01324453345673342,0.049077562276140796,0.0850340803068641,0.060461862914306996,0.020462017768125215,0.02397960562094159,0.0850340803068641,0.062046483593336275,0.03339587947664208,0.014224990313812302,0.1463310433161218,0.05323807355501161,0.03810520921878336,0.002894355230134149,0.1471437684547392,0.31953338030252987,0.005110888209917895,0.3148702877035456,0.3276866603026617,0.31733526273007145,0.006456651871870099,0.3078689649725248,0.3276866603026617,0.3115767499736827,0.01945336610590013,0.2781907320141829,0.3456594197446893,0.2769860045256176,0.04085400225129807,0.2090391666198531,0.3456594197446893,0.0012930102911939967,0.0007628212213298122,0,0,0,14.90999984741211,-0.047892720773170416,0.01176531197024877,0.0747506829003913,0.0013494440510875
2023-11-06,15.390000343322754,15.579999923706056,14.84000015258789,14.890000343322754,0,1.801631812994865e-06,0.3159134281157045,0.3159787085878413,-0.0013422487895300428,0.3159134281157045,-0.049077562276140796,-0.0744272654861069,-0.07414415938657903,-0.0637096702812392,-0.05789034065045717,0.321170957548514,0.317436221373399,0.3165027745845291,0.3189227893382131,0.2806440140421079,0.05649272431878867,0.033510058543716435,0.0013422487895300428,0.0850340803068641,0.05422512076513608,0.027616135652720187,0.0013422487895300428,0.0850340803068641,0.05935371731424451,0.03593129215907214,0.0013422487895300428,0.1463310433161218,0.05318750278171957,0.03817422118647666,0.0013422487895300428,0.1471437684547392,0.319415511008765,0.005204198548815418,0.3148702877035456,0.3276866603026617,0.31703432660782055,0.0064445578073719255,0.3078689649725248,0.3276866603026617,0.3132562458819492,0.018126509379186972,0.2781907320141829,0.3456594197446893,0.27912413920749024,0.040474676871047915,0.2090391666198531,0.3456594197446893,0.0008540644871202828,0.0007625934863698977,0,0,0,14.890000343322754,-0.0013413483765277734,-0.01636987812640356,0.070923779568437,0.0013516104439501
2023-11-07,15.100000381469728,15.170000076293944,14.710000038146973,14.8100004196167,0,2.902206541734985e-05,0.3156389801336421,0.3095606931710486,-0.0053872131401448975,0.3156389801336421,-0.0013422487895300428,-0.049077562276140796,-0.0850340803068641,-0.07120452368766106,0.014224990313812302,0.3159134281157045,0.321170957548514,0.3276866603026617,0.3263008068653951,0.2781907320141829,0.04056335088544483,0.03542645789417513,0.0013422487895300428,0.0744272654861069,0.04764338971038447,0.03078150201431562,0.0013422487895300428,0.0850340803068641,0.05893287078216511,0.03653301065381193,0.0013422487895300428,0.1463310433161218,0.052371359788000615,0.038831140842563866,0.0013422487895300428,0.1471437684547392,0.317005974974961,0.0025077721915969893,0.3148702877035456,0.321170957548514,0.3159681439346453,0.005562801137778856,0.3078689649725248,0.3276866603026617,0.31503949579239965,0.01624917600999077,0.280839369085753,0.3456594197446893,0.28117371431372346,0.040081064617661276,0.2090391666198531,0.3456594197446893,0.000341977640304962,0.00032881412463368225,0,0,0,14.8100004196167,-0.005372728130387805,-0.0008687442749722996,0.0652686284073878,0.0010357245566501
2023-11-08,14.90999984741211,15.09000015258789,14.300000190734863,14.449999809265137,0,0.0006055662266581,0.3142363550965558,0.3076404333596433,-0.024608255254245925,0.3142363550965558,-0.0053872131401448975,-0.0013422487895300428,-0.0725824647353015,0.06232871102580395,-0.03858814768935037,0.3156389801336421,0.3159134281157045,0.3148702877035456,0.3120410703572551,0.280839369085753,0.03096850898923371,0.030778125940005015,0.0013422487895300428,0.0744272654861069,0.043871344133228664,0.031091590994689805,0.0013422487895300428,0.0850340803068641,0.058267161618588706,0.03704604046288012,0.0013422487895300428,0.1463310433161218,0.05288835740762233,0.03829721617063817,0.0013422487895300428,0.1471437684547392,0.3168791884535631,0.0026544747832348494,0.3142363550965558,0.321170957548514,0.31618767240857537,0.005432393238456883,0.3078689649725248,0.3276866603026617,0.3166298284595807,0.014245347434270344,0.282066963767857,0.3456594197446893,0.28319194008182774,0.03954467676994884,0.2090391666198531,0.3456594197446893,0.0010428906077866707,0.0010663920186969088,0,0,0,14.449999809265137,-0.02430794059092134,-0.004443763683726454,0.0613205045200716,0.0009360699298821
2023-11-09,14.609999656677246,15.56999969482422,14.130000114440918,15.289999961853027,0,0.0031927716391706,0.3141869715887369,0.3073135181540199,0.056504616087277526,0.3141869715887369,-0.024608255254245925,-0.0053872131401448975,-0.0744272654861069,0.02397960562094159,-0.05677856450666541,0.3142363550965558,0.3156389801336421,0.317436221373399,0.3105520942546771,0.284873766135476,0.027383979109467837,0.024941717676860264,0.0013422487895300428,0.056504616087277526,0.047123845179862255,0.030474604990366676,0.0013422487895300428,0.0850340803068641,0.058254116455760716,0.03704663908591007,0.0013422487895300428,0.1463310433161218,0.05350313936331182,0.03813899708212805,0.0013422487895300428,0.1471437684547392,0.3162293384966307,0.0028727672478015215,0.3141869715887369,0.321170957548514,0.31655116014198137,0.005126401120057205,0.3078689649725248,0.3276866603026617,0.3180256953859265,0.012278438809195304,0.282066963767857,0.3456594197446893,0.28538799216215116,0.03861092559336197,0.2090391666198531,0.3456594197446893,0.0033967821263509923,0.003909466553017346,0,0,0,15.289999961853027,0.058131499216304006,-0.00015715402440863446,0.0593360163962279,0.0008565576583117
2023-11-10,15.09000015258789,15.449999809265137,14.15999984741211,14.170000076293944,0,0.0057869428486186,0.3211852613760145,0.2969800669448309,-0.07607195835929703,0.3211852613760145,0.056504616087277526,-0.024608255254245925,-0.049077562276140796,0.02813058633643184,0.03661179918471147,0.3141869715887369,0.3142363550965558,0.321170957548514,0.3078689649725248,0.282066963767857,0.03278285832609908,0.03256733567369455,0.0013422487895300428,0.07607195835929703,0.05191798238214877,0.030922350427917394,0.0013422487895300428,0.0850340803068641,0.0601331716545505,0.036894448855641,0.0013422487895300428,0.1463310433161218,0.05402520245740429,0.038297742132621874,0.0013422487895300428,0.1471437684547392,0.31623219926213075,0.0028789190008027387,0.3141869715887369,0.3211852613760145,0.3178827897823303,0.004280211602890045,0.3141869715887369,0.3276866603026617,0.3198884714625055,0.00910847144296851,0.3078689649725248,0.3456594197446893,0.2875957905494448,0.03792116743275112,0.2090391666198531,0.3456594197446893,0.002741745359148721,0.0022722733920598846,0,0,0,14.170000076293944,-0.07325048321473959,0.022274283850439947,0.0637095734004453,0.0007929211719435
2023-11-13,15.15999984741211,15.1899995803833,14.579999923706056,14.760000228881836,0,0.001664132127087,0.2888101972131197,0.2638534462944615,0.04079377559244879,0.2888101972131197,-0.07607195835929703,0.056504616087277526,-0.0013422487895300428,-0.07414415938657903,0.1463310433161218,0.3211852613760145,0.3141869715887369,0.3159134281157045,0.3165027745845291,0.313774507641229,0.040673163686682834,0.02741762063679763,0.0053872131401448975,0.07607195835929703,0.04858294400273575,0.030044866498896185,0.0013422487895300428,0.0850340803068641,0.05510758747723274,0.03133493247599463,0.0013422487895300428,0.11565025596248235,0.05380122940394901,0.038348127970962716,0.0013422487895300428,0.1471437684547392,0.3108115530816138,0.012630323181861965,0.2888101972131197,0.3211852613760145,0.3151135320451894,0.010173523452197747,0.2888101972131197,0.3276866603026617,0.3186996947754526,0.01130947971176025,0.2888101972131197,0.3456594197446893,0.2894951008016654,0.03583071110914449,0.2090660146674328,0.3456594197446893,0.0006058953904909831,0.0005637478299968272,0,0,0,14.760000228881836,0.04163727236494141,-0.10079872290588399,0.0685494159134103,0.0009511710470728
2023-11-14,14.829999923706056,14.859999656677246,13.90999984741211,14.15999984741211,0,0.0017222298467985,0.2678779165158859,0.2546621872544558,-0.04149975718963317,0.2678779165158859,0.04079377559244879,-0.07607195835929703,-0.0053872131401448975,-0.0850340803068641,-0.11565025596248235,0.2888101972131197,0.3211852613760145,0.3156389801336421,0.3276866603026617,0.3263580537634834,0.047895672496580485,0.019375664303673257,0.024608255254245925,0.07607195835929703,0.044229511691012656,0.027195196665481695,0.0013422487895300428,0.07607195835929703,0.0515766113451923,0.02819174929121843,0.0013422487895300428,0.10743953638554515,0.05305271740010522,0.03827224136549697,0.0013422487895300428,0.1471437684547392,0.30125934035806257,0.02237112822338517,0.2678779165158859,0.3211852613760145,0.30913265766651177,0.0171493973065791,0.2678779165158859,0.3211852613760145,0.31591492633509083,0.01568348760559052,0.2678779165158859,0.3456594197446893,0.29062173060168844,0.034322468139169476,0.2090660146674328,0.3456594197446893,0.001574192015498764,0.0013566618796582706,0,0,0,14.15999984741211,-0.04065043171853533,-0.07247763721371436,0.0668420908272792,0.0009803056379274
2023-11-15,14.210000038146973,14.350000381469728,13.970000267028809,14.18000030517578,0,1.9922338300093308e-06,0.2651451090696878,0.2495771873136987,0.0014114651359524721,0.2651451090696878,-0.04149975718963317,0.04079377559244879,-0.024608255254245925,-0.0725824647353015,0.03819216578233409,0.2678779165158859,0.2888101972131197,0.3142363550965558,0.3148702877035456,0.3282374120236199,0.043256314472921796,0.027443236810749054,0.0014114651359524721,0.07607195835929703,0.03711241173107775,0.028243332627425528,0.0013422487895300428,0.07607195835929703,0.04982514940965032,0.03014006724942969,0.0013422487895300428,0.10743953638554515,0.05272647512771538,0.038659967944736445,0.0013422487895300428,0.1471437684547392,0.2914410911526889,0.025766811088498986,0.2651451090696878,0.3211852613760145,0.30416013980312606,0.02186229922316678,0.2651451090696878,0.3211852613760145,0.31291053095633214,0.018915089396672996,0.2651451090696878,0.3456594197446893,0.291896759912086,0.032247019888635986,0.2090660146674328,0.3456594197446893,0.0002597811340058806,0.0003584077495156293,0,0,0,14.18000030517578,0.0014124617216946245,-0.010201689940484537,0.0646410864164117,0.0010008687778326
2023-11-16,14.119999885559082,14.420000076293944,13.68000030517578,14.31999969482422,0,9.652271791932954e-05,0.2552953084766252,0.2411169521729472,0.009824597595796458,0.2552953084766252,0.0014114651359524721,-0.04149975718963317,0.056504616087277526,-0.0744272654861069,0.07226864500819685,0.2651451090696878,0.2678779165158859,0.3141869715887369,0.317436221373399,0.336007891246293,0.03392031077462558,0.029660084115768016,0.0014114651359524721,0.07607195835929703,0.03065214494204671,0.026064127243734875,0.0013422487895300428,0.07607195835929703,0.04685162334239316,0.030886184390442186,0.0013422487895300428,0.10743953638554515,0.05277405097719651,0.038604554999510474,0.0013422487895300428,0.1471437684547392,0.27966275853026656,0.026225994482162535,0.2552953084766252,0.3211852613760145,0.2979460485134486,0.026091738239127152,0.2552953084766252,0.3211852613760145,0.309067074633967,0.021944729048411625,0.2552953084766252,0.3456594197446893,0.29299745738373345,0.030065997074001,0.2203978256052063,0.3456594197446893,0.0010009811732513084,0.0013112370833974914,0,0,0,14.31999969482422,0.00987301739319002,-0.03714871689552379,0.0609385647058421,0.0008107892368979
2023-11-17,14.18000030517578,14.1899995803833,13.670000076293944,13.800000190734863,0,0.001368151664988,0.2345220505974276,0.2264350003526103,-0.036988534236815696,0.2345220505974276,0.009824597595796458,0.0014114651359524721,-0.07607195835929703,-0.049077562276140796,0.10743953638554515,0.2552953084766252,0.2651451090696878,0.3211852613760145,0.321170957548514,0.3456594197446893,0.026103625950129317,0.01901336471999227,0.0014114651359524721,0.04149975718963317,0.029443242138114202,0.025386102773552185,0.0013422487895300428,0.07607195835929703,0.04349681371626318,0.02763074677203715,0.0013422487895300428,0.0850340803068641,0.05197719395538282,0.038576064116865046,0.0013422487895300428,0.1471437684547392,0.2623301163745492,0.019765335792275192,0.2345220505974276,0.2888101972131197,0.28928115781833996,0.03137481835881042,0.2345220505974276,0.3211852613760145,0.3037748189602879,0.02574996716079724,0.2345220505974276,0.3276866603026617,0.29333374845497684,0.029303478606414537,0.2345220505974276,0.3456594197446893,0.0005027117818733999,0.0004118678362760437,0,0,0,13.800000190734863,-0.03631281530524788,-0.08136952458372182,0.0587129423085772,0.0007972175074311
2023-11-20,14.260000228881836,14.3100004196167,13.390000343322754,13.40999984741211,0,0.0008218496411171,0.2358295970704062,0.2264010552209006,-0.028667920069603614,0.2358295970704062,-0.036988534236815696,0.009824597595796458,0.04079377559244879,-0.0013422487895300428,0.014382037517314927,0.2345220505974276,0.2552953084766252,0.2888101972131197,0.3159134281157045,0.3131069926819311,0.023678454845560283,0.01737383079006352,0.0014114651359524721,0.04149975718963317,0.032175809266121555,0.023419730504916598,0.0014114651359524721,0.07607195835929703,0.04417709383780074,0.0270478010523582,0.0013422487895300428,0.0850340803068641,0.0491563404224034,0.03566957573726592,0.0013422487895300428,0.1463310433161218,0.2517339963460065,0.015830098229331548,0.2345220505974276,0.2678779165158859,0.2812727747138102,0.033937626724370666,0.2345220505974276,0.3211852613760145,0.3000949429787867,0.029585730221606203,0.2345220505974276,0.3276866603026617,0.2926431054491288,0.03031583939827631,0.2345220505974276,0.3456594197446893,0.0015926129306338887,0.0007487754951225874,0,0,0,13.40999984741211,-0.028260894053073637,0.0055753668776463705,0.0587621250192549,0.000660297856315
2023-11-21,13.449999809265137,14.3100004196167,13.130000114440918,13.350000381469728,0,2.0108699801814747e-05,0.2271052299416457,0.2087027341985375,-0.00448427249415273,0.2271052299416457,-0.028667920069603614,-0.036988534236815696,-0.04149975718963317,-0.0053872131401448975,-0.0637096702812392,0.2358295970704062,0.2345220505974276,0.2678779165158859,0.3156389801336421,0.3189227893382131,0.016275357906464193,0.01568589001889118,0.0014114651359524721,0.036988534236815696,0.03208551520152234,0.023535941282590383,0.0014114651359524721,0.07607195835929703,0.041356836800320436,0.027980920744457613,0.0013422487895300428,0.0850340803068641,0.04879704664930642,0.03604880060754423,0.0013422487895300428,0.1463310433161218,0.2435794590311585,0.015936088148083855,0.2271052299416457,0.2651451090696878,0.27241939969461054,0.03548885100128916,0.2271052299416457,0.3211852613760145,0.2957226782456169,0.033224891563997584,0.2271052299416457,0.3276866603026617,0.2918916408176885,0.03154484129815011,0.2271052299416457,0.3456594197446893,0.0026711999009949696,0.003681556020879149,0,0,0,13.350000381469728,-0.004474233156233742,-0.03699436897293207,0.0579353242384683,0.0005901737564445
2023-11-22,13.079999923706056,13.25,12.81999969482422,12.850000381469728,0,0.0014571452831126,0.2190064988907263,0.2038017937666611,-0.03817257239318117,0.2190064988907263,-0.00448427249415273,-0.028667920069603614,0.0014114651359524721,-0.024608255254245925,-0.07120452368766106,0.2271052299416457,0.2358295970704062,0.2651451090696878,0.3142363550965558,0.3263008068653951,0.023627579357909934,0.015592189353707816,0.00448427249415273,0.03817257239318117,0.03344194691541587,0.02344783469630857,0.0014114651359524721,0.07607195835929703,0.03978388673867853,0.027134789506846564,0.0013422487895300428,0.0850340803068641,0.0492869691153465,0.035753028009285516,0.0013422487895300428,0.1463310433161218,0.2343517369953662,0.013498467139676161,0.2190064988907263,0.2552953084766252,0.2628964140740276,0.03579654634245032,0.2190064988907263,0.3211852613760145,0.2906134254849183,0.036386827887633456,0.2190064988907263,0.3276866603026617,0.2911868722781391,0.032839580778550766,0.2190064988907263,0.3456594197446893,0.000392562482552177,0.000422630543104539,0,0,0,12.850000381469728,-0.03745318245039286,-0.035660698139802216,0.0563008206695904,0.0004371905086589
2023-11-24,13.029999732971191,13.170000076293944,12.449999809265137,12.460000038146973,0,0.000949892408864,0.2122000724483843,0.1938586163476921,-0.03082032460672668,0.2122000724483843,-0.03817257239318117,-0.00448427249415273,0.009824597595796458,0.056504616087277526,0.06232871102580395,0.2190064988907263,0.2271052299416457,0.2552953084766252,0.3141869715887369,0.3120410703572551,0.027826724760095976,0.013652057020035043,0.00448427249415273,0.03817257239318117,0.030873517767360782,0.022003096950761733,0.0014114651359524721,0.07607195835929703,0.03828348738538914,0.026693386084353392,0.0013422487895300428,0.0850340803068641,0.04730739311554434,0.034359272442706715,0.0013422487895300428,0.1463310433161218,0.225732689789718,0.010117529869353992,0.2122000724483843,0.2358295970704062,0.2526977241599923,0.034045393838966376,0.2122000724483843,0.3211852613760145,0.2858590922511625,0.03980882908959574,0.2122000724483843,0.3276866603026617,0.29011172670984625,0.034662769277420014,0.2122000724483843,0.3456594197446893,0.0011400144351987268,0.0008074787735474592,0,0,0,12.460000038146973,-0.030350220369265823,-0.031078650527800455,0.0573259244991333,0.0005796023952203
2023-11-27,13.140000343322754,13.279999732971191,12.640000343322754,12.6899995803833,0,0.0003345508858282,0.21163270103458,0.1897452011066073,0.01829073223871225,0.21163270103458,-0.03082032460672668,-0.03817257239318117,-0.036988534236815696,-0.07607195835929703,0.02397960562094159,0.2122000724483843,0.2190064988907263,0.2345220505974276,0.3211852613760145,0.3105520942546771,0.02408716436047529,0.013063206766346404,0.00448427249415273,0.03817257239318117,0.025095395155302302,0.015415673587254219,0.0014114651359524721,0.04149975718963317,0.03801258865290203,0.026874063080600766,0.0013422487895300428,0.0850340803068641,0.04682011860194649,0.0346275711893255,0.0013422487895300428,0.1463310433161218,0.22115481987714852,0.010322669197377322,0.21163270103458,0.2358295970704062,0.24174246812584888,0.026304660756205876,0.21163270103458,0.2888101972131197,0.28114864495496744,0.04250218564171119,0.21163270103458,0.3276866603026617,0.2890240092429468,0.03639068884810737,0.21163270103458,0.3456594197446893,0.0008799139915590001,0.0007507430217936383,0,0,0,12.6899995803833,0.018459032225695893,-0.0026737569278741935,0.0571582066065936,0.000611702186606
2023-11-28,12.779999732971191,14.300000190734863,12.5600004196167,12.6899995803833,0,0.0,0.2097547860230142,0.1936562444552081,0.0,0.2097547860230142,0.01829073223871225,-0.03082032460672668,-0.028667920069603614,0.04079377559244879,0.02813058633643184,0.21163270103458,0.2122000724483843,0.2358295970704062,0.2888101972131197,0.3078689649725248,0.018353580346554564,0.01641209706222578,0.0,0.03817257239318117,0.021016017596057424,0.016178564097394633,0.0,0.04149975718963317,0.03667303692259575,0.02806592763468962,0.0,0.0850340803068641,0.045641454935439564,0.035368577996962684,0.0,0.1463310433161218,0.2159398576676701,0.0071565097884045015,0.2097547860230142,0.2271052299416457,0.23383692700683828,0.0221366500490016,0.2097547860230142,0.2678779165158859,0.27647654119546694,0.044751214315074346,0.2097547860230142,0.3276866603026617,0.2878625254399812,0.03812465760561305,0.2097547860230142,0.3456594197446893,0.0060712498920636,0.008397246008945152,0,0,0,12.6899995803833,0.0,-0.008873463327668696,0.0567262752189547,0.0005354139307529
2023-11-29,12.710000038146973,13.100000381469728,12.479999542236328,12.979999542236328,0,0.0005105533371075,0.1975101699293623,0.1899784457832642,0.022595427349522357,0.1975101699293623,0.0,0.01829073223871225,-0.00448427249415273,-0.04149975718963317,-0.07414415938657903,0.2097547860230142,0.21163270103458,0.2271052299416457,0.2678779165158859,0.3165027745845291,0.02197581131762849,0.014469454892743315,0.0,0.03817257239318117,0.01912558461204634,0.014540697694719907,0.0,0.03817257239318117,0.034218335397021626,0.026852824061279815,0.0,0.0850340803068641,0.04593355721794844,0.035119594641828504,0.0,0.1463310433161218,0.21002084566521342,0.007821075151394288,0.1975101699293623,0.2190064988907263,0.22680015234818596,0.02128109180462608,0.1975101699293623,0.2651451090696878,0.270810226688078,0.04691095957399793,0.1975101699293623,0.3276866603026617,0.2864795726068377,0.04031432758848205,0.1975101699293623,0.3456594197446893,0.0008478678123095156,0.0010047043661441785,0,0,0,12.979999542236328,0.02285263762351275,-0.05837586033583253,0.0554797485564815,0.0003751514440957
2023-11-30,13.06999969482422,13.390000343322754,12.81999969482422,12.920000076293944,0,2.146628046070704e-05,0.1783281769445089,0.1821189772131315,-0.004633171749536924,0.1783281769445089,0.022595427349522357,0.0,-0.03817257239318117,0.0014114651359524721,-0.0850340803068641,0.1975101699293623,0.2097547860230142,0.2190064988907263,0.2651451090696878,0.3276866603026617,0.015267931188899641,0.01275651106607679,0.0,0.03082032460672668,0.01944775527340479,0.014134626778301091,0.0,0.03817257239318117,0.030389720703815567,0.024906526332246257,0.0,0.07607195835929703,0.045921874508861725,0.035133580135813025,0.0,0.1463310433161218,0.20188518127596994,0.014469061627953979,0.1783281769445089,0.2122000724483843,0.21811845913566805,0.021606178485616138,0.1783281769445089,0.2552953084766252,0.26369791795673747,0.049126611801464215,0.1783281769445089,0.3211852613760145,0.2846624880243331,0.04338699949389703,0.1783281769445089,0.3456594197446893,0.0006825400766923918,0.0008947312706745674,0,0,0,12.920000076293944,-0.004622455166284789,-0.09711901413336677,0.0560069179876648,0.0005199519406526
2023-12-01,12.9399995803833,12.960000038146973,12.479999542236328,12.630000114440918,0,0.0005153607735898,0.1644630210074309,0.1729501073064451,-0.022701558836121016,0.1644630210074309,-0.004633171749536924,0.022595427349522357,-0.03082032460672668,0.009824597595796458,-0.0725824647353015,0.1783281769445089,0.1975101699293623,0.2122000724483843,0.2552953084766252,0.3148702877035456,0.01364417803477851,0.010619714047031022,0.0,0.022701558836121016,0.020735451397437245,0.013741621804313084,0.0,0.03817257239318117,0.02801443947052126,0.02298597407452298,0.0,0.07607195835929703,0.04369561629683584,0.03349572023913406,0.0,0.1463310433161218,0.19233777098777924,0.020467479453906263,0.1644630210074309,0.21163270103458,0.20903523038874866,0.02326938858933994,0.1644630210074309,0.2358295970704062,0.2565356671616844,0.05216329098292914,0.1644630210074309,0.3211852613760145,0.281969212531762,0.04718226272839972,0.1644630210074309,0.3456594197446893,0.0005137203854347903,0.0004850340844160958,0,0,0,12.630000114440918,-0.022445817348339392,-0.07775078607679853,0.0549246606233874,0.0003781734453331
2023-12-04,13.279999732971191,13.699999809265137,12.979999542236328,13.079999923706056,0,0.0012256577223538,0.1507790607262993,0.1716301223452937,0.035009394772743896,0.1507790607262993,-0.022701558836121016,-0.004633171749536924,0.01829073223871225,-0.036988534236815696,-0.0744272654861069,0.1644630210074309,0.1783281769445089,0.21163270103458,0.2345220505974276,0.317436221373399,0.016987910541584838,0.01440566373572913,0.0,0.035009394772743896,0.020537537451030062,0.013493539963466023,0.0,0.03817257239318117,0.026137398007980164,0.020479123621783536,0.0,0.07607195835929703,0.04303903922882392,0.033386504535200194,0.0,0.1463310433161218,0.18016704292612312,0.02392629216007481,0.1507790607262993,0.2097547860230142,0.20066093140163582,0.027721019846620728,0.1507790607262993,0.2358295970704062,0.24859961189277482,0.05503324467400354,0.1507790607262993,0.3211852613760145,0.278980069349494,0.0513421118897487,0.1507790607262993,0.3456594197446893,0.0010511849817954793,0.0013682982412128958,0,0,0,13.079999923706056,0.0356294382571396,-0.08320387280562802,0.0548370398467007,0.0003578481068603
2023-12-05,13.260000228881836,13.760000228881836,12.8100004196167,12.850000381469728,0,0.0003147253107508,0.1436678229294488,0.1732333432386886,-0.017740499168593882,0.1436678229294488,0.035009394772743896,-0.022701558836121016,0.0,-0.028667920069603614,-0.049077562276140796,0.1507790607262993,0.1644630210074309,0.2097547860230142,0.2358295970704062,0.321170957548514,0.020536010375303615,0.010944459940879232,0.004633171749536924,0.035009394772743896,0.01944479536092909,0.013201262715635757,0.0,0.03817257239318117,0.024645156907620785,0.019856213644928504,0.0,0.07607195835929703,0.043345820250478534,0.03308492462092792,0.0,0.1463310433161218,0.16694965030741002,0.02163984176657097,0.1436678229294488,0.1975101699293623,0.19144475398754007,0.02995940694256313,0.1436678229294488,0.2271052299416457,0.24014708167281937,0.05692841553311912,0.1436678229294488,0.3211852613760145,0.27586191582325104,0.05542708522800124,0.1436678229294488,0.3456594197446893,0.0018459026045868,0.002177895578078938,0,0,0,12.850000381469728,-0.01758406296467019,-0.047163298156891464,0.0571063955618327,0.0004318795463036
2023-12-06,12.779999732971191,13.029999732971191,12.640000343322754,12.970000267028809,0,8.640033198727578e-05,0.1439619465187302,0.1717229830207196,0.009295177888952733,0.1439619465187302,-0.017740499168593882,0.035009394772743896,0.022595427349522357,-0.00448427249415273,-0.0013422487895300428,0.1436678229294488,0.1507790607262993,0.1975101699293623,0.2271052299416457,0.3159134281157045,0.01787596048318969,0.011893912341612698,0.004633171749536924,0.035009394772743896,0.019925885900409092,0.012672555845401834,0.0,0.03817257239318117,0.025023867817117105,0.01946146047238216,0.0,0.07607195835929703,0.04218879256568081,0.033411980817086864,0.0,0.1463310433161218,0.15624000562528365,0.014951067909636346,0.1436678229294488,0.1783281769445089,0.18313042564524853,0.03049546684192705,0.1436678229294488,0.2190064988907263,0.23195891588248724,0.057844603738951936,0.1436678229294488,0.3211852613760145,0.27260758088221826,0.05903462338008379,0.1436678229294488,0.3456594197446893,0.0003330561750013245,0.0003775842050851539,0,0,0,12.970000267028809,0.009338512217643702,0.002047247485791104,0.0559458872324774,0.0004247457945825
2023-12-07,13.170000076293944,13.279999732971191,12.949999809265137,13.0600004196167,0,4.781912058153178e-05,0.1440272165273839,0.1713918953560793,0.006915137061659138,0.1440272165273839,0.009295177888952733,-0.017740499168593882,-0.004633171749536924,-0.03817257239318117,-0.0053872131401448975,0.1439619465187302,0.1436678229294488,0.1783281769445089,0.2190064988907263,0.3156389801336421,0.018332353545614133,0.011287020495424528,0.006915137061659138,0.035009394772743896,0.01680014236725689,0.011469662088999676,0.0,0.035009394772743896,0.025096626099093973,0.01938709058615212,0.0,0.07607195835929703,0.042014748440629544,0.03357981509202488,0.0,0.1463310433161218,0.1493798135418586,0.008945549937945349,0.1436678229294488,0.1644630210074309,0.1756324974089143,0.029906410562494518,0.1436678229294488,0.2122000724483843,0.2237869271393321,0.05755309932242703,0.1436678229294488,0.3211852613760145,0.2694132114658659,0.06226648625908395,0.1436678229294488,0.3456594197446893,0.000228376536519857,0.00028942210723752914,0,0,0,13.0600004196167,0.00693910182998847,0.00045338376030645833,0.0551871664255831,0.0003781936493193
2023-12-08,13.140000343322754,13.239999771118164,12.350000381469728,12.350000381469728,0,0.003124593337142,0.1525216909528275,0.1734323263608924,-0.055898062015977246,0.1525216909528275,0.006915137061659138,0.009295177888952733,-0.022701558836121016,-0.03082032460672668,-0.024608255254245925,0.1440272165273839,0.1439619465187302,0.1644630210074309,0.2122000724483843,0.3142363550965558,0.024971654181585378,0.020501696637060342,0.006915137061659138,0.055898062015977246,0.019307916108181944,0.01650983160084944,0.0,0.055898062015977246,0.026586616897271657,0.020517131929464947,0.0,0.07607195835929703,0.04242688925793018,0.03364290014146886,0.0,0.1463310433161218,0.14699154753093793,0.004299436832032522,0.1436678229294488,0.1525216909528275,0.1696646592593586,0.027669299962198617,0.1436678229294488,0.21163270103458,0.21608622884677361,0.05563250123139308,0.1436678229294488,0.3211852613760145,0.2663580286531772,0.06478910708622816,0.1436678229294488,0.3456594197446893,0.0017464806409885248,0.0009359838521908071,0,0,1,12.350000381469728,-0.05436447284339441,0.058978258625365765,0.0545479906649883,0.0003745910218545
2023-12-11,13.050000190734863,13.140000343322754,12.609999656677246,12.630000114440918,0,0.00050260490084,0.1434318635198583,0.1652069844881513,0.02241885146121536,0.1434318635198583,-0.055898062015977246,0.006915137061659138,0.035009394772743896,0.01829073223871225,0.056504616087277526,0.1525216909528275,0.1440272165273839,0.1507790607262993,0.21163270103458,0.3141869715887369,0.022453545519279673,0.019718864504390518,0.006915137061659138,0.055898062015977246,0.019720728030432254,0.01653316523540415,0.0,0.055898062015977246,0.024963485248411552,0.019346849823780137,0.0,0.07607195835929703,0.04160880085208613,0.03370310676793419,0.0,0.1463310433161218,0.14552210808964974,0.003920155002872256,0.1434318635198583,0.1525216909528275,0.16284457550788642,0.024385831637052605,0.1434318635198583,0.2097547860230142,0.20795503322444608,0.052993377771440156,0.1434318635198583,0.3211852613760145,0.2629903643051863,0.06742555876494746,0.1434318635198583,0.3456594197446893,0.0006113580230681586,0.000434127860263988,0,0,0,12.630000114440918,0.022672042455262442,-0.059596948972854946,0.0588630472796564,0.0005705165351338
2023-12-12,12.6899995803833,12.739999771118164,11.8100004196167,12.06999969482422,0,0.0020567980624692,0.1297788684132739,0.1631683244785075,-0.04535193559782469,0.1297788684132739,0.02241885146121536,-0.055898062015977246,-0.017740499168593882,0.0,-0.07607195835929703,0.1434318635198583,0.1525216909528275,0.1436678229294488,0.2097547860230142,0.3211852613760145,0.027975832805125833,0.021823036265139935,0.006915137061659138,0.055898062015977246,0.024255921590214724,0.016741438459955092,0.004633171749536924,0.055898062015977246,0.023500627021674776,0.016193649693599408,0.0,0.055898062015977246,0.04181689933811264,0.03369848294376043,0.0,0.1463310433161218,0.14274431718641475,0.008174672340959028,0.1297788684132739,0.1525216909528275,0.1548469837469124,0.020014376657841428,0.1297788684132739,0.1975101699293623,0.19884044308336316,0.04884250152665209,0.1297788684132739,0.2888101972131197,0.25936445727293433,0.0704036529817581,0.1297788684132739,0.3456594197446893,0.002072299748603971,0.001903553832815731,0,0,0,12.06999969482422,-0.044338908514846564,-0.0951880200921611,0.0580847151286019,0.0005125536983492
2023-12-13,12.199999809265137,12.460000038146973,11.81999969482422,12.1899995803833,0,9.786945546260164e-05,0.1235972977657901,0.1643802399763168,0.009892899244539066,0.1235972977657901,-0.04535193559782469,0.02241885146121536,0.009295177888952733,0.022595427349522357,0.04079377559244879,0.1297788684132739,0.1434318635198583,0.1439619465187302,0.1975101699293623,0.2888101972131197,0.0280953770762431,0.021696392621897535,0.006915137061659138,0.055898062015977246,0.022985668779716396,0.017352187192043223,0.004633171749536924,0.055898062015977246,0.02202915671939336,0.015945741365464304,0.0,0.055898062015977246,0.03856837209831305,0.0297189314403075,0.0,0.11565025596248235,0.13867138743582672,0.011720527070751554,0.1235972977657901,0.1525216909528275,0.14745569653055518,0.01568885523956188,0.1235972977657901,0.1783281769445089,0.19097316215729987,0.04689296166492966,0.1235972977657901,0.2678779165158859,0.2548364284663763,0.0728906278252461,0.1235972977657901,0.3456594197446893,0.0010028565720389996,0.001389994649373668,0,0,0,12.1899995803833,0.009941995740939236,-0.047631565316156976,0.0592783395300357,0.0006021972742621
2023-12-14,11.960000038146973,12.739999771118164,11.84000015258789,12.479999542236328,0,0.0005527867383455,0.1187722564682192,0.165476811996992,0.02351141719134686,0.1187722564682192,0.009892899244539066,-0.04535193559782469,0.006915137061659138,-0.004633171749536924,-0.04149975718963317,0.1235972977657901,0.1297788684132739,0.1440272165273839,0.1783281769445089,0.2678779165158859,0.03141463310218064,0.018710001533514486,0.009892899244539066,0.055898062015977246,0.024873493323897388,0.016116620310801504,0.006915137061659138,0.055898062015977246,0.021172569100427346,0.01531831840965632,0.0,0.055898062015977246,0.036374590222809824,0.027182658065883627,0.0,0.10743953638554515,0.1336203954239938,0.014046449068669292,0.1187722564682192,0.1525216909528275,0.14150010448292621,0.013865226403863153,0.1187722564682192,0.1644630210074309,0.1838728926312205,0.04594504121194034,0.1187722564682192,0.2651451090696878,0.24989390948315568,0.0749319867039968,0.1187722564682192,0.3456594197446893,0.001935904029515073,0.0019840311474408176,0,0,0,12.479999542236328,0.023789989486111995,-0.03903840443756368,0.0574013063696751,0.0005342719965107
2023-12-15,12.119999885559082,12.539999961853027,12.010000228881836,12.279999732971191,0,0.0002609977662206,0.1198576423885564,0.1667195118717999,-0.01615542528752023,0.1198576423885564,0.02351141719134686,0.009892899244539066,-0.055898062015977246,-0.022701558836121016,0.0014114651359524721,0.1187722564682192,0.1235972977657901,0.1525216909528275,0.1644630210074309,0.2651451090696878,0.02346610575648924,0.01339558067483923,0.009892899244539066,0.04535193559782469,0.02421887996903731,0.016345951848858987,0.006915137061659138,0.055898062015977246,0.02187466244097819,0.014692406957168662,0.0,0.055898062015977246,0.03584990592531426,0.02735882681778023,0.0,0.10743953638554515,0.1270875857111396,0.010099224109791432,0.1187722564682192,0.1434318635198583,0.13703956662103875,0.01279034870124602,0.1187722564682192,0.1525216909528275,0.17695444183688092,0.04399235794367023,0.1187722564682192,0.2552953084766252,0.24493248639660653,0.07650040236742256,0.1187722564682192,0.3456594197446893,0.000672601464089267,0.0008659804525876567,0,0,0,12.279999732971191,-0.016025626330215204,0.009138379219288506,0.0572111327881448,0.0005690530757709
2023-12-18,12.619999885559082,12.640000343322754,12.399999618530272,12.5600004196167,0,0.0005082902578759,0.1215632427129998,0.1640943561181969,0.022545293475045636,0.1215632427129998,-0.01615542528752023,0.02351141719134686,0.02241885146121536,0.035009394772743896,0.009824597595796458,0.1198576423885564,0.1187722564682192,0.1434318635198583,0.1507790607262993,0.2552953084766252,0.023491394159255295,0.01339322853764749,0.009892899244539066,0.04535193559782469,0.022972469839267484,0.015900878999165327,0.006915137061659138,0.055898062015977246,0.02248040986379958,0.01443065590741908,0.0,0.055898062015977246,0.03466601660309637,0.026814877018303634,0.0,0.10743953638554515,0.12271386154976789,0.00435065925328672,0.1187722564682192,0.1297788684132739,0.1341179848197088,0.012639108971384283,0.1187722564682192,0.1525216909528275,0.17058624822908924,0.04170480369036801,0.1187722564682192,0.2358295970704062,0.23982666143152814,0.07742425064978375,0.1187722564682192,0.3456594197446893,0.000132543244325731,0.00017497064552478636,0,0,0,12.5600004196167,0.022801359343169958,0.014230217535183609,0.0558573827248736,0.0004383680746302
2023-12-19,12.600000381469728,12.600000381469728,12.329999923706056,12.529999732971191,0,5.719018046926743e-06,0.115823958367682,0.1630750808652351,-0.0023914468522061583,0.115823958367682,0.022545293475045636,-0.01615542528752023,-0.04535193559782469,-0.017740499168593882,-0.036988534236815696,0.1215632427129998,0.1198576423885564,0.1297788684132739,0.1436678229294488,0.2345220505974276,0.014899296410131591,0.008884228559179797,0.0023914468522061583,0.02351141719134686,0.02143756460762871,0.017153513491439263,0.0023914468522061583,0.055898062015977246,0.020832929512151505,0.014664513866361965,0.0,0.055898062015977246,0.03216487161420735,0.024675189958063184,0.0,0.0850340803068641,0.11992287954064951,0.002929227063315577,0.115823958367682,0.1235972977657901,0.13133359836353214,0.013348606239548715,0.115823958367682,0.1525216909528275,0.16493395812291087,0.04063620216696671,0.115823958367682,0.2358295970704062,0.23435438854159937,0.07788256848183454,0.115823958367682,0.3276866603026617,0.0001692360712307443,0.00022262154768170985,0,0,0,12.529999732971191,-0.0023885896212750835,-0.047212333409596074,0.0560775933367933,0.0004483116062578
2023-12-20,12.630000114440918,13.93000030517578,12.289999961853027,13.670000076293944,0,0.0075825621870768,0.1420419018385707,0.1750992986374178,0.08707790872016163,0.1420419018385707,-0.0023914468522061583,0.022545293475045636,0.009892899244539066,0.009295177888952733,-0.028667920069603614,0.115823958367682,0.1215632427129998,0.1235972977657901,0.1439619465187302,0.2358295970704062,0.030336298305256103,0.03282110979704431,0.0023914468522061583,0.08707790872016163,0.0292158376907496,0.026255981592219618,0.0023914468522061583,0.08707790872016163,0.02361435754313046,0.020573655912655583,0.0,0.08707790872016163,0.0338957256904656,0.025915835393004894,0.0,0.08707790872016163,0.12361180035520562,0.010512261875973965,0.115823958367682,0.1420419018385707,0.1311415938955162,0.01315924485284406,0.115823958367682,0.1525216909528275,0.16046787739758536,0.03748667078595802,0.115823958367682,0.2271052299416457,0.23028141018818601,0.07813627113416433,0.115823958367682,0.3276866603026617,0.005658895314746546,0.00542616935151077,0,0,1,13.670000076293944,0.09098167339325469,0.22636027848107299,0.0548108142726931,0.0002865500106141
2023-12-21,13.399999618530272,14.489999771118164,13.34000015258789,13.649999618530272,0,2.143772214445219e-06,0.1419786496284944,0.1745130972999229,-0.0014641626325122559,0.1419786496284944,0.08707790872016163,-0.0023914468522061583,0.02351141719134686,0.006915137061659138,-0.00448427249415273,0.1420419018385707,0.115823958367682,0.1187722564682192,0.1440272165273839,0.2271052299416457,0.02592684739348918,0.03535076350875776,0.0014641626325122559,0.08707790872016163,0.028670740247834912,0.02682091230552452,0.0014641626325122559,0.08707790872016163,0.02347054278781425,0.020724071748191082,0.0,0.08707790872016163,0.03241368979406734,0.025949076022088687,0.0,0.08707790872016163,0.12825307898726065,0.012730310576415965,0.115823958367682,0.1420419018385707,0.1309367372056272,0.012950651504799056,0.115823958367682,0.1525216909528275,0.15641423071600674,0.03439567664831684,0.115823958367682,0.2190064988907263,0.22606845448081175,0.0780104710198643,0.115823958367682,0.3276866603026617,0.0024662566468917056,0.0032869653832572105,0,0,0,13.649999618530272,-0.0014630912693524012,-0.00044530669652809163,0.0684684704317406,0.0007217634584234
2023-12-22,13.720000267028809,13.960000038146973,13.0,13.029999732971191,0,0.0021608666641461,0.1444356546402733,0.1785863211986604,-0.04648512304109964,0.1444356546402733,-0.0014641626325122559,0.08707790872016163,-0.01615542528752023,-0.055898062015977246,-0.03817257239318117,0.1419786496284944,0.1420419018385707,0.1198576423885564,0.1525216909528275,0.2190064988907263,0.031992786944205064,0.035853485943049844,0.0014641626325122559,0.08707790872016163,0.027729446350347152,0.02590885064076722,0.0014641626325122559,0.08707790872016163,0.02386637853295322,0.02109499208523381,0.0,0.08707790872016163,0.03182513263581588,0.025320513259966027,0.0,0.08707790872016163,0.13316868143760405,0.013405408342545569,0.115823958367682,0.1444356546402733,0.13012813357437183,0.011639236873145189,0.115823958367682,0.1444356546402733,0.15286323813265185,0.03132263173536797,0.115823958367682,0.2122000724483843,0.22173833180878505,0.07735582470773103,0.115823958367682,0.3276866603026617,0.0018308154726109254,0.0015095064435194175,0,0,0,13.029999732971191,-0.045421238306659895,0.017305454152493738,0.063341869943828,0.0005731689759374
2023-12-26,13.770000457763672,13.800000190734863,12.960000038146973,12.989999771118164,0,9.452904317097656e-06,0.1411425478968599,0.1793754180660074,-0.0030745575807094028,0.1411425478968599,-0.04648512304109964,-0.0014641626325122559,0.022545293475045636,0.02241885146121536,-0.03082032460672668,0.1444356546402733,0.1419786496284944,0.1215632427129998,0.1434318635198583,0.2122000724483843,0.02809863976533782,0.038121767936739326,0.0014641626325122559,0.08707790872016163,0.02579501696229656,0.02704658085871575,0.0014641626325122559,0.08707790872016163,0.022545151531714304,0.021502625208878443,0.0,0.08707790872016163,0.030414319458551723,0.025230060851115153,0.0,0.08707790872016163,0.13708454247437604,0.011948288489827062,0.115823958367682,0.1444356546402733,0.12989920201207197,0.0113678421225328,0.115823958367682,0.1444356546402733,0.14947954648734113,0.028282700629023085,0.115823958367682,0.21163270103458,0.21766931936925188,0.07698377653702035,0.115823958367682,0.3276866603026617,0.0014224809222825592,0.0006584406727404405,0,0,0,12.989999771118164,-0.003069835968746104,-0.022799818726304877,0.0628072372780936,0.0007453377654345
2023-12-27,13.020000457763672,13.039999961853027,12.369999885559082,12.43000030517578,0,0.0019418901763211,0.1467261330414942,0.1797195706292397,-0.04406688298848849,0.1467261330414942,-0.0030745575807094028,-0.04648512304109964,-0.0023914468522061583,-0.04535193559782469,0.01829073223871225,0.1411425478968599,0.1444356546402733,0.115823958367682,0.1297788684132739,0.21163270103458,0.036433726992594284,0.035566252934563135,0.0014641626325122559,0.08707790872016163,0.025666511701362936,0.026946203011978854,0.0014641626325122559,0.08707790872016163,0.023772587281703648,0.021978061891258,0.0,0.08707790872016163,0.030892587967302838,0.025295412979125766,0.0,0.08707790872016163,0.1432649774091385,0.002291579342753227,0.1411425478968599,0.1467261330414942,0.131593928474894,0.012549726250053109,0.115823958367682,0.1467261330414942,0.14638875753528943,0.02443581107675888,0.115823958367682,0.2097547860230142,0.21376870124512842,0.07631022677817334,0.115823958367682,0.3276866603026617,0.0010034974523623337,0.0005604075902424287,0,0,0,12.43000030517578,-0.0431100443271355,0.0395599004540752,0.059410414705349,0.0006335349526532
2023-12-28,12.4399995803833,12.649999618530272,12.380000114440918,12.470000267028809,0,1.0322411750430393e-05,0.1467613046039748,0.162467718020153,0.0032128510314719527,0.1467613046039748,-0.04406688298848849,-0.0030745575807094028,0.08707790872016163,0.009892899244539066,0.0,0.1467261330414942,0.1411425478968599,0.1420419018385707,0.1235972977657901,0.2097547860230142,0.01966071545485635,0.023409171641502254,0.0014641626325122559,0.04648512304109964,0.024998506880056226,0.02745861215638436,0.0014641626325122559,0.08707790872016163,0.02392558018796422,0.021814879549421684,0.0014641626325122559,0.08707790872016163,0.030299308555279986,0.025651477698909016,0.0,0.08707790872016163,0.14420885796221933,0.0026114737719412835,0.1411425478968599,0.1467613046039748,0.13391032915871245,0.013038007410919096,0.115823958367682,0.1467613046039748,0.14338906794390663,0.019669902890017806,0.115823958367682,0.1975101699293623,0.2099328045696868,0.07550971805985812,0.115823958367682,0.3276866603026617,0.00016788522358127654,0.0002304970711307789,0,0,0,12.470000267028809,0.0032180177691849554,0.0002397089172290201,0.0598911909624987,0.0007785830495237
2023-12-29,12.550000190734863,13.1899995803833,12.359999656677246,12.449999809265137,0,2.576582013242493e-06,0.1450203564123547,0.1645339903155137,-0.0016051735149953394,0.1450203564123547,0.0032128510314719527,-0.04406688298848849,-0.0014641626325122559,0.02351141719134686,0.022595427349522357,0.1467613046039748,0.1467261330414942,0.1419786496284944,0.1187722564682192,0.1975101699293623,0.019688917631352963,0.02338183777570306,0.0016051735149953394,0.04648512304109964,0.022807882512421072,0.028446493033175407,0.0014641626325122559,0.08707790872016163,0.022926044291081978,0.022353109549228655,0.0014641626325122559,0.08707790872016163,0.028572189844051802,0.02506266761887458,0.0,0.08707790872016163,0.14481719931899137,0.002297470649274517,0.1411425478968599,0.1467613046039748,0.136535139153126,0.012271384604259005,0.115823958367682,0.1467613046039748,0.1408895530145253,0.01529782655065027,0.115823958367682,0.1783281769445089,0.20584988985130165,0.07423212402181001,0.115823958367682,0.3276866603026617,0.0015235423827791134,0.0020873549227239776,0,0,0,12.449999809265137,-0.001603885913022296,-0.011862446959829964,0.0575015815940629,0.0004608723800783
2024-01-02,13.220000267028809,14.229999542236328,13.100000381469728,13.199999809265137,0,0.0034218062979744,0.1563049704631308,0.1698765443696191,0.05849620755206697,0.1563049704631308,-0.0016051735149953394,0.0032128510314719527,-0.04648512304109964,-0.01615542528752023,-0.004633171749536924,0.1450203564123547,0.1467613046039748,0.1444356546402733,0.1198576423885564,0.1783281769445089,0.02209113453354643,0.02713833657153783,0.0016051735149953394,0.05849620755206697,0.02704196073887575,0.030428338154693535,0.0014641626325122559,0.08707790872016163,0.025490950757869123,0.023222493201783448,0.0014641626325122559,0.08707790872016163,0.027940335730842345,0.023912627204277375,0.0,0.08707790872016163,0.1471910624835629,0.005584815651273535,0.1411425478968599,0.1563049704631308,0.14017987196058349,0.012179894545551982,0.115823958367682,0.1563049704631308,0.13984082889636446,0.013216198789787057,0.115823958367682,0.1644630210074309,0.2017693734265509,0.07204976469744355,0.115823958367682,0.3211852613760145,0.0024691464345099976,0.0034220782703711576,0,0,1,13.199999809265137,0.06024096477831753,0.07781400025448248,0.055769624051923,0.0004455190879674
2024-01-03,13.350000381469728,14.220000267028809,13.329999923706056,14.039999961853027,0,0.0038060979042674,0.166499191956471,0.172774348388429,0.06169358073792974,0.166499191956471,0.05849620755206697,-0.0016051735149953394,-0.0030745575807094028,0.022545293475045636,-0.022701558836121016,0.1563049704631308,0.1450203564123547,0.1411425478968599,0.1215632427129998,0.1644630210074309,0.033814939164990496,0.029434005922855697,0.0016051735149953394,0.06169358073792974,0.03095678946516416,0.03224939237708887,0.0014641626325122559,0.08707790872016163,0.0273477137055743,0.024511359181810237,0.0014641626325122559,0.08707790872016163,0.02768107658804778,0.023471779711569954,0.0,0.08707790872016163,0.1522623912954851,0.0091157572214096,0.1450203564123547,0.166499191956471,0.14467346688493057,0.01282078281250786,0.115823958367682,0.166499191956471,0.13993778941774732,0.013411891659114914,0.115823958367682,0.166499191956471,0.19823672828971584,0.0699766404877526,0.115823958367682,0.3211852613760145,0.0015066555195178534,0.0011076528663427163,0,0,1,14.039999961853027,0.06363637611557316,0.06522007242082428,0.0617709844313098,0.0005995413862946
2024-01-04,13.93000030517578,14.199999809265137,13.640000343322754,14.130000114440918,0,4.082965796940568e-05,0.1629022800877058,0.1714166766129784,0.00638980891493679,0.1629022800877058,0.06169358073792974,0.05849620755206697,-0.04406688298848849,-0.0023914468522061583,0.035009394772743896,0.166499191956471,0.1563049704631308,0.1467261330414942,0.115823958367682,0.1507790607262993,0.026279524350280158,0.03093770294313354,0.0016051735149953394,0.06169358073792974,0.031356625671437224,0.03187853478973665,0.0014641626325122559,0.08707790872016163,0.025984876283773963,0.024857255633546124,0.0014641626325122559,0.08707790872016163,0.026061137145877062,0.022494333974471484,0.0,0.08707790872016163,0.15549762070472745,0.009521182309494836,0.1450203564123547,0.166499191956471,0.14938129905693295,0.009175516327141394,0.1411425478968599,0.166499191956471,0.14051508557781428,0.014142865228935602,0.115823958367682,0.166499191956471,0.19455734873529457,0.06757784198590366,0.115823958367682,0.3211852613760145,0.0005838865417876723,0.0007309373137524724,0,0,0,14.130000114440918,0.006410267295756666,-0.021603179129575434,0.0660265710493563,0.0007522227586158
2024-01-05,14.239999771118164,14.579999923706056,13.289999961853027,13.350000381469728,0,0.003224398962898,0.1716007765423005,0.1750230300495077,-0.056783791374811265,0.1716007765423005,0.00638980891493679,0.06169358073792974,0.0032128510314719527,0.08707790872016163,-0.017740499168593882,0.1629022800877058,0.166499191956471,0.1467613046039748,0.1420419018385707,0.1436678229294488,0.03699371241894802,0.03022017377698067,0.0016051735149953394,0.06169358073792974,0.028327213936902185,0.02707207425374269,0.0014641626325122559,0.06169358073792974,0.027844080674546218,0.025657042999044952,0.0014641626325122559,0.08707790872016163,0.0262446187910835,0.0227169804356478,0.0,0.08707790872016163,0.16046551509239254,0.010273755228304959,0.1450203564123547,0.1716007765423005,0.15233718652730593,0.011106437670935583,0.1411425478968599,0.1716007765423005,0.1418452262260453,0.015683810778287045,0.115823958367682,0.1716007765423005,0.19099615394943234,0.06461909095460275,0.115823958367682,0.3211852613760145,0.0030952866312592493,0.002681979355840014,0,0,1,13.350000381469728,-0.055201679168708995,0.05339702090057585,0.0618102474791213,0.0006149950721664
2024-01-08,14.0,14.18000030517578,13.020000457763672,13.079999923706056,0,0.0004174696162548,0.1725627300264694,0.1814583225929647,-0.020432073224587288,0.1725627300264694,-0.056783791374811265,0.00638980891493679,-0.0016051735149953394,-0.0014641626325122559,0.009295177888952733,0.1716007765423005,0.1629022800877058,0.1450203564123547,0.1419786496284944,0.1439619465187302,0.04075909236086641,0.025515115073992144,0.00638980891493679,0.06169358073792974,0.030224004996109687,0.025605568834106522,0.0016051735149953394,0.06169358073792974,0.02837440902386215,0.025367939370064957,0.0014641626325122559,0.08707790872016163,0.026699138420489626,0.02239527942365037,0.0,0.08707790872016163,0.1659739898152155,0.00667595310825217,0.1563049704631308,0.1725627300264694,0.15539559456710345,0.012103311509292725,0.1411425478968599,0.1725627300264694,0.1432071682978424,0.017058385526139797,0.115823958367682,0.1725627300264694,0.18758304209016483,0.06157424574713627,0.115823958367682,0.3211852613760145,0.0026271179655428813,0.0018571524427549242,0,0,0,13.079999923706056,-0.020224752812624813,0.005605764166992433,0.0634043564610646,0.000794536913441
2024-01-09,13.199999809265137,13.449999809265137,12.739999771118164,12.760000228881836,0,0.0006135055576204,0.1741940935601064,0.1837377082264893,-0.02476904434209093,0.1741940935601064,-0.020432073224587288,-0.056783791374811265,0.05849620755206697,-0.04648512304109964,0.006915137061659138,0.1725627300264694,0.1716007765423005,0.1563049704631308,0.1444356546402733,0.1440272165273839,0.0340136597188712,0.024071022317584505,0.00638980891493679,0.06169358073792974,0.028052397126208817,0.024986619143767354,0.0016051735149953394,0.06169358073792974,0.029224595084835093,0.02490779608466281,0.0014641626325122559,0.08707790872016163,0.027160610591964535,0.022143695401418566,0.0,0.08707790872016163,0.1695518144346106,0.004699718739573044,0.1629022800877058,0.1741940935601064,0.15837143845908674,0.012750242515838842,0.1411425478968599,0.1741940935601064,0.1446436862517816,0.0183520463883553,0.115823958367682,0.1741940935601064,0.18421530669555683,0.05817372825784553,0.115823958367682,0.3211852613760145,0.0010607991225899415,0.0010266067069729479,0,0,0,12.760000228881836,-0.024464808615499822,0.00945374202985061,0.060243003551109,0.0007672785000089
2024-01-10,12.859999656677246,12.949999809265137,12.670000076293944,12.6899995803833,0,3.0261520236307572e-05,0.1650734697470232,0.1794028897635375,-0.005501047194517383,0.1650734697470232,-0.02476904434209093,-0.020432073224587288,0.06169358073792974,-0.0030745575807094028,-0.055898062015977246,0.1741940935601064,0.1725627300264694,0.166499191956471,0.1411425478968599,0.1525216909528275,0.02277515301018873,0.020814221951539102,0.005501047194517383,0.056783791374811265,0.028295046087589613,0.024727542799966164,0.0016051735149953394,0.06169358073792974,0.026824737236194145,0.02463569902673048,0.0014641626325122559,0.08707790872016163,0.0267056770667329,0.022392291109557094,0.0,0.08707790872016163,0.16926666999272105,0.004966889250513633,0.1629022800877058,0.1741940935601064,0.1607645306441031,0.011323190604701818,0.1450203564123547,0.1741940935601064,0.14524139000388614,0.018819887065440598,0.115823958367682,0.1741940935601064,0.18066380942532986,0.05447816173576961,0.115823958367682,0.3211852613760145,0.00017233207217400668,0.00017049486427400112,0,0,0,12.6899995803833,-0.00548594414129322,-0.05235897283702162,0.0583589450970289,0.0006941286415789
2024-01-11,12.640000343322754,13.3100004196167,12.350000381469728,12.4399995803833,0,0.000395898372043,0.164749943506893,0.1832900390976312,-0.019897195079786822,0.164749943506893,-0.005501047194517383,-0.02476904434209093,0.00638980891493679,-0.04406688298848849,0.02241885146121536,0.1650734697470232,0.1741940935601064,0.1629022800877058,0.1467261330414942,0.1434318635198583,0.025476630243158736,0.01894888246256099,0.005501047194517383,0.056783791374811265,0.025878077296719447,0.024190030171488477,0.0016051735149953394,0.06169358073792974,0.026704658360888027,0.02466437668370866,0.0014641626325122559,0.08707790872016163,0.025834071804649788,0.021911392618617898,0.0,0.08707790872016163,0.1696362026765585,0.004412837595302856,0.164749943506893,0.1741940935601064,0.16256691169064294,0.010221181402157472,0.1450203564123547,0.1741940935601064,0.1462565366699354,0.01928656433761161,0.115823958367682,0.1741940935601064,0.17710578494719073,0.05026170293062805,0.115823958367682,0.3211852613760145,0.002021199599971336,0.002703711215012823,0,0,0,12.4399995803833,-0.019700552266877946,-0.001959892408065267,0.0563167791929461,0.0005087056704743
2024-01-12,12.65999984741211,13.079999923706056,12.470000267028809,12.699999809265137,0,0.000427866116723,0.1597298091771797,0.1798488038267308,0.020684924866265053,0.1597298091771797,-0.019897195079786822,-0.005501047194517383,-0.056783791374811265,0.0032128510314719527,-0.04535193559782469,0.164749943506893,0.1650734697470232,0.1716007765423005,0.1467613046039748,0.1297788684132739,0.018256856941449497,0.007389808116168193,0.005501047194517383,0.02476904434209093,0.02762528468019876,0.022971351847657598,0.0016051735149953394,0.06169358073792974,0.02553003880224233,0.024316837205580335,0.0014641626325122559,0.08707790872016163,0.02451533291195855,0.020430788351654135,0.0,0.08707790872016163,0.16726200920353435,0.0059997010555503435,0.1597298091771797,0.1741940935601064,0.16386376214796344,0.008702915651342727,0.1450203564123547,0.1741940935601064,0.1476827719444071,0.0191137773760623,0.115823958367682,0.1741940935601064,0.17326160751388514,0.04485699652882953,0.115823958367682,0.2888101972131197,0.0008226535540987219,0.001136595838316076,0,0,0,12.699999809265137,0.020900340647264315,-0.030471235515193262,0.055372141323705,0.0005499211228714
2024-01-16,14.119999885559082,14.350000381469728,13.520000457763672,13.84000015258789,0,0.0073892905585448,0.1811215973948455,0.1806184958319334,0.08596098276860786,0.1811215973948455,0.020684924866265053,-0.019897195079786822,-0.020432073224587288,-0.0016051735149953394,0.009892899244539066,0.1597298091771797,0.164749943506893,0.1725627300264694,0.1450203564123547,0.1235972977657901,0.03136263885025361,0.031379716963791715,0.005501047194517383,0.08596098276860786,0.03606086560556001,0.027413630596453464,0.005501047194517383,0.08596098276860786,0.029152328493864652,0.027347769245371877,0.0014641626325122559,0.08707790872016163,0.025590742606629007,0.022402149590455552,0.0,0.08707790872016163,0.16897378267720958,0.008563371889741211,0.1597298091771797,0.1811215973948455,0.16747388624621254,0.007409420768735275,0.1563049704631308,0.1811215973948455,0.15042202430769547,0.01960510280389278,0.115823958367682,0.1811215973948455,0.17069759323249767,0.04100337386256807,0.115823958367682,0.2678779165158859,0.0012803053707232152,0.0016199098793661375,0,0,1,13.84000015258789,0.08976380790896399,0.133924834242662,0.0554862866609754,0.0003905964430001
2024-01-17,14.59000015258789,15.399999618530272,14.380000114440918,14.789999961853027,0,0.0044074080935332,0.1914671104864965,0.1799470696289134,0.06638831292880765,0.1914671104864965,0.08596098276860786,0.020684924866265053,-0.02476904434209093,0.05849620755206697,0.02351141719134686,0.1811215973948455,0.1597298091771797,0.1741940935601064,0.1563049704631308,0.1187722564682192,0.03968649256759695,0.034552989015029754,0.005501047194517383,0.08596098276860786,0.03685007614323408,0.028232654935708753,0.005501047194517383,0.08596098276860786,0.03119408543374374,0.028482594782644168,0.0014641626325122559,0.08707790872016163,0.02618332726708554,0.023149938091914266,0.0,0.08707790872016163,0.17242838606248756,0.013344962345039929,0.1597298091771797,0.1914671104864965,0.17099010024854908,0.009553290100658439,0.1597298091771797,0.1914671104864965,0.15388368402285152,0.020147639522413455,0.115823958367682,0.1914671104864965,0.16887828832703602,0.038184624172793113,0.115823958367682,0.2651451090696878,0.0016938108609579393,0.0022765147850764256,0,0,1,14.789999961853027,0.06864160395890595,0.05711915773963572,0.0683753131352045,0.0007726534487482
2024-01-18,14.850000381469728,14.890000343322754,13.890000343322754,14.130000114440918,0,0.0020840201326055,0.1961700200449426,0.18289758928743,-0.045651069347886875,0.1961700200449426,0.06638831292880765,0.08596098276860786,-0.005501047194517383,0.06169358073792974,-0.01615542528752023,0.1914671104864965,0.1811215973948455,0.1650734697470232,0.166499191956471,0.1198576423885564,0.04771649699827085,0.02881042712508796,0.019897195079786822,0.08596098276860786,0.03524582500422979,0.027097082225338704,0.005501047194517383,0.08596098276860786,0.03259863991280881,0.02843112639077853,0.0014641626325122559,0.08707790872016163,0.027236651176893504,0.023001301222704912,0.0,0.08707790872016163,0.1786476961220715,0.01603529998180059,0.1597298091771797,0.1961700200449426,0.17395718305739627,0.012234797666425394,0.1597298091771797,0.1961700200449426,0.15751760676839371,0.020581055593002034,0.115823958367682,0.1961700200449426,0.16723602430263731,0.03531908521206283,0.115823958367682,0.2552953084766252,0.0017431817632097052,0.0014623932616865116,0,0,0,14.130000114440918,-0.04462473624843866,0.02456249298637525,0.0710744201427037,0.0008900610588112
2024-01-19,13.800000190734863,14.579999923706056,13.279999732971191,13.300000190734863,0,0.003664626089656,0.2040563956268298,0.1909575293642756,-0.06053615522690592,0.2040563956268298,-0.045651069347886875,0.06638831292880765,-0.019897195079786822,0.00638980891493679,0.022545293475045636,0.1961700200449426,0.1914671104864965,0.164749943506893,0.1629022800877058,0.1215632427129998,0.05584428902769467,0.024394097165192568,0.020684924866265053,0.08596098276860786,0.04066045963542671,0.02608110265748798,0.005501047194517383,0.08596098276860786,0.03440772856765931,0.028963153408523144,0.0014641626325122559,0.08707790872016163,0.028444069215729444,0.02339267213072859,0.0,0.08707790872016163,0.18650898654605882,0.017117085245043944,0.1597298091771797,0.2040563956268298,0.17807259461130867,0.014763310606195585,0.1597298091771797,0.2040563956268298,0.16144585214524276,0.021237568379727064,0.115823958367682,0.2040563956268298,0.166016050187166,0.03301283603156614,0.115823958367682,0.2358295970704062,0.0031457930980804643,0.003834883063364584,0,0,0,13.300000190734863,-0.058740263056175857,0.04020173714658548,0.0678351966844114,0.0009308812867107
2024-01-22,13.770000457763672,13.84000015258789,13.170000076293944,13.1899995803833,0,6.897492939444441e-05,0.2042113329557417,0.1928305586771577,-0.008305114652697121,0.2042113329557417,-0.06053615522690592,-0.045651069347886875,0.020684924866265053,-0.056783791374811265,-0.0023914468522061583,0.2040563956268298,0.1961700200449426,0.1597298091771797,0.1716007765423005,0.115823958367682,0.05336832698498108,0.02904061026328061,0.008305114652697121,0.08596098276860786,0.03581259196321529,0.027231320928042233,0.005501047194517383,0.08596098276860786,0.034689331796254115,0.02866349940052486,0.0014641626325122559,0.08707790872016163,0.02776113065420281,0.023555270800112153,0.0,0.08707790872016163,0.19540529130177123,0.009650206804343808,0.1811215973948455,0.2042113329557417,0.1813336502526528,0.016655337598419376,0.1597298091771797,0.2042113329557417,0.1656547747446742,0.02048926518004695,0.1411425478968599,0.2042113329557417,0.16529436643379253,0.03178727841786735,0.115823958367682,0.2358295970704062,0.0008880824100673099,0.0005157749727343517,0,0,0,13.1899995803833,-0.00827072246421412,0.0007592868061594427,0.0679060981520946,0.0010318359448587
2024-01-23,13.199999809265137,13.289999961853027,12.529999732971191,12.550000190734863,0,0.0024738939249138,0.1912945379392676,0.1810397539255295,-0.04973825414018762,0.1912945379392676,-0.008305114652697121,-0.06053615522690592,0.08596098276860786,-0.020432073224587288,0.08707790872016163,0.2042113329557417,0.2040563956268298,0.1811215973948455,0.1725627300264694,0.1420419018385707,0.04612378125929704,0.022704114064558512,0.008305114652697121,0.06638831292880765,0.03874321005477532,0.02696784513656213,0.005501047194517383,0.08596098276860786,0.03291125300673154,0.026312960857211208,0.0014641626325122559,0.08596098276860786,0.028262805274931,0.023798177486558915,0.0,0.08707790872016163,0.19743987941065563,0.006416435988594886,0.1912945379392676,0.2042113329557417,0.1832068310439326,0.016612594331406477,0.1597298091771797,0.2042113329557417,0.1680001383685169,0.020470117367850857,0.1411425478968599,0.2042113329557417,0.16423400788305115,0.03007358490250372,0.115823958367682,0.2271052299416457,0.0012506634564180801,0.0007487913175708389,0,0,0,12.550000190734863,-0.04852156254805884,-0.06325209688178046,0.0629454734994252,0.0009274760471479
2024-01-24,12.65999984741211,13.18000030517578,12.40999984741211,13.140000343322754,0,0.0021105165307232,0.1967281703363977,0.1778092900645574,0.045940358408737225,0.1967281703363977,-0.04973825414018762,-0.008305114652697121,0.06638831292880765,-0.02476904434209093,-0.0014641626325122559,0.1912945379392676,0.2042113329557417,0.1914671104864965,0.1741940935601064,0.1419786496284944,0.042034190355282955,0.019796879887828748,0.008305114652697121,0.06053615522690592,0.04086034146143995,0.02657710214309158,0.005501047194517383,0.08596098276860786,0.035029167091313686,0.02543037506071406,0.0016051735149953394,0.08596098276860786,0.029249854939563964,0.023647121913693885,0.0,0.08707790872016163,0.1984920913806359,0.005567302179221972,0.1912945379392676,0.2042113329557417,0.18546023872156173,0.016781680923198594,0.1597298091771797,0.2042113329557417,0.17060725840222657,0.020476764238153786,0.1411425478968599,0.2042113329557417,0.16351074455911666,0.028865689938949377,0.115823958367682,0.2190064988907263,0.0013070077787373402,0.0012769359928615212,0,0,0,13.140000343322754,0.04701196363514493,0.028404534994382225,0.0629554470256781,0.0009029862818168
2024-01-25,13.18000030517578,13.579999923706056,13.0600004196167,13.449999809265137,0,0.000543731580894,0.1925742400235674,0.174169889386868,0.023318052682289814,0.1925742400235674,0.045940358408737225,-0.04973825414018762,-0.045651069347886875,-0.005501047194517383,-0.04648512304109964,0.1967281703363977,0.1912945379392676,0.1961700200449426,0.1650734697470232,0.1444356546402733,0.03756758702216354,0.02124338180612143,0.008305114652697121,0.06053615522690592,0.04264204201021719,0.024455830618166523,0.008305114652697121,0.08596098276860786,0.03392597326470369,0.025411053716393857,0.0016051735149953394,0.08596098276860786,0.028896175898828456,0.02362148620188808,0.0,0.08707790872016163,0.19777293537636084,0.006144559317456386,0.1912945379392676,0.2042113329557417,0.18821031574921615,0.0152533521277409,0.1597298091771797,0.2042113329557417,0.17289957199190725,0.020091296844549626,0.1411425478968599,0.2042113329557417,0.16288140506227955,0.02789816998849969,0.115823958367682,0.2122000724483843,0.0005498222083828371,0.0006033637806022332,0,0,0,13.449999809265137,0.02359204397585213,-0.02111507622790998,0.0637658155525054,0.0008169219514626
2024-01-26,13.729999542236328,14.100000381469728,13.199999809265137,13.260000228881836,0,0.0002024100855438,0.1930745842980927,0.1745902799398414,-0.01422708984802723,0.1930745842980927,0.023318052682289814,0.045940358408737225,-0.06053615522690592,-0.019897195079786822,-0.0030745575807094028,0.1925742400235674,0.1967281703363977,0.2040563956268298,0.164749943506893,0.1411425478968599,0.0283057739463878,0.0186644237652112,0.008305114652697121,0.04973825414018762,0.04207503148704124,0.02509903782170183,0.008305114652697121,0.08596098276860786,0.03445704622981406,0.024844261278338095,0.0016051735149953394,0.08596098276860786,0.028501098880764183,0.02372704701258426,0.0,0.08707790872016163,0.1955765731106134,0.005231993667484569,0.1912945379392676,0.2042113329557417,0.19104277982833612,0.012853993220300487,0.1597298091771797,0.2042113329557417,0.17537252610625167,0.019161551577329024,0.1450203564123547,0.2042113329557417,0.16242603629679642,0.027221409887454355,0.115823958367682,0.21163270103458,0.0015690964027209292,0.001706572769331571,0,0,0,13.260000228881836,-0.014126363054103419,0.00259818901252884,0.061338976963426,0.0007454432928198
2024-01-29,13.979999542236328,15.350000381469728,13.59000015258789,13.600000381469728,0,0.0006409919473951,0.1896757677536995,0.1866207485117707,0.025317818772460754,0.1896757677536995,-0.01422708984802723,0.023318052682289814,-0.008305114652697121,0.020684924866265053,-0.04406688298848849,0.1930745842980927,0.1925742400235674,0.2042113329557417,0.1597298091771797,0.1467261330414942,0.03170831477034053,0.015366017226295962,0.01422708984802723,0.04973825414018762,0.04253832087766081,0.024699924521467877,0.008305114652697121,0.08596098276860786,0.033564233648098456,0.02481852482006938,0.0016051735149953394,0.08596098276860786,0.028668410464901053,0.023678017555517763,0.0,0.08707790872016163,0.19266946007020497,0.002621970922558143,0.1896757677536995,0.1967281703363977,0.1940373756859881,0.006820857089129956,0.1811215973948455,0.2042113329557417,0.17741774680683287,0.018220080379929327,0.1450203564123547,0.2042113329557417,0.16190325217106116,0.026453357332399594,0.115823958367682,0.2097547860230142,0.005349035377983704,0.00712197137811475,0,0,0,13.600000381469728,0.02564103670581641,-0.017603645538066814,0.0585038592778842,0.0005985740481007
2024-01-30,13.6899995803833,13.739999771118164,13.229999542236328,13.3100004196167,0,0.0004645816778509,0.1908694740891164,0.187551132155009,-0.02155415685780726,0.1908694740891164,0.025317818772460754,-0.01422708984802723,-0.04973825414018762,0.08596098276860786,0.0032128510314719527,0.1896757677536995,0.1930745842980927,0.1912945379392676,0.1811215973948455,0.1467613046039748,0.026071495313864455,0.011870314685203862,0.01422708984802723,0.045940358408737225,0.03609763828658075,0.020085262960749334,0.008305114652697121,0.06638831292880765,0.03443762916363823,0.024006457244247815,0.0016051735149953394,0.08596098276860786,0.029181604675801227,0.02327160025051861,0.0014641626325122559,0.08707790872016163,0.19258444730017474,0.002683855849593743,0.1896757677536995,0.1967281703363977,0.1950121633554152,0.005296046581385132,0.1896757677536995,0.2042113329557417,0.17951813582993484,0.017011633937317368,0.1450203564123547,0.2042113329557417,0.16145360188692073,0.025771872365763178,0.115823958367682,0.2042113329557417,0.0005160086211133506,0.00040923270070905007,0,0,0,13.3100004196167,-0.021323526008731553,0.00629340452686078,0.0579986273625136,0.0006412921471573
2024-01-31,13.420000076293944,14.609999656677246,13.18000030517578,14.350000381469728,0,0.0056602006270816,0.2051555024466181,0.1935941438017177,0.07523430485544269,0.2051555024466181,-0.02155415685780726,0.025317818772460754,0.045940358408737225,0.06638831292880765,-0.0016051735149953394,0.1908694740891164,0.1896757677536995,0.1967281703363977,0.1914671104864965,0.1450203564123547,0.03193028460320555,0.024567257399622722,0.01422708984802723,0.07523430485544269,0.03698223747924425,0.021697641029861253,0.008305114652697121,0.07523430485544269,0.03794377827508811,0.02434588638615773,0.005501047194517383,0.08596098276860786,0.030434911283085044,0.024302847025882885,0.0014641626325122559,0.08707790872016163,0.1942699137222188,0.006234367058499339,0.1896757677536995,0.2051555024466181,0.19638100255142735,0.006000145416386522,0.1896757677536995,0.2051555024466181,0.1823817142125188,0.015941909958381285,0.1563049704631308,0.2051555024466181,0.16163563361352207,0.02605816848438133,0.115823958367682,0.2051555024466181,0.0038268077244736458,0.0035708082420332103,0,0,0,14.350000381469728,0.07813673396435394,0.07484710913402326,0.0565747724182033,0.0005415237399679
2024-02-01,14.210000038146973,14.630000114440918,13.869999885559082,13.880000114440918,0,0.0011089569649936,0.1994390404387852,0.1898313720056876,-0.03330100546520498,0.1994390404387852,0.07523430485544269,-0.02155415685780726,0.023318052682289814,-0.045651069347886875,0.05849620755206697,0.2051555024466181,0.1908694740891164,0.1925742400235674,0.1961700200449426,0.1563049704631308,0.03392687515978858,0.024093448343512215,0.01422708984802723,0.07523430485544269,0.035747231090976064,0.021499971709878597,0.008305114652697121,0.07523430485544269,0.0367440067471423,0.023899129882307767,0.005501047194517383,0.08596098276860786,0.03111747875250571,0.023960679333122008,0.0014641626325122559,0.08707790872016163,0.19564287380526238,0.006517069802677434,0.1896757677536995,0.2051555024466181,0.1967079045908116,0.0060759465456373465,0.1896757677536995,0.2051555024466181,0.18443571754469285,0.01517439974493314,0.1597298091771797,0.2051555024466181,0.16213827322052862,0.02658626059240854,0.115823958367682,0.2051555024466181,0.0010264037177515873,0.0012096214256387006,0,0,0,13.880000114440918,-0.032752630978026054,-0.027864044296449397,0.0660513406433394,0.0007499818999225
2024-02-02,13.949999809265137,14.229999542236328,13.390000343322754,13.850000381469728,0,4.68161131003887e-06,0.1896694876836704,0.1893792869208945,-0.0021637031473931145,0.1896694876836704,-0.03330100546520498,0.07523430485544269,-0.01422708984802723,-0.06053615522690592,0.06169358073792974,0.1994390404387852,0.2051555024466181,0.1930745842980927,0.2040563956268298,0.166499191956471,0.03151419781966176,0.026989301155956668,0.0021637031473931145,0.07523430485544269,0.029909985883024782,0.021941506392307936,0.0021637031473931145,0.07523430485544269,0.033909250671402456,0.02431864681182892,0.0021637031473931145,0.08596098276860786,0.03062848218848838,0.024343141865471256,0.0014641626325122559,0.08707790872016163,0.1949618544823779,0.007011688267210636,0.1896694876836704,0.2051555024466181,0.19526921379649567,0.005841373676578695,0.1896694876836704,0.2051555024466181,0.18553906496027375,0.014637890329829649,0.1597298091771797,0.2051555024466181,0.16273842718901052,0.026922397467047565,0.115823958367682,0.2051555024466181,0.001335220036622596,0.0018310145669508387,0,0,0,13.850000381469728,-0.0021613640290951697,-0.04898515723712282,0.0629934076499333,0.0007436773868433
2024-02-05,14.369999885559082,14.529999732971191,13.579999923706056,13.670000076293944,0,0.0001711283595318,0.190012666050841,0.1921709293497937,-0.013081603859307567,0.190012666050841,-0.0021637031473931145,-0.03330100546520498,0.025317818772460754,-0.008305114652697121,0.00638980891493679,0.1896694876836704,0.1994390404387852,0.1896757677536995,0.2042113329557417,0.1629022800877058,0.029066954837031124,0.028218389054294975,0.0021637031473931145,0.07523430485544269,0.030387634803685826,0.021465760386190882,0.0021637031473931145,0.07523430485544269,0.034227907573515355,0.023981524623827456,0.0021637031473931145,0.08596098276860786,0.030106391928644657,0.024481642225898735,0.0014641626325122559,0.08707790872016163,0.1950292341418062,0.006949534922593431,0.1896694876836704,0.2051555024466181,0.1938493471060056,0.005105600441578919,0.1896694876836704,0.2051555024466181,0.18683003572042306,0.013707565480307294,0.1597298091771797,0.2051555024466181,0.16367256064911867,0.027176766950040603,0.115823958367682,0.2051555024466181,0.0016490383142845702,0.001322670190129269,0,0,0,13.670000076293944,-0.01299641156809006,0.0018093493653705828,0.0594704896074206,0.0006360494133031
2024-02-06,13.56999969482422,13.779999732971191,12.979999542236328,13.0600004196167,0,0.0020838768811802,0.1869874091430508,0.187415402155118,-0.045649500338780236,0.1869874091430508,-0.013081603859307567,-0.0021637031473931145,-0.02155415685780726,-0.04973825414018762,-0.056783791374811265,0.190012666050841,0.1896694876836704,0.1908694740891164,0.1912945379392676,0.1716007765423005,0.033886023533225715,0.028668499653914353,0.0021637031473931145,0.07523430485544269,0.02997875942354509,0.021091904978915766,0.0021637031473931145,0.07523430485544269,0.033697703238466256,0.023577586712307766,0.0021637031473931145,0.08596098276860786,0.030770891956506237,0.02451655012554571,0.0014641626325122559,0.08707790872016163,0.19425282115259307,0.007706124228932118,0.1869874091430508,0.2051555024466181,0.19341863422638392,0.005510680636563343,0.1869874091430508,0.2051555024466181,0.18756273251093497,0.013256635551478754,0.1597298091771797,0.2051555024466181,0.16470397936849016,0.027221026276353737,0.115823958367682,0.2051555024466181,0.0012901535090604611,0.0012216653072850735,0,0,0,13.0600004196167,-0.04462323725477402,-0.01592134340655349,0.0571642126983895,0.0006685018281336
2024-02-07,13.0600004196167,13.130000114440918,12.8100004196167,12.829999923706056,0,0.0003157012304489,0.186715084533159,0.1808783773972725,-0.017767983297182433,0.186715084533159,-0.045649500338780236,-0.013081603859307567,0.07523430485544269,0.045940358408737225,-0.020432073224587288,0.1869874091430508,0.190012666050841,0.2051555024466181,0.1967281703363977,0.1725627300264694,0.022392759221573667,0.017154931650169868,0.0021637031473931145,0.045649500338780236,0.02716152191238961,0.020598754655609463,0.0021637031473931145,0.07523430485544269,0.03357084181335174,0.023659557234895184,0.0021637031473931145,0.08596098276860786,0.030972625418606944,0.02436994876888282,0.0014641626325122559,0.08707790872016163,0.19056473756990128,0.00518354641889102,0.186715084533159,0.1994390404387852,0.19241732564606004,0.005747141996965273,0.186715084533159,0.2051555024466181,0.18823665415411067,0.012808100127362589,0.1597298091771797,0.2051555024466181,0.16572191122597654,0.02722583608682477,0.115823958367682,0.2051555024466181,0.00021957241044841665,0.00018243838934110194,0,0,0,12.829999923706056,-0.017611063439567087,-0.001456379395488927,0.0585778073132995,0.0007725064406627
2024-02-08,12.949999809265137,13.170000076293944,12.739999771118164,12.789999961853027,0,9.75038140842769e-06,0.185091241327116,0.1790352338201215,-0.0031225600728292946,0.185091241327116,-0.017767983297182433,-0.045649500338780236,-0.03330100546520498,0.023318052682289814,-0.02476904434209093,0.186715084533159,0.1869874091430508,0.1994390404387852,0.1925742400235674,0.1741940935601064,0.016357070143098527,0.01765906102790049,0.0021637031473931145,0.045649500338780236,0.025141972651443557,0.02196232096287021,0.0021637031473931145,0.07523430485544269,0.032540056848148806,0.0245181629845269,0.0021637031473931145,0.08596098276860786,0.030882325966491948,0.02446809343445804,0.0014641626325122559,0.08707790872016163,0.18769517774756744,0.0020922867722015658,0.185091241327116,0.190012666050841,0.19166902577641493,0.006194209953899322,0.185091241327116,0.2051555024466181,0.1887555659525397,0.01242576764775788,0.1597298091771797,0.2051555024466181,0.16669962610216066,0.027165012665717202,0.115823958367682,0.2051555024466181,0.0003974266617453607,0.0004912452158500724,0,0,0,12.789999961853027,-0.003117689952524594,-0.008696904216941359,0.056729484728729,0.000519222764578
2024-02-09,12.789999961853027,13.010000228881836,12.6899995803833,12.93000030517578,0,0.0001185181418131,0.1853295018004138,0.1791786180629917,0.010886603777725767,0.1853295018004138,-0.0031225600728292946,-0.017767983297182433,-0.0021637031473931145,-0.01422708984802723,-0.005501047194517383,0.185091241327116,0.186715084533159,0.1896694876836704,0.1930745842980927,0.1650734697470232,0.01810165026916506,0.016283628911018404,0.0031225600728292946,0.045649500338780236,0.02480792404441341,0.0221711946981263,0.0021637031473931145,0.07523430485544269,0.03279651192353968,0.02424787532570717,0.0021637031473931145,0.08596098276860786,0.029810624579866912,0.024331047345735313,0.0014641626325122559,0.08707790872016163,0.18682718057091613,0.001964820807242199,0.185091241327116,0.190012666050841,0.19089451752664702,0.006476705882294622,0.185091241327116,0.2051555024466181,0.18972013890746306,0.011223528515836077,0.1597298091771797,0.2051555024466181,0.1674807644556746,0.02721902375552505,0.115823958367682,0.2051555024466181,0.00022369429411189042,0.0002643232486691684,0,0,0,12.93000030517578,0.010946078478523136,0.0012872595785162755,0.0551315014245489,0.0004163314870716
2024-02-12,13.479999542236328,13.9399995803833,13.34000015258789,13.93000030517578,0,0.0055494444329599,0.1987475038799392,0.1754476946092042,0.07449459331360897,0.1987475038799392,0.010886603777725767,-0.0031225600728292946,-0.013081603859307567,0.025317818772460754,-0.019897195079786822,0.1853295018004138,0.185091241327116,0.190012666050841,0.1896757677536995,0.164749943506893,0.03038424816002534,0.02941631514381497,0.0031225600728292946,0.07449459331360897,0.02972560149852823,0.027183995422318474,0.0021637031473931145,0.07523430485544269,0.035396388029912164,0.02568032350035712,0.0021637031473931145,0.08596098276860786,0.031050523195400095,0.025254530902004226,0.0014641626325122559,0.08707790872016163,0.18857414813673576,0.0057473775516968155,0.185091241327116,0.1987475038799392,0.19180169113927098,0.006907997585675054,0.185091241327116,0.2051555024466181,0.19133907035379857,0.009803812491405422,0.1597298091771797,0.2051555024466181,0.168797803511867,0.02736487508342464,0.115823958367682,0.2051555024466181,0.0006981159726924626,0.0005512464410586988,0,0,1,13.93000030517578,0.07733951866959421,0.07240078859099075,0.0544883485905438,0.0004488474644398
2024-02-13,13.960000038146973,17.940000534057617,13.43000030517578,15.850000381469728,0,0.0166731919440984,0.2361056884657418,0.2453490143244788,0.12912471469125686,0.2361056884657418,0.07449459331360897,0.010886603777725767,-0.045649500338780236,-0.02155415685780726,0.020684924866265053,0.1987475038799392,0.1853295018004138,0.1869874091430508,0.1908694740891164,0.1597298091771797,0.047079291030520665,0.053815211397538025,0.0031225600728292946,0.12912471469125686,0.04048265728187319,0.04124048061042601,0.0021637031473931145,0.12912471469125686,0.04056018754538796,0.03255625211677759,0.0021637031473931145,0.12912471469125686,0.033045113173815144,0.029382410894752044,0.0014641626325122559,0.12912471469125686,0.19839780400127394,0.021830814847232056,0.185091241327116,0.2361056884657418,0.1963253125769335,0.015587842546019913,0.185091241327116,0.2361056884657418,0.19497601698658726,0.011509614449182894,0.1811215973948455,0.2361056884657418,0.1713293944654972,0.028559305000489893,0.115823958367682,0.2361056884657418,0.030236898840407478,0.03568930790946418,0,0,1,15.850000381469728,0.13783201968635717,0.1879680693165846,0.0646777590879017,0.000763948987703
2024-02-14,15.380000114440918,15.470000267028809,14.220000267028809,14.380000114440918,0,0.0094733555127581,0.2404786083627713,0.2479437742351992,-0.09733116413954024,0.2404786083627713,0.12912471469125686,0.07449459331360897,-0.017767983297182433,0.07523430485544269,0.08596098276860786,0.2361056884657418,0.1987475038799392,0.186715084533159,0.2051555024466181,0.1811215973948455,0.06299192719899223,0.05473651877819463,0.0031225600728292946,0.12912471469125686,0.042692343210282944,0.043820649334223506,0.0021637031473931145,0.12912471469125686,0.0411016247535276,0.03343183092138331,0.0021637031473931145,0.12912471469125686,0.03512697662369613,0.03076702609369114,0.0014641626325122559,0.12912471469125686,0.2091505087671964,0.02721462277067719,0.185091241327116,0.2404786083627713,0.19985762316854885,0.020906130444909254,0.185091241327116,0.2404786083627713,0.19780254131839325,0.014765147035056275,0.185091241327116,0.2404786083627713,0.17411228281304436,0.029474661741787887,0.115823958367682,0.2404786083627713,0.002560281722725327,0.001803322892012763,0,0,1,14.380000114440918,-0.09274449411038443,0.018521027279967406,0.0861745516097805,0.0012232786304773
2024-02-15,14.270000457763672,14.640000343322754,13.9399995803833,14.010000228881836,0,0.0006794876321931,0.2325984536035333,0.246268371575117,-0.026066983565291135,0.2325984536035333,-0.09733116413954024,0.12912471469125686,-0.0031225600728292946,-0.03330100546520498,0.06638831292880765,0.2404786083627713,0.2361056884657418,0.185091241327116,0.1994390404387852,0.1914671104864965,0.06758081189748459,0.04913798678264873,0.010886603777725767,0.12912471469125686,0.04196894102029156,0.0440520096956808,0.0021637031473931145,0.12912471469125686,0.03918156145050301,0.03306278172436821,0.0021637031473931145,0.12912471469125686,0.03518782344212337,0.03074601399343063,0.0014641626325122559,0.12912471469125686,0.21865195122247988,0.024910406930840973,0.1853295018004138,0.2404786083627713,0.20317356448502366,0.023322446768781025,0.185091241327116,0.2404786083627713,0.19976117670491883,0.01650794939285568,0.185091241327116,0.2404786083627713,0.17682243036388517,0.029495188092465065,0.115823958367682,0.2404786083627713,0.0008658065172224227,0.0010696481714355616,0,0,0,14.010000228881836,-0.02573017264356725,-0.032768630910199215,0.0872571212882117,0.0014041881518905
2024-02-16,13.9399995803833,14.710000038146973,13.75,14.239999771118164,0,0.0002651528029395,0.2286551405262716,0.2460644211802072,0.016283513224718327,0.2286551405262716,-0.026066983565291135,-0.09733116413954024,0.010886603777725767,-0.0021637031473931145,-0.045651069347886875,0.2325984536035333,0.2404786083627713,0.1853295018004138,0.1896694876836704,0.1961700200449426,0.06866019378688311,0.047617017101787514,0.016283513224718327,0.12912471469125686,0.043380922028024085,0.042844114543717685,0.0031225600728292946,0.12912471469125686,0.03778310639701879,0.03339487054916627,0.0021637031473931145,0.12912471469125686,0.0351908731549138,0.030744086407578447,0.0014641626325122559,0.12912471469125686,0.22731707896765144,0.016555735112046777,0.1987475038799392,0.2404786083627713,0.20707212976928377,0.02406101324197885,0.185091241327116,0.2404786083627713,0.20130808720402973,0.01763797186237322,0.185091241327116,0.2404786083627713,0.1794128469862117,0.029145732596086462,0.115823958367682,0.2404786083627713,0.0016427702957001714,0.002102228466677437,0,0,0,14.239999771118164,0.016416812168366768,-0.01695330736799794,0.077459250807314,0.0013041902438726
2024-02-20,15.09000015258789,15.90999984741211,15.06999969482422,15.420000076293944,0,0.006337829030918,0.2344277633522766,0.2417913819877197,0.07961048317224328,0.2344277633522766,0.016283513224718327,-0.026066983565291135,0.07449459331360897,-0.013081603859307567,-0.06053615522690592,0.2286551405262716,0.2325984536035333,0.1987475038799392,0.190012666050841,0.2040563956268298,0.06968337175860997,0.04782822238141471,0.016283513224718327,0.12912471469125686,0.05003380995931765,0.04278172844706662,0.0031225600728292946,0.12912471469125686,0.038691407727749136,0.03429201842943725,0.0021637031473931145,0.12912471469125686,0.03654956814770422,0.031425020981676134,0.0014641626325122559,0.12912471469125686,0.23445313086211889,0.004361607757574299,0.2286551405262716,0.2404786083627713,0.21151363949942734,0.024654110596212406,0.185091241327116,0.2404786083627713,0.20275434281000337,0.019062261167685876,0.185091241327116,0.2404786083627713,0.18210009747762307,0.02888378393084463,0.115823958367682,0.2404786083627713,0.0010611661308614713,0.0012903064969773592,0,0,1,15.420000076293944,0.082865191302115,0.025245978781490708,0.0703377476311073,0.0012618870987796
2024-02-21,15.539999961853027,16.1200008392334,15.220000267028809,15.34000015258789,0,2.705630130221349e-05,0.2343383400177162,0.2424157833382356,-0.005201567196741141,0.2343383400177162,0.07961048317224328,0.016283513224718327,0.12912471469125686,-0.045649500338780236,-0.008305114652697121,0.2344277633522766,0.2286551405262716,0.2361056884657418,0.1869874091430508,0.2042113329557417,0.044898742259706824,0.04093713472384601,0.005201567196741141,0.09733116413954024,0.04598901664511375,0.04509199348861353,0.0031225600728292946,0.12912471469125686,0.038543619753656,0.034435907498028606,0.0021637031473931145,0.12912471469125686,0.036616475774955054,0.03135343042901455,0.0014641626325122559,0.12912471469125686,0.23409966117251382,0.004264739591142895,0.2286551405262716,0.2404786083627713,0.21624873258689387,0.023957477228525967,0.185091241327116,0.2404786083627713,0.20418896219390695,0.020272643250848203,0.185091241327116,0.2404786083627713,0.18492186846929054,0.02802745990806856,0.1411425478968599,0.2404786083627713,0.0011904220180263066,0.0015854574122621107,0,0,0,15.34000015258789,-0.005188062471480848,-0.0003814536865500706,0.075163044205857,0.0013928036334389
2024-02-22,14.279999732971191,14.640000343322754,14.119999885559082,14.539999961853027,0,0.0028687096357507,0.2351792365688256,0.2408038297194509,-0.05356033640438396,0.2351792365688256,-0.005201567196741141,0.07961048317224328,-0.09733116413954024,-0.017767983297182433,-0.04973825414018762,0.2343383400177162,0.2344277633522766,0.2404786083627713,0.186715084533159,0.1912945379392676,0.03614457671267557,0.030191403057871494,0.005201567196741141,0.07961048317224328,0.0495682519558339,0.04401057927939538,0.0031225600728292946,0.12912471469125686,0.03872562367099868,0.03450805761719377,0.0021637031473931145,0.12912471469125686,0.03581843833886511,0.030451293178924095,0.0014641626325122559,0.12912471469125686,0.23303978681372467,0.002627254394761559,0.2286551405262716,0.2351792365688256,0.22109514779046052,0.022153245678410958,0.185091241327116,0.2404786083627713,0.2062787097476954,0.021121108250855915,0.185091241327116,0.2404786083627713,0.18713942405810616,0.02823578993254873,0.1411425478968599,0.2404786083627713,0.0004717358524819951,0.0005281992753876196,0,0,0,14.539999961853027,-0.05215125050698921,0.0035883865655352842,0.0680526966019625,0.0009298153835503
2024-02-23,14.3100004196167,14.3100004196167,13.640000343322754,13.75,0,0.003120858602227,0.237317541249271,0.2398099370893736,-0.05586464536920488,0.237317541249271,-0.05356033640438396,-0.005201567196741141,-0.026066983565291135,-0.0031225600728292946,0.045940358408737225,0.2351792365688256,0.2343383400177162,0.2325984536035333,0.185091241327116,0.1967281703363977,0.042104109073458316,0.030642398603851737,0.005201567196741141,0.07961048317224328,0.05484246048547146,0.04087467202172932,0.005201567196741141,0.12912471469125686,0.03919820876435428,0.03467933419746352,0.0021637031473931145,0.12912471469125686,0.03711368792783398,0.030109435949513097,0.0016051735149953394,0.12912471469125686,0.2339836043428722,0.0032117095520130742,0.2286551405262716,0.237317541249271,0.226317777782676,0.018592181078636857,0.1853295018004138,0.2404786083627713,0.20821153693402272,0.022040608309717328,0.185091241327116,0.2404786083627713,0.18940939766812465,0.02834869304317221,0.1411425478968599,0.2404786083627713,0.0008293292979923422,0.0005340995691411917,0,0,0,13.75,-0.054332872347019445,0.009092234125947618,0.0668776767052018,0.0008697782597419
2024-02-26,14.170000076293944,14.199999809265137,13.65999984741211,13.739999771118164,0,5.293347886391144e-07,0.2361703053698624,0.2397939117788141,-0.0007275539764437511,0.2361703053698624,-0.05586464536920488,-0.05356033640438396,0.016283513224718327,0.010886603777725767,0.023318052682289814,0.237317541249271,0.2351792365688256,0.2286551405262716,0.1853295018004138,0.1925742400235674,0.0389929172238034,0.0344700773747132,0.0007275539764437511,0.07961048317224328,0.05382655550534325,0.04219351510762697,0.0007275539764437511,0.12912471469125686,0.03812247073074256,0.03553634398158522,0.0007275539764437511,0.12912471469125686,0.03602422199772313,0.030586135507423277,0.0007275539764437511,0.12912471469125686,0.2354866373115904,0.0012603478882162607,0.2343383400177162,0.237317541249271,0.23140185813962094,0.011877044041374032,0.1987475038799392,0.2404786083627713,0.21028754004575104,0.022541550971165194,0.185091241327116,0.2404786083627713,0.19159355601882916,0.028333022279540737,0.1411425478968599,0.2404786083627713,0.0005421364077592305,0.0003847305563537605,0,0,0,13.739999771118164,-0.0007272893732244157,-0.0048341807072895815,0.0664565433962578,0.0009469688942246
2024-02-27,13.630000114440918,13.75,13.40999984741211,13.43000030517578,0,0.0005207632111476,0.2368433369636938,0.2369770729850664,-0.022820236877552524,0.2368433369636938,-0.0007275539764437511,-0.05586464536920488,0.07961048317224328,0.07449459331360897,-0.01422708984802723,0.2361703053698624,0.237317541249271,0.2344277633522766,0.1987475038799392,0.1930745842980927,0.02763486796486525,0.026074352571246562,0.0007275539764437511,0.05586464536920488,0.04865911986173761,0.042543878722684,0.0007275539764437511,0.12912471469125686,0.03853166820833901,0.03529609589659283,0.0007275539764437511,0.12912471469125686,0.03649435721907653,0.030216842660428875,0.0007275539764437511,0.12912471469125686,0.2359697520338738,0.0012151468951526975,0.2343383400177162,0.237317541249271,0.23521144144799636,0.003122519749746398,0.2286551405262716,0.2404786083627713,0.21237176636316063,0.02289118926781996,0.185091241327116,0.2404786083627713,0.19387214623470617,0.028023222854219224,0.1450203564123547,0.2404786083627713,0.0002261093971047279,0.00022904343564785564,0,0,0,13.43000030517578,-0.022561824680231157,0.0028497722979077267,0.061881109045536,0.0007553202237819
2024-02-28,13.520000457763672,13.899999618530272,13.4399995803833,13.84000015258789,0,0.0009043208509954,0.2373985997593458,0.2263130175921454,0.03007192795607594,0.2373985997593458,-0.022820236877552524,-0.0007275539764437511,-0.005201567196741141,0.12912471469125686,0.025317818772460754,0.2368433369636938,0.2361703053698624,0.2343383400177162,0.2361056884657418,0.1896757677536995,0.03260894011673221,0.022904512422372333,0.0007275539764437511,0.05586464536920488,0.03875384118821952,0.031936500967811025,0.0007275539764437511,0.09733116413954024,0.03875805435993973,0.03522227479491414,0.0007275539764437511,0.12912471469125686,0.0361611440040191,0.03020846349751906,0.0007275539764437511,0.12912471469125686,0.23658180398219972,0.0009237681833224343,0.2351792365688256,0.2373985997593458,0.23534073257735674,0.0031897054562180917,0.2286551405262716,0.2404786083627713,0.21464428217295334,0.02289422860530789,0.185091241327116,0.2404786083627713,0.1960310144898931,0.027794277999927685,0.1450203564123547,0.2404786083627713,0.00040848418907689973,0.00035488910777892104,0,0,0,13.84000015258789,0.030528655107632474,0.0023444307227318273,0.0592653351246348,0.0007028383958757
2024-02-29,14.140000343322754,14.149999618530272,13.300000190734863,13.399999618530272,0,0.0010438251326828,0.2386154618261983,0.2282231198596438,-0.03230828272568509,0.2386154618261983,0.03007192795607594,-0.022820236877552524,-0.05356033640438396,-0.09733116413954024,-0.02155415685780726,0.2373985997593458,0.2368433369636938,0.2351792365688256,0.2404786083627713,0.1908694740891164,0.028358529380992436,0.01980698228263547,0.0007275539764437511,0.05586464536920488,0.032251553046834004,0.02441972289318048,0.0007275539764437511,0.07961048317224328,0.03927015559174344,0.03503733087603501,0.0007275539764437511,0.12912471469125686,0.036853892377690836,0.029764810070297593,0.0007275539764437511,0.12912471469125686,0.23726904903367427,0.0008972779251151178,0.2361703053698624,0.2386154618261983,0.23515441792369945,0.0028972581030662866,0.2286551405262716,0.2386154618261983,0.21691790063662386,0.02278566859223317,0.185091241327116,0.2404786083627713,0.19821801823327934,0.02743437532484054,0.1450203564123547,0.2404786083627713,0.0013842191279199868,0.0008027817755497586,0,0,0,13.399999618530272,-0.03179194575191857,0.005125818214960276,0.0590214097255474,0.00074857081675
2024-03-01,13.34000015258789,13.65999984741211,13.079999923706056,13.109999656677246,0,0.0004787084463491,0.2274991130571663,0.2212192220264968,-0.021879406901220033,0.2274991130571663,-0.03230828272568509,0.03007192795607594,-0.05586464536920488,-0.026066983565291135,0.07523430485544269,0.2386154618261983,0.2373985997593458,0.237317541249271,0.2325984536035333,0.2051555024466181,0.021561481687395467,0.012486587936504959,0.0007275539764437511,0.03230828272568509,0.031832795380426895,0.024572985916742212,0.0007275539764437511,0.07961048317224328,0.036729446165351884,0.034224077718701174,0.0007275539764437511,0.12912471469125686,0.03733661222021999,0.02934058910012301,0.0007275539764437511,0.12912471469125686,0.23530536339525332,0.004455037086180474,0.2274991130571663,0.2386154618261983,0.23464448386906275,0.003727038625368387,0.2274991130571663,0.2386154618261983,0.21798188209426902,0.02273056171943794,0.185091241327116,0.2404786083627713,0.2001817981533939,0.0264685105558126,0.1563049704631308,0.2404786083627713,0.0006789594800128169,0.0008243936889735952,0,0,0,13.109999656677246,-0.021641788814083074,-0.04658687531794936,0.058117640506966,0.0006759376658975
2024-03-04,13.489999771118164,13.579999923706056,13.31999969482422,13.489999771118164,0,0.0008164381397812,0.226855301054626,0.219194722537026,0.028573381665131237,0.226855301054626,-0.021879406901220033,-0.03230828272568509,-0.0007275539764437511,0.016283513224718327,-0.03330100546520498,0.2274991130571663,0.2386154618261983,0.2361703053698624,0.2286551405262716,0.1994390404387852,0.027130647225132965,0.004574267337051743,0.021879406901220033,0.03230828272568509,0.033061782224468185,0.024009776359181185,0.0007275539764437511,0.07961048317224328,0.036504321222491226,0.03426328413212417,0.0007275539764437511,0.12912471469125686,0.036624163984816764,0.029177097679551317,0.0007275539764437511,0.12912471469125686,0.23344236253220604,0.005759578752379314,0.226855301054626,0.2386154618261983,0.2344644999218982,0.004075571469968741,0.226855301054626,0.2386154618261983,0.21928741831407095,0.02239718329139149,0.185091241327116,0.2404786083627713,0.2018615679293819,0.025847420746267117,0.1597298091771797,0.2404786083627713,0.00013478591182691384,0.00018685294952405342,0,0,0,13.489999771118164,0.02898551673472971,-0.0028299539013082464,0.0566349018259962,0.0005208042592593
2024-03-05,13.75,15.100000381469728,13.75,14.460000038146973,0,0.004821575588091,0.2372345286701875,0.2233265169351597,0.06943756611583574,0.2372345286701875,0.028573381665131237,-0.021879406901220033,-0.022820236877552524,0.07961048317224328,-0.0021637031473931145,0.226855301054626,0.2274991130571663,0.2368433369636938,0.2344277633522766,0.1896694876836704,0.036454113072789604,0.018843807724827945,0.021879406901220033,0.06943756611583574,0.03204449051882743,0.021945112128529207,0.0007275539764437511,0.06943756611583574,0.03970783850670278,0.0340362015925717,0.0007275539764437511,0.12912471469125686,0.03680854458905262,0.029363258961918746,0.0007275539764437511,0.12912471469125686,0.23352060087350476,0.0058196709607075525,0.226855301054626,0.2386154618261983,0.23474517645368928,0.004168352482925709,0.226855301054626,0.2386154618261983,0.2215524202658099,0.021644651108763725,0.185091241327116,0.2404786083627713,0.20354574261304184,0.025791506250949968,0.1597298091771797,0.2404786083627713,0.0031636268149289313,0.0034065158092295832,0,0,0,14.460000038146973,0.07190513591449865,0.045752634244426105,0.0571050228503232,0.0005706588230657
2024-03-06,14.270000457763672,14.93000030517578,13.890000343322754,14.5,0,7.631019824274772e-06,0.2368896879428449,0.223843715943846,0.002762430057806853,0.2368896879428449,0.06943756611583574,0.028573381665131237,0.03007192795607594,-0.005201567196741141,-0.013081603859307567,0.2372345286701875,0.226855301054626,0.2373985997593458,0.2343383400177162,0.190012666050841,0.03099221349313579,0.024318675132026155,0.002762430057806853,0.06943756611583574,0.031800576804934,0.022287498016134225,0.0007275539764437511,0.06943756611583574,0.03921644927805989,0.034511010185234114,0.0007275539764437511,0.12912471469125686,0.03672217842578762,0.029460086766269468,0.0007275539764437511,0.12912471469125686,0.23341881851020457,0.005738779365823938,0.226855301054626,0.2386154618261983,0.2350003112462022,0.00421846388333723,0.226855301054626,0.2386154618261983,0.22378465940352432,0.02062238273494565,0.185091241327116,0.2404786083627713,0.20530734756197366,0.02547254123833057,0.1597298091771797,0.2404786083627713,0.001880314315443631,0.002507911409143913,0,0,0,14.5,0.0027662490835065334,-0.0014535857376056782,0.0649228761373732,0.0008034437907392
2024-03-07,14.979999542236328,14.979999542236328,14.25,14.4399995803833,0,1.7193835612651962e-05,0.2324866473759102,0.2229709922250937,-0.004146545021177506,0.2324866473759102,0.002762430057806853,0.06943756611583574,-0.03230828272568509,-0.05356033640438396,-0.045649500338780236,0.2368896879428449,0.2372345286701875,0.2386154618261983,0.2351792365688256,0.1869874091430508,0.025359865952234273,0.027045947127444295,0.002762430057806853,0.06943756611583574,0.026859197666613356,0.022404560965614682,0.0007275539764437511,0.06943756611583574,0.03724011807245976,0.03530346083107498,0.0007275539764437511,0.12912471469125686,0.03546891065546301,0.029704438453169113,0.0007275539764437511,0.12912471469125686,0.23219305562014697,0.004951911812501255,0.226855301054626,0.2372345286701875,0.2347310523269106,0.004291081525685967,0.226855301054626,0.2386154618261983,0.2259512897955653,0.018879566108495845,0.185091241327116,0.2404786083627713,0.2067570111532501,0.025238946878505676,0.1597298091771797,0.2404786083627713,0.0009002077153540316,0.0007272642854946503,0,0,0,14.4399995803833,-0.004137959973565475,-0.01858688153617316,0.0608229623086106,0.0006561575132556
2024-03-08,14.220000267028809,15.529999732971191,13.970000267028809,14.739999771118164,0,0.0004228273796185,0.2327169253777224,0.2313837345598378,0.020562766827898926,0.2327169253777224,-0.004146545021177506,0.002762430057806853,-0.021879406901220033,-0.05586464536920488,-0.017767983297182433,0.2324866473759102,0.2368896879428449,0.2274991130571663,0.237317541249271,0.186715084533159,0.02509653793757005,0.027094671434935446,0.002762430057806853,0.06943756611583574,0.02332900981248276,0.01997605775417138,0.0007275539764437511,0.06943756611583574,0.03737320300249388,0.035231580294731425,0.0007275539764437511,0.12912471469125686,0.03547202240792281,0.029702831619036366,0.0007275539764437511,0.12912471469125686,0.23323661808425822,0.004209571001034259,0.226855301054626,0.2372345286701875,0.23427099073975577,0.004229140203174574,0.226855301054626,0.2386154618261983,0.22814185364530637,0.016634729304624306,0.185091241327116,0.2404786083627713,0.20818925389970855,0.024956398512733437,0.1597298091771797,0.2404786083627713,0.004041941655463124,0.005105032885221897,0,0,0,14.739999771118164,0.020775637081209553,0.0009904999035916795,0.0579011728483041,0.0006311076306839
2024-03-11,15.510000228881836,16.040000915527344,15.130000114440918,15.220000267028809,0,0.0010269139898086,0.2348921688044551,0.2331766786378702,0.032045498744889045,0.2348921688044551,0.020562766827898926,-0.004146545021177506,0.028573381665131237,-0.0007275539764437511,-0.0031225600728292946,0.2327169253777224,0.2324866473759102,0.226855301054626,0.2361703053698624,0.185091241327116,0.025790961353521612,0.027250107225757346,0.002762430057806853,0.06943756611583574,0.02646080428932729,0.01843443624648155,0.002762430057806853,0.06943756611583574,0.03875048579640149,0.03438075611956564,0.0007275539764437511,0.12912471469125686,0.03564527132227514,0.02966007135365162,0.0007275539764437511,0.12912471469125686,0.23484399163422404,0.0022351367161666225,0.2324866473759102,0.2372345286701875,0.23414317708321503,0.004184438692464095,0.226855301054626,0.2386154618261983,0.23051332638232255,0.013432040747311292,0.1853295018004138,0.2404786083627713,0.2096344461674311,0.024695881578576908,0.1597298091771797,0.2404786083627713,0.0012303575034764288,0.001568019779880763,0,0,0,15.220000267028809,0.032564484624427736,0.009347164686032361,0.057048687873284,0.0006770451570742
2024-03-12,14.970000267028809,15.199999809265137,13.8100004196167,13.84000015258789,0,0.0090340099126518,0.253159678338592,0.239718343997954,-0.09504740876347917,0.253159678338592,0.032045498744889045,0.020562766827898926,0.06943756611583574,-0.022820236877552524,0.010886603777725767,0.2348921688044551,0.2327169253777224,0.2372345286701875,0.2368433369636938,0.1853295018004138,0.030912929883050298,0.03785013199364115,0.002762430057806853,0.09504740876347917,0.033683521477919955,0.028338525218195135,0.002762430057806853,0.09504740876347917,0.04275814317667546,0.03584437736259374,0.0007275539764437511,0.12912471469125686,0.03777732755010757,0.030642523835472824,0.0007275539764437511,0.12912471469125686,0.23802902156790492,0.008645966954306961,0.2324866473759102,0.253159678338592,0.23577481122070484,0.0073431744692169475,0.226855301054626,0.253159678338592,0.23374333478890244,0.00964515833304214,0.1987475038799392,0.253159678338592,0.21173173684818272,0.024559222636212984,0.1597298091771797,0.253159678338592,0.003317215282644722,0.002219088584776507,0,0,1,13.84000015258789,-0.09067017675620026,0.07776976826053472,0.0577675188571721,0.00070231106295
2024-03-13,13.890000343322754,14.039999961853027,13.670000076293944,13.75,0,4.256436492673243e-05,0.2420391345804766,0.2387970247167863,-0.0065241371020796635,0.2420391345804766,-0.09504740876347917,0.032045498744889045,0.002762430057806853,0.03007192795607594,0.07449459331360897,0.253159678338592,0.2348921688044551,0.2368896879428449,0.2373985997593458,0.1987475038799392,0.03166527129190486,0.03718219484063891,0.004146545021177506,0.09504740876347917,0.03132874239252033,0.029621288910319923,0.002762430057806853,0.09504740876347917,0.03952145478565025,0.03590410109765156,0.0007275539764437511,0.12912471469125686,0.03745892140778121,0.030901235139704258,0.0007275539764437511,0.12912471469125686,0.23905891089543124,0.008781949433774916,0.2324866473759102,0.253159678338592,0.23623886470281796,0.007599353065763526,0.226855301054626,0.253159678338592,0.23580484101273752,0.005547286419651761,0.226855301054626,0.253159678338592,0.21357195568326806,0.023838067784111468,0.1597298091771797,0.253159678338592,0.0002572505371605088,0.0003169818422851165,0,0,0,13.75,-0.00650290112685159,-0.0439269943424484,0.0696013839078566,0.000920659455038
2024-03-14,13.619999885559082,15.329999923706056,13.420000076293944,14.399999618530272,0,0.0021334566057012,0.2098647357944371,0.1821355779316389,0.046189355978420554,0.2098647357944371,-0.0065241371020796635,-0.09504740876347917,-0.004146545021177506,-0.03230828272568509,0.12912471469125686,0.2420391345804766,0.253159678338592,0.2324866473759102,0.2386154618261983,0.2361056884657418,0.04007383348335347,0.03402282910947256,0.0065241371020796635,0.09504740876347917,0.03271684971779387,0.0299951787381427,0.002762430057806853,0.09504740876347917,0.035572151989800904,0.029555261282192342,0.0007275539764437511,0.09733116413954024,0.038066169767594436,0.030814039270764,0.0007275539764437511,0.12912471469125686,0.23453452857913665,0.01593145927690695,0.2098647357944371,0.253159678338592,0.2333637920996418,0.011190459926090664,0.2098647357944371,0.253159678338592,0.23455527183791353,0.007922930002226113,0.2098647357944371,0.253159678338592,0.2147656444122504,0.022280536045224883,0.1811215973948455,0.253159678338592,0.0063862485753101135,0.007655224143168185,0,0,0,14.399999618530272,0.04727269952947433,-0.13293056448002505,0.0640328500939489,0.0008082449872394
2024-03-15,14.329999923706056,15.529999732971191,14.140000343322754,14.40999984741211,0,4.819404800917953e-07,0.1859309919238609,0.1838046489573549,0.0006942193314016798,0.1859309919238609,0.046189355978420554,-0.0065241371020796635,0.020562766827898926,-0.021879406901220033,-0.09733116413954024,0.2098647357944371,0.2420391345804766,0.2327169253777224,0.2274991130571663,0.2404786083627713,0.036100123984054024,0.03781974370368074,0.0006942193314016798,0.09504740876347917,0.030598330960812038,0.03155333086946656,0.0006942193314016798,0.09504740876347917,0.030970392713222876,0.026858763967050222,0.0006942193314016798,0.09504740876347917,0.03603600873337524,0.030387477350874603,0.0006942193314016798,0.12912471469125686,0.22517734188836433,0.027094561072935102,0.1859309919238609,0.253159678338592,0.2292069799863113,0.018766763596570663,0.1859309919238609,0.253159678338592,0.23195776629320353,0.013120600866244898,0.1859309919238609,0.253159678338592,0.21488015380579842,0.02211515224330735,0.185091241327116,0.253159678338592,0.0031710619525697164,0.004384052765494936,0,0,0,14.40999984741211,0.0006944603574134955,-0.11404366617371753,0.0644088763530014,0.0009450295631473
2024-03-18,14.75,14.850000381469728,14.260000228881836,14.329999923706056,0,3.099330282632715e-05,0.1841788245929048,0.1830605076187479,-0.005567162906393808,0.1841788245929048,0.0006942193314016798,0.046189355978420554,0.032045498744889045,0.028573381665131237,-0.026066983565291135,0.1859309919238609,0.2098647357944371,0.2348921688044551,0.226855301054626,0.2325984536035333,0.030804456816354974,0.04030177827290321,0.0006942193314016798,0.09504740876347917,0.028297709084938293,0.03254064901521587,0.0006942193314016798,0.09504740876347917,0.02999421077708491,0.027412709776196486,0.0006942193314016798,0.09504740876347917,0.03458788611379396,0.030354957678701642,0.0006942193314016798,0.12912471469125686,0.21503467304605425,0.03165672464553403,0.1841788245929048,0.253159678338592,0.22493933234013913,0.023592840163967215,0.1841788245929048,0.253159678338592,0.22965206967364976,0.016753774435432738,0.1841788245929048,0.253159678338592,0.21470662318928427,0.02233089000539425,0.1841788245929048,0.253159678338592,0.0005928069885195917,0.0004994393812332231,0,0,0,14.329999923706056,-0.005551694972461774,-0.009423750784235074,0.0604325255080795,0.000722261445066
2024-03-19,14.5,14.859999656677246,13.800000190734863,13.81999969482422,0,0.0013132245523811,0.187002436288583,0.1839664754438128,-0.03623844025866907,0.187002436288583,-0.005567162906393808,0.0006942193314016798,-0.09504740876347917,0.06943756611583574,0.016283513224718327,0.1841788245929048,0.1859309919238609,0.253159678338592,0.2372345286701875,0.2286551405262716,0.019042663115392953,0.02066159283358806,0.0006942193314016798,0.046189355978420554,0.024977796499221626,0.029421069027080245,0.0006942193314016798,0.09504740876347917,0.03094444539774923,0.02725910715467887,0.0006942193314016798,0.09504740876347917,0.03436377589738401,0.030305993338707995,0.0006942193314016798,0.12912471469125686,0.20180322463605246,0.024827036648937695,0.1841788245929048,0.2420391345804766,0.2199161231019787,0.025917194810806114,0.1841788245929048,0.253159678338592,0.22766860756709315,0.01916919397931461,0.1841788245929048,0.253159678338592,0.21448834738556144,0.02256012554007367,0.1841788245929048,0.253159678338592,0.0019752849332854874,0.001847122513489262,0,0,0,13.81999969482422,-0.03558968817844477,0.015330816134369929,0.0576298259081593,0.0007452370339131
2024-03-20,13.829999923706056,14.170000076293944,13.010000228881836,13.039999961853027,0,0.0033750572225377,0.1789053922314397,0.188184718796523,-0.05809524268421429,0.1789053922314397,-0.03623844025866907,-0.005567162906393808,-0.0065241371020796635,0.002762430057806853,0.07961048317224328,0.187002436288583,0.1841788245929048,0.2420391345804766,0.2368896879428449,0.2344277633522766,0.02935688423181988,0.025219438757257687,0.0006942193314016798,0.05809524268421429,0.03051107776186237,0.029976777020147255,0.0006942193314016798,0.09504740876347917,0.029919910136414516,0.025698169093820136,0.0006942193314016798,0.09504740876347917,0.03430565893208183,0.030256879781958256,0.0006942193314016798,0.12912471469125686,0.18917647616624508,0.011976387082982628,0.1789053922314397,0.2098647357944371,0.21411769353083815,0.02809284046784406,0.1789053922314397,0.253159678338592,0.22502468513276758,0.02183406523836253,0.1789053922314397,0.253159678338592,0.2138895139713855,0.023169360370188356,0.1789053922314397,0.253159678338592,0.0026309904321689293,0.0023108931354116143,0,0,0,13.039999961853027,-0.05643992403728593,-0.04329913672700991,0.0575861124943857,0.000528427671456
2024-03-21,12.979999542236328,13.079999923706056,12.399999618530272,12.920000076293944,0,8.54709368102684e-05,0.1790685734711519,0.1877527180520488,-0.009245049313566067,0.1790685734711519,-0.05809524268421429,-0.03623844025866907,0.046189355978420554,-0.004146545021177506,-0.005201567196741141,0.1789053922314397,0.187002436288583,0.2098647357944371,0.2324866473759102,0.2343383400177162,0.02196802289884898,0.024455356287600434,0.0006942193314016798,0.05809524268421429,0.03102092819110123,0.029518394169978174,0.0006942193314016798,0.09504740876347917,0.03011245690388237,0.025518221654771904,0.0006942193314016798,0.09504740876347917,0.034328038328769184,0.030237520931819698,0.0006942193314016798,0.12912471469125686,0.18301724370158806,0.0038151106775318275,0.1789053922314397,0.187002436288583,0.20877588614036235,0.02926610185406458,0.1789053922314397,0.253159678338592,0.2223927914876931,0.02388962534350604,0.1789053922314397,0.253159678338592,0.21329087684080003,0.023743224439758362,0.1789053922314397,0.253159678338592,0.001028016765432033,0.0014168415419589483,0,0,0,12.920000076293944,-0.009202445238506884,0.0009121091191097719,0.0608596580271782,0.0007048412090955
2024-03-22,12.920000076293944,13.149999618530272,12.579999923706056,13.0600004196167,0,0.0001161577765683,0.1712104031471537,0.1883815195297341,0.010777651718640868,0.1712104031471537,-0.009245049313566067,-0.05809524268421429,0.0006942193314016798,0.020562766827898926,-0.05356033640438396,0.1790685734711519,0.1789053922314397,0.1859309919238609,0.2327169253777224,0.2351792365688256,0.02398470937629682,0.022608473919068513,0.005567162906393808,0.05809524268421429,0.030042416680175422,0.03006079507494281,0.0006942193314016798,0.09504740876347917,0.02807518620456127,0.025259121577139245,0.0006942193314016798,0.09504740876347917,0.03340040493777997,0.03035064163688059,0.0006942193314016798,0.12912471469125686,0.1800731259462466,0.0060372321123945,0.1712104031471537,0.187002436288583,0.2026252339173055,0.030126085752035334,0.1712104031471537,0.253159678338592,0.21934665656285157,0.026149158668973996,0.1712104031471537,0.253159678338592,0.2128126831552735,0.024390468056909524,0.1712104031471537,0.253159678338592,0.0007082496168814318,0.0009369713560594882,0,0,0,13.0600004196167,0.010835939821674856,-0.04388358142175164,0.0579480812132166,0.0005476599292466
2024-03-25,13.670000076293944,13.670000076293944,13.109999656677246,13.1899995803833,0,9.810464580624128e-05,0.1621426784945595,0.1878544845867708,0.009904778937777525,0.1621426784945595,0.010777651718640868,-0.009245049313566067,-0.005567162906393808,0.032045498744889045,-0.05586464536920488,0.1712104031471537,0.1790685734711519,0.1841788245929048,0.2348921688044551,0.237317541249271,0.024852232582573564,0.021793621844545284,0.009245049313566067,0.05809524268421429,0.02782834469946427,0.030705326308797718,0.0006942193314016798,0.09504740876347917,0.025886621136398065,0.02471617684669511,0.0006942193314016798,0.09504740876347917,0.03254241495037617,0.03049649927941997,0.0006942193314016798,0.12912471469125686,0.17566589672657756,0.009398384485946333,0.1621426784945595,0.187002436288583,0.19535028488631592,0.030252020606822198,0.1621426784945595,0.253159678338592,0.2157669011935796,0.028597031990879873,0.1621426784945595,0.253159678338592,0.2119892190638012,0.025505116714063806,0.1621426784945595,0.253159678338592,0.0006310397770220752,0.0003812443320071622,0,0,0,13.1899995803833,0.009953993613303291,-0.05296246306248442,0.0563320918230545,0.0005570161987303
2024-03-26,13.119999885559082,13.43000030517578,12.84000015258789,13.239999771118164,0,1.4315616139171204e-05,0.1621851857314367,0.1883484171707765,0.00378359830573638,0.1621851857314367,0.009904778937777525,0.010777651718640868,-0.03623844025866907,-0.09504740876347917,-0.0007275539764437511,0.1621426784945595,0.1712104031471537,0.187002436288583,0.253159678338592,0.2361703053698624,0.018361264191987026,0.022379823972845193,0.00378359830573638,0.05809524268421429,0.01870196365368999,0.020309254921333873,0.0006942193314016798,0.05809524268421429,0.02603214705684057,0.02456919634682001,0.0006942193314016798,0.09504740876347917,0.03207730889379157,0.030788178869768274,0.0006942193314016798,0.12912471469125686,0.17070244661514827,0.008416528061395673,0.1621426784945595,0.1790685734711519,0.18625283562560038,0.023960673235952225,0.1621426784945595,0.2420391345804766,0.2122438002584165,0.030454760760386154,0.1621426784945595,0.253159678338592,0.21126567015208378,0.026481683720877506,0.1621426784945595,0.253159678338592,0.0007279552791347467,0.0009771377994170075,0,0,0,13.239999771118164,0.003790765149775055,0.0002621594590139775,0.0551790456333973,0.0005496775217845
2024-03-27,13.130000114440918,13.34000015258789,12.65999984741211,12.779999732971191,0,0.0012504077586032,0.1644192173019817,0.190358360847173,-0.03536110516659896,0.1644192173019817,0.00378359830573638,0.009904778937777525,-0.05809524268421429,-0.0065241371020796635,-0.022820236877552524,0.1621851857314367,0.1621426784945595,0.1789053922314397,0.2420391345804766,0.2368433369636938,0.01381443668846396,0.012351755227795533,0.00378359830573638,0.03536110516659896,0.02158566046014192,0.020434891139225978,0.0006942193314016798,0.05809524268421429,0.026629331261080875,0.024639533342309887,0.0006942193314016798,0.09504740876347917,0.032580499734709945,0.030661769648796456,0.0006942193314016798,0.12912471469125686,0.1678052116292567,0.00730706130112611,0.1621426784945595,0.1790685734711519,0.17849084389775088,0.01464064107380398,0.1621426784945595,0.2098647357944371,0.2087950326554778,0.03160864488611388,0.1621426784945595,0.253159678338592,0.2105833995093192,0.027317726892198555,0.1621426784945595,0.253159678338592,0.000987288690790421,0.0010866829377345095,0,0,0,12.779999732971191,-0.0347432058987206,0.013774572322803547,0.0541203102025951,0.0004597091474042
2024-03-28,12.93000030517578,13.100000381469728,12.84000015258789,13.010000228881836,0,0.0003181543616958,0.1626269120683804,0.1896648860172899,0.01783688206206069,0.1626269120683804,-0.03536110516659896,0.00378359830573638,-0.009245049313566067,0.046189355978420554,0.03007192795607594,0.1644192173019817,0.1621851857314367,0.1790685734711519,0.2098647357944371,0.2373985997593458,0.015532803238162885,0.012153191727233306,0.00378359830573638,0.03536110516659896,0.018750413068505934,0.018519023886719835,0.0006942193314016798,0.05809524268421429,0.026046710028032532,0.024698643039571828,0.0006942193314016798,0.09504740876347917,0.03240238219398613,0.03072664851165037,0.0006942193314016798,0.12912471469125686,0.1645168793487024,0.0038554636510307262,0.1621426784945595,0.1712104031471537,0.17376706152514523,0.010399451805917241,0.1621426784945595,0.187002436288583,0.20523447609876516,0.03242624794463877,0.1621426784945595,0.253159678338592,0.20993937913585925,0.028129431645533734,0.1621426784945595,0.253159678338592,0.0001449476326059525,0.00018624336987139965,0,0,0,13.010000228881836,0.017996909289228258,-0.010900825724704966,0.0551428594117564,0.0003737057215589
2024-04-01,13.609999656677246,14.149999618530272,13.550000190734863,13.649999618530272,0,0.0023060340712035,0.1664623725272998,0.1877915052591701,0.04802118356729235,0.1664623725272998,0.01783688206206069,-0.03536110516659896,0.010777651718640868,0.0006942193314016798,-0.03230828272568509,0.1626269120683804,0.1644192173019817,0.1712104031471537,0.1859309919238609,0.2386154618261983,0.02298150960789318,0.01834575927946164,0.00378359830573638,0.04802118356729235,0.023483109492095,0.019417506220459884,0.00378359830573638,0.05809524268421429,0.026794943401442402,0.02513202403090594,0.0006942193314016798,0.09504740876347917,0.03303254949659292,0.03077011076958093,0.0006942193314016798,0.12912471469125686,0.1635672732247316,0.0018662344287222652,0.1621426784945595,0.1664623725272998,0.17182019958548914,0.009665700786584757,0.1621426784945595,0.187002436288583,0.20179861470357952,0.03253483433836698,0.1621426784945595,0.253159678338592,0.2093582576701017,0.028777645138004484,0.1621426784945595,0.253159678338592,0.0006770995874733046,0.0009353323886231754,0,0,0,13.649999618530272,0.04919288073705452,0.0235844142284809,0.0548991282481579,0.0003803639064698
2024-04-02,13.739999771118164,15.43000030517578,13.68000030517578,14.609999656677246,0,0.0046194734750597,0.1784670459668341,0.1995325267770608,0.06796670857897791,0.1784670459668341,0.04802118356729235,0.01783688206206069,0.009904778937777525,-0.005567162906393808,-0.021879406901220033,0.1664623725272998,0.1626269120683804,0.1621426784945595,0.1841788245929048,0.2274991130571663,0.034593895536133255,0.02512318272471264,0.00378359830573638,0.06796670857897791,0.02972306405935341,0.02275911306131816,0.00378359830573638,0.06796670857897791,0.028989576814668967,0.02664787013474278,0.0006942193314016798,0.09504740876347917,0.03285951149001042,0.030546620959076176,0.0006942193314016798,0.12912471469125686,0.16683214671918653,0.006719525405839752,0.1621851857314367,0.1784670459668341,0.17124902172288206,0.009000089249545403,0.1621426784945595,0.187002436288583,0.19946375436594468,0.0323571262350915,0.1621426784945595,0.253159678338592,0.20872281823010685,0.02916475995746271,0.1621426784945595,0.253159678338592,0.005226539274546419,0.005789448029317462,0,0,1,14.609999656677246,0.07032967508978882,0.07211643843154714,0.0589132046291812,0.0005437696640887
2024-04-03,15.0,15.18000030517578,14.25,14.329999923706056,0,0.0003744598753584,0.1772244572052777,0.2027808146696583,-0.019350965747437332,0.1772244572052777,0.06796670857897791,0.04802118356729235,0.00378359830573638,-0.03623844025866907,0.028573381665131237,0.1784670459668341,0.1664623725272998,0.1621851857314367,0.187002436288583,0.226855301054626,0.03770736902447345,0.020972011993260934,0.01783688206206069,0.06796670857897791,0.028034316608230237,0.02284830813789417,0.00378359830573638,0.06796670857897791,0.028550414151921638,0.026730936308455234,0.0006942193314016798,0.09504740876347917,0.03252736768720643,0.03061746297682382,0.0006942193314016798,0.12912471469125686,0.16984000101395474,0.007446106704912849,0.1626269120683804,0.1784670459668341,0.1702712238145515,0.0075054745184813965,0.1621426784945595,0.1790685734711519,0.19710038084930903,0.03206763606045302,0.1621426784945595,0.253159678338592,0.20819389958169,0.02953630286665684,0.1621426784945595,0.253159678338592,0.0014416154678787087,0.0011919092608623596,0,0,0,14.329999923706056,-0.019164937683158745,-0.006962566981622564,0.0655125454534184,0.0007502285909263
2024-04-04,14.289999961853027,16.920000076293945,13.739999771118164,16.350000381469727,0,0.0173904048272294,0.2097077429921073,0.2314916945380666,0.131872684158735,0.2097077429921073,-0.019350965747437332,0.06796670857897791,-0.03536110516659896,-0.05809524268421429,0.06943756611583574,0.1772244572052777,0.1784670459668341,0.1644192173019817,0.1789053922314397,0.2372345286701875,0.057009684822900655,0.04679210882326971,0.01783688206206069,0.131872684158735,0.035412060755682304,0.03948676694628609,0.00378359830573638,0.131872684158735,0.03152351501110732,0.03399188542805308,0.0006942193314016798,0.131872684158735,0.03561567675890505,0.03385101827283784,0.0006942193314016798,0.131872684158735,0.17889770615197986,0.018517693314714975,0.1626269120683804,0.2097077429921073,0.17335145889061826,0.01450211106885344,0.1621426784945595,0.2097077429921073,0.19578958153130518,0.03088590238046414,0.1621426784945595,0.253159678338592,0.20867100089855756,0.029391262297050316,0.1621426784945595,0.253159678338592,0.01563197265694416,0.014664892800804161,0,0,1,16.350000381469727,0.14096304734949738,0.18328895627088548,0.0614662989103915,0.0007161950563408
2024-04-05,16.450000762939453,16.75,15.529999732971191,16.030000686645508,0,0.0003906912462879,0.210619081987619,0.2318853478510631,-0.01976591121825466,0.210619081987619,0.131872684158735,-0.019350965747437332,0.01783688206206069,-0.009245049313566067,0.002762430057806853,0.2097077429921073,0.1772244572052777,0.1626269120683804,0.1790685734711519,0.2368896879428449,0.057395490654139444,0.04639464343540164,0.019350965747437332,0.131872684158735,0.03646414694615117,0.03884708415891263,0.00378359830573638,0.131872684158735,0.03233320459017626,0.03347106152845543,0.0006942193314016798,0.131872684158735,0.03577482693411808,0.033758076099667966,0.0006942193314016798,0.131872684158735,0.1884961401358276,0.020325335992763857,0.1664623725272998,0.210619081987619,0.17650650974226498,0.01870664737017451,0.1621426784945595,0.210619081987619,0.19453860029534206,0.029645075998171903,0.1621426784945595,0.253159678338592,0.20916162984943323,0.029243823501466582,0.1621426784945595,0.253159678338592,0.002062724223346649,0.002601142408668647,0,0,0,16.030000686645508,-0.019571846321599473,0.004345757493303459,0.0853740879291503,0.0012428921024859
2024-04-08,16.239999771118164,16.5,15.109999656677246,15.1899995803833,0,0.0028971005340335,0.2173483480400261,0.2359319704812783,-0.053824720473343746,0.2173483480400261,-0.01976591121825466,0.131872684158735,0.04802118356729235,0.010777651718640868,-0.004146545021177506,0.210619081987619,0.2097077429921073,0.1664623725272998,0.1712104031471537,0.2324866473759102,0.05855619803534973,0.046173553892335906,0.019350965747437332,0.131872684158735,0.04076885382162145,0.03806157583023963,0.00378359830573638,0.131872684158735,0.03469883199266036,0.033133153050212215,0.0006942193314016798,0.131872684158735,0.03596947503256006,0.03383987183957201,0.0006942193314016798,0.131872684158735,0.19867333523837283,0.01924554245805474,0.1772244572052777,0.2173483480400261,0.18112030423155223,0.022550151310328122,0.1621426784945595,0.2173483480400261,0.19381772889839524,0.02884954780122662,0.1621426784945595,0.253159678338592,0.20988450934698025,0.029056978811161552,0.1621426784945595,0.253159678338592,0.0027932878625242796,0.0021465144529557844,0,0,0,15.1899995803833,-0.05240181349224815,0.03194993534727608,0.0757588620659256,0.0011167919840674
2024-04-09,15.34000015258789,16.6299991607666,14.9399995803833,14.979999542236328,0,0.0001938037478341,0.2168208494678128,0.2361443128215681,-0.013921341452395097,0.2168208494678128,-0.053824720473343746,-0.01976591121825466,0.06796670857897791,0.009904778937777525,0.020562766827898926,0.2173483480400261,0.210619081987619,0.1784670459668341,0.1621426784945595,0.2327169253777224,0.047747124610033165,0.04961733741373465,0.013921341452395097,0.131872684158735,0.041170510073083214,0.03771933856593781,0.00378359830573638,0.131872684158735,0.034382573641445896,0.03330607451317642,0.0006942193314016798,0.131872684158735,0.035877888321969885,0.03389549490266761,0.0006942193314016798,0.131872684158735,0.2063440959385686,0.016646312774932153,0.1772244572052777,0.2173483480400261,0.18658812132887756,0.0240184936397928,0.1621851857314367,0.2173483480400261,0.19306077290268522,0.027973104588095675,0.1621426784945595,0.253159678338592,0.2106013132739958,0.028842016843851456,0.1621426784945595,0.253159678338592,0.004142183438254925,0.005524430675334215,0,0,0,14.979999542236328,-0.013824887685854326,-0.0024269729996574396,0.0720856308704494,0.0011952263596897
2024-04-10,15.239999771118164,16.6200008392334,14.59000015258789,15.800000190734863,0,0.0028402509235332,0.2209629328590399,0.2462814548250871,0.0532940045739978,0.2209629328590399,-0.013921341452395097,-0.053824720473343746,-0.019350965747437332,0.00378359830573638,0.032045498744889045,0.2168208494678128,0.2173483480400261,0.1772244572052777,0.1621851857314367,0.2348921688044551,0.05453573237534526,0.047014680553902885,0.013921341452395097,0.131872684158735,0.04612155069990935,0.035447624009384324,0.013921341452395097,0.131872684158735,0.03539440725235584,0.033553369680264795,0.0006942193314016798,0.131872684158735,0.03707244652437866,0.033595718523894647,0.0006942193314016798,0.131872684158735,0.21509179106932103,0.004783960139114213,0.2097077429921073,0.2209629328590399,0.19246589604163789,0.024568802206466726,0.1626269120683804,0.2209629328590399,0.19239747595290355,0.027082574871450823,0.1621426784945595,0.253159678338592,0.21145540116761308,0.028598269252036304,0.1621426784945595,0.253159678338592,0.006120776016267256,0.00798215337119601,0,0,0,15.800000190734863,0.05473969783420429,0.019103713509996068,0.065957725902793,0.0010420429057473
2024-04-11,16.020000457763672,17.610000610351562,14.90999984741211,14.90999984741211,0,0.0033614291845465,0.207730683745958,0.2594767874462977,-0.05797783356203068,0.207730683745958,0.0532940045739978,-0.013921341452395097,0.131872684158735,-0.03536110516659896,-0.09504740876347917,0.2209629328590399,0.2168208494678128,0.2097077429921073,0.1644192173019817,0.253159678338592,0.0397567622560044,0.021096652049752654,0.013921341452395097,0.05797783356203068,0.04838322353945253,0.03540627541065465,0.013921341452395097,0.131872684158735,0.03362918938562019,0.031146963749417687,0.0006942193314016798,0.131872684158735,0.03819366628114783,0.03348610984632429,0.0006942193314016798,0.131872684158735,0.21469637922009116,0.005384265807106293,0.207730683745958,0.2209629328590399,0.19679704268603554,0.02283137125273979,0.1626269120683804,0.2209629328590399,0.19023419049611145,0.023573399598383636,0.1621426784945595,0.2420391345804766,0.21198876264250696,0.02830653813442194,0.1621426784945595,0.253159678338592,0.00999086351533446,0.011858512995389044,0,0,0,14.90999984741211,-0.05632913497334324,-0.059884474476645466,0.0668213703446408,0.0011691870731077
2024-04-12,14.90999984741211,19.200000762939453,14.90999984741211,17.309999465942383,0,0.0222762251130936,0.2557062723472582,0.3002250758749937,0.14925221979285164,0.2557062723472582,-0.05797783356203068,0.0532940045739978,-0.01976591121825466,0.01783688206206069,-0.0065241371020796635,0.207730683745958,0.2209629328590399,0.210619081987619,0.1626269120683804,0.2420391345804766,0.06565402397092379,0.05004137084745026,0.013921341452395097,0.14925221979285164,0.06152475731253162,0.04570061435828391,0.013921341452395097,0.14925221979285164,0.040425764751847434,0.0394123116211952,0.0006942193314016798,0.14925221979285164,0.03997360976874884,0.03723926668494795,0.0006942193314016798,0.14925221979285164,0.223713817292019,0.018537646208464605,0.207730683745958,0.2557062723472582,0.20610497871392325,0.026093350369143807,0.1664623725272998,0.2557062723472582,0.1908850065802439,0.025207191285184727,0.1621426784945595,0.2557062723472582,0.21334492379649073,0.029012322276698768,0.1621426784945595,0.2557062723472582,0.02306414349785511,0.02336851192691116,0,0,1,17.309999465942383,0.16096577083110009,0.23095090111950634,0.0667047196677937,0.0008431792322824
2024-04-15,16.940000534057617,19.459999084472656,16.260000228881836,19.229999542236328,0,0.0110643465095849,0.2726106887515855,0.3088521556268211,0.1051871974604559,0.2726106887515855,0.14925221979285164,-0.05797783356203068,-0.053824720473343746,0.04802118356729235,0.046189355978420554,0.2557062723472582,0.207730683745958,0.2173483480400261,0.1664623725272998,0.2098647357944371,0.07592651936834623,0.052229957308123055,0.013921341452395097,0.14925221979285164,0.06724135870184797,0.04736874524627198,0.013921341452395097,0.14925221979285164,0.043235185774801496,0.04186984628166195,0.0006942193314016798,0.14925221979285164,0.0394036688823012,0.03600424495754182,0.0006942193314016798,0.14925221979285164,0.23476628543433087,0.02790240530560076,0.207730683745958,0.2726106887515855,0.21671981033635185,0.029538098073133432,0.1772244572052777,0.2726106887515855,0.19387290910201288,0.030691552635874787,0.1621426784945595,0.2726106887515855,0.2142140904699632,0.030232012655416647,0.1621426784945595,0.2726106887515855,0.011640806426498458,0.009927256748843365,0,0,1,19.229999542236328,0.11091855202373435,0.0661087279915078,0.093552786480645,0.0014302869292666
2024-04-16,19.489999771118164,19.559999465942383,17.639999389648438,18.399999618530277,0,0.0019466531032105,0.27615712698452,0.3099493753381419,-0.044120891913135285,0.27615712698452,0.1051871974604559,0.14925221979285164,-0.013921341452395097,0.06796670857897791,0.0006942193314016798,0.2726106887515855,0.2557062723472582,0.2168208494678128,0.1784670459668341,0.1859309919238609,0.08196642946049426,0.04443092121895004,0.044120891913135285,0.14925221979285164,0.06485677703526371,0.04792511495458714,0.013921341452395097,0.14925221979285164,0.04530312256440786,0.04072034355733205,0.00378359830573638,0.14925221979285164,0.03813675763881537,0.03483332321270171,0.0006942193314016798,0.14925221979285164,0.2466335409376723,0.030826860096548316,0.207730683745958,0.27615712698452,0.22648881843812046,0.03156594257441713,0.1772244572052777,0.27615712698452,0.198169391723949,0.03546786679993044,0.1621426784945595,0.27615712698452,0.21506357900857628,0.03146417418269054,0.1621426784945595,0.27615712698452,0.00385002318973994,0.004057819404015606,0,0,0,18.399999618530277,-0.043161723529065,0.01300916794266338,0.0957727722648238,0.0015718484084395
2024-04-17,18.239999771118164,19.11000061035156,17.540000915527344,18.209999084472656,0,0.0001077402567476,0.2762960472722431,0.3132514787555521,-0.010379800419450635,0.2762960472722431,-0.044120891913135285,0.1051871974604559,0.0532940045739978,-0.019350965747437332,-0.005567162906393808,0.27615712698452,0.2726106887515855,0.2209629328590399,0.1772244572052777,0.1841788245929048,0.07338358862958483,0.054384369920048636,0.010379800419450635,0.14925221979285164,0.06395966050246504,0.04894471226711477,0.010379800419450635,0.14925221979285164,0.04553229577931533,0.04049846700841229,0.00378359830573638,0.14925221979285164,0.03776325327820012,0.035049333400377414,0.0006942193314016798,0.14925221979285164,0.25770016382031297,0.029196381053297867,0.207730683745958,0.2762960472722431,0.23639597744481694,0.02988857703783087,0.207730683745958,0.2762960472722431,0.20255592613725087,0.03915568571607769,0.1621426784945595,0.2762960472722431,0.2161039979054503,0.032754163420833524,0.1621426784945595,0.2762960472722431,0.002650680658555393,0.003673576893003289,0,0,0,18.209999084472656,-0.010326116195473967,0.0005030479902512486,0.0851900024020437,0.0015304883632082
2024-04-18,17.90999984741211,18.3700008392334,17.209999084472656,18.0,0,0.0001345387859969,0.27415473727784,0.3125472412557802,-0.011599085567274514,0.27415473727784,-0.010379800419450635,-0.044120891913135285,-0.05797783356203068,0.131872684158735,-0.03623844025866907,0.2762960472722431,0.27615712698452,0.207730683745958,0.2097077429921073,0.187002436288583,0.06410783903063359,0.0611972806641474,0.010379800419450635,0.14925221979285164,0.051932300643318996,0.04502239060708011,0.010379800419450635,0.14925221979285164,0.0443589931749632,0.04113313395941045,0.00378359830573638,0.14925221979285164,0.03765171928635622,0.03512672133116403,0.0006942193314016798,0.14925221979285164,0.27098497452668935,0.008675939973341198,0.2557062723472582,0.2762960472722431,0.24284067687339025,0.030437666567731288,0.207730683745958,0.2762960472722431,0.2067060357081679,0.04194409469146712,0.1621426784945595,0.2762960472722431,0.2171873216376305,0.03391140194071455,0.1621426784945595,0.2762960472722431,0.0015345740073442686,0.0021176653919605924,0,0,0,18.0,-0.011532075509642303,-0.007750056562673913,0.0754120588051686,0.0013897938088728
2024-04-19,21.32999992370605,21.36000061035156,18.170000076293945,18.709999084472656,0,0.0014966323963708,0.2707072129547244,0.3232505260154198,0.03868633345731798,0.2707072129547244,-0.011599085567274514,-0.010379800419450635,0.14925221979285164,-0.01976591121825466,-0.05809524268421429,0.27415473727784,0.2762960472722431,0.2557062723472582,0.210619081987619,0.1789053922314397,0.04199466176352686,0.0385102355509086,0.010379800419450635,0.1051871974604559,0.05382434286722533,0.0439040895387836,0.010379800419450635,0.14925221979285164,0.04343475940225386,0.041026973038934364,0.00378359830573638,0.14925221979285164,0.036677334769334186,0.03449637849934185,0.0006942193314016798,0.14925221979285164,0.2739851626481826,0.0023833015475099653,0.2707072129547244,0.2762960472722431,0.2488494899701008,0.02927896139375465,0.207730683745958,0.2762960472722431,0.21107755098070524,0.04365094697691085,0.1621426784945595,0.2762960472722431,0.2180511180567364,0.03481137966534487,0.1621426784945595,0.2762960472722431,0.009436114984815645,0.006446322237511215,0,0,0,18.709999084472656,0.039444393581814285,-0.012575103962627399,0.0682750393381447,0.0013525336735242
2024-04-22,18.59000015258789,18.71999931335449,16.690000534057617,16.940000534057617,0,0.0098764580612196,0.2882245344694373,0.3289601560624723,-0.09938037060315086,0.2882245344694373,0.03868633345731798,-0.011599085567274514,0.1051871974604559,-0.053824720473343746,-0.009245049313566067,0.2707072129547244,0.27415473727784,0.2726106887515855,0.2173483480400261,0.1790685734711519,0.04083329639206586,0.036142883574550894,0.010379800419450635,0.09938037060315086,0.05837990788020604,0.04620719237079472,0.010379800419450635,0.14925221979285164,0.04772691755890075,0.04197520126036758,0.00378359830573638,0.14925221979285164,0.03891968723139156,0.03544826873173353,0.0006942193314016798,0.14925221979285164,0.27710793179175297,0.006611213973560537,0.2707072129547244,0.2882245344694373,0.2559371086130419,0.029384514116605417,0.207730683745958,0.2882245344694373,0.21627545388538547,0.046080258122697795,0.1621426784945595,0.2882245344694373,0.2193341226865393,0.03638379995214172,0.1621426784945595,0.2882245344694373,0.00475189847283256,0.00325034253757637,0,0,1,16.940000534057617,-0.09460174436266822,0.06470947457777076,0.0660538444573988,0.0010297965597033
2024-04-23,16.719999313354492,16.760000228881836,15.6899995803833,15.6899995803833,0,0.0058758634263928,0.2980488012389051,0.3302669772583179,-0.07665418074960328,0.2980488012389051,-0.09938037060315086,0.03868633345731798,-0.044120891913135285,-0.013921341452395097,0.010777651718640868,0.2882245344694373,0.2707072129547244,0.27615712698452,0.2168208494678128,0.1712104031471537,0.04733995415935945,0.03964176026514419,0.010379800419450635,0.09938037060315086,0.06465319180992686,0.04369056044576434,0.010379800419450635,0.14925221979285164,0.05086389513180373,0.04153506683056285,0.00378359830573638,0.14925221979285164,0.0394695406681825,0.03585765052984916,0.0006942193314016798,0.14925221979285164,0.28148626664263,0.011364412698265812,0.2707072129547244,0.2980488012389051,0.26405990379015115,0.028586247548673335,0.207730683745958,0.2980488012389051,0.22231537760404035,0.04814443429067298,0.1621426784945595,0.2980488012389051,0.22083101708344596,0.038294698335162525,0.1621426784945595,0.2980488012389051,0.001569741607581552,0.0006144617283591965,0,0,0,15.6899995803833,-0.07378990048797274,0.03408546322245698,0.0752828273657164,0.0010584089657983
2024-04-24,15.760000228881836,16.3799991607666,15.579999923706056,15.970000267028809,0,0.0003128808723762,0.2984088875126181,0.3306804430708601,0.017688438946844354,0.2984088875126181,-0.07665418074960328,-0.09938037060315086,-0.010379800419450635,0.0532940045739978,0.009904778937777525,0.2980488012389051,0.2882245344694373,0.2762960472722431,0.2209629328590399,0.1621426784945595,0.0488016818648382,0.03804061243648739,0.011599085567274514,0.09938037060315086,0.061092635247211514,0.04610334634161173,0.010379800419450635,0.14925221979285164,0.051234545608425955,0.04118453120334055,0.00378359830573638,0.14925221979285164,0.038560583372412006,0.03591573184588214,0.0006942193314016798,0.14925221979285164,0.285908834690705,0.013021527206931147,0.2707072129547244,0.2984088875126181,0.271804499255509,0.025985633061227472,0.207730683745958,0.2984088875126181,0.22880424470013835,0.0488072670180671,0.1621851857314367,0.2984088875126181,0.22228557294685897,0.04005590619620583,0.1621426784945595,0.2984088875126181,0.0009043189392161726,0.0011859676826964716,0,0,0,15.970000267028809,0.017845805872141796,0.001208145351419887,0.0756760576681635,0.0011627420262688
2024-04-25,16.25,17.549999237060547,15.270000457763672,15.369999885559082,0,0.0014664632803963,0.300832198759999,0.3400097160963604,-0.03829442884280132,0.300832198759999,0.017688438946844354,-0.07665418074960328,-0.011599085567274514,-0.05797783356203068,0.00378359830573638,0.2984088875126181,0.2980488012389051,0.27415473727784,0.207730683745958,0.1621851857314367,0.05414075051994356,0.033061282879079695,0.017688438946844354,0.09938037060315086,0.05912429477528858,0.04666783269809612,0.010379800419450635,0.14925221979285164,0.05287791849114333,0.039863800789500324,0.010379800419450635,0.14925221979285164,0.03945503277399195,0.035414845519940695,0.0006942193314016798,0.14925221979285164,0.29124432698713676,0.012454429755418146,0.2707072129547244,0.300832198759999,0.28111465075691305,0.014710700659778527,0.2557062723472582,0.300832198759999,0.23540648341578416,0.04872244490294297,0.1626269120683804,0.300832198759999,0.2238251418371003,0.04180697096205083,0.1621426784945595,0.300832198759999,0.006985006889521946,0.008485861431379808,0,0,0,15.369999885559082,-0.03757046784203688,0.008120774376327633,0.0691428520365135,0.0010872634895815
2024-04-26,15.489999771118164,16.059999465942383,14.920000076293944,15.029999732971191,0,0.0005003884505191,0.2995830310659992,0.3414302529538665,-0.0223693641062761,0.2995830310659992,-0.03829442884280132,0.017688438946844354,0.03868633345731798,0.14925221979285164,-0.03536110516659896,0.300832198759999,0.2984088875126181,0.2707072129547244,0.2557062723472582,0.1644192173019817,0.05087735664973518,0.03567046044201892,0.017688438946844354,0.09938037060315086,0.046436009206631025,0.03530649237185033,0.010379800419450635,0.1051871974604559,0.05225926415493748,0.04024819748284696,0.010379800419450635,0.14925221979285164,0.03944429770800918,0.03542007884829941,0.0006942193314016798,0.14925221979285164,0.29701949060939176,0.0050361106209565985,0.2882245344694373,0.300832198759999,0.28550232662878716,0.012695672085753663,0.2707072129547244,0.300832198759999,0.241842855499785,0.047794877061625024,0.1626269120683804,0.300832198759999,0.22531894407763142,0.04337493919088613,0.1621426784945595,0.300832198759999,0.0019552992830041403,0.0023595527065746556,0,0,0,15.029999732971191,-0.022121025056567434,-0.00415237364600185,0.0655688592818218,0.0011633888185711
2024-04-29,15.369999885559082,15.420000076293944,14.630000114440918,14.670000076293944,0,0.0005877515902874,0.3000326477756763,0.3426765705075299,-0.024243588642927083,0.3000326477756763,-0.0223693641062761,-0.03829442884280132,-0.09938037060315086,0.1051871974604559,0.01783688206206069,0.2995830310659992,0.300832198759999,0.2882245344694373,0.2726106887515855,0.1626269120683804,0.03585000025769043,0.02406883372532911,0.017688438946844354,0.07665418074960328,0.038341648324878144,0.02906802416713653,0.010379800419450635,0.09938037060315086,0.05256434542069303,0.03999773189298251,0.010379800419450635,0.14925221979285164,0.03930552772436278,0.03546907717214022,0.0006942193314016798,0.14925221979285164,0.29938111327063954,0.0011501299253205434,0.2980488012389051,0.300832198759999,0.28824452253119626,0.012562556043805089,0.2707072129547244,0.300832198759999,0.24838598577156099,0.04577052985780198,0.1664623725272998,0.300832198759999,0.2268102309351631,0.0448519552415487,0.1621426784945595,0.300832198759999,0.000997561975266796,0.000543586760441663,0,0,0,14.670000076293944,-0.023952073391426576,0.0015008083337604283,0.0617354501005213,0.0011112933892072
2024-04-30,14.81999969482422,15.899999618530272,14.670000076293944,15.649999618530272,0,0.0041817297420755,0.3031423517131102,0.3450916253500629,0.06466629525553147,0.3031423517131102,-0.024243588642927083,-0.0223693641062761,-0.07665418074960328,-0.044120891913135285,0.04802118356729235,0.3000326477756763,0.2995830310659992,0.2980488012389051,0.27615712698452,0.1664623725272998,0.03345242315887607,0.01906496039631583,0.017688438946844354,0.06466629525553147,0.04039618865911776,0.030224946062909482,0.010379800419450635,0.09938037060315086,0.05335696978679965,0.040068063767005446,0.010379800419450635,0.14925221979285164,0.040075956594121026,0.035664271387739005,0.0006942193314016798,0.14925221979285164,0.30039982336548054,0.0017659419133309459,0.2984088875126181,0.3031423517131102,0.29094304500405527,0.012575904107326362,0.2707072129547244,0.3031423517131102,0.25489455620898055,0.04318334053862238,0.1772244572052777,0.3031423517131102,0.22834658545628,0.04634644366487595,0.1621426784945595,0.3031423517131102,0.0023380974994193504,0.0020941829270975845,0,0,0,15.649999618530272,0.06680296776684846,0.010364551859566085,0.0592027504005664,0.0008478272203263
2024-05-01,15.75,16.219999313354492,14.350000381469728,15.390000343322754,0,0.0002806604106874,0.2958994294313234,0.3453601203519403,-0.016752922452140773,0.2958994294313234,0.06466629525553147,-0.024243588642927083,0.017688438946844354,-0.010379800419450635,0.06796670857897791,0.3031423517131102,0.3000326477756763,0.2984088875126181,0.2762960472722431,0.1784670459668341,0.03326531985993535,0.019261918044726614,0.016752922452140773,0.06466629525553147,0.041033500862386774,0.029582061167176765,0.011599085567274514,0.09938037060315086,0.05091821806647407,0.04068814863410312,0.010379800419450635,0.14925221979285164,0.03995389744057152,0.03573676598470199,0.0006942193314016798,0.14925221979285164,0.2998979317492216,0.0026222341326178353,0.2958994294313234,0.3031423517131102,0.29290338321996334,0.011522838297522183,0.2707072129547244,0.3031423517131102,0.2604865744691943,0.040298616151789715,0.1772244572052777,0.3031423517131102,0.22997516441756952,0.04750326809273462,0.1621426784945595,0.3031423517131102,0.0054119221173049206,0.007295986705174684,0,0,0,15.390000343322754,-0.016613372622684808,-0.023892808909265817,0.0649108323185891,0.0008255429088567
2024-05-02,15.140000343322754,16.09000015258789,14.600000381469728,14.68000030517578,0,0.0022308548510554,0.2990198443472937,0.3481923776082541,-0.04723192618404903,0.2990198443472937,-0.016752922452140773,0.06466629525553147,-0.03829442884280132,-0.011599085567274514,-0.019350965747437332,0.2958994294313234,0.3031423517131102,0.300832198759999,0.27415473727784,0.1772244572052777,0.035052819328184895,0.020235391831845785,0.016752922452140773,0.06466629525553147,0.04459678492406423,0.027730750732612004,0.016752922452140773,0.09938037060315086,0.05224588284916987,0.040056578451614304,0.010379800419450635,0.14925221979285164,0.04039814850054575,0.03570780424697619,0.0006942193314016798,0.14925221979285164,0.2995354608666806,0.002585812460311536,0.2958994294313234,0.3031423517131102,0.2953898939269087,0.009539707886157876,0.2707072129547244,0.3031423517131102,0.2662863548092903,0.03628044617928048,0.207730683745958,0.3031423517131102,0.23169336782929964,0.048678241890061785,0.1621426784945595,0.3031423517131102,0.0034059345628610705,0.004353882095876858,0,0,0,14.68000030517578,-0.0461338546009209,0.010545525288667257,0.0609893855274575,0.0007686800650441
2024-05-03,14.510000228881836,14.579999923706056,13.479999542236328,13.489999771118164,0,0.0071465704300881,0.2813699218401611,0.3283676770313298,-0.08453739072202371,0.2813699218401611,-0.04723192618404903,-0.016752922452140773,-0.0223693641062761,0.03868633345731798,0.131872684158735,0.2990198443472937,0.2958994294313234,0.2995830310659992,0.2707072129547244,0.2097077429921073,0.047486424651334416,0.028074741287141977,0.016752922452140773,0.08453739072202371,0.0491818906505348,0.03031508138696807,0.016752922452140773,0.09938037060315086,0.04999182125694552,0.036528212981217605,0.010379800419450635,0.14925221979285164,0.04075766813402642,0.03608137648623485,0.0006942193314016798,0.14925221979285164,0.2958928390215129,0.008520369416657802,0.2813699218401611,0.3031423517131102,0.29645616481545234,0.006624950987155888,0.2813699218401611,0.3031423517131102,0.2696988395163405,0.033990619359740834,0.207730683745958,0.3031423517131102,0.23274421052382283,0.04927352645288977,0.1621426784945595,0.3031423517131102,0.0022193721514068513,0.001024371793256385,0,0,0,13.489999771118164,-0.08106270499449875,-0.05902592366623427,0.0611976285766278,0.0008374608376561
2024-05-06,13.979999542236328,14.020000457763672,13.4399995803833,13.489999771118164,0,0.0,0.2806747969983241,0.3261999699960995,0.0,0.2806747969983241,-0.08453739072202371,-0.04723192618404903,-0.024243588642927083,-0.09938037060315086,-0.01976591121825466,0.2813699218401611,0.2990198443472937,0.3000326477756763,0.2882245344694373,0.210619081987619,0.042637706922749,0.03445992301121505,0.0,0.08453739072202371,0.039243853590219716,0.02824960689553911,0.0,0.08453739072202371,0.04905058738940958,0.037585355580253534,0.0,0.14925221979285164,0.04069189598979292,0.03615476981624932,0.0,0.14925221979285164,0.2920212688660425,0.01036692202560746,0.2806747969983241,0.3031423517131102,0.29570119106834103,0.007962423965642708,0.2806747969983241,0.3031423517131102,0.27303482594542167,0.031227866615904355,0.207730683745958,0.3031423517131102,0.2337867131203819,0.0498234950013486,0.1621426784945595,0.3031423517131102,0.0006438133298511549,0.000400764127342317,0,0,0,13.489999771118164,0.0,-0.002470501599072361,0.0686535285846936,0.0011005794846248
2024-05-07,13.520000457763672,13.640000343322754,13.15999984741211,13.229999542236328,0,0.0003787581454766,0.2761521306843267,0.322608162009513,-0.019461709726451115,0.2761521306843267,0.0,-0.08453739072202371,0.06466629525553147,-0.07665418074960328,-0.053824720473343746,0.2806747969983241,0.2813699218401611,0.3031423517131102,0.2980488012389051,0.2173483480400261,0.033596789816932926,0.033140316863647754,0.0,0.08453739072202371,0.03352460648790449,0.025488702009743878,0.0,0.08453739072202371,0.04741425354431946,0.038111454353663796,0.0,0.14925221979285164,0.04105654276848991,0.03585316807615806,0.0,0.14925221979285164,0.2866232246602858,0.010153188487399009,0.2761521306843267,0.2990198443472937,0.29351152401288316,0.009996164980882453,0.2761521306843267,0.3031423517131102,0.27583500607134076,0.028502338194832305,0.207730683745958,0.3031423517131102,0.234826367484868,0.050249462621627064,0.1621426784945595,0.3031423517131102,0.00046289363222424504,0.00046008688058879596,0,0,0,13.229999542236328,-0.01927355324634561,-0.016113546219201136,0.0633990009311763,0.0007545669949323
2024-05-08,13.239999771118164,13.510000228881836,12.9399995803833,13.0,0,0.0003075669249837,0.2763580330995338,0.3171814131705077,-0.017537586064898303,0.2763580330995338,-0.019461709726451115,0.0,-0.016752922452140773,0.017688438946844354,-0.013921341452395097,0.2761521306843267,0.2806747969983241,0.2958994294313234,0.2984088875126181,0.2168208494678128,0.03375372253948443,0.03304232673875101,0.0,0.08453739072202371,0.03350952119970989,0.02549915840709603,0.0,0.08453739072202371,0.047586455668724374,0.03796042441365867,0.0,0.14925221979285164,0.04098451465508514,0.03589835402132174,0.0,0.14925221979285164,0.28271494539392783,0.00942472671418234,0.2761521306843267,0.2990198443472937,0.29130643857157473,0.011160166725936959,0.2761521306843267,0.3031423517131102,0.27867011005380365,0.025096288991282665,0.207730683745958,0.3031423517131102,0.23586544147824445,0.05065435993728649,0.1621426784945595,0.3031423517131102,0.0006702061039390513,0.0007998332897458357,0,0,0,13.0,-0.017384697671535276,0.0007456122634172946,0.0600660289915853,0.0008653379564583
2024-05-09,13.079999923706056,13.289999961853027,12.68000030517578,12.6899995803833,0,0.0005825034768825,0.2722425664953817,0.3086738134445678,-0.02413510880196279,0.2722425664953817,-0.017537586064898303,-0.019461709726451115,-0.04723192618404903,-0.03829442884280132,0.0532940045739978,0.2763580330995338,0.2761521306843267,0.2990198443472937,0.300832198759999,0.2209629328590399,0.029134359063067182,0.03229297364502269,0.0,0.08453739072202371,0.032093589195626035,0.025596873393009475,0.0,0.08453739072202371,0.04619793682243699,0.038273214074822974,0.0,0.14925221979285164,0.04079617203739642,0.0359670822699874,0.0,0.14925221979285164,0.27735948982354547,0.0037322366829963677,0.2722425664953817,0.2813699218401611,0.288447475345113,0.012073378870814121,0.2722425664953817,0.3031423517131102,0.28111199736981995,0.021427144410934122,0.207730683745958,0.3031423517131102,0.23675473666136174,0.050963775715641806,0.1621426784945595,0.3031423517131102,0.0007962502618387922,0.0007498840528081676,0,0,0,12.6899995803833,-0.023846186124361513,-0.014891792932502979,0.0576656796165644,0.0008572830794542
2024-05-10,12.770000457763672,12.960000038146973,12.5,12.550000190734863,0,0.0001230672483921,0.2662285729891476,0.2928475894861473,-0.011093567883783795,0.2662285729891476,-0.02413510880196279,-0.017537586064898303,-0.08453739072202371,-0.0223693641062761,-0.05797783356203068,0.2722425664953817,0.2763580330995338,0.2813699218401611,0.2995830310659992,0.207730683745958,0.014445594495419201,0.009334342426019515,0.0,0.02413510880196279,0.030966009573376807,0.02631122559530684,0.0,0.08453739072202371,0.043965352742520475,0.03891378675905128,0.0,0.14925221979285164,0.038797271064070334,0.035203278630778594,0.0,0.14925221979285164,0.27433122005334276,0.005424021069289208,0.2662285729891476,0.2806747969983241,0.2851120295374278,0.013209110196102615,0.2662285729891476,0.3031423517131102,0.28389761114330514,0.013885598579601222,0.2557062723472582,0.3031423517131102,0.23706590081970833,0.05110607862938859,0.1621426784945595,0.3031423517131102,0.00047105107676965357,0.0005363561935473797,0,0,0,12.550000190734863,-0.011032261172400193,-0.02209057012521265,0.0564193826081824,0.000814570008194
2024-05-13,13.260000228881836,13.65999984741211,13.25,13.600000381469728,0,0.006455984301224,0.2346431594229167,0.2510587949812775,0.08034914001546056,0.2346431594229167,-0.011093567883783795,-0.02413510880196279,0.0,-0.024243588642927083,0.14925221979285164,0.2662285729891476,0.2722425664953817,0.2806747969983241,0.3000326477756763,0.2557062723472582,0.030515422498511312,0.0282485621122828,0.011093567883783795,0.08034914001546056,0.03657656471063016,0.030385019464196344,0.0,0.08453739072202371,0.04068425370550185,0.03185752169654878,0.0,0.1051871974604559,0.040555009228674645,0.03539510145696669,0.0,0.14925221979285164,0.2651248925382613,0.017527113815550794,0.2346431594229167,0.2763580330995338,0.2785730807021519,0.019627726457108162,0.2346431594229167,0.3031423517131102,0.2828946057659556,0.016532271431827218,0.2346431594229167,0.3031423517131102,0.23688980617309977,0.05110126637207207,0.1621426784945595,0.3031423517131102,0.00033495136745917566,0.00021672961715604012,0,0,0,13.600000381469728,0.0836653525718698,-0.11864020909400452,0.0549212445401828,0.0003951565745995
2024-05-14,13.710000038146973,14.029999732971191,13.270000457763672,13.420000076293944,0,0.0001775205436769,0.2101679954180946,0.2291470644024159,-0.013323683562622701,0.2101679954180946,0.08034914001546056,-0.011093567883783795,-0.019461709726451115,0.06466629525553147,0.1051871974604559,0.2346431594229167,0.2662285729891476,0.2761521306843267,0.3031423517131102,0.2726106887515855,0.02928781726574563,0.02897309654749114,0.011093567883783795,0.08034914001546056,0.03144230354133928,0.029434110621313722,0.0,0.08453739072202371,0.03630980066274789,0.02870901617133693,0.0,0.09938037060315086,0.03977249321877469,0.03563001708360601,0.0,0.14925221979285164,0.2519280654850149,0.028533656501547017,0.2101679954180946,0.2763580330995338,0.26927564507265034,0.02724051789101815,0.2101679954180946,0.2990198443472937,0.2799211441786465,0.022873620097623476,0.2101679954180946,0.3031423517131102,0.2368970266403297,0.05109737594555734,0.1621426784945595,0.3031423517131102,0.001118665013292274,0.0013742327334768563,0,0,0,13.420000076293944,-0.013235316185802426,-0.1043080227227442,0.0662902962944681,0.0008421948771998
2024-05-15,13.729999542236328,13.9399995803833,12.380000114440918,12.449999809265137,0,0.0056288300974595,0.2187527446509168,0.2318155118293051,-0.0750255296379807,0.2187527446509168,-0.013323683562622701,0.08034914001546056,-0.017537586064898303,-0.016752922452140773,-0.044120891913135285,0.2101679954180946,0.2346431594229167,0.2763580330995338,0.2958994294313234,0.27615712698452,0.04078540598036211,0.03409787003142761,0.011093567883783795,0.08034914001546056,0.03726956425992327,0.031870313281578064,0.0,0.08453739072202371,0.03778145007821672,0.029896961318870242,0.0,0.09938037060315086,0.04154228632131229,0.035487385893243295,0.0,0.14925221979285164,0.24040700779529148,0.02782437311397283,0.2101679954180946,0.2722425664953817,0.2615609765946097,0.029677879549374737,0.2101679954180946,0.2990198443472937,0.2771876021627606,0.026490128266723707,0.2101679954180946,0.3031423517131102,0.2376784969433548,0.050546921939175225,0.1621426784945595,0.3031423517131102,0.005080077590177698,0.003342909241211128,0,0,0,12.449999809265137,-0.07228019832446086,0.040847081477578095,0.0618138823847611,0.000724082066864
2024-05-16,12.520000457763672,12.670000076293944,12.329999923706056,12.420000076293944,0,5.820276598112817e-06,0.2185196634450998,0.2266155883614021,-0.002412524942485117,0.2185196634450998,-0.0750255296379807,-0.013323683562622701,-0.02413510880196279,-0.04723192618404903,-0.010379800419450635,0.2187527446509168,0.2101679954180946,0.2722425664953817,0.2990198443472937,0.2762960472722431,0.036440889208466574,0.037919422582075805,0.002412524942485117,0.08034914001546056,0.03278762413576688,0.03342709892038408,0.0,0.08453739072202371,0.03740205600788503,0.030309778658217747,0.0,0.09938037060315086,0.041467175893600175,0.035568631231031364,0.0,0.14925221979285164,0.22966242718523508,0.022277263853923153,0.2101679954180946,0.2662285729891476,0.25351095850439026,0.029303675845868404,0.2101679954180946,0.2813699218401611,0.2744363457900395,0.029425084902858542,0.2101679954180946,0.3031423517131102,0.2384961359636452,0.04993444765526715,0.1621426784945595,0.3031423517131102,0.0002668740222571424,0.0003451235601333376,0,0,0,12.420000076293944,-0.0024096171430354474,-0.0010655007149233953,0.0667865709807268,0.0009464537992738
2024-05-17,12.279999732971191,12.479999542236328,11.90999984741211,11.989999771118164,0,0.001241514576255,0.2210380489925158,0.2249628651795391,-0.0352351326981335,0.2210380489925158,-0.002412524942485117,-0.0750255296379807,-0.011093567883783795,-0.08453739072202371,-0.011599085567274514,0.2185196634450998,0.2187527446509168,0.2662285729891476,0.2813699218401611,0.27415473727784,0.04126920217133652,0.035333887968636284,0.002412524942485117,0.08034914001546056,0.02785739833337786,0.02816857818346854,0.0,0.08034914001546056,0.038527582061735455,0.029737142542970184,0.0,0.09938037060315086,0.04144328761834933,0.03557256525524187,0.0,0.14925221979285164,0.22062432238590873,0.00885954467945801,0.2101679954180946,0.2346431594229167,0.24747777121962575,0.02914089011187229,0.2101679954180946,0.2806747969983241,0.2719069796812145,0.031649375726204326,0.2101679954180946,0.3031423517131102,0.23930650769469122,0.049351159267818995,0.1621426784945595,0.3031423517131102,0.0007882398287472961,0.0008720965965690012,0,0,0,11.989999771118164,-0.034621602458483114,0.011524754833098783,0.0620530231725916,0.0007812018754192
2024-05-20,12.270000457763672,12.59000015258789,12.06999969482422,12.149999618530272,0,0.0001757265319526,0.2180296155067005,0.2044843875649002,0.013256188439842997,0.2180296155067005,-0.0352351326981335,-0.002412524942485117,0.08034914001546056,0.0,0.03868633345731798,0.2210380489925158,0.2185196634450998,0.2346431594229167,0.2806747969983241,0.2707072129547244,0.027850611856213004,0.02894446891080913,0.002412524942485117,0.0750255296379807,0.02918301717736216,0.026999603303997182,0.002412524942485117,0.08034914001546056,0.037316622775189025,0.030243822671529502,0.0,0.09938037060315086,0.040375691088721445,0.03573310901884405,0.0,0.14925221979285164,0.21730161360266548,0.004152374963104142,0.2101679954180946,0.2210380489925158,0.24121325307046343,0.027919393432084043,0.2101679954180946,0.2763580330995338,0.26939852265988007,0.03376599703709244,0.2101679954180946,0.3031423517131102,0.24023803682029263,0.048545924900604366,0.1621426784945595,0.3031423517131102,0.0006416890328204929,0.0008522566791751794,0,0,0,12.149999618530272,0.01334444123990064,-0.013610477922365138,0.0603705775287488,0.0009238533227025
2024-05-21,12.300000190734863,12.5600004196167,11.84000015258789,11.859999656677246,0,0.0005835980334378,0.195560868299918,0.1957521392253108,-0.024157773768248347,0.195560868299918,0.013256188439842997,-0.0352351326981335,-0.013323683562622701,-0.019461709726451115,-0.09938037060315086,0.2180296155067005,0.2210380489925158,0.2101679954180946,0.2761521306843267,0.2882245344694373,0.030017429897338133,0.027974358918013045,0.002412524942485117,0.0750255296379807,0.02965262358154188,0.026852169699581655,0.002412524942485117,0.08034914001546056,0.03373459435447938,0.026782058573540282,0.0,0.08453739072202371,0.04073075595669007,0.035489492531746825,0.0,0.14925221979285164,0.21438018817903015,0.010583793468355644,0.195560868299918,0.2210380489925158,0.23315412683202252,0.028341866706321276,0.195560868299918,0.2763580330995338,0.2649859671279982,0.03707529367796401,0.195560868299918,0.3031423517131102,0.24063071050669183,0.048103762302286066,0.1621426784945595,0.3031423517131102,0.0012569337263256778,0.0012298702762098216,0,0,0,11.859999656677246,-0.023868310366918832,-0.1030536478017684,0.0581182932249548,0.0006954975827504
2024-05-22,12.050000190734863,12.8100004196167,11.779999732971191,12.289999961853027,0,0.0012683965885649,0.1834027981585612,0.1982002985463133,0.035614555852416796,0.1834027981585612,-0.024157773768248347,0.013256188439842997,-0.0750255296379807,-0.017537586064898303,-0.07665418074960328,0.195560868299918,0.2180296155067005,0.2187527446509168,0.2763580330995338,0.2980488012389051,0.022135235140225352,0.014363258972491025,0.002412524942485117,0.035614555852416796,0.03146032056029373,0.026552765030488767,0.002412524942485117,0.08034914001546056,0.031780326502232406,0.02492670672996257,0.0,0.08453739072202371,0.041322110817018066,0.03518382628446575,0.0,0.14925221979285164,0.20731019888055907,0.0168717399495513,0.1834027981585612,0.2210380489925158,0.2238586033379253,0.027836631128584758,0.1834027981585612,0.2722425664953817,0.2595266336479818,0.040266809982185896,0.1834027981585612,0.3031423517131102,0.2409210056260111,0.047709784581693684,0.1621426784945595,0.3031423517131102,0.0025341999401438282,0.0033629065895944086,0,0,0,12.289999961853027,0.03625635055846632,-0.062170260579487824,0.0567103518889719,0.0007290249462491
2024-05-23,11.529999732971191,13.369999885559082,11.520000457763672,12.770000457763672,0,0.0014678695264251,0.1865249983954936,0.215357132855512,0.03831278541720984,0.1865249983954936,0.035614555852416796,-0.024157773768248347,-0.002412524942485117,-0.02413510880196279,0.017688438946844354,0.1834027981585612,0.195560868299918,0.2185196634450998,0.2722425664953817,0.2984088875126181,0.029315287235170295,0.010490173118603268,0.013256188439842997,0.03831278541720984,0.03287808822181844,0.026496626352905468,0.002412524942485117,0.08034914001546056,0.03276243823891648,0.02474939441673615,0.0,0.08453739072202371,0.041998491923671215,0.03483646798579048,0.0,0.14925221979285164,0.20091126587063785,0.01760868522032872,0.1834027981585612,0.2210380489925158,0.21528684652793645,0.024248579139084382,0.1834027981585612,0.2662285729891476,0.25419882940430927,0.042219446554600755,0.1834027981585612,0.3031423517131102,0.2415015370522238,0.04686876109040873,0.1621851857314367,0.3031423517131102,0.007999655267115123,0.007059325675065743,0,0,0,12.770000457763672,0.03905618367782915,0.017023732834398286,0.0579743193230283,0.000523145276068
2024-05-24,12.859999656677246,12.890000343322754,11.890000343322754,11.93000030517578,0,0.0046297742128313,0.194820137457281,0.2043177002551367,-0.0680424442008909,0.194820137457281,0.03831278541720984,0.035614555852416796,-0.0352351326981335,-0.011093567883783795,-0.03829442884280132,0.1865249983954936,0.1834027981585612,0.2210380489925158,0.2662285729891476,0.300832198759999,0.03587674953572177,0.020552731612655917,0.013256188439842997,0.0680424442008909,0.038572975853529146,0.027398884864688212,0.002412524942485117,0.08034914001546056,0.0341790103988255,0.025906163523542112,0.0,0.08453739072202371,0.04352846444498442,0.0345268911310683,0.0,0.14925221979285164,0.19566768356359088,0.013553614372313066,0.1834027981585612,0.2180296155067005,0.2081460029747498,0.017015850555693785,0.1834027981585612,0.2346431594229167,0.24915063600894172,0.04269989571399091,0.1834027981585612,0.3031423517131102,0.24227855971236292,0.04577959466528751,0.1626269120683804,0.3031423517131102,0.0023520348553231745,0.001083913911543036,0,0,0,11.93000030517578,-0.0657791795204834,0.044471996424838345,0.0591697712569697,0.0005923678640365
2024-05-28,12.510000228881836,13.4399995803833,12.359999656677246,12.920000076293944,0,0.0063553170752921,0.2093079419984986,0.2057216876706057,0.0797202425692003,0.2093079419984986,-0.0680424442008909,0.03831278541720984,0.013256188439842997,0.08034914001546056,-0.0223693641062761,0.194820137457281,0.1865249983954936,0.2180296155067005,0.2346431594229167,0.2995830310659992,0.049169560361593236,0.023541065745786224,0.024157773768248347,0.0797202425692003,0.03851008610890312,0.02729285649587963,0.002412524942485117,0.0797202425692003,0.036910004611345706,0.027568548506446383,0.0,0.08453739072202371,0.04458463438314159,0.03494687358815483,0.0,0.14925221979285164,0.19392334886195048,0.010069619933239153,0.1834027981585612,0.2093079419984986,0.205612481232308,0.014301965713633227,0.1834027981585612,0.2210380489925158,0.24485182224382263,0.04190558428121599,0.1834027981585612,0.3031423517131102,0.2433473388718038,0.044421383307999815,0.1626269120683804,0.3031423517131102,0.0025309894234984863,0.0031069718940008257,0,0,1,12.920000076293944,0.08298405245544349,0.07436502576328574,0.0636658611247228,0.0007608277984519
2024-05-29,13.75,14.31999969482422,13.6899995803833,14.279999732971191,0,0.0100166937517008,0.2307352524974461,0.2050705739557039,0.10008343395238217,0.2307352524974461,0.0797202425692003,-0.0680424442008909,-0.024157773768248347,-0.013323683562622701,-0.024243588642927083,0.2093079419984986,0.194820137457281,0.195560868299918,0.2101679954180946,0.3000326477756763,0.06435469239842,0.027524620734617755,0.035614555852416796,0.10008343395238217,0.047186061147879065,0.03181246611699329,0.002412524942485117,0.10008343395238217,0.040521425816557856,0.030624379006534235,0.0,0.10008343395238217,0.04654288561862544,0.03570757178861019,0.0,0.14925221979285164,0.20095822570145608,0.019433066542775775,0.1834027981585612,0.2307352524974461,0.20766920694024313,0.016360575002229247,0.1834027981585612,0.2307352524974461,0.2415519462781926,0.04002951480149989,0.1834027981585612,0.3031423517131102,0.2449689660248768,0.04260895994747961,0.1664623725272998,0.3031423517131102,0.0007300894997463878,0.0004595493363879114,0,0,1,14.279999732971191,0.10526313070017879,0.1023721808850484,0.0710195562596488,0.0009670846503477
2024-05-30,14.81999969482422,14.880000114440918,13.670000076293944,14.470000267028809,0,0.0001747055018704,0.2218822491882915,0.2056947787147849,0.013217620885411119,0.2218822491882915,0.10008343395238217,0.0797202425692003,0.035614555852416796,-0.0750255296379807,0.06466629525553147,0.2307352524974461,0.2093079419984986,0.1834027981585612,0.2187527446509168,0.3031423517131102,0.05987530540501886,0.034347849573876606,0.013217620885411119,0.10008343395238217,0.04100527027262211,0.0318068723769294,0.002412524942485117,0.10008343395238217,0.038071488941790216,0.030654142321807708,0.0,0.10008343395238217,0.04571422936429494,0.03607438308700011,0.0,0.14925221979285164,0.20865411590740215,0.018330741892908706,0.1865249983954936,0.2307352524974461,0.20798215739398063,0.0166239523029207,0.1834027981585612,0.2307352524974461,0.23768241758653458,0.037633975174457754,0.1834027981585612,0.2990198443472937,0.24628848689775756,0.04094405635048963,0.1772244572052777,0.3031423517131102,0.0025944991874218394,0.003376083649547614,0,0,0,14.470000267028809,0.01330535977664793,-0.03836866371016545,0.0805880052484736,0.0012210855650759
2024-05-31,14.5,14.869999885559082,12.84000015258789,12.920000076293944,0,0.0128371290273566,0.2485723257354372,0.211350313700178,-0.11330105483779329,0.2485723257354372,0.013217620885411119,0.10008343395238217,0.03831278541720984,-0.002412524942485117,-0.016752922452140773,0.2218822491882915,0.2307352524974461,0.1865249983954936,0.2185196634450998,0.2958994294313234,0.07487295928913555,0.03867757556223224,0.013217620885411119,0.11330105483779329,0.052094123262152923,0.035920820395795694,0.013217620885411119,0.11330105483779329,0.04266901905539272,0.03431810906167851,0.0,0.11330105483779329,0.04679361856093339,0.03740994991625663,0.0,0.14925221979285164,0.2210635813753909,0.020480819450103455,0.194820137457281,0.2485723257354372,0.21098742362301434,0.02090563080093396,0.1834027981585612,0.2485723257354372,0.2354287459819686,0.03531928059167084,0.1834027981585612,0.2990198443472937,0.24795766022558147,0.03951581837462645,0.1772244572052777,0.3031423517131102,0.007770535227944241,0.005630388501594408,0,0,1,12.920000076293944,-0.10711818674023654,0.12028937260544992,0.0723715805386499,0.0010848975867239
2024-06-03,13.079999923706056,14.3100004196167,13.0,13.109999656677246,0,0.0002131240075027,0.2444799997504328,0.2111578356789052,0.014598767328195539,0.2444799997504328,-0.11330105483779329,0.013217620885411119,-0.0680424442008909,-0.0352351326981335,-0.04723192618404903,0.2485723257354372,0.2218822491882915,0.194820137457281,0.2210380489925158,0.2990198443472937,0.06418422391459648,0.04743125648274469,0.013217620885411119,0.11330105483779329,0.050030486725159126,0.03755268630333683,0.013217620885411119,0.11330105483779329,0.04111505910987588,0.034836087955015124,0.0,0.11330105483779329,0.046680470979522874,0.03750204872937222,0.0,0.14925221979285164,0.23099555383402123,0.016157395966151518,0.2093079419984986,0.2485723257354372,0.21333161869880604,0.023331413426879437,0.1834027981585612,0.2485723257354372,0.23283161052497522,0.032284269907738965,0.1834027981585612,0.2813699218401611,0.24955898266713272,0.037909618535485655,0.1834027981585612,0.3031423517131102,0.003324611030296984,0.0046068621097792315,0,0,0,13.109999656677246,0.014705849788029024,-0.016463320978699625,0.082535686838627,0.0014393660877211
2024-06-04,13.510000228881836,14.079999923706056,13.109999656677246,13.15999984741211,0,1.4490528756551036e-05,0.2294305785562162,0.2102520717516874,0.0038066427145913018,0.2294305785562162,0.014598767328195539,-0.11330105483779329,0.0797202425692003,0.013256188439842997,-0.08453739072202371,0.2444799997504328,0.2485723257354372,0.2093079419984986,0.2180296155067005,0.2813699218401611,0.04900150394367468,0.053033965233323675,0.0038066427145913018,0.11330105483779329,0.04908553215263396,0.03868276042469038,0.0038066427145913018,0.11330105483779329,0.037270737776188625,0.03425428775688533,0.0,0.11330105483779329,0.043631279516567076,0.0355625536472178,0.0,0.14925221979285164,0.23502008114556477,0.011128323298155591,0.2218822491882915,0.2485723257354372,0.2144717150037576,0.02385907889416419,0.1834027981585612,0.2485723257354372,0.23035830846383498,0.030308925531795868,0.1834027981585612,0.2806747969983241,0.2500285739900877,0.03752413075762164,0.1834027981585612,0.3031423517131102,0.001837674258684002,0.00228141190027554,0,0,0,13.15999984741211,0.003813897181103032,-0.06155686031405094,0.0738927579160514,0.0012349968647053
2024-06-05,13.140000343322754,13.25,12.600000381469728,12.630000114440918,0,0.0016897828904114,0.2330840476460189,0.2108902157909642,-0.04110696887890786,0.2330840476460189,0.0038066427145913018,0.014598767328195539,0.10008343395238217,-0.024157773768248347,0.0,0.2294305785562162,0.2444799997504328,0.2307352524974461,0.195560868299918,0.2806747969983241,0.03720621092897982,0.04474293602748747,0.0038066427145913018,0.11330105483779329,0.05078045166369991,0.03783111652685827,0.0038066427145913018,0.11330105483779329,0.03922821248470805,0.03317549360401273,0.002412524942485117,0.11330105483779329,0.044139399937058815,0.03536516013672697,0.0,0.14925221979285164,0.23548984017527932,0.010950381490508964,0.2218822491882915,0.2485723257354372,0.2182240329383677,0.023502483829982997,0.1834027981585612,0.2485723257354372,0.22809208230420136,0.028053920022296442,0.1834027981585612,0.2763580330995338,0.2505634541248115,0.037106461472361164,0.1834027981585612,0.3031423517131102,0.0009125627703338788,0.0006597346372577942,0,0,0,12.630000114440918,-0.04027353640702469,0.01592407216506886,0.0672145219793271,0.0010495733926699
2024-06-06,12.75,12.979999542236328,12.539999961853027,12.579999923706056,0,1.5734710602384754e-05,0.2323040030481122,0.2108097167245018,-0.003966700215844998,0.2323040030481122,-0.04110696887890786,0.0038066427145913018,0.013217620885411119,0.035614555852416796,-0.019461709726451115,0.2330840476460189,0.2294305785562162,0.2218822491882915,0.1834027981585612,0.2761521306843267,0.035356026795066595,0.046151971818554585,0.0038066427145913018,0.11330105483779329,0.04761566610004273,0.04047235634251833,0.0038066427145913018,0.11330105483779329,0.0384903548889649,0.03380347173230087,0.002412524942485117,0.11330105483779329,0.04295230421664218,0.035865375223858305,0.0,0.14925221979285164,0.23757419094724347,0.008409872980305317,0.2294305785562162,0.2485723257354372,0.22311415342732283,0.020324848225053725,0.1865249983954936,0.2485723257354372,0.22600407622628643,0.025842663795932,0.1834027981585612,0.2763580330995338,0.2509195411488136,0.03685082239864242,0.1834027981585612,0.3031423517131102,0.00042894718132953613,0.0005250454532711855,0,0,0,12.579999923706056,-0.0039588432527163375,-0.0033466236998396237,0.0645204606411138,0.0009825938860408
2024-06-07,12.6899995803833,13.079999923706056,12.109999656677246,12.220000267028809,0,0.0008429888119231,0.2334535750831775,0.2142706223732902,-0.02903426961235933,0.2334535750831775,-0.003966700215844998,-0.04110696887890786,-0.11330105483779329,0.03831278541720984,-0.017537586064898303,0.2323040030481122,0.2330840476460189,0.2485723257354372,0.1865249983954936,0.2763580330995338,0.018502669749979807,0.01631239566872705,0.0038066427145913018,0.04110696887890786,0.04668781451955768,0.04081424080462525,0.0038066427145913018,0.11330105483779329,0.03903781601027257,0.0335392300621427,0.002412524942485117,0.11330105483779329,0.04331213583949847,0.035642126184366726,0.0,0.14925221979285164,0.2345504408167915,0.005770810952594614,0.2294305785562162,0.2444799997504328,0.2278070110960912,0.01586681842218808,0.194820137457281,0.2485723257354372,0.22396100679693612,0.02322625961628496,0.1834027981585612,0.2722425664953817,0.2513155584253699,0.03656369648257274,0.1834027981585612,0.3031423517131102,0.0021413690507114534,0.0024183578837958727,0,0,0,12.220000267028809,-0.028616825028659587,0.00494856748046324,0.0604291529907242,0.0008727172371313
2024-06-10,13.09000015258789,13.279999732971191,12.619999885559082,12.739999771118164,0,0.0017366103066993,0.2359124383090758,0.2145993691142324,0.04167265658317598,0.2359124383090758,-0.02903426961235933,-0.003966700215844998,0.014598767328195539,-0.0680424442008909,-0.02413510880196279,0.2334535750831775,0.2323040030481122,0.2444799997504328,0.194820137457281,0.2722425664953817,0.023917447600975895,0.01896961879997788,0.0038066427145913018,0.04167265658317598,0.04405083575778619,0.04012731862808823,0.0038066427145913018,0.11330105483779329,0.03987293733318748,0.033367502742811764,0.002412524942485117,0.11330105483779329,0.04303543707781224,0.03560783761793561,0.0,0.14925221979285164,0.23283692852852012,0.0023338439828096322,0.2294305785562162,0.2359124383090758,0.23191624118127066,0.010926571793856681,0.2093079419984986,0.2485723257354372,0.2222310006928263,0.020661629993796213,0.1834027981585612,0.2662285729891476,0.25167149903132313,0.0363330505368269,0.1834027981585612,0.3031423517131102,0.0009372398738282399,0.001015550884606626,0,0,0,12.739999771118164,0.042553149977613725,0.01053255759746774,0.0586553787488826,0.0005124388999206
2024-06-11,12.850000381469728,13.470000267028809,12.779999732971191,12.850000381469728,0,7.391199999639072e-05,0.2358082341661075,0.2158219475367643,0.008597208849178362,0.2358082341661075,0.04167265658317598,-0.02903426961235933,0.0038066427145913018,0.0797202425692003,-0.011093567883783795,0.2359124383090758,0.2334535750831775,0.2294305785562162,0.2093079419984986,0.2662285729891476,0.024875560827893307,0.017783848621163067,0.003966700215844998,0.04167265658317598,0.036938532385784,0.03939912546782348,0.0038066427145913018,0.11330105483779329,0.03975406309344437,0.033479416900051316,0.002412524942485117,0.11330105483779329,0.04185970791798242,0.035916332382176584,0.0,0.14925221979285164,0.23411245965049837,0.0016490792724167813,0.2323040030481122,0.2359124383090758,0.23456627039803157,0.007515137386605923,0.2218822491882915,0.2485723257354372,0.22078241312982438,0.018361028642681475,0.1834027981585612,0.2485723257354372,0.25234001213656476,0.035758604875251475,0.1834027981585612,0.3031423517131102,0.000997274891104941,0.0013825165580252324,0,0,0,12.850000381469728,0.008634270983343129,-0.0004417068625766074,0.0601408010458613,0.0006178142711231
2024-06-12,13.100000381469728,13.149999618530272,11.9399995803833,12.039999961853027,0,0.0042392345302888,0.231060108044644,0.2227212862773305,-0.06510940431526668,0.231060108044644,0.008597208849178362,0.04167265658317598,-0.04110696887890786,0.10008343395238217,0.08034914001546056,0.2358082341661075,0.2359124383090758,0.2330840476460189,0.2307352524974461,0.2346431594229167,0.029676047915165073,0.02502569309826589,0.003966700215844998,0.06510940431526668,0.033441129422072446,0.03440707444240987,0.0038066427145913018,0.11330105483779329,0.039028361393435136,0.032711848522679166,0.002412524942485117,0.11330105483779329,0.03985630754946849,0.03190233771979528,0.0,0.11330105483779329,0.2337076717302234,0.002139965102499284,0.231060108044644,0.2359124383090758,0.23459875595275137,0.007497418315935377,0.2218822491882915,0.2485723257354372,0.22061179163562095,0.01824204872777186,0.1834027981585612,0.2485723257354372,0.25175319870078827,0.03590394727861252,0.1834027981585612,0.3031423517131102,0.0033606096899259216,0.00190852638226632,0,0,0,12.039999961853027,-0.06303505023896794,-0.020135539957942372,0.05767451505703,0.0005739698665247
2024-06-13,12.050000190734863,12.68000030517578,11.880000114440918,11.9399995803833,0,6.956166984503069e-05,0.2308263733973454,0.2236468596283743,-0.008340363891643499,0.2308263733973454,-0.06510940431526668,0.008597208849178362,-0.003966700215844998,0.013217620885411119,-0.013323683562622701,0.231060108044644,0.2358082341661075,0.2323040030481122,0.2218822491882915,0.2101679954180946,0.030550780650324773,0.02395598217059567,0.008340363891643499,0.06510940431526668,0.03295340372269569,0.034758372795106886,0.0038066427145913018,0.11330105483779329,0.038791060456721836,0.03292502153171079,0.002412524942485117,0.11330105483779329,0.037550430559734865,0.030535839748316498,0.0,0.11330105483779329,0.23341214580007005,0.00246032106627361,0.2308263733973454,0.2359124383090758,0.23549316837365675,0.006239863982706974,0.2294305785562162,0.2485723257354372,0.22159552392034718,0.01820767602344343,0.1834027981585612,0.2485723257354372,0.2507583340494969,0.03589080934919077,0.1834027981585612,0.3031423517131102,0.0015318114738974427,0.002091054268874953,0,0,0,11.9399995803833,-0.008305679550378975,-0.001011575080080096,0.0621690578014846,0.0007628030286847
2024-06-14,12.220000267028809,13.449999809265137,12.119999885559082,12.65999984741211,0,0.0034284926698691,0.2260099051550183,0.2210159598553467,0.058553331842595924,0.2260099051550183,-0.008340363891643499,-0.06510940431526668,-0.02903426961235933,-0.11330105483779329,-0.0750255296379807,0.2308263733973454,0.231060108044644,0.2334535750831775,0.2485723257354372,0.2187527446509168,0.03645459309637209,0.026940324736297094,0.008340363891643499,0.06510940431526668,0.02747863142317595,0.023029402165703372,0.0038066427145913018,0.06510940431526668,0.03800667008551304,0.032207010756518814,0.002412524942485117,0.11330105483779329,0.037894060081864876,0.03069238777556608,0.0,0.11330105483779329,0.2319234118144382,0.004120756143551685,0.2260099051550183,0.2359124383090758,0.23323692631561488,0.00492594902801295,0.2260099051550183,0.2444799997504328,0.22194110299197106,0.01821988854029329,0.1834027981585612,0.2485723257354372,0.2495643525773658,0.03585936936510493,0.1834027981585612,0.3031423517131102,0.003910214279324142,0.004937345797331091,0,0,0,12.65999984741211,0.060301532021133974,-0.020866195536660026,0.0587974160772079,0.0006795063991203
2024-06-17,13.06999969482422,13.289999961853027,12.5,12.75,0,5.018117084007101e-05,0.2261080231270494,0.2234630596522878,0.00708386694116081,0.2261080231270494,0.058553331842595924,-0.008340363891643499,0.04167265658317598,0.014598767328195539,-0.002412524942485117,0.2260099051550183,0.2308263733973454,0.2359124383090758,0.2444799997504328,0.2185196634450998,0.029536835167969056,0.029577266955132752,0.00708386694116081,0.06510940431526668,0.026727141384472474,0.02361164595744208,0.0038066427145913018,0.06510940431526668,0.03822911494259283,0.03196409572258265,0.0038066427145913018,0.11330105483779329,0.03781558547523893,0.030768571322963515,0.0,0.11330105483779329,0.22996252877803292,0.004080552247449166,0.2260099051550183,0.2358082341661075,0.23139972865327652,0.0034808423684428557,0.2260099051550183,0.2359124383090758,0.22230245345301625,0.018223887738328223,0.1834027981585612,0.2485723257354372,0.2483693996215279,0.035782988458547355,0.1834027981585612,0.3031423517131102,0.0013545585406388825,0.0016404557935042704,0,0,0,12.75,0.0071090168777756535,0.0004341312915634443,0.0633000015131098,0.0008502160258005
2024-06-18,12.699999809265137,12.739999771118164,12.239999771118164,12.300000190734863,0,0.001291108172634,0.226217664471193,0.222992502340991,-0.03593199371916356,0.226217664471193,0.00708386694116081,0.058553331842595924,0.008597208849178362,0.0038066427145913018,-0.0352351326981335,0.2261080231270494,0.2260099051550183,0.2358082341661075,0.2294305785562162,0.2210380489925158,0.0350037921419661,0.027167309822134566,0.00708386694116081,0.06510940431526668,0.0299396764849297,0.022295402248712588,0.003966700215844998,0.06510940431526668,0.03826229880073712,0.03196119367212859,0.0038066427145913018,0.11330105483779329,0.03839494043123629,0.03049072225586472,0.0,0.11330105483779329,0.22804441483905,0.002648563684080581,0.2260099051550183,0.231060108044644,0.2310784372447742,0.0038150335332185854,0.2260099051550183,0.2359124383090758,0.22254910180914372,0.018240962558233768,0.1834027981585612,0.2485723257354372,0.24722804074517915,0.03570489312390632,0.1834027981585612,0.3031423517131102,0.0005781568998822276,0.00040586345601556034,0,0,0,12.300000190734863,-0.03529410268746169,0.0004849069158505692,0.0597816125618501,0.0007007798192811
2024-06-20,12.5,13.550000190734863,12.18000030517578,13.279999732971191,0,0.0058767319972414,0.23848571693938,0.2306118687822297,0.07665984605542508,0.23848571693938,-0.03593199371916356,0.00708386694116081,-0.06510940431526668,-0.04110696887890786,0.013256188439842997,0.226217664471193,0.2261080231270494,0.231060108044644,0.2330840476460189,0.2180296155067005,0.03731388048999777,0.03063677240800936,0.00708386694116081,0.07665984605542508,0.033494964202581426,0.026677976290519104,0.003966700215844998,0.07665984605542508,0.04128152059195532,0.03247152167209379,0.0038066427145913018,0.11330105483779329,0.039299071683572176,0.031057317170930663,0.0,0.11330105483779329,0.2295295366179972,0.00540735630653046,0.2260099051550183,0.23848571693938,0.23161860417411032,0.0044586724981679655,0.2260099051550183,0.23848571693938,0.22352320187736657,0.018531429999581635,0.1834027981585612,0.2485723257354372,0.24646086226862335,0.03553385612384237,0.1834027981585612,0.3031423517131102,0.004097866955755946,0.004265490891897303,0,0,0,13.279999732971191,0.07967475829590032,0.05423118701567731,0.0588883472156988,0.0008043800316782
2024-06-21,13.220000267028809,13.779999732971191,12.989999771118164,13.199999809265137,0,3.6509495610172814e-05,0.2373359404857646,0.2306123194553249,-0.006042308797982177,0.2373359404857646,0.07665984605542508,-0.03593199371916356,-0.008340363891643499,-0.003966700215844998,-0.024157773768248347,0.23848571693938,0.226217664471193,0.2308263733973454,0.2323040030481122,0.195560868299918,0.03685426947126551,0.031192297185730463,0.006042308797982177,0.07665984605542508,0.033702525060795144,0.02642963166643781,0.006042308797982177,0.07665984605542508,0.04041887940289503,0.0331820332336348,0.0038066427145913018,0.11330105483779329,0.037076736878687205,0.029973832619706563,0.0,0.11330105483779329,0.23083145003568104,0.00647574844866984,0.2260099051550183,0.23848571693938,0.23212179791787552,0.004814376242737161,0.2260099051550183,0.23848571693938,0.22551249102907356,0.01759840178459997,0.1834027981585612,0.2485723257354372,0.24524922907853583,0.0349376635628986,0.1834027981585612,0.3031423517131102,0.001257141587658136,0.0017418827855304455,0,0,0,13.199999809265137,-0.006024090761646117,-0.004821154358303437,0.0674479760480092,0.0009007648418689
2024-06-24,13.850000381469728,13.880000114440918,13.149999618530272,13.329999923706056,0,9.604614125692598e-05,0.2348531417693926,0.227377720379612,0.009800313324426213,0.2348531417693926,-0.006042308797982177,0.07665984605542508,0.058553331842595924,-0.02903426961235933,0.035614555852416796,0.2373359404857646,0.23848571693938,0.2260099051550183,0.2334535750831775,0.1834027981585612,0.02710366576763157,0.030321335258219333,0.006042308797982177,0.07665984605542508,0.031779129432001826,0.027485870066316472,0.006042308797982177,0.07665984605542508,0.039189629758705,0.03384053006813146,0.0038066427145913018,0.11330105483779329,0.035484978130468706,0.029593535182581905,0.0,0.11330105483779329,0.23260009735855594,0.006021366424720386,0.2261080231270494,0.23848571693938,0.23226175458649703,0.004877325059064042,0.2260099051550183,0.23848571693938,0.2279625073914941,0.014802098240366603,0.1865249983954936,0.2485723257354372,0.24374457051973797,0.03395529689119165,0.1834027981585612,0.3031423517131102,0.001052785780608056,0.0008937622508699032,0,0,0,13.329999923706056,0.009848493660558288,-0.010461115629138873,0.0624763898533742,0.0007940750233211
2024-06-25,13.479999542236328,13.520000457763672,12.84000015258789,12.84000015258789,0,0.0014026386955891,0.234714224895123,0.2113325967413336,-0.03745181832153355,0.234714224895123,0.009800313324426213,-0.006042308797982177,0.00708386694116081,0.04167265658317598,0.03831278541720984,0.2348531417693926,0.2373359404857646,0.2261080231270494,0.2359124383090758,0.1865249983954936,0.03317725604370612,0.028281543934974916,0.006042308797982177,0.07665984605542508,0.03135704560583759,0.027349128468553897,0.006042308797982177,0.07665984605542508,0.039148631325577554,0.03384216699631707,0.0038066427145913018,0.11330105483779329,0.035955534782247014,0.029460482904867573,0.0,0.11330105483779329,0.23432133771217062,0.00480979677642219,0.226217664471193,0.23848571693938,0.2321419332451018,0.004791639072614156,0.2260099051550183,0.23848571693938,0.23025723246290503,0.011401709866471509,0.194820137457281,0.2485723257354372,0.24222803093360715,0.032858979460365326,0.1834027981585612,0.3031423517131102,0.0009604939875212288,0.00041754684746282515,0,0,0,12.84000015258789,-0.03675917283740948,-0.0005915052837828227,0.0593347763222144,0.0007050783611991
2024-06-26,12.8100004196167,13.239999771118164,12.369999885559082,12.550000190734863,0,0.0005218770910442,0.2257938667154875,0.2097036843550619,-0.022844629369816793,0.2257938667154875,-0.03745181832153355,0.009800313324426213,-0.03593199371916356,0.008597208849178362,-0.0680424442008909,0.234714224895123,0.2348531417693926,0.226217664471193,0.2358082341661075,0.194820137457281,0.030559783173836765,0.028567033809019017,0.006042308797982177,0.07665984605542508,0.03278178765790143,0.02638586661609561,0.006042308797982177,0.07665984605542508,0.03699635442885974,0.03334631552719807,0.0038066427145913018,0.11330105483779329,0.03558768241384262,0.02952694690819229,0.0,0.11330105483779329,0.23423657816102952,0.004988709773506358,0.2257938667154875,0.23848571693938,0.2311404965000398,0.004982922789078939,0.2257938667154875,0.23848571693938,0.23173217195139104,0.008119203509436351,0.2093079419984986,0.2485723257354372,0.2404414039801664,0.0316111208968622,0.1834027981585612,0.3031423517131102,0.001666203641975494,0.002147421895722935,0,0,0,12.550000190734863,-0.022585666542580096,-0.038005187728274104,0.0587606824620899,0.0008028583679462
2024-06-27,12.6899995803833,12.770000457763672,12.210000038146973,12.239999771118164,0,0.0006255712500263,0.2127278176945026,0.2053531985525896,-0.025011422391106652,0.2127278176945026,-0.022844629369816793,-0.03745181832153355,0.07665984605542508,-0.06510940431526668,0.0797202425692003,0.2257938667154875,0.234714224895123,0.23848571693938,0.231060108044644,0.2093079419984986,0.020230098440973076,0.012613071184982129,0.006042308797982177,0.03745181832153355,0.028771989465485426,0.023852427260451798,0.006042308797982177,0.07665984605542508,0.034391172515617185,0.03194942623435313,0.0038066427145913018,0.11330105483779329,0.035650588563481446,0.02950090179603941,0.0,0.11330105483779329,0.22908499831205406,0.010141827036633983,0.2127278176945026,0.2373359404857646,0.22930726746502567,0.007665787393356554,0.2127278176945026,0.23848571693938,0.23189502317501032,0.00766874100929307,0.2127278176945026,0.2485723257354372,0.23837342270941647,0.030468087020617093,0.1834027981585612,0.3031423517131102,0.00072529034719033,0.0005019040534831056,0,0,0,12.239999771118164,-0.024701228279307874,-0.05786715649565821,0.0570246658398847,0.0007547083931893
2024-06-28,12.239999771118164,12.760000228881836,11.869999885559082,12.4399995803833,0,0.0002626926250864,0.1884121102648424,0.2081471839883024,0.016207795195103625,0.1884121102648424,-0.025011422391106652,-0.022844629369816793,-0.006042308797982177,-0.008340363891643499,0.10008343395238217,0.2127278176945026,0.2257938667154875,0.2373359404857646,0.2308263733973454,0.2307352524974461,0.022263195720397366,0.010375167282743732,0.009800313324426213,0.03745181832153355,0.029558732595831437,0.023225136245214675,0.006042308797982177,0.07665984605542508,0.030397094479556304,0.028368532642410578,0.0038066427145913018,0.11330105483779329,0.03545926014805708,0.029602569338518188,0.0,0.11330105483779329,0.2193002322678696,0.01948668882348895,0.1884121102648424,0.2348531417693926,0.22506584115177533,0.01497808730975662,0.1884121102648424,0.23848571693938,0.2298796354496482,0.012207196400334162,0.1884121102648424,0.2485723257354372,0.23571579086392042,0.029819826357988688,0.1834027981585612,0.3031423517131102,0.001885403546227328,0.0025122476247917236,0,0,0,12.4399995803833,0.01633985400367921,-0.11430431474918756,0.055996311734764,0.0004974130416074
2024-07-01,12.979999542236328,13.260000228881836,12.100000381469728,12.220000267028809,0,0.0003183754319628,0.1887929904009773,0.209173308570826,-0.01784307798455309,0.1887929904009773,0.016207795195103625,-0.025011422391106652,0.009800313324426213,0.058553331842595924,0.013217620885411119,0.1884121102648424,0.2127278176945026,0.2348531417693926,0.2260099051550183,0.2218822491882915,0.023871748652422742,0.008394241703199622,0.016207795195103625,0.03745181832153355,0.025487707210027154,0.021043605212485956,0.006042308797982177,0.07665984605542508,0.030617354341420204,0.02824617062569142,0.0038066427145913018,0.11330105483779329,0.03434442164160521,0.02935646154732055,0.0,0.11330105483779329,0.2100882019941866,0.0211152520039436,0.1884121102648424,0.234714224895123,0.22134414967637123,0.018842642140442064,0.1884121102648424,0.23848571693938,0.22830395645977608,0.015086962987306532,0.1884121102648424,0.2485723257354372,0.23299318702315533,0.028713124342525674,0.1834027981585612,0.2990198443472937,0.0030227220036275915,0.00278411773424889,0,0,0,12.220000267028809,-0.017684832859754307,0.0020215268307304246,0.0552969970416586,0.0004921874166685
2024-07-02,12.670000076293944,12.880000114440918,11.850000381469728,12.029999732971191,0,0.0002455635612449,0.1518263078601064,0.196184831656084,-0.015670467805555255,0.1518263078601064,-0.01784307798455309,0.016207795195103625,-0.03745181832153355,0.00708386694116081,-0.11330105483779329,0.1887929904009773,0.1884121102648424,0.234714224895123,0.2261080231270494,0.2485723257354372,0.019515478549227083,0.0041776322342403855,0.015670467805555255,0.025011422391106652,0.0263463672964666,0.020373740627726955,0.006042308797982177,0.07665984605542508,0.02596827876845649,0.02108298628315004,0.0038066427145913018,0.07665984605542508,0.034318648911924605,0.029372752857724182,0.0,0.11330105483779329,0.19351061858718324,0.02827251940866212,0.1518263078601064,0.2257938667154875,0.21391597814967694,0.02877820352614955,0.1518263078601064,0.23848571693938,0.22369700322761746,0.02184565014607931,0.1518263078601064,0.2444799997504328,0.22956287460479305,0.029606704502305,0.1518263078601064,0.2990198443472937,0.0025055503814042836,0.002435569074724874,0,0,0,12.029999732971191,-0.015548324869538943,-0.19580537636676765,0.0543512079765079,0.0004895497541048
2024-07-03,12.130000114440918,12.229999542236328,11.949999809265137,12.09000015258789,0,2.4752311136041657e-05,0.1512046826724129,0.1880354972067063,0.004975169458022677,0.1512046826724129,-0.015670467805555255,-0.01784307798455309,-0.022844629369816793,-0.03593199371916356,0.014598767328195539,0.1518263078601064,0.1887929904009773,0.2257938667154875,0.226217664471193,0.2444799997504328,0.01594158656686826,0.007181299814656561,0.004975169458022677,0.025011422391106652,0.023250684870352513,0.021094536235174727,0.004975169458022677,0.07665984605542508,0.025510012203210163,0.021443974546825707,0.0038066427145913018,0.07665984605542508,0.033312535656543026,0.02964212353801555,0.0,0.11330105483779329,0.17859278177856833,0.026609285238058063,0.1512046826724129,0.2127278176945026,0.20641467996979893,0.03443568132359547,0.1512046826724129,0.23848571693938,0.2192553214619975,0.02641358828904283,0.1512046826724129,0.23848571693938,0.22604346599348638,0.029932586311528092,0.1512046826724129,0.2813699218401611,0.0001934710681441887,0.00026399331239264297,0,0,0,12.09000015258789,0.004987566163634494,-0.004094318016784393,0.0535943238192963,0.0004087943116613
2024-07-05,12.369999885559082,12.609999656677246,11.84000015258789,12.479999542236328,0,0.0010079767142013,0.1544549845343615,0.1869531562236303,0.03174864901379815,0.1544549845343615,0.004975169458022677,-0.015670467805555255,-0.025011422391106652,0.07665984605542508,0.0038066427145913018,0.1512046826724129,0.1518263078601064,0.2127278176945026,0.23848571693938,0.2294305785562162,0.01728903189140656,0.009549967603627597,0.004975169458022677,0.03174864901379815,0.018759565166189818,0.01066036514338618,0.004975169458022677,0.03745181832153355,0.026840583931743822,0.02088969409274925,0.003966700215844998,0.07665984605542508,0.032055660853966224,0.028514859680781515,0.0,0.11330105483779329,0.16693821514654011,0.019814793750123315,0.1512046826724129,0.1887929904009773,0.1980116067292971,0.035959062329526774,0.1512046826724129,0.2373359404857646,0.2156850550800044,0.029817291872549986,0.1512046826724129,0.23848571693938,0.2230216817719197,0.030609552574485614,0.1512046826724129,0.2806747969983241,0.0014318086708879035,0.0019546312109776343,0,0,0,12.479999542236328,0.03225801362500036,0.02149603970262226,0.0529911976962502,0.0003229719933498
2024-07-08,12.90999984741211,12.90999984741211,12.3100004196167,12.369999885559082,0,7.837824913896188e-05,0.1491473687539855,0.1866970385809767,-0.008853149108591918,0.1491473687539855,0.03174864901379815,0.004975169458022677,0.016207795195103625,-0.006042308797982177,-0.04110696887890786,0.1544549845343615,0.1512046826724129,0.1884121102648424,0.2373359404857646,0.2330840476460189,0.015818102674104217,0.010295440819140965,0.004975169458022677,0.03174864901379815,0.019040649197250792,0.010319393027796688,0.004975169458022677,0.03745181832153355,0.025304687752204968,0.020973871768546405,0.003966700215844998,0.07665984605542508,0.03226645011845651,0.028304059493778618,0.002412524942485117,0.11330105483779329,0.15908526684436872,0.016714860634091708,0.1491473687539855,0.1887929904009773,0.18919274955611914,0.03605717000924163,0.1491473687539855,0.2348531417693926,0.21168807037086,0.03284087622879171,0.1491473687539855,0.23848571693938,0.2198900763375307,0.03128795197123239,0.1491473687539855,0.2763580330995338,0.0008168643632634261,0.0004271632805494674,0,0,0,12.369999885559082,-0.008814075377564845,-0.03436351242646507,0.0549488784884728,0.0003878857336826
2024-07-09,12.479999542236328,12.609999656677246,12.350000381469728,12.510000228881836,0,0.0001266562438434,0.1495187584869482,0.1859660988345806,0.011254165621822132,0.1495187584869482,-0.008853149108591918,0.03174864901379815,-0.01784307798455309,0.009800313324426213,-0.003966700215844998,0.1491473687539855,0.1544549845343615,0.1887929904009773,0.2348531417693926,0.2323040030481122,0.014500320201558026,0.010392673498987797,0.004975169458022677,0.03174864901379815,0.019186034426990385,0.010184099823509185,0.004975169458022677,0.03745181832153355,0.025651709914394354,0.02066112834201102,0.004975169458022677,0.07665984605542508,0.032071032401679626,0.02842270732571497,0.002412524942485117,0.11330105483779329,0.1512304204615629,0.0021226427406509734,0.1491473687539855,0.1544549845343615,0.18065931122787474,0.03409469498477846,0.1491473687539855,0.234714224895123,0.20774591586794738,0.03513126631993281,0.1491473687539855,0.23848571693938,0.2168749960471169,0.03183082848082556,0.1491473687539855,0.2763580330995338,0.0001565528821758377,0.00021480143702624395,0,0,0,12.510000228881836,0.01131773198205055,0.002490085719013324,0.0537372786717492,0.0003504148971873
2024-07-10,12.510000228881836,12.920000076293944,12.390000343322754,12.850000381469728,0,0.000719070946549,0.1491037936274736,0.1818648505026315,0.02681549825285856,0.1491037936274736,0.011254165621822132,-0.008853149108591918,-0.015670467805555255,-0.03745181832153355,-0.02903426961235933,0.1495187584869482,0.1491473687539855,0.1518263078601064,0.234714224895123,0.2334535750831775,0.016729326291018688,0.011805535503653377,0.004975169458022677,0.03174864901379815,0.018122402420122884,0.00847676385751426,0.004975169458022677,0.03174864901379815,0.02554605413537051,0.020648635250871916,0.004975169458022677,0.07665984605542508,0.03229193507282154,0.02834293993986806,0.002412524942485117,0.11330105483779329,0.15068591761503633,0.002275274267429111,0.1491037936274736,0.1544549845343615,0.17209826810110979,0.02944474380601797,0.1491037936274736,0.2257938667154875,0.20372925960815197,0.03682616471049133,0.1491037936274736,0.23848571693938,0.21384513320254403,0.03208616775194331,0.1491037936274736,0.2722425664953817,0.0006328029833029604,0.0005994781555556888,0,0,0,12.850000381469728,0.027178269094107144,-0.0027753364438938277,0.0533438305981266,0.0003350526659384
2024-07-11,12.880000114440918,13.329999923706056,12.229999542236328,12.920000076293944,0,2.951382979200961e-05,0.1432649461564026,0.1865821552507505,0.005432663231971002,0.1432649461564026,0.02681549825285856,0.011254165621822132,0.004975169458022677,-0.022844629369816793,0.04167265658317598,0.1491037936274736,0.1495187584869482,0.1512046826724129,0.2257938667154875,0.2359124383090758,0.01682082504580835,0.011692895358041428,0.005432663231971002,0.03174864901379815,0.016381205806338305,0.009159767866326466,0.004975169458022677,0.03174864901379815,0.02382034016626551,0.020747607185923805,0.004975169458022677,0.07665984605542508,0.0318466387497265,0.02861978275411242,0.002412524942485117,0.11330105483779329,0.14909797031183428,0.003965517273460877,0.1432649461564026,0.1544549845343615,0.1638453760452013,0.023734591050861287,0.1432649461564026,0.2127278176945026,0.19931747426754848,0.03829801790423214,0.1432649461564026,0.23848571693938,0.2107742374801874,0.03252977411651768,0.1432649461564026,0.2662285729891476,0.002675316683498904,0.00370506228808074,0,0,0,12.920000076293944,0.005447446906317488,-0.03915961712992366,0.0544848687835978,0.0003900863364787
2024-07-12,12.869999885559082,12.890000343322754,12.109999656677246,12.460000038146973,0,0.0013142791272327,0.1475303762770003,0.1876723670884055,-0.03625298783869768,0.1475303762770003,0.005432663231971002,0.02681549825285856,0.03174864901379815,-0.025011422391106652,0.008597208849178362,0.1432649461564026,0.1491037936274736,0.1544549845343615,0.2127278176945026,0.2358082341661075,0.01772169281078826,0.013206119946416782,0.005432663231971002,0.03625298783869768,0.017505362351097408,0.010867290011545004,0.004975169458022677,0.03625298783869768,0.025137282022909286,0.020610276595606512,0.004975169458022677,0.07665984605542508,0.032445672558176826,0.02843753324495265,0.002412524942485117,0.11330105483779329,0.14771304866036203,0.002601490859034957,0.1432649461564026,0.1495187584869482,0.15732563190345109,0.01673848788559223,0.1432649461564026,0.1887929904009773,0.1951137667490196,0.0389319901708338,0.1432649461564026,0.23848571693938,0.207948089939422,0.03274989421072277,0.1432649461564026,0.2485723257354372,0.0014052916016550241,0.0015432445962991373,0,0,0,12.460000038146973,-0.035603717912586874,0.029773020093422753,0.0535187430092916,0.0003590159579686
2024-07-15,12.779999732971191,13.260000228881836,12.75,13.119999885559082,0,0.002664031667338,0.1420915516893333,0.1800419944090825,0.05161425837245037,0.1420915516893333,-0.03625298783869768,0.005432663231971002,-0.008853149108591918,0.016207795195103625,-0.06510940431526668,0.1475303762770003,0.1432649461564026,0.1491473687539855,0.1884121102648424,0.231060108044644,0.02627391466355995,0.018721370516172495,0.005432663231971002,0.05161425837245037,0.021046008668832085,0.015272536257222302,0.004975169458022677,0.05161425837245037,0.02449465602563232,0.019481090076516754,0.004975169458022677,0.07665984605542508,0.031761508709533724,0.02758996737939629,0.002412524942485117,0.11330105483779329,0.1463018852474316,0.0034153353397914695,0.1420915516893333,0.1495187584869482,0.15269357604590017,0.013219268086342951,0.1420915516893333,0.1887929904009773,0.19087716882733813,0.039658724771216604,0.1420915516893333,0.23848571693938,0.20574448023147948,0.03399974450320947,0.1420915516893333,0.2485723257354372,0.0005548120721607902,0.0005028231586164326,0,0,1,13.119999885559082,0.0529694899993165,-0.03686579486149466,0.0546669080639499,0.000414949952877
2024-07-16,13.380000114440918,13.470000267028809,12.949999809265137,13.1899995803833,0,2.8314745051047672e-05,0.1419463354112691,0.1773198517192523,0.005321160122665702,0.1419463354112691,0.05161425837245037,-0.03625298783869768,0.011254165621822132,-0.01784307798455309,-0.008340363891643499,0.1420915516893333,0.1475303762770003,0.1495187584869482,0.1887929904009773,0.2308263733973454,0.025087313563728664,0.02005208098140208,0.005321160122665702,0.05161425837245037,0.019793816882643346,0.016057485370073465,0.004975169458022677,0.05161425837245037,0.024350884417585757,0.019616937995514398,0.004975169458022677,0.07665984605542508,0.0315709724371538,0.027747587091802323,0.002412524942485117,0.11330105483779329,0.14478740063229578,0.0033095424389813295,0.1419463354112691,0.1491037936274736,0.14800891054692936,0.004289729268254426,0.1419463354112691,0.1544549845343615,0.18664478606609639,0.03992392902884573,0.1419463354112691,0.23848571693938,0.20412015499322175,0.035384683647222276,0.1419463354112691,0.2485723257354372,0.0005590215368349406,0.0006959515546939455,0,0,0,13.1899995803833,0.0053353426398474735,-0.0010219909370944302,0.0592589961981363,0.0005728141681303
2024-07-17,13.600000381469728,14.880000114440918,13.539999961853027,14.479999542236328,0,0.0087066479406239,0.1594581995616509,0.1753401016059693,0.09330942042807866,0.1594581995616509,0.005321160122665702,0.05161425837245037,0.02681549825285856,-0.015670467805555255,0.058553331842595924,0.1419463354112691,0.1420915516893333,0.1491037936274736,0.1518263078601064,0.2260099051550183,0.038386097998772684,0.03665830298916269,0.005321160122665702,0.09330942042807866,0.027557712144895684,0.028097739704065986,0.004975169458022677,0.09330942042807866,0.026005936254989696,0.023690118485322754,0.004975169458022677,0.09330942042807866,0.03200630317025137,0.02857700339533223,0.002412524942485117,0.11330105483779329,0.14685828181913124,0.007398828165805679,0.1419463354112691,0.1594581995616509,0.1487720997170838,0.005540809350785821,0.1419463354112691,0.1594581995616509,0.183475657228317,0.03927912240458381,0.1419463354112691,0.23848571693938,0.20270838011014403,0.035964744370412804,0.1419463354112691,0.2485723257354372,0.0032120356967781675,0.002934262802588819,0,0,1,14.479999542236328,0.09780136488947022,0.12336961077328046,0.0567577171541779,0.0004935150830281
2024-07-18,14.270000457763672,16.43000030517578,14.079999923706056,15.93000030517578,0,0.0091079895806381,0.185700634940329,0.194891400071889,0.0954357877351999,0.185700634940329,0.09330942042807866,0.005321160122665702,0.005432663231971002,0.004975169458022677,0.00708386694116081,0.1594581995616509,0.1419463354112691,0.1432649461564026,0.1512046826724129,0.2261080231270494,0.056386722899418464,0.038483601911090036,0.005321160122665702,0.0954357877351999,0.036603773972613406,0.03396811634791067,0.005321160122665702,0.0954357877351999,0.03021317057851537,0.027672347761533735,0.004975169458022677,0.0954357877351999,0.0342211427605541,0.029805845818194975,0.0038066427145913018,0.11330105483779329,0.15534541957591652,0.018402645402237825,0.1419463354112691,0.185700634940329,0.1522216949438754,0.012974793066080684,0.1419463354112691,0.185700634940329,0.1815514958860922,0.03805697748566742,0.1419463354112691,0.23848571693938,0.20192697466955423,0.0359693630104333,0.1419463354112691,0.2485723257354372,0.00859306513142834,0.007234558118181074,0,0,1,15.93000030517578,0.10013817740186948,0.1645725052133935,0.0706658143393512,0.0008717320574846
2024-07-19,16.440000534057617,17.190000534057617,10.619999885559082,16.520000457763672,0,0.0013226061645982,0.1857854241031991,0.3479292721696948,0.03636765272324061,0.1857854241031991,0.0954357877351999,0.09330942042807866,-0.03625298783869768,0.03174864901379815,-0.03593199371916356,0.185700634940329,0.1594581995616509,0.1475303762770003,0.1544549845343615,0.226217664471193,0.05640965587632705,0.03846863565887571,0.005321160122665702,0.0954357877351999,0.037065674343557654,0.033926139298610776,0.005321160122665702,0.0954357877351999,0.03023391624537618,0.027677012381238323,0.004975169458022677,0.0954357877351999,0.03424810752305665,0.029807297777946985,0.0038066427145913018,0.11330105483779329,0.16299642914115628,0.021951416060371397,0.1419463354112691,0.1857854241031991,0.15535473890075918,0.016794456705499988,0.1419463354112691,0.1857854241031991,0.1796261511066639,0.03668220565618554,0.1419463354112691,0.23848571693938,0.20108762645790382,0.03592381007947749,0.1419463354112691,0.2485723257354372,0.0836502775104347,0.11595480501387535,0,0,0,16.520000457763672,0.037037045906157084,0.00045659059215030773,0.0790988050234977,0.0011001150636458
2024-07-22,16.790000915527344,16.889999389648438,14.75,14.90999984741211,0,0.0105143854125397,0.1978733868525625,0.3515350359769691,-0.10253967725977953,0.1978733868525625,0.03636765272324061,0.0954357877351999,0.05161425837245037,-0.008853149108591918,0.07665984605542508,0.1857854241031991,0.185700634940329,0.1420915516893333,0.1491473687539855,0.23848571693938,0.06659473965379288,0.043317568882812706,0.005321160122665702,0.10253967725977953,0.04643432715867642,0.037964937437085386,0.005321160122665702,0.10253967725977953,0.03146628915986925,0.030299507257677404,0.004975169458022677,0.10253967725977953,0.036373904875912286,0.031414131611027685,0.0038066427145913018,0.11330105483779329,0.17415279617380214,0.0228282955962227,0.1419463354112691,0.1978733868525625,0.16022734071061687,0.02126647199449061,0.1419463354112691,0.1978733868525625,0.17769223062633926,0.034425031838399046,0.1419463354112691,0.2373359404857646,0.20060771625185292,0.03582646266792512,0.1419463354112691,0.2485723257354372,0.006619970042551389,0.0037297439713193234,0,0,1,14.90999984741211,-0.09745766136434542,0.06506410719631517,0.0731507775017111,0.0010554807948278
2024-07-23,15.210000038146973,15.350000381469728,13.899999618530272,14.720000267028809,0,0.0001644802941521,0.19819648842259,0.3547829060455679,-0.01282498710144342,0.19819648842259,-0.10253967725977953,0.03636765272324061,0.005321160122665702,0.011254165621822132,-0.006042308797982177,0.1978733868525625,0.1857854241031991,0.1419463354112691,0.1495187584869482,0.2373359404857646,0.06809550504954842,0.040715845664762176,0.01282498710144342,0.10253967725977953,0.04659140930663854,0.037806121633536416,0.005321160122665702,0.10253967725977953,0.031789273840986454,0.030050067774435887,0.004975169458022677,0.10253967725977953,0.03610407662194074,0.03156990463413513,0.0038066427145913018,0.11330105483779329,0.1854028267760663,0.01575239187124081,0.1594581995616509,0.19819648842259,0.16509511370418103,0.02394529827520247,0.1419463354112691,0.19819648842259,0.17582844719475954,0.032009187228980926,0.1419463354112691,0.2348531417693926,0.20067046911191658,0.03581971472147415,0.1419463354112691,0.2485723257354372,0.003551170490467371,0.0045087445568849265,0,0,0,14.720000267028809,-0.012743097406287318,0.0016328702670269646,0.0801750153395718,0.0012931474601767
2024-07-24,15.350000381469728,18.459999084472656,15.18000030517578,18.040000915527344,0,0.0413652279703369,0.2838151332331062,0.3723185952770387,0.20338443394305505,0.2838151332331062,-0.01282498710144342,-0.10253967725977953,0.09330942042807866,0.02681549825285856,0.009800313324426213,0.19819648842259,0.1978733868525625,0.1594581995616509,0.1491037936274736,0.2348531417693926,0.0901105077525437,0.07395128698197055,0.01282498710144342,0.20338443394305505,0.06424830287565819,0.061408497881246846,0.005321160122665702,0.20338443394305505,0.0410075652990164,0.047558911470570155,0.004975169458022677,0.20338443394305505,0.0400985975288607,0.040777603863938305,0.0038066427145913018,0.20338443394305505,0.21027421351035738,0.04156765686542411,0.185700634940329,0.2838151332331062,0.17856624766474433,0.043696430063581815,0.1419463354112691,0.2838151332331062,0.1781599705977935,0.037785456927340484,0.1419463354112691,0.2838151332331062,0.2030612389946438,0.037928022460059135,0.1419463354112691,0.2838151332331062,0.013803011747537187,0.00906259728700714,0,1,1,18.040000915527344,0.22554351822499452,0.43198870722654825,0.0716846249895107,0.0011450681855296
2024-07-25,18.40999984741211,19.36000061035156,16.420000076293945,18.459999084472656,0,0.0005296724619499,0.2822730302712016,0.383986173088994,0.023014614095178576,0.2822730302712016,0.20338443394305505,-0.01282498710144342,0.0954357877351999,0.005432663231971002,-0.03745181832153355,0.2838151332331062,0.19819648842259,0.185700634940329,0.1432649461564026,0.234714224895123,0.07562627302453943,0.07952940721152496,0.01282498710144342,0.20338443394305505,0.06600649796197895,0.0597671943018294,0.005321160122665702,0.20338443394305505,0.040320079383475683,0.047716966996656965,0.004975169458022677,0.20338443394305505,0.039734355354526615,0.040862181566743455,0.0038066427145913018,0.20338443394305505,0.2295886925765319,0.04905660947406164,0.1857854241031991,0.2838151332331062,0.19246705607622422,0.05245208620804576,0.1419463354112691,0.2838151332331062,0.18042467561570202,0.042478379179535994,0.1419463354112691,0.2838151332331062,0.20534095403930352,0.03974390973202608,0.1419463354112691,0.2838151332331062,0.009784738721984734,0.013561686538525493,0,1,0,18.459999084472656,0.023281493771090345,-0.00543347687044593,0.1152194357560076,0.0019424037323065
2024-07-26,17.969999313354492,18.049999237060547,16.3700008392334,16.389999389648438,0,0.0141454923511182,0.3054532351744873,0.3862920848705825,-0.11893482396303545,0.3054532351744873,0.023014614095178576,0.20338443394305505,0.03636765272324061,-0.03625298783869768,-0.022844629369816793,0.2822730302712016,0.2838151332331062,0.1857854241031991,0.1475303762770003,0.2257938667154875,0.0921397072724984,0.07789517027516636,0.01282498710144342,0.20338443394305505,0.07427468157441272,0.06090207564291899,0.005321160122665702,0.20338443394305505,0.04489580293553371,0.050484345758268726,0.004975169458022677,0.20338443394305505,0.040946078682196727,0.04244598634478515,0.0038066427145913018,0.20338443394305505,0.2535222547907895,0.05147530773510201,0.1978733868525625,0.3054532351744873,0.2082593419659729,0.06056548399854035,0.1419463354112691,0.3054532351744873,0.1842179788756544,0.04967889844624342,0.1419463354112691,0.3054532351744873,0.20797507541352273,0.042593676685581325,0.1419463354112691,0.3054532351744873,0.003442397352105871,0.0015002838351947361,0,1,1,16.389999389648438,-0.11213433355830271,0.08211980039685218,0.0988401926045984,0.0016523447927377
2024-07-29,16.59000015258789,17.209999084472656,16.229999542236328,16.600000381469727,0,0.0001620875994105,0.3046936087743634,0.3869574376187661,0.012731362826129189,0.3046936087743634,-0.11893482396303545,0.023014614095178576,-0.10253967725977953,0.05161425837245037,-0.025011422391106652,0.3054532351744873,0.2822730302712016,0.1978733868525625,0.1420915516893333,0.2127278176945026,0.07417804438576833,0.0849338703528852,0.012731362826129189,0.20338443394305505,0.07038639201978061,0.06368713694023359,0.005321160122665702,0.20338443394305505,0.04431103819434431,0.050796340913923654,0.004975169458022677,0.20338443394305505,0.03935110535498075,0.04221140782038732,0.0038066427145913018,0.20338443394305505,0.27488629917514973,0.044267449184234864,0.19819648842259,0.3054532351744873,0.2245195476744759,0.06261970679847835,0.1419463354112691,0.3054532351744873,0.18859730226040966,0.05597261721912949,0.1419463354112691,0.3054532351744873,0.21024616271771,0.04513371516347126,0.1419463354112691,0.3054532351744873,0.0012397740420103576,0.0017185514873808868,0,1,0,16.600000381469727,0.012812751655983723,-0.002486882811013502,0.1003571531473682,0.0019865372067674
2024-07-30,16.639999389648438,18.31999969482422,16.260000228881836,17.690000534057617,0,0.0040445555165157,0.3108376716541516,0.3911299901639751,0.06359682001889544,0.3108376716541516,0.012731362826129189,-0.11893482396303545,-0.01282498710144342,0.005321160122665702,0.016207795195103625,0.3046936087743634,0.3054532351744873,0.19819648842259,0.1419463354112691,0.1884121102648424,0.08433241096925874,0.07856089707973642,0.012731362826129189,0.20338443394305505,0.07621395800940359,0.05960748586218232,0.012731362826129189,0.20338443394305505,0.04656765842404868,0.050537399560274955,0.004975169458022677,0.20338443394305505,0.03848237645180249,0.041296566597951084,0.0038066427145913018,0.20338443394305505,0.29741453582146204,0.013341618220951958,0.2822730302712016,0.3108376716541516,0.2414086812987642,0.06061820767343874,0.1594581995616509,0.3108376716541516,0.19442709089799579,0.06200307896947118,0.1419463354112691,0.3108376716541516,0.21215336317382205,0.04764329336840605,0.1419463354112691,0.3108376716541516,0.00513201422341731,0.005668106211030577,0,1,0,17.690000534057617,0.06566265828551643,0.0201647251627719,0.0871093149069821,0.0016696048579983
2024-07-31,16.65999984741211,16.770000457763672,15.710000038146973,16.360000610351562,0,0.0061090121555679,0.3200167102558541,0.3892269478807807,-0.07816016987934393,0.3200167102558541,0.06359682001889544,0.012731362826129189,0.20338443394305505,0.09330942042807866,-0.01784307798455309,0.3108376716541516,0.3046936087743634,0.2838151332331062,0.1594581995616509,0.1887929904009773,0.05928755815651652,0.043057366744120786,0.012731362826129189,0.11893482396303545,0.0746990329545301,0.05931652782919774,0.012731362826129189,0.20338443394305505,0.0494399008952292,0.05053727091555656,0.004975169458022677,0.20338443394305505,0.0400286276183247,0.041542591969479674,0.0038066427145913018,0.20338443394305505,0.30465485122601155,0.013926582581795455,0.2822730302712016,0.3200167102558541,0.25746453236818445,0.05769319345353239,0.185700634940329,0.3200167102558541,0.20067583946251377,0.06775273478054482,0.1419463354112691,0.3200167102558541,0.21448989796114493,0.05045543200253137,0.1419463354112691,0.3200167102558541,0.001537669754544305,0.002004110575844057,0,1,0,16.360000610351562,-0.07518371303299154,0.02953000694174346,0.0827730486460158,0.0018631091860035
2024-08-01,16.200000762939453,19.479999542236328,15.949999809265137,18.59000015258789,0,0.0163288634790557,0.3442295669473935,0.4042385949400603,0.1277844414592626,0.3442295669473935,-0.07816016987934393,0.06359682001889544,0.023014614095178576,0.0954357877351999,-0.015670467805555255,0.3200167102558541,0.3108376716541516,0.2822730302712016,0.185700634940329,0.1518263078601064,0.08024152362933332,0.04635865757839608,0.012731362826129189,0.1277844414592626,0.07793389832693638,0.061417929268715706,0.012731362826129189,0.20338443394305505,0.05477866154540574,0.052668424025198134,0.004975169458022677,0.20338443394305505,0.040373470156931116,0.04222024269831591,0.0038066427145913018,0.20338443394305505,0.31704615856124996,0.016380541332810437,0.3046936087743634,0.3442295669473935,0.27331742556889094,0.05756302165739288,0.1857854241031991,0.3442295669473935,0.20983789941905126,0.07357555543327368,0.1419463354112691,0.3442295669473935,0.21676745132333436,0.05406154593752857,0.1419463354112691,0.3442295669473935,0.014416775063930442,0.012670558149898457,0,1,1,18.59000015258789,0.13630803539367387,0.0756612261659122,0.0808923843085464,0.0013624405959918
2024-08-02,20.520000457763672,29.65999984741211,20.01000022888184,23.38999938964844,0,0.0527550818836477,0.4137926102932504,0.4680619354348151,0.22968474456012045,0.4137926102932504,0.1277844414592626,-0.07816016987934393,-0.11893482396303545,0.03636765272324061,0.004975169458022677,0.3442295669473935,0.3200167102558541,0.3054532351744873,0.1857854241031991,0.1512046826724129,0.10239150774875032,0.08212718237417765,0.012731362826129189,0.22968474456012045,0.09726560751062437,0.07565482659214419,0.012731362826129189,0.22968474456012045,0.0654791175026485,0.06371283737437178,0.005321160122665702,0.22968474456012045,0.045494564852929326,0.051123344933972865,0.0038066427145913018,0.22968474456012045,0.3387140335850026,0.04458498779656611,0.3046936087743634,0.4137926102932504,0.29611814418789606,0.06385244423085239,0.1978733868525625,0.4137926102932504,0.22234208644861492,0.08460007936442436,0.1419463354112691,0.4137926102932504,0.2207987039553062,0.061919906317934904,0.1419463354112691,0.4137926102932504,0.055866604832015096,0.07082761792030697,0,1,1,23.38999938964844,0.2582032919667485,0.20208328983107893,0.093946386897729,0.0017182730508231
2024-08-05,23.38999938964844,65.7300033569336,23.38999938964844,38.56999969482422,0,0.2501662374320428,0.6483691734275645,0.7763409030954994,0.5001662098063431,0.6483691734275645,0.22968474456012045,0.1277844414592626,0.012731362826129189,-0.10253967725977953,0.03174864901379815,0.4137926102932504,0.3442295669473935,0.3046936087743634,0.1978733868525625,0.1544549845343615,0.1998784771447931,0.18003244314443856,0.06359682001889544,0.5001662098063431,0.1370282607652807,0.14832519403145558,0.012731362826129189,0.5001662098063431,0.08778471563562681,0.11369989066999095,0.005321160122665702,0.5001662098063431,0.05731264978368532,0.08643055221998366,0.003966700215844998,0.5001662098063431,0.4074491465156428,0.14058593646410794,0.3108376716541516,0.6483691734275645,0.34116772284539626,0.12056732632416976,0.19819648842259,0.6483691734275645,0.24586180972924365,0.12418074805613932,0.1419463354112691,0.6483691734275645,0.230773432404624,0.09049461176792352,0.1419463354112691,0.6483691734275645,0.38505503108703837,0.4371618114542277,1,1,1,38.56999969482422,0.6489953271180455,0.5668940365273132,0.1348545831973444,0.0024097898300188
2024-08-06,33.709999084472656,34.77000045776367,24.020000457763672,27.709999084472656,0,0.1093502137503033,0.7277736052869104,0.8069878436789143,-0.3306814384725931,0.7277736052869104,0.5001662098063431,0.22968474456012045,0.06359682001889544,-0.01282498710144342,-0.008853149108591918,0.6483691734275645,0.4137926102932504,0.3108376716541516,0.19819648842259,0.1491473687539855,0.25329540083553265,0.16875767262442595,0.07816016987934393,0.5001662098063431,0.1688139059023957,0.15274346552297727,0.012731362826129189,0.5001662098063431,0.10310987227200782,0.12377193938719759,0.005321160122665702,0.5001662098063431,0.0642072800121064,0.09611365430309869,0.003966700215844998,0.5001662098063431,0.49083633324219456,0.18544843581661036,0.3200167102558541,0.7277736052869104,0.3941254345318283,0.16048761246346008,0.2822730302712016,0.7277736052869104,0.2734154400403353,0.1605240178213806,0.1419463354112691,0.7277736052869104,0.24255175520559766,0.11862396877921072,0.1419463354112691,0.7277736052869104,0.04934104638967178,0.053561152087707405,1,1,1,27.709999084472656,-0.2815660019776688,0.12246793202640882,0.2605839781488159,0.0049405485308632
2024-08-07,24.770000457763672,29.76000022888184,21.96999931335449,27.850000381469727,0,2.5398114811419252e-05,0.7277040349092999,0.8272197603291241,0.0050396542353041696,0.7277040349092999,-0.3306814384725931,0.5001662098063431,-0.07816016987934393,0.20338443394305505,0.011254165621822132,0.7277736052869104,0.6483691734275645,0.3200167102558541,0.2838151332331062,0.1495187584869482,0.23867129770672468,0.189608710846048,0.0050396542353041696,0.5001662098063431,0.1489794279316206,0.16043964433743182,0.0050396542353041696,0.5001662098063431,0.10281394315836412,0.12400974102063063,0.0050396542353041696,0.5001662098063431,0.06423282653637924,0.0960973933504691,0.004975169458022677,0.5001662098063431,0.5723737981728838,0.18114197673824423,0.3442295669473935,0.7277736052869104,0.4385143246994477,0.185953712323507,0.2822730302712016,0.7277736052869104,0.30094807225092346,0.18580473394307548,0.1419463354112691,0.7277736052869104,0.25434699405943545,0.14024037214026083,0.1419463354112691,0.7277736052869104,0.03321970491560561,0.040746237591624886,1,1,0,27.850000381469727,0.005052374652567915,-9.559343332199433e-05,0.2622403983531179,0.0055742378920089
2024-08-08,28.34000015258789,29.46999931335449,23.36000061035156,23.790000915527344,0,0.0248275540127814,0.7440844343819512,0.838528977992949,-0.15756761727201907,0.7440844343819512,0.0050396542353041696,-0.3306814384725931,0.1277844414592626,0.023014614095178576,0.02681549825285856,0.7277040349092999,0.7277736052869104,0.3442295669473935,0.2822730302712016,0.1491037936274736,0.24462793286927598,0.1856814190314366,0.0050396542353041696,0.5001662098063431,0.16243472824930466,0.15422353433355576,0.0050396542353041696,0.5001662098063431,0.1090402345402289,0.1232834980378877,0.0050396542353041696,0.5001662098063431,0.0672931443377997,0.09699159647017444,0.004975169458022677,0.5001662098063431,0.6523447716597953,0.1384807137205266,0.4137926102932504,0.7440844343819512,0.4846954651105226,0.1996785808054005,0.3046936087743634,0.7440844343819512,0.32928048371542246,0.20578191092488177,0.1419463354112691,0.7440844343819512,0.2665048716617872,0.15923290803934953,0.1419463354112691,0.7440844343819512,0.019471118038228954,0.015161236124625594,1,1,0,23.790000915527344,-0.1457809483063327,0.02250969994235752,0.2135662513883096,0.0045166415985603
2024-08-09,23.780000686645508,24.520000457763672,20.26000022888184,20.3700008392334,0,0.0240876891626349,0.7600788254005969,0.8447433455483561,-0.15520209136037755,0.7600788254005969,-0.15756761727201907,0.0050396542353041696,0.22968474456012045,-0.11893482396303545,0.005432663231971002,0.7440844343819512,0.7277040349092999,0.4137926102932504,0.3054532351744873,0.1432649461564026,0.2297314022293274,0.19011477232273988,0.0050396542353041696,0.5001662098063431,0.16606145498903885,0.15351171680798198,0.0050396542353041696,0.5001662098063431,0.11617211207015303,0.12130636189885236,0.0050396542353041696,0.5001662098063431,0.06999622611820927,0.0978384501510459,0.004975169458022677,0.5001662098063431,0.7216020146812646,0.04308217838702977,0.6483691734275645,0.7600788254005969,0.5301580241331336,0.20598910329742484,0.3046936087743634,0.7600788254005969,0.35865257320324123,0.22133596813495493,0.1419463354112691,0.7600788254005969,0.27898502373539485,0.17639323819499247,0.1419463354112691,0.7600788254005969,0.01313578959782859,0.008955478446569366,1,1,0,20.3700008392334,-0.1437578791374391,0.021495397940868077,0.1891076347002446,0.0054254935935395
2024-08-12,20.790000915527344,21.190000534057617,18.88999938964844,20.709999084472656,0,0.0002740137194194,0.7593942029108056,0.8467274516205898,0.01655335976228045,0.7593942029108056,-0.15520209136037755,-0.15756761727201907,0.5001662098063431,0.012731362826129189,-0.03625298783869768,0.7600788254005969,0.7440844343819512,0.6483691734275645,0.3046936087743634,0.1475303762770003,0.13300883222051488,0.1323896913628714,0.0050396542353041696,0.3306814384725931,0.16644365468265399,0.15309173625480452,0.0050396542353041696,0.5001662098063431,0.11523403454270459,0.12202930352127797,0.0050396542353041696,0.5001662098063431,0.07018565828280694,0.09772430720145171,0.004975169458022677,0.5001662098063431,0.7438070205779128,0.01600144834869622,0.7277040349092999,0.7600788254005969,0.5756280835467777,0.20081040149360516,0.3108376716541516,0.7600788254005969,0.38778894590008905,0.2321622272310836,0.1419463354112691,0.7600788254005969,0.2914513563245543,0.19115177861473356,0.1419463354112691,0.7600788254005969,0.004761349081323909,0.00659488911953727,1,1,0,20.709999084472656,0.01669112573546916,-0.0009007256443835931,0.1708664377566875,0.0053189678201797
2024-08-13,20.059999465942383,20.790000915527344,17.950000762939453,18.1200008392334,0,0.0178490359571137,0.7693273423610483,0.8509840514642816,-0.133600284270333,0.7693273423610483,0.01655335976228045,-0.15520209136037755,-0.3306814384725931,0.06359682001889544,0.05161425837245037,0.7593942029108056,0.7600788254005969,0.7277736052869104,0.3108376716541516,0.1420915516893333,0.09359260138006284,0.0762656800292971,0.0050396542353041696,0.15756761727201907,0.17344400110779773,0.1494229212167642,0.0050396542353041696,0.5001662098063431,0.11913813101403233,0.1212008209981397,0.0050396542353041696,0.5001662098063431,0.07181639351983232,0.09820779424653865,0.004975169458022677,0.5001662098063431,0.7521177679927404,0.01637879118005737,0.7277040349092999,0.7693273423610483,0.6214770506174675,0.18538474075783393,0.3200167102558541,0.7693273423610483,0.41765731688445645,0.23921285732789685,0.1419463354112691,0.7693273423610483,0.30426724285589724,0.20457684372534693,0.1419463354112691,0.7693273423610483,0.007781290590825537,0.006790862703789671,1,1,0,18.1200008392334,-0.12506027811373066,0.013080346692361244,0.1412201478985102,0.0033343417594498
2024-08-14,18.40999984741211,18.489999771118164,16.1200008392334,16.190000534057617,0,0.0126838379246704,0.7775088956944047,0.8546350425221317,-0.11262254625371604,0.7775088956944047,-0.133600284270333,0.01655335976228045,0.0050396542353041696,-0.07816016987934393,0.005321160122665702,0.7693273423610483,0.7593942029108056,0.7277040349092999,0.3200167102558541,0.1419463354112691,0.11510917978374521,0.05803342662678827,0.01655335976228045,0.15756761727201907,0.17689023874523496,0.14736438579363575,0.0050396542353041696,0.5001662098063431,0.12424772082979663,0.11839186292236305,0.0050396542353041696,0.5001662098063431,0.0742993026236912,0.09788153834064961,0.004975169458022677,0.5001662098063431,0.7620787401497613,0.012506332130242407,0.7440844343819512,0.7775088956944047,0.6672262691613225,0.15700148932275956,0.3442295669473935,0.7775088956944047,0.4479222007074629,0.24276503132014476,0.1594581995616509,0.7775088956944047,0.31728349338677964,0.21681550145604273,0.1419463354112691,0.7775088956944047,0.006786221597077874,0.0030290931754585644,1,1,0,16.190000534057617,-0.10651215318914042,0.01063468420119773,0.1326030824212791,0.0026807021406619
2024-08-15,16.270000457763672,16.68000030517578,14.770000457763672,15.229999542236328,0,0.0037364690305045,0.7743060789983593,0.8558757049278538,-0.06112666382606324,0.7743060789983593,-0.11262254625371604,-0.133600284270333,-0.15756761727201907,0.1277844414592626,0.09330942042807866,0.7775088956944047,0.7693273423610483,0.7440844343819512,0.3442295669473935,0.1594581995616509,0.09582098909455405,0.05639755322496275,0.01655335976228045,0.15520209136037755,0.17022446098191502,0.1512877537168071,0.0050396542353041696,0.5001662098063431,0.12271520861065303,0.11901899702617547,0.0050396542353041696,0.5001662098063431,0.07436057243282138,0.09787224657245402,0.004975169458022677,0.5001662098063431,0.768123069073043,0.008195678556358775,0.7593942029108056,0.7775088956944047,0.7102339203664191,0.1107990394352414,0.4137926102932504,0.7775088956944047,0.47720067115682996,0.2433115656128608,0.185700634940329,0.7775088956944047,0.33033816419257345,0.22743256187992142,0.1419463354112691,0.7775088956944047,0.005334202075723089,0.005709228890340213,1,1,0,15.229999542236328,-0.05929592094835401,-0.004119331256248748,0.1222160506068586,0.0028452592050614
2024-08-16,15.289999961853027,15.760000228881836,14.649999618530272,14.800000190734863,0,0.0008202463460868,0.768935732515574,0.8519706685202862,-0.028639943192801276,0.768935732515574,-0.06112666382606324,-0.11262254625371604,-0.15520209136037755,0.22968474456012045,0.0954357877351999,0.7743060789983593,0.7775088956944047,0.7600788254005969,0.4137926102932504,0.185700634940329,0.0705085594610388,0.05125016632031788,0.01655335976228045,0.133600284270333,0.1501199808451831,0.1557992329751438,0.0050396542353041696,0.5001662098063431,0.11953445410863406,0.1206656456161467,0.0050396542353041696,0.5001662098063431,0.07487381234357471,0.0975668876272929,0.004975169458022677,0.5001662098063431,0.7698944504960383,0.006872739498866328,0.7593942029108056,0.7775088956944047,0.7457482325886515,0.03864889385144786,0.6483691734275645,0.7775088956944047,0.5049737710413654,0.24165566282525577,0.1857854241031991,0.7775088956944047,0.3432626334637288,0.2366038431803728,0.1419463354112691,0.7775088956944047,0.001923862864580958,0.0022572113959513813,1,1,0,14.800000190734863,-0.028233707447526624,-0.006935689423660962,0.1063243177815572,0.0024611134318768
2024-08-19,15.9399995803833,16.06999969482422,14.460000038146973,14.649999618530272,0,0.0001037726103841,0.7681427778642771,0.8038801551101075,-0.010186884233373661,0.7681427778642771,-0.028639943192801276,-0.06112666382606324,0.01655335976228045,0.5001662098063431,0.03636765272324061,0.768935732515574,0.7743060789983593,0.7593942029108056,0.6483691734275645,0.1857854241031991,0.06923526435525744,0.05297582636695715,0.010186884233373661,0.133600284270333,0.10112204828788615,0.1008307405337914,0.0050396542353041696,0.3306814384725931,0.11828775084721183,0.12169870483590094,0.0050396542353041696,0.5001662098063431,0.07426083354629401,0.09789782531238425,0.004975169458022677,0.5001662098063431,0.7716441654867328,0.0040756544809233955,0.7681427778642771,0.7775088956944047,0.7577255930323228,0.018342106466001734,0.7277040349092999,0.7775088956944047,0.5327050736014167,0.23655616509257302,0.1978733868525625,0.7775088956944047,0.3561656123540403,0.24470328907045005,0.1419463354112691,0.7775088956944047,0.0040195612713817865,0.002821146139306615,1,0,0,14.649999618530272,-0.010135173666990571,-0.0010312365751332653,0.0912602169524554,0.0019550982294664
2024-08-20,14.890000343322754,15.93000030517578,14.779999732971191,15.880000114440918,0,0.0064996091667149,0.765525016533897,0.8010170394924409,0.08062015360140995,0.765525016533897,-0.010186884233373661,-0.028639943192801276,-0.133600284270333,-0.3306814384725931,-0.10253967725977953,0.7681427778642771,0.768935732515574,0.7693273423610483,0.7277736052869104,0.1978733868525625,0.058639238221472836,0.04077724176053304,0.010186884233373661,0.11262254625371604,0.07611591980076785,0.06052666407272535,0.0050396542353041696,0.15756761727201907,0.11724396400633708,0.12193429827676022,0.0050396542353041696,0.5001662098063431,0.07435512658310317,0.09790209949389056,0.004975169458022677,0.5001662098063431,0.7708837003213025,0.004889494246944224,0.765525016533897,0.7775088956944047,0.7615007341570215,0.015088952391412478,0.7277040349092999,0.7775088956944047,0.5597361035862422,0.22868373838330117,0.19819648842259,0.7775088956944047,0.3687141671062908,0.2519282064522369,0.1419463354112691,0.7775088956944047,0.002024963819935527,0.0012065569327765126,1,0,0,15.880000114440918,0.08395908040535804,-0.0034079098389213636,0.0790964514099737,0.0018507034739476
2024-08-21,16.25,17.170000076293945,15.920000076293944,16.270000457763672,0,0.0005886682434371,0.7658020232987821,0.8000861363082453,0.0242624863407932,0.7658020232987821,0.08062015360140995,-0.010186884233373661,-0.11262254625371604,0.0050396542353041696,-0.01282498710144342,0.765525016533897,0.7681427778642771,0.7775088956944047,0.7277040349092999,0.19819648842259,0.040967226238888266,0.02897066304292394,0.010186884233373661,0.08062015360140995,0.07803820301131674,0.05828215362583892,0.010186884233373661,0.15756761727201907,0.1177886068272585,0.121469227589557,0.0050396542353041696,0.5001662098063431,0.07478894033412248,0.0976320109274087,0.004975169458022677,0.5001662098063431,0.768542325842178,0.0035407863298834606,0.765525016533897,0.7743060789983593,0.7653105329959696,0.00931084728654493,0.7440844343819512,0.7775088956944047,0.5867649385803466,0.21706399950355965,0.2822730302712016,0.7775088956944047,0.38129669288755313,0.25832243788222015,0.1419463354112691,0.7775088956944047,0.0020606984458888043,0.002856150172191952,1,0,0,16.270000457763672,0.024559215397492062,0.00036185200862437483,0.0811944641558893,0.0017705449026614
2024-08-22,16.270000457763672,18.059999465942383,15.760000228881836,17.549999237060547,0,0.0057351778592153,0.7421742981115601,0.7956304858921198,0.07573095707315058,0.7421742981115601,0.0242624863407932,0.08062015360140995,-0.06112666382606324,-0.15756761727201907,0.20338443394305505,0.7658020232987821,0.765525016533897,0.7743060789983593,0.7440844343819512,0.2838151332331062,0.043888084888305735,0.0320805792108832,0.010186884233373661,0.08062015360140995,0.06985453699142989,0.05118805919494987,0.010186884233373661,0.15520209136037755,0.11170986983345352,0.12015858134045959,0.0050396542353041696,0.5001662098063431,0.07635871756623495,0.09709013428546963,0.004975169458022677,0.5001662098063431,0.7621159696648181,0.011244003276206139,0.7421742981115601,0.768935732515574,0.7651195193689306,0.009801361214634319,0.7421742981115601,0.7775088956944047,0.6085915654793206,0.20793083556823294,0.2822730302712016,0.7775088956944047,0.39337576803855706,0.2631242273780403,0.1419463354112691,0.7775088956944047,0.006693056315811772,0.007063079362233188,1,0,0,17.549999237060547,0.07867232595473528,-0.030853568505137652,0.0732127498166051,0.0012743805771766
2024-08-23,17.1200008392334,17.209999084472656,15.609999656677246,15.859999656677246,0,0.0102523141694624,0.7486957529496873,0.7916295432690642,-0.10125371187992283,0.7486957529496873,0.07573095707315058,0.0242624863407932,-0.028639943192801276,-0.15520209136037755,0.023014614095178576,0.7421742981115601,0.7658020232987821,0.768935732515574,0.7600788254005969,0.2822730302712016,0.058410838625730044,0.039116530087703306,0.010186884233373661,0.10125371187992283,0.06445969904338442,0.043451910863712535,0.010186884233373661,0.133600284270333,0.11543554115653658,0.11847208174940363,0.0050396542353041696,0.5001662098063431,0.07787781027000613,0.09696559034390743,0.004975169458022677,0.5001662098063431,0.7580679737516407,0.011804365034557727,0.7421742981115601,0.7681427778642771,0.7639812121238396,0.011035167062154244,0.7421742981115601,0.7775088956944047,0.6308021713211532,0.1958941695507224,0.3046936087743634,0.7775088956944047,0.40561342346842766,0.26748136921360843,0.1419463354112691,0.7775088956944047,0.0034342024174411324,0.0025032423479492668,1,0,0,15.859999656677246,-0.09629627657273676,0.008786958608942408,0.0761779114794994,0.0014320115497658
2024-08-26,16.270000457763672,16.670000076293945,15.8100004196167,16.149999618530273,0,0.0003283282931763,0.7394106886074595,0.7900929355977765,0.018119831488631277,0.7394106886074595,-0.10125371187992283,0.07573095707315058,-0.010186884233373661,0.01655335976228045,-0.11893482396303545,0.7486957529496873,0.7421742981115601,0.7681427778642771,0.7593942029108056,0.3054532351744873,0.059997428076781566,0.0367615317038869,0.018119831488631277,0.10125371187992283,0.0646163462160195,0.043262426111762065,0.010186884233373661,0.133600284270333,0.11063482722918401,0.12035090392479358,0.0050396542353041696,0.5001662098063431,0.07776531508235886,0.09703371147302735,0.004975169458022677,0.5001662098063431,0.7523215559002772,0.012637821765510985,0.7394106886074595,0.7658020232987821,0.761982860693505,0.013493661461607668,0.7394106886074595,0.7775088956944047,0.6514668119608187,0.18227271027592273,0.3046936087743634,0.7775088956944047,0.4178423954182365,0.27078035980258264,0.1419463354112691,0.7775088956944047,0.001011910457230898,0.0013816355652338862,1,0,0,16.149999618530273,0.018284991685414864,-0.012401652214062642,0.0820521072718708,0.0017543308184173
2024-08-27,16.209999084472656,16.809999465942383,15.369999885559082,15.43000030517578,0,0.0020799382386272,0.7407064310954604,0.791138293831629,-0.04560633989509899,0.7407064310954604,0.018119831488631277,-0.10125371187992283,0.08062015360140995,-0.133600284270333,0.012731362826129189,0.7394106886074595,0.7486957529496873,0.765525016533897,0.7693273423610483,0.3046936087743634,0.05299466533551937,0.035150583330153605,0.018119831488631277,0.10125371187992283,0.055816951778496104,0.0360139491861601,0.010186884233373661,0.11262254625371604,0.11220030232770638,0.1192222614227668,0.0050396542353041696,0.5001662098063431,0.07825567026102534,0.09681240538807474,0.004975169458022677,0.5001662098063431,0.7473578388125899,0.010911524536037703,0.7394106886074595,0.7658020232987821,0.7591207695669462,0.014740494059535428,0.7394106886074595,0.7775088956944047,0.6722293273094423,0.16479170951326286,0.3108376716541516,0.7775088956944047,0.43041331478492595,0.2732699082257479,0.1419463354112691,0.7775088956944047,0.002892727127319339,0.0030707308091578313,1,0,0,15.43000030517578,-0.044582001879949096,0.0017523989143857222,0.0735198354825466,0.0016182436145043
2024-08-28,15.510000228881836,17.889999389648438,15.460000038146973,17.110000610351562,0,0.0106811062156845,0.7451728442216229,0.7927511678095335,0.10334943742316449,0.7451728442216229,-0.04560633989509899,0.018119831488631277,0.0242624863407932,-0.11262254625371604,0.06359682001889544,0.7407064310954604,0.7394106886074595,0.7658020232987821,0.7775088956944047,0.3108376716541516,0.06881205555199363,0.036747006101561834,0.018119831488631277,0.10334943742316449,0.05488964089544095,0.034475278416390934,0.010186884233373661,0.10334943742316449,0.11409328410886205,0.11872652203945144,0.0050396542353041696,0.5001662098063431,0.08033047126645536,0.09638303566212485,0.004975169458022677,0.5001662098063431,0.7432320029971581,0.0037322622136101054,0.7394106886074595,0.7486957529496873,0.755887164419668,0.013773561237817844,0.7394106886074595,0.7743060789983593,0.69291195457456,0.14297898200189668,0.3200167102558541,0.7775088956944047,0.4436695227362779,0.27474434212526433,0.1419463354112691,0.7775088956944047,0.007686628319975335,0.006932459190425335,1,0,0,17.110000610351562,0.10887882514248881,0.006029937015069375,0.0692977867070055,0.0015590777414869
2024-08-29,16.540000915527344,16.56999969482422,15.1899995803833,15.649999618530272,0,0.0079552540645521,0.7464106173376202,0.7935010751413967,-0.08919223096521467,0.7464106173376202,0.10334943742316449,-0.04560633989509899,0.07573095707315058,-0.06112666382606324,-0.07816016987934393,0.7451728442216229,0.7407064310954604,0.7421742981115601,0.7743060789983593,0.3200167102558541,0.07150431033040645,0.037856997379505826,0.018119831488631277,0.10334943742316449,0.05769619760935609,0.03614154737750302,0.010186884233373661,0.10334943742316449,0.11461862035104636,0.11858389834197638,0.0050396542353041696,0.5001662098063431,0.08202926062313778,0.09588228572951915,0.004975169458022677,0.5001662098063431,0.74407926684237,0.003908794389192291,0.7394106886074595,0.7486957529496873,0.7530976182535941,0.012383374853057044,0.7394106886074595,0.768935732515574,0.7132164263403583,0.11489415270596937,0.3442295669473935,0.7775088956944047,0.4569461329014361,0.2755991011390484,0.1419463354112691,0.7775088956944047,0.002727211941717671,0.002598931911157284,1,0,0,15.649999618530272,-0.0853302711712347,0.0016610550499731591,0.0808918590471086,0.001912113518924
2024-08-30,15.670000076293944,16.040000915527344,14.779999732971191,15.0,0,0.0017995150680923,0.7366135087434684,0.7859015020652896,-0.04242069150888961,0.7366135087434684,-0.08919223096521467,0.10334943742316449,-0.10125371187992283,-0.028639943192801276,0.1277844414592626,0.7464106173376202,0.7451728442216229,0.7486957529496873,0.768935732515574,0.3442295669473935,0.059737706256199806,0.03535949001460888,0.018119831488631277,0.10334943742316449,0.05907427244096493,0.03515993187493931,0.010186884233373661,0.10334943742316449,0.11055367987721908,0.119569022418241,0.0050396542353041696,0.5001662098063431,0.08266617071131241,0.09551889523980378,0.004975169458022677,0.5001662098063431,0.7416628180011263,0.004072596509244479,0.7366135087434684,0.7464106173376202,0.7498653958763835,0.012002495771810328,0.7366135087434684,0.7681427778642771,0.7319013759496953,0.0778067392327856,0.4137926102932504,0.7775088956944047,0.4708696376843733,0.27457829718045834,0.1419463354112691,0.7775088956944047,0.0024139897618563246,0.002608870160817468,1,0,0,15.0,-0.041533522963198344,-0.013125628664148903,0.0820521956003822,0.001954002641546
2024-09-03,15.760000228881836,21.989999771118164,15.710000038146973,20.71999931335449,0,0.1043607747337592,0.7708470367806284,0.7762496967684342,0.3230491831498097,0.7708470367806284,-0.04242069150888961,-0.08919223096521467,0.018119831488631277,-0.010186884233373661,0.22968474456012045,0.7366135087434684,0.7464106173376202,0.7394106886074595,0.7681427778642771,0.4137926102932504,0.1207235765884355,0.11619560942565399,0.04242069150888961,0.3230491831498097,0.09036050233260853,0.08732473382261093,0.018119831488631277,0.3230491831498097,0.11499960552434714,0.12579389083489123,0.0050396542353041696,0.5001662098063431,0.09023936151349782,0.10162310797560739,0.0050396542353041696,0.5001662098063431,0.74795008763576,0.013372938261462396,0.7366135087434684,0.7708470367806284,0.7501358217680186,0.012480982884397236,0.7366135087434684,0.7708470367806284,0.7489039676871895,0.027686188315868884,0.6483691734275645,0.7775088956944047,0.4856230270679022,0.273628813209695,0.1419463354112691,0.7775088956944047,0.040789025616622905,0.027623641008258995,1,0,1,20.71999931335449,0.38133328755696594,0.0464742061214114,0.0749193172688027,0.001670856129918
2024-09-04,23.200000762939453,23.309999465942383,19.34000015258789,21.31999969482422,0,0.0008148855762066,0.5872425412533047,0.4796680725776119,0.028546200731562887,0.5872425412533047,0.3230491831498097,-0.04242069150888961,-0.04560633989509899,0.08062015360140995,0.5001662098063431,0.7708470367806284,0.7366135087434684,0.7407064310954604,0.765525016533897,0.6483691734275645,0.11731154875572827,0.11916536650906284,0.028546200731562887,0.3230491831498097,0.08515310704562382,0.0894957764782346,0.018119831488631277,0.3230491831498097,0.0925415098541195,0.0908326071105407,0.0050396542353041696,0.3306814384725931,0.09016311274487317,0.10166925543335753,0.0050396542353041696,0.5001662098063431,0.7172573096673289,0.07378948725610858,0.5872425412533047,0.7708470367806284,0.7323075742399594,0.052197173003410695,0.5872425412533047,0.7708470367806284,0.7459931756788913,0.039484012901819715,0.5872425412533047,0.7775088956944047,0.4959274927040675,0.2689626156324677,0.1419463354112691,0.7775088956944047,0.012572899204273343,0.014671061804392468,1,0,0,21.31999969482422,0.028957548327861904,-0.23818538149167823,0.1668499015161896,0.0036093388284454
2024-09-05,20.75,21.530000686645508,19.209999084472656,19.899999618530277,0,0.0047507758891984,0.4901574893812542,0.4306147693012531,-0.06892587242246906,0.4901574893812542,0.028546200731562887,0.3230491831498097,0.10334943742316449,0.0242624863407932,-0.3306814384725931,0.5872425412533047,0.7708470367806284,0.7451728442216229,0.7658020232987821,0.7277736052869104,0.11042683575558918,0.12115153224046499,0.028546200731562887,0.3230491831498097,0.0896194456537914,0.08720449766372684,0.018119831488631277,0.3230491831498097,0.08007695908982788,0.07266211443316963,0.0050396542353041696,0.3230491831498097,0.09159341568091786,0.10091724761488827,0.0050396542353041696,0.5001662098063431,0.6662542386992552,0.12203282220546358,0.4901574893812542,0.7708470367806284,0.7047431208482066,0.09094424323445893,0.4901574893812542,0.7708470367806284,0.7346781225405268,0.0684145642961832,0.4901574893812542,0.7775088956944047,0.504046781290431,0.2633269558105019,0.1419463354112691,0.7775088956944047,0.004688666079722126,0.005824065217731914,1,0,0,19.899999618530277,-0.06660413211162808,-0.16532360149666547,0.1386911987014138,0.0031505770148191
2024-09-06,21.979999542236328,23.76000022888184,18.82999992370605,22.3799991607666,0,0.0137940216224091,0.5040069323968989,0.4143848397408378,0.1174479528234067,0.5040069323968989,-0.06892587242246906,0.028546200731562887,-0.08919223096521467,0.07573095707315058,0.0050396542353041696,0.4901574893812542,0.5872425412533047,0.7464106173376202,0.7421742981115601,0.7277040349092999,0.11607798012722759,0.1205710221587061,0.028546200731562887,0.3230491831498097,0.09379114522881701,0.08746372240842266,0.018119831488631277,0.3230491831498097,0.08542973521307087,0.07097885427155345,0.010186884233373661,0.3230491831498097,0.0941218391857175,0.10018294054621225,0.0050396542353041696,0.5001662098063431,0.6177735017111109,0.13011079207074505,0.4901574893812542,0.7708470367806284,0.6809263842767406,0.10937156511984931,0.4901574893812542,0.7708470367806284,0.7240258795637458,0.0849672690897964,0.4901574893812542,0.7775088956944047,0.5124869759073346,0.25729846223324343,0.1419463354112691,0.7775088956944047,0.019505420782273988,0.026914611925868494,1,0,0,22.3799991607666,0.12462309496363133,0.028255088039412346,0.1198939497592656,0.0029695462266353
2024-09-09,21.31999969482422,21.40999984741211,19.290000915527344,19.450000762939453,0,0.019689858462638,0.4988840470028969,0.3951772998743818,-0.14032055609438698,0.4988840470028969,0.1174479528234067,-0.06892587242246906,-0.04242069150888961,-0.10125371187992283,-0.15756761727201907,0.5040069323968989,0.4901574893812542,0.7366135087434684,0.7486957529496873,0.7440844343819512,0.13565795304432707,0.11335223328559452,0.028546200731562887,0.3230491831498097,0.09769782965026344,0.08869786354725405,0.018119831488631277,0.3230491831498097,0.08460844658556457,0.07019790539892175,0.010186884233373661,0.3230491831498097,0.09682434056289675,0.09985341878620534,0.0050396542353041696,0.5001662098063431,0.5702276093629967,0.11876864972140146,0.4901574893812542,0.7708470367806284,0.6559452136820614,0.1201690428326694,0.4901574893812542,0.7708470367806284,0.7123496706409337,0.09793166610653253,0.4901574893812542,0.7775088956944047,0.5208150771781781,0.25082921711548983,0.1419463354112691,0.7775088956944047,0.003921420967196153,0.002180956591076011,1,0,0,19.450000762939453,-0.13092039802055044,-0.010164315339154406,0.1162331453682782,0.0029506346690819
2024-09-10,19.86000061035156,20.739999771118164,18.899999618530277,19.07999992370605,0,0.0003688876166825,0.4745171132931206,0.3822855276091704,-0.019206447268627524,0.4745171132931206,-0.14032055609438698,0.1174479528234067,0.3230491831498097,0.018119831488631277,-0.15520209136037755,0.4988840470028969,0.5040069323968989,0.7708470367806284,0.7394106886074595,0.7600788254005969,0.07488940586809063,0.053329901581469615,0.019206447268627524,0.14032055609438698,0.09780649122826306,0.0885901425567376,0.019206447268627524,0.3230491831498097,0.07813246353357647,0.06963051478830856,0.010186884233373661,0.3230491831498097,0.09715228780186475,0.09956815248675592,0.0050396542353041696,0.5001662098063431,0.510961624665495,0.044085225178965945,0.4745171132931206,0.5872425412533047,0.6294558561506276,0.12862443140132024,0.4745171132931206,0.7708470367806284,0.698751493873911,0.11004893434500519,0.4745171132931206,0.7775088956944047,0.528702033538576,0.2437768857541865,0.1419463354112691,0.7775088956944047,0.003112915881243336,0.0036952736372112814,1,0,0,19.07999992370605,-0.019023178648836403,-0.04884288013650362,0.1172594678969762,0.0031672337464627
2024-09-11,19.40999984741211,21.40999984741211,17.549999237060547,17.690000534057617,0,0.0057215795885487,0.4802229239396694,0.3945070628550798,-0.07564112366000897,0.4802229239396694,-0.019206447268627524,-0.14032055609438698,0.028546200731562887,-0.04560633989509899,0.01655335976228045,0.4745171132931206,0.4988840470028969,0.5872425412533047,0.7407064310954604,0.7593942029108056,0.08430839045377984,0.0468657648901148,0.019206447268627524,0.14032055609438698,0.10080996960475405,0.08712070752739041,0.019206447268627524,0.3230491831498097,0.08094616657632546,0.06819682438564073,0.010186884233373661,0.3230491831498097,0.09809010055951502,0.0991652431396918,0.0050396542353041696,0.5001662098063431,0.489557701202768,0.012343805178758634,0.4745171132931206,0.5040069323968989,0.6034075054350485,0.1299601695651077,0.4745171132931206,0.7708470367806284,0.685457623446714,0.11886574147288179,0.4745171132931206,0.7775088956944047,0.5366232846734016,0.23638213283639684,0.1419463354112691,0.7775088956944047,0.014254947104444056,0.01643564685437869,1,0,0,17.690000534057617,-0.07285112134206151,0.01202445704634525,0.0997235285857739,0.001738131190054
2024-09-12,17.6200008392334,18.59000015258789,16.889999389648438,17.06999969482422,0,0.0012728497156261,0.462642270480852,0.3888080843112733,-0.03567701943304913,0.462642270480852,-0.07564112366000897,-0.019206447268627524,-0.06892587242246906,0.10334943742316449,-0.133600284270333,0.4802229239396694,0.4745171132931206,0.4901574893812542,0.7451728442216229,0.7693273423610483,0.07765861985589587,0.05170321754081662,0.019206447268627524,0.14032055609438698,0.09404272780574252,0.08949739648991908,0.019206447268627524,0.3230491831498097,0.07628315396502623,0.06776295421533353,0.010186884233373661,0.3230491831498097,0.09771064248952928,0.09937768613947731,0.0050396542353041696,0.5001662098063431,0.48405465742268755,0.017191141003612725,0.462642270480852,0.5040069323968989,0.5751544480609714,0.126377696098786,0.462642270480852,0.7708470367806284,0.6708535724047999,0.12663234129576856,0.462642270480852,0.7775088956944047,0.5442554446446282,0.22837220525532964,0.1419463354112691,0.7775088956944047,0.0033171943740858034,0.004210126910928492,1,0,0,17.06999969482422,-0.035048096128643014,-0.036609359075549075,0.0922514686825314,0.0019197527118168
2024-09-13,17.030000686645508,17.18000030517578,16.229999542236328,16.559999465942383,0,0.000920054624508,0.4497489156579652,0.381513555485765,-0.030332402221190602,0.4497489156579652,-0.03567701943304913,-0.07564112366000897,0.1174479528234067,-0.08919223096521467,-0.11262254625371604,0.462642270480852,0.4802229239396694,0.5040069323968989,0.7464106173376202,0.7775088956944047,0.06023550973545264,0.04957733061227341,0.019206447268627524,0.14032055609438698,0.08815674493134011,0.09175879378310654,0.019206447268627524,0.3230491831498097,0.07236457567776311,0.06793556471467595,0.010186884233373661,0.3230491831498097,0.09830614825377988,0.09888426606338847,0.0050396542353041696,0.5001662098063431,0.4732030540749008,0.018521241058020037,0.4497489156579652,0.4988840470028969,0.5454882778930058,0.11611247141302149,0.4497489156579652,0.7708470367806284,0.6552459543078266,0.13287425557537572,0.4497489156579652,0.7743060789983593,0.5515840775076447,0.2199296740149123,0.1594581995616509,0.7775088956944047,0.001167088190665543,0.0013153667334643282,1,0,0,16.559999465942383,-0.029876991095463934,-0.02786895112175103,0.0817090132526192,0.0017953230811683
2024-09-16,17.15999984741211,17.690000534057617,16.90999984741211,17.139999389648438,0,0.0011850641597587,0.4469034372935273,0.3754355101764534,0.034424760852600045,0.4469034372935273,-0.030332402221190602,-0.03567701943304913,-0.14032055609438698,-0.04242069150888961,-0.06112666382606324,0.4497489156579652,0.462642270480852,0.4988840470028969,0.7366135087434684,0.7743060789983593,0.03905635068709525,0.02145601931951498,0.019206447268627524,0.07564112366000897,0.08735715186571116,0.09223522595844386,0.019206447268627524,0.3230491831498097,0.07109305648855058,0.06840468038307039,0.010186884233373661,0.3230491831498097,0.0969041325496018,0.09937307485118779,0.0050396542353041696,0.5001662098063431,0.4628069321330269,0.01469613188261528,0.4469034372935273,0.4802229239396694,0.5165172707480117,0.09782971517283816,0.4469034372935273,0.7708470367806284,0.6396553523218822,0.13733867676710135,0.4469034372935273,0.7708470367806284,0.5584280117393561,0.21174994445145665,0.185700634940329,0.7775088956944047,0.000733431357787058,0.0010162263797144563,1,0,0,17.139999389648438,0.03502415111177348,-0.006326815397153518,0.0735317698354224,0.0015253927775311
2024-09-17,17.15999984741211,18.07999992370605,16.670000076293945,17.610000610351562,0,0.0007318150110975,0.446804488484371,0.3760396061747562,0.027052079607630564,0.446804488484371,0.034424760852600045,-0.030332402221190602,-0.019206447268627524,0.3230491831498097,-0.028639943192801276,0.4469034372935273,0.4497489156579652,0.4745171132931206,0.7708470367806284,0.768935732515574,0.04062547715489586,0.019869676200334845,0.027052079607630564,0.07564112366000897,0.05775744151149324,0.04201927040344236,0.019206447268627524,0.14032055609438698,0.07101744393687578,0.0684548123654966,0.010186884233373661,0.3230491831498097,0.09527594902275492,0.09995622703637078,0.0050396542353041696,0.5001662098063431,0.4572644071712769,0.014398412363981006,0.446804488484371,0.4802229239396694,0.48411301591838607,0.04191494475891772,0.446804488484371,0.5872425412533047,0.6243157692727773,0.14013831073837152,0.446804488484371,0.7708470367806284,0.5646447701570714,0.20423984537147635,0.1857854241031991,0.7775088956944047,0.002377825975192875,0.0030375192456089774,1,0,0,17.610000610351562,0.027421309068831112,-0.00022140981898799428,0.0690150545273617,0.0010106747565892
2024-09-18,17.579999923706055,19.38999938964844,17.110000610351562,18.229999542236328,0,0.0011972711663341,0.44802650533839,0.3781934148246813,0.03460160641262444,0.44802650533839,0.027052079607630564,0.034424760852600045,-0.07564112366000897,0.028546200731562887,-0.010186884233373661,0.446804488484371,0.4469034372935273,0.4802229239396694,0.5872425412533047,0.7681427778642771,0.03241757370541896,0.0036248880187360333,0.027052079607630564,0.03567701943304913,0.058362982079599404,0.04159300299671834,0.019206447268627524,0.14032055609438698,0.07218004975493535,0.06757166501226915,0.018119831488631277,0.3230491831498097,0.09523390030107358,0.09998198062961838,0.0050396542353041696,0.5001662098063431,0.4508251234510211,0.006711567967559564,0.446804488484371,0.462642270480852,0.47019141232689454,0.022460310999471815,0.446804488484371,0.5040069323968989,0.6090721372477351,0.14111819235070713,0.446804488484371,0.7708470367806284,0.570888605424576,0.19622650658926458,0.1978733868525625,0.7775088956944047,0.005644034876069499,0.0073150902699703,1,0,0,18.229999542236328,0.03520720672322497,0.0027350147223548227,0.0650513703325887,0.0010107157046377
2024-09-19,17.209999084472656,17.270000457763672,16.209999084472656,16.329999923706055,0,0.0121142296604247,0.4542492377312704,0.3774286991020328,-0.11006466126974956,0.4542492377312704,0.03460160641262444,0.027052079607630564,-0.03567701943304913,-0.06892587242246906,0.08062015360140995,0.44802650533839,0.446804488484371,0.462642270480852,0.4901574893812542,0.765525016533897,0.04729510207275904,0.03522889872590362,0.027052079607630564,0.11006466126974956,0.06247686096432745,0.044674190993693214,0.019206447268627524,0.14032055609438698,0.07358216916771342,0.06805928370600664,0.018119831488631277,0.3230491831498097,0.09541306658702525,0.10000213209263427,0.0050396542353041696,0.5001662098063431,0.44914651690110474,0.003089157379656227,0.446804488484371,0.4542492377312704,0.46660058716189623,0.02177347666817992,0.446804488484371,0.5040069323968989,0.5942494811142767,0.14020798429342612,0.446804488484371,0.7708470367806284,0.5769927923502595,0.1881617065387049,0.19819648842259,0.7775088956944047,0.00144712770903486,0.0009419623780694342,1,0,0,16.329999923706055,-0.10422378860340853,0.013889205925842418,0.0632726923960321,0.0008107154694808
2024-09-20,16.350000381469727,16.68000030517578,15.8100004196167,16.149999618530273,0,0.0001228523129938,0.4537362163735631,0.376067385870571,-0.011083876262113712,0.4537362163735631,-0.11006466126974956,0.03460160641262444,-0.030332402221190602,0.1174479528234067,0.0242624863407932,0.4542492377312704,0.44802650533839,0.4497489156579652,0.5040069323968989,0.7658020232987821,0.04344539688094366,0.03845035682505299,0.011083876262113712,0.11006466126974956,0.051840453308198156,0.04275269494639781,0.011083876262113712,0.14032055609438698,0.07295461630682391,0.0685954288560844,0.011083876262113712,0.3230491831498097,0.09537161156704121,0.10003755790262138,0.0050396542353041696,0.5001662098063431,0.4499439770442244,0.0037314312552637124,0.446804488484371,0.4542492377312704,0.4615735155595625,0.017576187991989515,0.446804488484371,0.4988840470028969,0.5793892045940281,0.1376302829771153,0.446804488484371,0.7708470367806284,0.5830770715871874,0.1795488050167812,0.2822730302712016,0.7775088956944047,0.0010349542555609464,0.001376233729148925,1,0,0,16.149999618530273,-0.011022676424785383,-0.0011293829798583177,0.0771180768375388,0.0013183043783454
2024-09-23,16.709999084472656,16.950000762939453,15.75,15.890000343322754,0,0.0002634136755806,0.4476659355650842,0.3697001906337245,-0.016230023893409662,0.4476659355650842,-0.011083876262113712,-0.11006466126974956,0.034424760852600045,-0.14032055609438698,0.07573095707315058,0.4537362163735631,0.4542492377312704,0.4469034372935273,0.4988840470028969,0.7421742981115601,0.03980644948910559,0.04033241476092003,0.011083876262113712,0.11006466126974956,0.03943140008810042,0.03045883269536218,0.011083876262113712,0.11006466126974956,0.07012123853636007,0.06969506434964623,0.011083876262113712,0.3230491831498097,0.0909155541849068,0.09927427920115983,0.0050396542353041696,0.5001662098063431,0.45009647669853575,0.0035889631905790154,0.446804488484371,0.4542492377312704,0.45645170441578137,0.012107467804629115,0.446804488484371,0.4802229239396694,0.5653649968537198,0.13519683471179467,0.446804488484371,0.7708470367806284,0.5869782811665202,0.17459974858144345,0.2822730302712016,0.7775088956944047,0.0019446085548990597,0.0017177685168561394,1,0,0,15.890000343322754,-0.01609902670890473,-0.013378435728571447,0.0693547960849846,0.001150164223092
2024-09-24,15.869999885559082,16.670000076293945,15.270000457763672,15.390000343322754,0,0.0010222108299455,0.4372352759394481,0.3688080467497019,-0.03197203199588028,0.4372352759394481,-0.016230023893409662,-0.011083876262113712,0.027052079607630564,-0.019206447268627524,-0.10125371187992283,0.4476659355650842,0.4537362163735631,0.446804488484371,0.4745171132931206,0.7486957529496873,0.040790439966755535,0.040002117699790805,0.011083876262113712,0.11006466126974956,0.040707958560825694,0.02977687738818503,0.011083876262113712,0.11006466126974956,0.06682211092283423,0.06978739207549965,0.011083876262113712,0.3230491831498097,0.0911288260396854,0.09913437218943778,0.0050396542353041696,0.5001662098063431,0.4481826341895512,0.006851677895791183,0.4372352759394481,0.4542492377312704,0.452723520680414,0.011658261618056002,0.4372352759394481,0.4802229239396694,0.5505335455675178,0.13110135977179296,0.4372352759394481,0.7708470367806284,0.5906678584443357,0.16956859845800895,0.3046936087743634,0.7775088956944047,0.0027753468101591795,0.0034830711628871377,1,0,0,15.390000343322754,-0.031466330345934046,-0.023300096784155788,0.0639537938686836,0.0011444928187495
2024-09-25,15.81999969482422,15.81999969482422,15.170000076293944,15.40999984741211,0,1.6865418759350126e-06,0.4368615853729243,0.3682965315675376,0.001298669271190711,0.4368615853729243,-0.03197203199588028,-0.016230023893409662,0.03460160641262444,-0.07564112366000897,0.018119831488631277,0.4372352759394481,0.4476659355650842,0.44802650533839,0.4802229239396694,0.7394106886074595,0.034129852538468786,0.04387527449866483,0.001298669271190711,0.11006466126974956,0.03327371312194387,0.029363711256755506,0.001298669271190711,0.11006466126974956,0.06602110319819421,0.07046755897464654,0.001298669271190711,0.3230491831498097,0.0883279652136891,0.09998772787774271,0.001298669271190711,0.5001662098063431,0.44594965019645805,0.00852925322748013,0.4368615853729243,0.4542492377312704,0.4483873868237396,0.007678243574103623,0.4368615853729243,0.462642270480852,0.5361264454134924,0.12582511967409407,0.4368615853729243,0.7708470367806284,0.5937966286871555,0.16533718206322653,0.3046936087743634,0.7775088956944047,0.000634870274578855,0.0006137676956872453,1,0,0,15.40999984741211,0.0012995129072905787,-0.0008546670113038779,0.0612600077866128,0.0011877470043021
2024-09-26,15.0600004196167,15.829999923706056,14.899999618530272,15.369999885559082,0,6.755265321295028e-06,0.4344822917004085,0.3661581059337204,-0.0025990893253782232,0.4344822917004085,0.001298669271190711,-0.03197203199588028,-0.11006466126974956,-0.03567701943304913,-0.04560633989509899,0.4368615853729243,0.4372352759394481,0.4542492377312704,0.462642270480852,0.7407064310954604,0.012636738149594517,0.012434657920610501,0.001298669271190711,0.03197203199588028,0.02996592011117678,0.030886511919077788,0.001298669271190711,0.11006466126974956,0.06397313888535036,0.07170461956021652,0.001298669271190711,0.3230491831498097,0.08808672060652836,0.10018659716170171,0.001298669271190711,0.5001662098063431,0.4419962609902856,0.008298544586634092,0.4344822917004085,0.4537362163735631,0.4455713889456952,0.007003573225060481,0.4344822917004085,0.4542492377312704,0.5215443435375375,0.11845935730555043,0.4344822917004085,0.7708470367806284,0.5968868354234899,0.1609568312571085,0.3108376716541516,0.7775088956944047,0.001322150503610685,0.0016725185847606572,1,0,0,15.369999885559082,-0.002595714617073419,-0.005446333008393811,0.0580917559687036,0.0009752475750655
2024-09-27,15.640000343322754,16.969999313354492,15.199999809265137,16.959999084472656,0,0.0096904387734989,0.4333407370177113,0.3616093500807185,0.09844002627741899,0.4333407370177113,-0.0025990893253782232,0.001298669271190711,-0.011083876262113712,-0.030332402221190602,0.10334943742316449,0.4344822917004085,0.4368615853729243,0.4537362163735631,0.4497489156579652,0.7451728442216229,0.030107968152655575,0.04016234665335166,0.001298669271190711,0.09844002627741899,0.03677668251679962,0.0377278170694257,0.001298669271190711,0.11006466126974956,0.06373935740221962,0.07157771127803936,0.001298669271190711,0.3230491831498097,0.08891632075554083,0.10012310155478038,0.001298669271190711,0.5001662098063431,0.43791716511911527,0.00568682240431494,0.4333407370177113,0.4476659355650842,0.4439305710816699,0.007793620081635441,0.4333407370177113,0.4542492377312704,0.5066951955754465,0.10811848025443477,0.4333407370177113,0.7708470367806284,0.5998035750750033,0.1567005109431751,0.3200167102558541,0.7775088956944047,0.004376191844805347,0.003530596752265866,1,0,0,16.959999084472656,0.10344822451218505,-0.0026273905853090307,0.0558564158675365,0.0004302079902371
2024-09-30,17.010000228881836,17.790000915527344,16.469999313354492,16.729999542236328,0,0.0001864341394646,0.4242821872692343,0.3608017228196532,-0.013654088745303383,0.4242821872692343,0.09844002627741899,-0.0025990893253782232,-0.016230023893409662,0.034424760852600045,-0.08919223096521467,0.4333407370177113,0.4344822917004085,0.4476659355650842,0.4469034372935273,0.7464106173376202,0.029592781123034317,0.0404006871139819,0.001298669271190711,0.09844002627741899,0.03469961530606995,0.03843677977123915,0.001298669271190711,0.11006466126974956,0.060142303010795276,0.07213055718406615,0.001298669271190711,0.3230491831498097,0.08738046168092081,0.10078468846619135,0.001298669271190711,0.5001662098063431,0.4332404154599453,0.0052648351141957855,0.4242821872692343,0.4372352759394481,0.4416684460792405,0.009847242047356037,0.4242821872692343,0.4542492377312704,0.49135574652457104,0.09438730405016406,0.4242821872692343,0.7708470367806284,0.6022860864324647,0.1529407092949226,0.3442295669473935,0.7775088956944047,0.002143773065547904,0.002865479755625407,0,0,0,16.729999542236328,-0.013561294495994303,-0.020903988419871955,0.0723545411464176,0.0011210630537954
2024-10-01,16.959999084472656,20.729999542236328,16.610000610351562,19.26000022888184,0,0.0198322243869729,0.4450259360451323,0.3814074668247689,0.140826930616885,0.4450259360451323,-0.013654088745303383,0.09844002627741899,-0.03197203199588028,0.027052079607630564,-0.04242069150888961,0.4242821872692343,0.4333407370177113,0.4372352759394481,0.446804488484371,0.7366135087434684,0.05136376084723526,0.0642774444600786,0.001298669271190711,0.140826930616885,0.0460771004069954,0.05077895991807058,0.001298669271190711,0.140826930616885,0.0648283143968903,0.07409155365305238,0.001298669271190711,0.3230491831498097,0.08769099713705468,0.1009322018162822,0.001298669271190711,0.5001662098063431,0.43479854748108215,0.007444371419995665,0.4242821872692343,0.4450259360451323,0.4414905908353166,0.009759844408247564,0.4242821872692343,0.4542492377312704,0.4774706240151264,0.07619895522855077,0.4242821872692343,0.7708470367806284,0.6046859999824109,0.14954573230075313,0.4137926102932504,0.7775088956944047,0.017707762321913643,0.018300658732688206,1,0,1,19.26000022888184,0.15122538887453674,0.04889139680694354,0.0659892926649802,0.0010062296320614
2024-10-02,19.649999618530277,20.36000061035156,18.57999992370605,18.899999618530277,0,0.0003560209100713,0.3066648495167945,0.3281788986825293,-0.01886851637175857,0.3066648495167945,0.140826930616885,-0.013654088745303383,0.001298669271190711,0.03460160641262444,0.3230491831498097,0.4450259360451323,0.4242821872692343,0.4368615853729243,0.44802650533839,0.7708470367806284,0.05487773026734884,0.06126591033937584,0.0025990893253782232,0.140826930616885,0.04450379140290881,0.05141378112250262,0.001298669271190711,0.140826930616885,0.05034352074079262,0.045177128193925165,0.001298669271190711,0.140826930616885,0.08267156313256988,0.09892049225536215,0.001298669271190711,0.5001662098063431,0.40875920030985624,0.057544385231091975,0.3066648495167945,0.4450259360451323,0.4273544252531571,0.04345398797181864,0.3066648495167945,0.4542492377312704,0.4553667103358962,0.04948245426136333,0.3066648495167945,0.5872425412533047,0.6021353390115428,0.15373591875424086,0.3066648495167945,0.7775088956944047,0.0030187594074136126,0.0035998812235535776,0,0,0,18.899999618530277,-0.018691620253031727,-0.3109056693592481,0.0910784135785505,0.0016633239877151
2024-10-03,19.6299991607666,20.75,19.15999984741211,20.489999771118164,0,0.0065246085730004,0.3158370670550751,0.3121229849338939,0.0807750491983783,0.3158370670550751,-0.01886851637175857,0.140826930616885,-0.0025990893253782232,-0.11006466126974956,0.028546200731562887,0.3066648495167945,0.4450259360451323,0.4344822917004085,0.4542492377312704,0.5872425412533047,0.07051292224194886,0.05415109825181924,0.013654088745303383,0.140826930616885,0.041574830195771684,0.04798377081038602,0.001298669271190711,0.140826930616885,0.052830608763021925,0.045354445900181825,0.001298669271190711,0.140826930616885,0.07268605930857072,0.07370173907264317,0.001298669271190711,0.3306814384725931,0.3850301553807895,0.06782870453982123,0.3066648495167945,0.4450259360451323,0.41351320818553755,0.05456009834018103,0.3066648495167945,0.4537362163735631,0.4424426401359805,0.048754429935799225,0.3066648495167945,0.5040069323968989,0.5942179079074359,0.15974219889055516,0.3066648495167945,0.7775088956944047,0.002292267387839214,0.002467546809925729,0,0,0,20.489999771118164,0.0841269938984015,0.02990958224502438,0.0798284920347645,0.0015123013380643
2024-10-04,20.479999542236328,20.479999542236328,18.479999542236328,19.209999084472656,0,0.0041610268689519,0.3149020544640911,0.310709911475962,-0.06450602195882116,0.3149020544640911,0.0807750491983783,-0.01886851637175857,0.09844002627741899,-0.011083876262113712,-0.06892587242246906,0.3158370670550751,0.3066648495167945,0.4333407370177113,0.4537362163735631,0.4901574893812542,0.06372612137822928,0.05185369357359531,0.013654088745303383,0.140826930616885,0.04691704476544243,0.047179007890113096,0.001298669271190711,0.140826930616885,0.05262013969332441,0.04528622460387963,0.001298669271190711,0.140826930616885,0.06634854939157615,0.06139202459421612,0.001298669271190711,0.3230491831498097,0.36134241887006546,0.06741926018075046,0.3066648495167945,0.4450259360451323,0.39962979199459037,0.06052549121126369,0.3066648495167945,0.4476659355650842,0.43409714323516324,0.05480291471873181,0.3066648495167945,0.5040069323968989,0.584387632887845,0.16397069601012898,0.3066648495167945,0.7775088956944047,0.0038085574450785397,0.0036966373429246305,0,0,0,19.209999084472656,-0.06246953152482426,-0.0029604270318941417,0.0814353870621481,0.0015707037185144
2024-10-07,20.76000022888184,23.030000686645508,20.649999618530277,22.63999938964844,0,0.0269903160391621,0.3352008328188616,0.2851786771781976,0.16428729725442004,0.3352008328188616,-0.06450602195882116,0.0807750491983783,-0.013654088745303383,-0.016230023893409662,0.1174479528234067,0.3149020544640911,0.3158370670550751,0.4242821872692343,0.4476659355650842,0.5040069323968989,0.09385276308005261,0.05878454535283147,0.01886851637175857,0.16428729725442004,0.06172277210154346,0.058380663055572275,0.001298669271190711,0.16428729725442004,0.0548505846662298,0.049587941538082624,0.001298669271190711,0.16428729725442004,0.07014015993965034,0.06242217021326405,0.001298669271190711,0.3230491831498097,0.3435261479799909,0.057698130615878175,0.3066648495167945,0.4450259360451323,0.3883832817199681,0.06105443430529302,0.3066648495167945,0.4450259360451323,0.42605875754097094,0.05639297930183793,0.3066648495167945,0.4988840470028969,0.5750423185523584,0.16676464791705822,0.3066648495167945,0.7775088956944047,0.004291649609980513,0.0030464167110947848,0,0,1,22.63999938964844,0.17855286145995897,0.06446060947209609,0.0776382885300256,0.0014678500645483
2024-10-08,22.920000076293945,23.13999938964844,21.13999938964844,21.420000076293945,0,0.0030684019304551,0.3094158072727953,0.2834654530767246,-0.055393157794579206,0.3094158072727953,0.16428729725442004,-0.06450602195882116,0.140826930616885,-0.03197203199588028,-0.14032055609438698,0.3352008328188616,0.3149020544640911,0.4450259360451323,0.4372352759394481,0.4988840470028969,0.07676600851559146,0.05393346364865178,0.01886851637175857,0.16428729725442004,0.06406488468141336,0.057517938203221756,0.001298669271190711,0.16428729725442004,0.050806422842429436,0.0455691766149866,0.001298669271190711,0.16428729725442004,0.06770743471399701,0.06090435766602547,0.001298669271190711,0.3230491831498097,0.3164041222255235,0.011175688648021528,0.3066648495167945,0.3352008328188616,0.3756013348533028,0.06303822346567627,0.3066648495167945,0.4450259360451323,0.4170364604109662,0.05924355601972976,0.3066648495167945,0.4802229239396694,0.5646930655259499,0.16948358223652552,0.3066648495167945,0.7775088956944047,0.002947206138082273,0.0023159897126948277,0,0,0,21.420000076293945,-0.05388689691892434,-0.07692410943382177,0.1047276395201371,0.002004265545398
2024-10-09,21.979999542236328,22.01000022888184,20.709999084472656,20.86000061035156,0,0.0007018043274485,0.3099533166479132,0.2803150928217417,-0.02649158974936272,0.3099533166479132,-0.055393157794579206,0.16428729725442004,-0.01886851637175857,0.001298669271190711,-0.019206447268627524,0.3094158072727953,0.3352008328188616,0.3066648495167945,0.4368615853729243,0.4745171132931206,0.07829062319111228,0.05195923724602451,0.02649158974936272,0.16428729725442004,0.06658417672923056,0.05495807018613088,0.0025990893253782232,0.16428729725442004,0.05115333438913111,0.04534375508236482,0.001298669271190711,0.16428729725442004,0.06464289896135379,0.059619109125921596,0.001298669271190711,0.3230491831498097,0.31706181565174724,0.010537797724390945,0.3094158072727953,0.3352008328188616,0.3629105079808017,0.06210263162510175,0.3066648495167945,0.4450259360451323,0.4092000891421468,0.0620762312853151,0.3066648495167945,0.4802229239396694,0.5539757915080289,0.17105160372649378,0.3066648495167945,0.7775088956944047,0.0013368040569122074,0.0007965990739848083,0,0,0,20.86000061035156,-0.02614376582389244,0.0017371749034271744,0.0929214886779993,0.0016466452039767
2024-10-10,20.90999984741211,21.38999938964844,20.63999938964844,20.93000030517578,0,1.1222983789719414e-05,0.30060056868922,0.2545212924092656,0.003350072206642629,0.30060056868922,-0.02649158974936272,-0.055393157794579206,0.0807750491983783,-0.0025990893253782232,-0.07564112366000897,0.3099533166479132,0.3094158072727953,0.3158370670550751,0.4344822917004085,0.4802229239396694,0.06280562779276515,0.06166449087114646,0.003350072206642629,0.16428729725442004,0.066659275017357,0.054861349959510905,0.003350072206642629,0.16428729725442004,0.04771090336754223,0.04612903944002962,0.001298669271190711,0.16428729725442004,0.06432853497193385,0.05991294930772781,0.001298669271190711,0.3230491831498097,0.3140145159785762,0.012915331872104844,0.30060056868922,0.3352008328188616,0.3495223356796829,0.059327910264280165,0.30060056868922,0.4450259360451323,0.40064664365403013,0.06414140338642668,0.30060056868922,0.462642270480852,0.5430521335503721,0.17225868746512266,0.30060056868922,0.7775088956944047,0.0004594841304652591,0.0006366271776044683,0,0,0,20.93000030517578,0.003355689970089726,-0.03017469875735279,0.0816419610024399,0.0015485577814991
2024-10-11,20.8700008392334,21.15999984741211,20.13999938964844,20.459999084472656,0,0.0005158274609861,0.2993387372887819,0.2496882791574689,-0.02271183526239362,0.2993387372887819,0.003350072206642629,-0.02649158974936272,-0.06450602195882116,0.09844002627741899,-0.03567701943304913,0.30060056868922,0.3099533166479132,0.3149020544640911,0.4333407370177113,0.462642270480852,0.054446790453479645,0.0641586077397573,0.003350072206642629,0.16428729725442004,0.059086455915854465,0.05521251357088927,0.003350072206642629,0.16428729725442004,0.04709351364513007,0.04638421071082111,0.001298669271190711,0.16428729725442004,0.06168833380507815,0.059225206383142145,0.001298669271190711,0.3230491831498097,0.31090185254351443,0.014434079263630896,0.2993387372887819,0.3352008328188616,0.33612213570678995,0.0530988846696008,0.2993387372887819,0.4450259360451323,0.3928702849305982,0.06611819713935038,0.2993387372887819,0.4542492377312704,0.531861928667699,0.17246645147837456,0.2993387372887819,0.7775088956944047,0.0008803428330210545,0.0010683429291962663,0,0,0,20.459999084472656,-0.022455863060207304,-0.0041977013082190595,0.0727152767563407,0.0013110592464265
2024-10-14,20.86000061035156,20.86000061035156,19.690000534057617,19.700000762939453,0,0.0014328527359975,0.3001940668186696,0.2497576329808121,-0.037853041304464874,0.3001940668186696,-0.02271183526239362,0.003350072206642629,0.16428729725442004,-0.013654088745303383,-0.030332402221190602,0.2993387372887819,0.30060056868922,0.3352008328188616,0.4242821872692343,0.4497489156579652,0.02915993926348861,0.01922627856233145,0.003350072206642629,0.055393157794579206,0.06150635117177061,0.053503887576495116,0.003350072206642629,0.16428729725442004,0.04745163931576218,0.04627723965639839,0.001298669271190711,0.16428729725442004,0.05990810749676264,0.05877890538471023,0.001298669271190711,0.3230491831498097,0.303900499343476,0.0053031140923078994,0.2993387372887819,0.3099533166479132,0.32371332366173344,0.043911867868419635,0.2993387372887819,0.4450259360451323,0.38574862546206035,0.06772036027811996,0.2993387372887819,0.4542492377312704,0.5204972898849435,0.1716089433890747,0.2993387372887819,0.7743060789983593,0.0012017266742254903,0.00040139924954020077,0,0,0,19.700000762939453,-0.037145569674535084,0.002857396732660611,0.0666749486909381,0.0013691432346954
2024-10-15,19.61000061035156,20.88999938964844,19.440000534057617,20.63999938964844,0,0.0021727005980793,0.3018345808409839,0.2520157602228687,0.04661223657023239,0.3018345808409839,-0.037853041304464874,-0.02271183526239362,-0.055393157794579206,0.140826930616885,0.034424760852600045,0.3001940668186696,0.2993387372887819,0.3094158072727953,0.4450259360451323,0.4469034372935273,0.027403755018619247,0.016428474980189508,0.003350072206642629,0.04661223657023239,0.05208488176710535,0.04571218332738563,0.003350072206642629,0.16428729725442004,0.0480319953023161,0.046182025813240456,0.001298669271190711,0.16428729725442004,0.05956252589543334,0.05881422339842783,0.001298669271190711,0.3230491831498097,0.3023842540571137,0.004325692868367524,0.2993387372887819,0.3099533166479132,0.3093941881413186,0.010882311339734193,0.2993387372887819,0.3352008328188616,0.3788405846786059,0.06856400594397541,0.2993387372887819,0.4542492377312704,0.509247968500244,0.17004406191273355,0.2993387372887819,0.7708470367806284,0.0018664995263194318,0.0015752167755220608,0,0,0,20.63999938964844,0.047715664482478326,0.005464844924151224,0.0637603084003199,0.0007396222645812
2024-10-16,20.770000457763672,21.01000022888184,19.450000762939453,19.57999992370605,0,0.0027796385802401,0.3052080237487132,0.2515570922443588,-0.05272227783622574,0.3052080237487132,0.04661223657023239,-0.037853041304464874,-0.02649158974936272,-0.01886851637175857,0.027052079607630564,0.3018345808409839,0.3001940668186696,0.3099533166479132,0.3066648495167945,0.446804488484371,0.03264989263599185,0.019888218330106937,0.003350072206642629,0.05272227783622574,0.05547025791355207,0.044207723015769626,0.003350072206642629,0.16428729725442004,0.04925438569415396,0.04593803056744854,0.001298669271190711,0.16428729725442004,0.06013591481551487,0.05862248011351197,0.001298669271190711,0.3230491831498097,0.3014351954772737,0.0022926993366824207,0.2993387372887819,0.3052080237487132,0.3092485055645105,0.010932544431481816,0.2993387372887819,0.3352008328188616,0.37209789588166986,0.06850853199924298,0.2993387372887819,0.4542492377312704,0.49820683257722354,0.16781150766335698,0.2993387372887819,0.7708470367806284,0.002146853232919266,0.0016314330586933874,0,0,0,19.57999992370605,-0.05135656479108286,0.011176462611838689,0.0642989319432106,0.0007022616401889
2024-10-17,19.549999237060547,19.649999618530277,18.8799991607666,19.11000061035156,0,0.0005903365804859,0.3042121022818567,0.2412742623740866,-0.024296843014801617,0.3042121022818567,-0.05272227783622574,0.04661223657023239,0.003350072206642629,0.0807750491983783,0.03460160641262444,0.3052080237487132,0.3018345808409839,0.30060056868922,0.3158370670550751,0.44802650533839,0.03683924679762365,0.01328255841986069,0.02271183526239362,0.05272227783622574,0.0498224372951944,0.044223391906270844,0.003350072206642629,0.16428729725442004,0.048763682675210016,0.04615689085376439,0.001298669271190711,0.16428729725442004,0.06047186621507268,0.05836913553600974,0.001298669271190711,0.3230491831498097,0.30215750219580106,0.002521500324288685,0.2993387372887819,0.3052080237487132,0.3080860090871887,0.010770984606956696,0.2993387372887819,0.3352008328188616,0.36524959097421583,0.06772253003626509,0.2993387372887819,0.4542492377312704,0.4871608641109755,0.16485268837814365,0.2993387372887819,0.7708470367806284,0.0005763339017922532,0.0005988003636325059,0,0,0,19.11000061035156,-0.024004050826652468,-0.0032630907098185613,0.0642279502772739,0.0008108538681699
2024-10-18,19.299999237060547,19.31999969482422,17.989999771118164,18.030000686645508,0,0.0033842974528018,0.289508326248355,0.2420763725681925,-0.05817471489231263,0.289508326248355,-0.024296843014801617,-0.05272227783622574,-0.02271183526239362,-0.06450602195882116,-0.11006466126974956,0.3042121022818567,0.3052080237487132,0.2993387372887819,0.3149020544640911,0.4542492377312704,0.04393182272360745,0.013321042644182872,0.024296843014801617,0.05817471489231263,0.04918930658854355,0.04403473359220597,0.003350072206642629,0.16428729725442004,0.04629273284771302,0.04405207802273315,0.001298669271190711,0.16428729725442004,0.05993745100771322,0.05828285183689074,0.001298669271190711,0.3230491831498097,0.3001914199877157,0.006288097403929147,0.289508326248355,0.3052080237487132,0.305546636265615,0.01191784220980656,0.289508326248355,0.3352008328188616,0.3574047856655056,0.06642675032420521,0.289508326248355,0.4537362163735631,0.47582713338989113,0.16157891999588656,0.289508326248355,0.7708470367806284,0.0018348281806496113,0.0007538135930562002,0,0,0,18.030000686645508,-0.05651490786039193,-0.048333961480199306,0.0608456902613576,0.000804537202042
2024-10-21,18.780000686645508,19.34000015258789,18.36000061035156,18.3700008392334,0,0.0003490122522485,0.2898986562686668,0.2419531323203092,0.018681869613305313,0.2898986562686668,-0.05817471489231263,-0.024296843014801617,-0.037853041304464874,0.16428729725442004,-0.011083876262113712,0.289508326248355,0.3042121022818567,0.3001940668186696,0.3352008328188616,0.4537362163735631,0.04009758838537554,0.01758481228390653,0.018681869613305313,0.05817471489231263,0.03462876382443207,0.01830173659777686,0.003350072206642629,0.05817471489231263,0.04665454205491262,0.0437787955093288,0.001298669271190711,0.16428729725442004,0.05980457918086827,0.05837245882771914,0.001298669271190711,0.3230491831498097,0.2981323378777151,0.007792665752761197,0.289508326248355,0.3052080237487132,0.3010164186105956,0.006980718294691954,0.289508326248355,0.3099533166479132,0.34960299708908193,0.06412853114322507,0.289508326248355,0.4476659355650842,0.46449610084155507,0.15738016177658493,0.289508326248355,0.7708470367806284,0.0009753023393956693,0.0011638371840473906,0,0,0,18.3700008392334,0.018857467534081795,0.001348251448826998,0.0629422702109587,0.0009525544553783
2024-10-22,18.790000915527344,19.440000534057617,18.049999237060547,18.200000762939453,0,8.643995295926019e-05,0.2895932616338945,0.2420366989971442,-0.009297308909531843,0.2895932616338945,0.018681869613305313,-0.05817471489231263,0.04661223657023239,-0.055393157794579206,-0.016230023893409662,0.2898986562686668,0.289508326248355,0.3018345808409839,0.3094158072727953,0.4476659355650842,0.032634602853235425,0.02159072892350955,0.009297308909531843,0.05817471489231263,0.030019178935927336,0.018295785444147283,0.003350072206642629,0.05817471489231263,0.04632441276996606,0.04404502332592803,0.001298669271190711,0.16428729725442004,0.058222825653163064,0.05882867956493322,0.001298669271190711,0.3230491831498097,0.29568407403629726,0.008248360429348348,0.289508326248355,0.3052080237487132,0.29903416404670546,0.007143134271948288,0.289508326248355,0.3099533166479132,0.3420757269018824,0.06125534378840424,0.289508326248355,0.4450259360451323,0.45372036187780107,0.15334625692017329,0.289508326248355,0.7708470367806284,0.0019850539767242124,0.002358692615345537,0,0,0,18.200000762939453,-0.009254222565459602,-0.0010534530884105386,0.0601976352744612,0.0008464429143844
2024-10-23,18.209999084472656,20.46999931335449,18.18000030517578,19.239999771118164,0,0.0030880023762881,0.2931382757848245,0.2467446318095812,0.05556979733891598,0.2931382757848245,-0.009297308909531843,0.018681869613305313,-0.05272227783622574,-0.02649158974936272,-0.03197203199588028,0.2895932616338945,0.2898986562686668,0.3052080237487132,0.3099533166479132,0.4372352759394481,0.03320410675377348,0.02227961561721826,0.009297308909531843,0.05817471489231263,0.032926999694882664,0.019912190249549593,0.003350072206642629,0.05817471489231263,0.04744811588153919,0.043961489405633304,0.001298669271190711,0.16428729725442004,0.05713511340218671,0.05843467178882053,0.001298669271190711,0.3230491831498097,0.2932701244435195,0.006300426702215611,0.289508326248355,0.3042121022818567,0.2973526599603966,0.006204642974679893,0.289508326248355,0.3052080237487132,0.3352139649897575,0.058049598574925955,0.289508326248355,0.4450259360451323,0.4428737552786377,0.147990847382317,0.289508326248355,0.7708470367806284,0.005076496475570778,0.005868102919260882,0,0,0,19.239999771118164,0.05714280025176999,0.01224135579304897,0.057388548676085,0.0007428911129616
2024-10-24,18.8700008392334,20.239999771118164,18.6299991607666,19.07999992370605,0,6.973538163741322e-05,0.2932543223379006,0.2504516023924263,-0.008350771319908912,0.2932543223379006,0.05556979733891598,-0.009297308909531843,-0.024296843014801617,0.003350072206642629,0.001298669271190711,0.2931382757848245,0.2895932616338945,0.3042121022818567,0.30060056868922,0.4368615853729243,0.030014892414794936,0.024864726936851936,0.008350771319908912,0.05817471489231263,0.033427069606209295,0.019134476002872224,0.008350771319908912,0.05817471489231263,0.04778393026481148,0.04361691973721973,0.0025990893253782232,0.16428729725442004,0.056902516731502845,0.058612928963416286,0.001298669271190711,0.3230491831498097,0.29107856845472824,0.001939090569816535,0.289508326248355,0.2932543223379006,0.29661803532526465,0.006212255598599735,0.289508326248355,0.3052080237487132,0.32837552389285163,0.053777988511452844,0.289508326248355,0.4450259360451323,0.432250984653172,0.14208081970156897,0.289508326248355,0.7708470367806284,0.0024779620886670336,0.0033878699135170675,0,0,0,19.07999992370605,-0.008316000484173358,0.0003958764946865312,0.0619952852698215,0.0008282049011047
2024-10-25,19.21999931335449,20.51000022888184,18.229999542236328,20.32999992370605,0,0.0040267860092595,0.300030212335024,0.2577064375571557,0.06345696186597305,0.300030212335024,-0.008350771319908912,0.05556979733891598,-0.05817471489231263,-0.02271183526239362,-0.0025990893253782232,0.2932543223379006,0.2931382757848245,0.289508326248355,0.2993387372887819,0.4344822917004085,0.03107134180952702,0.02642363791745376,0.008350771319908912,0.06345696186597305,0.03750158226656723,0.020859623931404,0.008350771319908912,0.06345696186597305,0.050681924195315996,0.042471356271529884,0.003350072206642629,0.16428729725442004,0.057327531540333175,0.05859373634003495,0.001298669271190711,0.3230491831498097,0.2931829456720621,0.004200135091893016,0.2895932616338945,0.300030212335024,0.2966871828298889,0.006249639950506366,0.289508326248355,0.3052080237487132,0.3219730439230714,0.04823143411431509,0.289508326248355,0.4450259360451323,0.42175869373030445,0.13483315792456457,0.289508326248355,0.7708470367806284,0.00500875332107688,0.005725851341324529,0,0,0,20.32999992370605,0.06551362709634656,0.023105848681459262,0.0586048138947834,0.0007332245481604
2024-10-28,19.11000061035156,19.8799991607666,18.90999984741211,19.799999237060547,0,0.000697790512445,0.2846497497851452,0.2508763450733196,-0.026415724719285993,0.2846497497851452,0.06345696186597305,-0.008350771319908912,0.018681869613305313,-0.037853041304464874,0.09844002627741899,0.300030212335024,0.2932543223379006,0.2898986562686668,0.3001940668186696,0.4333407370177113,0.032618112830723155,0.025734450690663338,0.008350771319908912,0.06345696186597305,0.036357850608049344,0.021149748325460172,0.008350771319908912,0.06345696186597305,0.047252195549690616,0.041314229015652244,0.003350072206642629,0.16428729725442004,0.05549577647595512,0.058321828681661,0.001298669271190711,0.3230491831498097,0.29213316437535775,0.005636559466227859,0.2846497497851452,0.300030212335024,0.2951327511265365,0.007148900268112752,0.2846497497851452,0.3052080237487132,0.31489252072152063,0.04151076966860097,0.2846497497851452,0.4450259360451323,0.4107938581484835,0.12634947559148202,0.2846497497851452,0.7708470367806284,0.0009025244037525061,0.0007651564960338666,0,0,0,19.799999237060547,-0.026069881388808613,-0.05126304591187136,0.0644046162977562,0.0008433217649009
2024-10-29,19.75,20.530000686645508,19.059999465942383,19.34000015258789,0,0.0005525508998805,0.2852921253963413,0.2505713800432684,-0.02350640125328818,0.2852921253963413,-0.026415724719285993,0.06345696186597305,-0.009297308909531843,0.04661223657023239,-0.013654088745303383,0.2846497497851452,0.300030212335024,0.2895932616338945,0.3018345808409839,0.4242821872692343,0.035459931299474425,0.023172351740240772,0.008350771319908912,0.06345696186597305,0.03404726707635493,0.021167128720835926,0.008350771319908912,0.06345696186597305,0.04772135328816608,0.04096810836518345,0.003350072206642629,0.16428729725442004,0.05393182814948068,0.05827688400240749,0.001298669271190711,0.3230491831498097,0.29127293712784713,0.006397889578892801,0.2846497497851452,0.300030212335024,0.29347850558207217,0.0073372647447987735,0.2846497497851452,0.3052080237487132,0.308273946346621,0.03350600555400631,0.2846497497851452,0.4450259360451323,0.39981484643559595,0.11609302827989569,0.2846497497851452,0.7708470367806284,0.001990849044988624,0.0025899038471242806,0,0,0,19.34000015258789,-0.023232277888761477,0.002256722908349662,0.0611114015561646,0.0008226306136073
2024-10-30,19.32999992370605,20.440000534057617,19.299999237060547,20.350000381469727,0,0.0025913630803229,0.2532799548059651,0.2150956096043789,0.050905432719140276,0.2532799548059651,-0.02350640125328818,-0.026415724719285993,0.05556979733891598,-0.05272227783622574,0.140826930616885,0.2852921253963413,0.2846497497851452,0.2931382757848245,0.3052080237487132,0.4450259360451323,0.03452705837551928,0.022235315846717424,0.008350771319908912,0.06345696186597305,0.033865582564646377,0.02099613105603634,0.008350771319908912,0.06345696186597305,0.04343937719779729,0.03501725730873898,0.003350072206642629,0.16428729725442004,0.05413384579734379,0.058250707586053586,0.001298669271190711,0.3230491831498097,0.28330127293207524,0.017930295810510685,0.2532799548059651,0.300030212335024,0.2882856986877974,0.013716205091800658,0.2532799548059651,0.3042121022818567,0.29914318533523204,0.0158516463706216,0.2532799548059651,0.3352008328188616,0.38830690467517925,0.10535169913848863,0.2532799548059651,0.7708470367806284,0.0011878670962049878,0.0006252598964564449,0,0,0,20.350000381469727,0.05222338267389759,-0.11220839182260423,0.0586412257707633,0.0008217731613721
2024-10-31,21.440000534057617,23.420000076293945,21.1200008392334,23.15999984741211,0,0.0167303141136348,0.2837693230602547,0.2170282919105949,0.1293457154823261,0.2837693230602547,0.050905432719140276,-0.02350640125328818,-0.008350771319908912,-0.024296843014801617,-0.01886851637175857,0.2532799548059651,0.2852921253963413,0.2932543223379006,0.3042121022818567,0.3066648495167945,0.058726047208002716,0.042880827627741445,0.02350640125328818,0.1293457154823261,0.044370469811398826,0.03634542018930697,0.008350771319908912,0.1293457154823261,0.04870019620306241,0.03919128563566312,0.003350072206642629,0.16428729725442004,0.04952185847192751,0.041779604968903095,0.001298669271190711,0.16428729725442004,0.2814042730765461,0.017096380227974887,0.2532799548059651,0.300030212335024,0.28624142076563713,0.012552844450654785,0.2532799548059651,0.300030212335024,0.2980529221706349,0.016093961465787336,0.2532799548059651,0.3352008328188616,0.37670981625326555,0.08751315872488964,0.2532799548059651,0.5872425412533047,0.0038539176259646153,0.0030423029037897884,0,0,1,23.15999984741211,0.13808350925148427,0.1203781336649683,0.0617878300513215,0.0008379946426175
2024-11-01,22.959999084472656,23.09000015258789,21.15999984741211,21.8799991607666,0,0.0032323439904065,0.2779078338720974,0.2180756628529374,-0.05685370691877978,0.2779078338720974,0.1293457154823261,0.050905432719140276,0.06345696186597305,-0.05817471489231263,0.0807750491983783,0.2837693230602547,0.2532799548059651,0.300030212335024,0.289508326248355,0.3158370670550751,0.05740539621856407,0.04280030672097579,0.02350640125328818,0.1293457154823261,0.04423836901404554,0.036292034079815017,0.008350771319908912,0.1293457154823261,0.04756108466593867,0.03855487768160385,0.003350072206642629,0.16428729725442004,0.0501958467144803,0.041661132937571385,0.001298669271190711,0.16428729725442004,0.2769797973839608,0.01356986012894435,0.2532799548059651,0.2852921253963413,0.28508137152801144,0.012751836429676693,0.2532799548059651,0.300030212335024,0.2962467682095407,0.01612661565824545,0.2532799548059651,0.3352008328188616,0.3693447041727606,0.08221924728470044,0.2532799548059651,0.5040069323968989,0.0027479826269568098,0.0029127808792407187,0,0,0,21.8799991607666,-0.055267732948130144,-0.020655823980355703,0.0850805889933044,0.0013366594009808
2024-11-04,22.5,23.06999969482422,21.729999542236328,21.979999542236328,0,2.079349923790134e-05,0.2703563033438786,0.2122260970922545,0.004559988951510885,0.2703563033438786,-0.05685370691877978,0.1293457154823261,-0.026415724719285993,0.018681869613305313,-0.06450602195882116,0.2779078338720974,0.2837693230602547,0.2846497497851452,0.2898986562686668,0.3149020544640911,0.053034249065009045,0.04760306637716686,0.004559988951510885,0.1293457154823261,0.042826180947866097,0.03764645780928783,0.004559988951510885,0.1293457154823261,0.04470651166559056,0.03944642877774217,0.003350072206642629,0.16428729725442004,0.048663325679457484,0.042136487138619456,0.001298669271190711,0.16428729725442004,0.27412110809570744,0.013045558601542754,0.2532799548059651,0.2852921253963413,0.2831271362355326,0.013411914421034015,0.2532799548059651,0.300030212335024,0.2941255419657211,0.016475981763114062,0.2532799548059651,0.3352008328188616,0.3641113426004422,0.0813323301353158,0.2532799548059651,0.5040069323968989,0.0012914790033415821,0.001579169124870766,0,0,0,21.979999542236328,0.004570401522182799,-0.02717278754975383,0.0789509879046363,0.0012750858091307
2024-11-05,21.979999542236328,22.059999465942383,20.200000762939453,20.489999771118164,0,0.0049274751966309,0.2258975208257851,0.208678263264243,-0.07019597706871039,0.2258975208257851,0.004559988951510885,-0.05685370691877978,-0.02350640125328818,-0.009297308909531843,0.16428729725442004,0.2703563033438786,0.2779078338720974,0.2852921253963413,0.2895932616338945,0.3352008328188616,0.06237216422809348,0.04486327988386457,0.004559988951510885,0.1293457154823261,0.04891604776378396,0.03652907178833479,0.004559988951510885,0.1293457154823261,0.0402259726091282,0.029196732347883347,0.003350072206642629,0.1293457154823261,0.047538278637678996,0.0408668256337889,0.001298669271190711,0.16428729725442004,0.2622421871815962,0.023323407384724687,0.2258975208257851,0.2837693230602547,0.27675756215472164,0.022227656442932675,0.2258975208257851,0.300030212335024,0.28892062234700316,0.019783993401468695,0.2258975208257851,0.3099533166479132,0.35748968994398705,0.08098533524220473,0.2258975208257851,0.4988840470028969,0.0027983508819501616,0.0019758821650657224,0,0,0,20.489999771118164,-0.06778888999770039,-0.16444514874707528,0.0707662258031437,0.0011004039652644
2024-11-06,16.059999465942383,16.81999969482422,15.4399995803833,16.270000457763672,0,0.0531828177865456,0.3180316112768141,0.2079486414986254,-0.23061400171400193,0.3180316112768141,-0.07019597706871039,0.004559988951510885,0.050905432719140276,0.05556979733891598,-0.055393157794579206,0.2258975208257851,0.2703563033438786,0.2532799548059651,0.2931382757848245,0.3094158072727953,0.09831387802706582,0.08626362431936771,0.004559988951510885,0.23061400171400193,0.06642046820129255,0.06824399404523304,0.004559988951510885,0.23061400171400193,0.0485698223195769,0.05079592765570169,0.003350072206642629,0.23061400171400193,0.049688122581003163,0.04767472293532509,0.001298669271190711,0.23061400171400193,0.275192518475766,0.03305112765365524,0.2258975208257851,0.3180316112768141,0.27924689570392064,0.025429357345868972,0.2258975208257851,0.3180316112768141,0.28933089872814693,0.02031254551826148,0.2258975208257851,0.3180316112768141,0.35318367956955654,0.07803836279794155,0.2258975208257851,0.4802229239396694,0.002643226080225412,0.0035990932736376007,0,0,1,16.270000457763672,-0.20595409275225196,0.4078579088173524,0.0715429063560525,0.0013453577546434
2024-11-07,15.859999656677246,15.859999656677246,15.130000114440918,15.199999809265137,0,0.0046277453906253,0.3241451015124298,0.2066558921986089,-0.06802753406250561,0.3241451015124298,-0.23061400171400193,-0.07019597706871039,0.1293457154823261,-0.008350771319908912,-0.02649158974936272,0.3180316112768141,0.2258975208257851,0.2837693230602547,0.2932543223379006,0.3099533166479132,0.08605024174310172,0.08509987565093032,0.004559988951510885,0.23061400171400193,0.07238814447555222,0.06514048568103928,0.004559988951510885,0.23061400171400193,0.05054772442972656,0.05070183699285856,0.003350072206642629,0.23061400171400193,0.05085052940942884,0.047508278868860714,0.001298669271190711,0.23061400171400193,0.283267674166201,0.039894427144245376,0.2258975208257851,0.3241451015124298,0.2823359736213735,0.02895223421685936,0.2258975208257851,0.3241451015124298,0.29000669800740964,0.02124752209705132,0.2258975208257851,0.3241451015124298,0.3496033935747782,0.07575192034338844,0.2258975208257851,0.4802229239396694,0.0008008243361914477,0.00041227713595261316,0,0,0,15.199999809265137,-0.06576525005492273,0.019222901179765106,0.123450484438211,0.0022142461560046
2024-11-08,15.130000114440918,15.329999923706056,14.65999984741211,14.9399995803833,0,0.0002976751078188,0.3245866586268335,0.2072859804724511,-0.017253263686006992,0.3245866586268335,-0.06802753406250561,-0.23061400171400193,-0.05685370691877978,0.06345696186597305,0.003350072206642629,0.3241451015124298,0.3180316112768141,0.2779078338720974,0.300030212335024,0.30060056868922,0.07813015309654717,0.09018717046566176,0.004559988951510885,0.23061400171400193,0.06776777465755561,0.06744228541433392,0.004559988951510885,0.23061400171400193,0.05120978116683915,0.05014240896101106,0.004559988951510885,0.23061400171400193,0.04946034226719069,0.04761930630530415,0.001298669271190711,0.23061400171400193,0.29260343911714826,0.04361481778436385,0.2258975208257851,0.3245866586268335,0.2847916182505545,0.031545063339182874,0.2258975208257851,0.3245866586268335,0.2911488927663436,0.02245583520991551,0.2258975208257851,0.3245866586268335,0.34589776821018686,0.07296175685305743,0.2258975208257851,0.462642270480852,0.0007203040504875831,0.0009368608943625914,0,0,0,14.9399995803833,-0.017105278430553206,0.001362220537479697,0.1082418913992139,0.0019617313998623
2024-11-11,15.329999923706056,15.5600004196167,14.890000343322754,14.970000267028809,0,4.024295385015609e-06,0.3237973066486679,0.2068473673994292,0.0020060646512551905,0.3237973066486679,-0.017253263686006992,-0.06802753406250561,0.004559988951510885,-0.026415724719285993,-0.02271183526239362,0.3245866586268335,0.3241451015124298,0.2703563033438786,0.2846497497851452,0.2993387372887819,0.07761936823649603,0.09071370644759548,0.0020060646512551905,0.23061400171400193,0.06532680865075254,0.06951513350468547,0.0020060646512551905,0.23061400171400193,0.05022379209011827,0.05092822432737627,0.0020060646512551905,0.23061400171400193,0.04865865286762417,0.0481376244717499,0.001298669271190711,0.23061400171400193,0.30329163977810614,0.043347270606314624,0.2258975208257851,0.3245866586268335,0.28870637393690674,0.03386901184394625,0.2258975208257851,0.3245866586268335,0.2923135865453858,0.023511326346730994,0.2258975208257851,0.3245866586268335,0.342591935737992,0.07065206569870197,0.2258975208257851,0.4542492377312704,0.000698698532670117,0.0007504604119456285,0,0,0,14.970000267028809,0.002008078145122605,-0.0024318682151168725,0.0927573499368966,0.0018018277693901
2024-11-12,15.09000015258789,15.369999885559082,14.6899995803833,14.710000038146973,0,0.0003069741948117,0.3220540595175687,0.205724641209611,-0.01752067906251842,0.3220540595175687,0.0020060646512551905,-0.017253263686006992,-0.07019597706871039,-0.02350640125328818,-0.037853041304464874,0.3237973066486679,0.3245866586268335,0.2258975208257851,0.2852921253963413,0.3001940668186696,0.06708430863525763,0.09475984704746296,0.0020060646512551905,0.23061400171400193,0.06472823643167555,0.06993972066467177,0.0020060646512551905,0.23061400171400193,0.049255584364311294,0.05136655178191343,0.0020060646512551905,0.23061400171400193,0.04835361184003674,0.04829691711866268,0.001298669271190711,0.23061400171400193,0.3225229475164628,0.0026882259719549963,0.3180316112768141,0.3245866586268335,0.2923825673490295,0.03541697133990486,0.2258975208257851,0.3245866586268335,0.29335453857866667,0.0243467532651418,0.2258975208257851,0.3245866586268335,0.3395515820203635,0.0686474269623733,0.2258975208257851,0.4542492377312704,0.0007385212749742062,0.0007725264672465888,0,0,0,14.710000038146973,-0.017368084451840793,-0.0053837604430436725,0.0809505592382107,0.0016213915122377
2024-11-13,15.09000015258789,15.260000228881836,13.770000457763672,14.020000457763672,0,0.0023080936198591,0.3222641932848351,0.210388742128739,-0.04804262294940953,0.3222641932848351,-0.01752067906251842,0.0020060646512551905,-0.23061400171400193,0.050905432719140276,0.04661223657023239,0.3220540595175687,0.3237973066486679,0.3180316112768141,0.2532799548059651,0.3018345808409839,0.03057003288233915,0.0267949531458996,0.0020060646512551905,0.06802753406250561,0.06444195545470248,0.07000841296007643,0.0020060646512551905,0.23061400171400193,0.04932369800141497,0.05136381965853723,0.0020060646512551905,0.23061400171400193,0.04867784665186553,0.04824681179133062,0.001298669271190711,0.23061400171400193,0.323369463918067,0.00114216219831663,0.3220540595175687,0.3245866586268335,0.2992809911969165,0.033627487888214194,0.2258975208257851,0.3245866586268335,0.2943273772664691,0.025099073879498904,0.2258975208257851,0.3245866586268335,0.3365839809725375,0.06655564182317997,0.2258975208257851,0.4542492377312704,0.0038072943400092978,0.0031884812548104214,0,0,0,14.020000457763672,-0.04690683742990798,0.0006524797966562801,0.0723776198648041,0.0017513392116238
2024-11-14,14.170000076293944,14.31999969482422,13.59000015258789,14.3100004196167,0,0.0004191727452493,0.3185808287366562,0.2076149827636656,0.02047370863447373,0.3185808287366562,-0.04804262294940953,-0.01752067906251842,-0.06802753406250561,0.1293457154823261,-0.05272227783622574,0.3222641932848351,0.3220540595175687,0.3241451015124298,0.2837693230602547,0.3052080237487132,0.021059267796732773,0.016721813317129734,0.0020060646512551905,0.04804262294940953,0.053554754769917244,0.06720284240178356,0.0020060646512551905,0.23061400171400193,0.04778805184895059,0.05173784328161379,0.0020060646512551905,0.23061400171400193,0.04852121877155228,0.048329337152576125,0.001298669271190711,0.23061400171400193,0.3222566093629123,0.002310591096844337,0.3185808287366562,0.3245866586268335,0.3027621417645566,0.03364514041677472,0.2258975208257851,0.3245866586268335,0.29496417750399023,0.025554447584641107,0.2258975208257851,0.3245866586268335,0.33353103669283,0.06427833632024221,0.2258975208257851,0.4542492377312704,0.0009874114863633776,0.0013315038991246245,0,0,0,14.3100004196167,0.020684732695029018,-0.011429642588071554,0.0689428940168072,0.0008505038309459
2024-11-15,15.020000457763672,17.549999237060547,14.5600004196167,16.139999389648438,0,0.0144821974776297,0.339684567408763,0.2347548251454018,0.12034200213404178,0.339684567408763,0.02047370863447373,-0.04804262294940953,-0.017253263686006992,-0.05685370691877978,-0.024296843014801617,0.3185808287366562,0.3222641932848351,0.3245866586268335,0.2779078338720974,0.3042121022818567,0.04167701548633973,0.04699892082189779,0.0020060646512551905,0.12034200213404178,0.05990358429144345,0.07046872844994825,0.0020060646512551905,0.23061400171400193,0.052361630854628693,0.05376293204187887,0.0020060646512551905,0.23061400171400193,0.050562656764919355,0.04952312926671768,0.001298669271190711,0.23061400171400193,0.3252761911192982,0.008277538085466761,0.3185808287366562,0.339684567408763,0.3089398151182232,0.0342407354492876,0.2258975208257851,0.339684567408763,0.2966533425100334,0.02730848415867383,0.2258975208257851,0.339684567408763,0.3309514667421246,0.06169339279886685,0.2258975208257851,0.4542492377312704,0.012582180762883284,0.015444617917957154,0,0,1,16.139999389648438,0.1278825238553527,0.06624296495113802,0.0645071834041977,0.000597750048797
2024-11-18,16.600000381469727,17.0,15.350000381469728,15.579999923706056,0,0.0012469789757853,0.3365238280696658,0.2388192877484108,-0.03531258948003346,0.3365238280696658,0.12034200213404178,0.02047370863447373,0.0020060646512551905,0.004559988951510885,-0.05817471489231263,0.339684567408763,0.3185808287366562,0.3237973066486679,0.2703563033438786,0.289508326248355,0.048338320452095386,0.04207270758071113,0.01752067906251842,0.12034200213404178,0.06297884434429571,0.06842660824311518,0.0020060646512551905,0.23061400171400193,0.05127295821594873,0.05387069970315903,0.0020060646512551905,0.23061400171400193,0.048782845531830876,0.04866841141652203,0.001298669271190711,0.23061400171400193,0.32782149540349775,0.00956556212696613,0.3185808287366562,0.339684567408763,0.315556567590802,0.0322941823687646,0.2258975208257851,0.339684567408763,0.2988921759300958,0.028590567173049815,0.2258975208257851,0.339684567408763,0.3281484807978007,0.058549081250784216,0.2258975208257851,0.4537362163735631,0.003759652452259656,0.0036585323542823044,0,0,0,15.579999923706056,-0.03469637466662745,-0.0093049247518322,0.0833910097784002,0.0012404614943593
2024-11-19,15.4399995803833,17.93000030517578,15.369999885559082,16.350000381469727,0,0.0023270865172646,0.3394500863509657,0.2542036698583397,0.0482398851290573,0.3394500863509657,-0.03531258948003346,0.12034200213404178,-0.01752067906251842,-0.07019597706871039,0.018681869613305313,0.3365238280696658,0.339684567408763,0.3220540595175687,0.2258975208257851,0.2898986562686668,0.054482161665403164,0.03854218350428742,0.02047370863447373,0.12034200213404178,0.06078323515033039,0.06852148840373702,0.0020060646512551905,0.23061400171400193,0.052680482764317874,0.05336031417343996,0.0020060646512551905,0.23061400171400193,0.04966751240961525,0.04830275377035129,0.001298669271190711,0.23061400171400193,0.33130070077017715,0.010092526641369084,0.3185808287366562,0.339684567408763,0.32691182414332004,0.008359724822681092,0.3180316112768141,0.339684567408763,0.3012517678387767,0.029829138584490284,0.2258975208257851,0.339684567408763,0.3254273824639293,0.05512563360418816,0.2258975208257851,0.4476659355650842,0.00856015590818521,0.01060006632237904,0,0,0,16.350000381469727,0.049422365952137115,0.008695545566818286,0.0753543392123898,0.0011998174810309
2024-11-20,16.190000534057617,18.790000915527344,16.040000915527344,17.15999984741211,0,0.0023380285164875,0.3427505648240516,0.2677043047836438,0.0483531644930042,0.3427505648240516,0.0482398851290573,-0.03531258948003346,-0.04804262294940953,-0.23061400171400193,-0.009297308909531843,0.3394500863509657,0.3365238280696658,0.3222641932848351,0.3180316112768141,0.2895932616338945,0.054544269974122095,0.038529460473016926,0.02047370863447373,0.12034200213404178,0.04255715142823062,0.033742267367770584,0.0020060646512551905,0.12034200213404178,0.05454028541114989,0.05244542511024321,0.0020060646512551905,0.23061400171400193,0.05043234909055797,0.048013841959885534,0.001298669271190711,0.23061400171400193,0.3353979750780205,0.009655814460442778,0.3185808287366562,0.3427505648240516,0.3293837194980437,0.009066849577495721,0.3185808287366562,0.3427505648240516,0.30378306799068894,0.031021945835577325,0.2258975208257851,0.3427505648240516,0.3229293974462857,0.05172346885575864,0.2258975208257851,0.4450259360451323,0.009031143006970489,0.011211922599383708,0,0,0,17.15999984741211,0.049541250583724494,0.009723015564867099,0.0722935517706736,0.0012644500291886
2024-11-21,17.100000381469727,17.989999771118164,15.729999542236328,16.8700008392334,0,0.0002905026695738,0.3386450206048983,0.2703501254261503,-0.017044138862782887,0.3386450206048983,0.0483531644930042,0.0482398851290573,0.02047370863447373,-0.06802753406250561,0.05556979733891598,0.3427505648240516,0.3394500863509657,0.3185808287366562,0.3241451015124298,0.2931382757848245,0.05385835601978393,0.03931024545513614,0.017044138862782887,0.12034200213404178,0.03745881190825835,0.03331517542782738,0.0020060646512551905,0.12034200213404178,0.05270573024561974,0.05307762050303637,0.0020060646512551905,0.23061400171400193,0.050076923063579463,0.04820868591986659,0.001298669271190711,0.23061400171400193,0.3394108134516689,0.002244523674391668,0.3365238280696658,0.3427505648240516,0.33083371140729056,0.009292611555975022,0.3185808287366562,0.3427505648240516,0.30595005583926393,0.031820319015077404,0.2258975208257851,0.3427505648240516,0.3205820104145107,0.04854912621748088,0.2258975208257851,0.4450259360451323,0.00650009199381193,0.008940204808967163,0,0,0,16.8700008392334,-0.016899709251596895,-0.011978227435630373,0.070229551859767,0.0012687025436253
2024-11-22,16.670000076293945,17.559999465942383,15.239999771118164,15.239999771118164,0,0.0103252853082561,0.3534628692056787,0.2790217899949359,-0.10161341106495803,0.3534628692056787,-0.017044138862782887,0.0483531644930042,0.12034200213404178,-0.017253263686006992,-0.008350771319908912,0.3386450206048983,0.3427505648240516,0.339684567408763,0.3245866586268335,0.2932543223379006,0.050112637805967176,0.03150991767684959,0.017044138862782887,0.10161341106495803,0.04589482664615345,0.037983904766065085,0.0020060646512551905,0.12034200213404178,0.05714680832871732,0.053082524507491236,0.0020060646512551905,0.23061400171400193,0.0524653692967644,0.048218068799338,0.0020060646512551905,0.23061400171400193,0.34216647381105203,0.00670015961942362,0.3365238280696658,0.3534628692056787,0.3337213324651751,0.011386362341050315,0.3185808287366562,0.3534628692056787,0.3088171294996343,0.03329738540067847,0.2258975208257851,0.3534628692056787,0.31859632669624294,0.04527216658659866,0.2258975208257851,0.4450259360451323,0.007241931062709939,0.006932178340983154,0,0,0,15.239999771118164,-0.0966212796103989,0.04375628666948139,0.0647310492948296,0.0012030036942405
2024-11-25,15.229999542236328,15.720000267028809,14.539999961853027,14.600000381469728,0,0.0018405799220405,0.3503566665840565,0.2739351241337692,-0.04290198039765292,0.3503566665840565,-0.10161341106495803,-0.017044138862782887,-0.03531258948003346,0.0020060646512551905,0.06345696186597305,0.3534628692056787,0.3386450206048983,0.3365238280696658,0.3237973066486679,0.300030212335024,0.05163051598949107,0.030793392257582493,0.017044138862782887,0.10161341106495803,0.04998441822079323,0.03480178682872193,0.017044138862782887,0.12034200213404178,0.05616799968736874,0.05314981930985565,0.0020060646512551905,0.23061400171400193,0.05342496194134237,0.04759852597622096,0.0020060646512551905,0.23061400171400193,0.34493304151393017,0.006643396686300072,0.3386450206048983,0.3534628692056787,0.33637726845871396,0.011900286266759657,0.3185808287366562,0.3534628692056787,0.31121362732101676,0.03442530572151175,0.2258975208257851,0.3534628692056787,0.31659333562204406,0.041743406429494916,0.2258975208257851,0.4450259360451323,0.002196046263282331,0.0023549511775459928,0,0,0,14.600000381469728,-0.04199471123755005,-0.008787917748199758,0.0752776679066957,0.0012177743115122
2024-11-26,14.949999809265137,15.029999732971191,13.880000114440918,14.100000381469728,0,0.001214294619824,0.3510930046686643,0.2764474088317337,-0.0348467304036415,0.3510930046686643,-0.04290198039765292,-0.10161341106495803,0.0482398851290573,-0.01752067906251842,-0.026415724719285993,0.3503566665840565,0.3534628692056787,0.3394500863509657,0.3220540595175687,0.2846497497851452,0.04895188504440791,0.03173033166064306,0.017044138862782887,0.10161341106495803,0.051717023354905536,0.03340943866143843,0.017044138862782887,0.12034200213404178,0.05656947614852853,0.05294529235974277,0.0020060646512551905,0.23061400171400193,0.05191083584910957,0.047140918242032565,0.0020060646512551905,0.23061400171400193,0.3472616251774699,0.006271158534996872,0.3386450206048983,0.3534628692056787,0.33928116297382355,0.011554815558687804,0.3185808287366562,0.3534628692056787,0.31437759183927955,0.034911698989992565,0.2258975208257851,0.3534628692056787,0.31463505628040017,0.03788371121438998,0.2258975208257851,0.4450259360451323,0.002285242019348679,0.0018443737527660891,0,0,0,14.100000381469728,-0.0342465744476691,0.0021016813859631167,0.0703600488329367,0.0011856789670867
2024-11-27,14.279999732971191,15.130000114440918,13.960000038146973,14.100000381469728,0,0.0,0.3503052198117952,0.2770714982660693,0.0,0.3503052198117952,-0.0348467304036415,-0.04290198039765292,0.0483531644930042,-0.04804262294940953,-0.02350640125328818,0.3510930046686643,0.3503566665840565,0.3427505648240516,0.3222641932848351,0.2852921253963413,0.039281252145807063,0.038586197885326794,0.0,0.10161341106495803,0.04691276105996458,0.03723208778790704,0.0,0.12034200213404178,0.05545012370789576,0.053918784492860194,0.0,0.23061400171400193,0.05158573849803092,0.04745720289011319,0.0,0.23061400171400193,0.3487725561750186,0.0058053629919541105,0.3386450206048983,0.3534628692056787,0.34208526562651953,0.010300736318124927,0.3185808287366562,0.3534628692056787,0.31747345347811073,0.03508567590617478,0.2258975208257851,0.3534628692056787,0.31287369991236585,0.03420232698542752,0.2258975208257851,0.4450259360451323,0.0023362943466133644,0.0031766322373413106,0,0,0,14.100000381469728,0.0,-0.002243806758874478,0.0660706050061045,0.0011401882022347
2024-11-29,14.0,14.149999618530272,13.489999771118164,13.510000228881836,0,0.0018271055759461,0.34921267090845,0.2764121126844851,-0.04274465552494444,0.34921267090845,0.0,-0.0348467304036415,-0.017044138862782887,0.02047370863447373,0.050905432719140276,0.3503052198117952,0.3510930046686643,0.3386450206048983,0.3185808287366562,0.2532799548059651,0.044421355478239374,0.03654100885801645,0.0,0.10161341106495803,0.049139855749011654,0.03612448439073968,0.0,0.12034200213404178,0.05506151527007691,0.053982548005090454,0.0,0.23061400171400193,0.049250446233937095,0.045323970385400696,0.0,0.23061400171400193,0.3508860862357289,0.0015890748519424747,0.34921267090845,0.3534628692056787,0.3451484498436989,0.006319782831353849,0.3365238280696658,0.3534628692056787,0.3220416780544195,0.03245645046505461,0.2258975208257851,0.3534628692056787,0.3105924316948258,0.027761834462446358,0.2258975208257851,0.3534628692056787,0.0008229079835009903,0.0006504713585291904,0,0,0,13.510000228881836,-0.041843981320970225,-0.0031188484828521545,0.0615714749756813,0.0008055554863329
2024-12-02,14.079999923706056,14.100000381469728,13.300000190734863,13.34000015258789,0,0.0001603545318496,0.3246221340901268,0.2716252783964311,-0.012663116987917888,0.3246221340901268,-0.04274465552494444,0.0,-0.10161341106495803,0.12034200213404178,0.1293457154823261,0.34921267090845,0.3503052198117952,0.3534628692056787,0.339684567408763,0.2837693230602547,0.02663129666283135,0.01934040356314991,0.0,0.04290198039765292,0.038371967234399264,0.027580463984997517,0.0,0.10161341106495803,0.04950520105605747,0.051919874026047946,0.0,0.23061400171400193,0.04910269862955994,0.045435402581557684,0.0,0.23061400171400193,0.3451179392126186,0.011477133864465784,0.3246221340901268,0.3510930046686643,0.3436422065118353,0.008995337265766809,0.3246221340901268,0.3534628692056787,0.323987050008223,0.031249668173880016,0.2258975208257851,0.3534628692056787,0.311019986089429,0.02783804489785396,0.2258975208257851,0.3534628692056787,0.0012305534512028352,0.0005799632980065467,0,0,0,13.34000015258789,-0.012583277084667777,-0.07041708066993324,0.0609882426962652,0.0011303672421728
2024-12-03,13.380000114440918,13.770000457763672,13.1899995803833,13.300000190734863,0,9.018023157201206e-06,0.3196188417067725,0.2677689895504563,-0.0030030023571754327,0.3196188417067725,-0.012663116987917888,-0.04274465552494444,-0.04290198039765292,-0.03531258948003346,-0.05685370691877978,0.3246221340901268,0.34921267090845,0.3503566665840565,0.3365238280696658,0.2779078338720974,0.018651501054735852,0.01917928760931452,0.0,0.04274465552494444,0.03514100852211346,0.029783199747671168,0.0,0.10161341106495803,0.04694088179121917,0.052860112525370755,0.0,0.23061400171400193,0.047250983228578916,0.04569715810842103,0.0,0.23061400171400193,0.33897037423716175,0.015497542873585943,0.3196188417067725,0.3510930046686643,0.34195170787554596,0.011671987935234465,0.3196188417067725,0.3534628692056787,0.32597328847654083,0.02944806809901437,0.2258975208257851,0.3534628692056787,0.31111002834304075,0.027860113118726756,0.2258975208257851,0.3534628692056787,0.000667922527890476,0.0009120444767960618,0,0,0,13.300000190734863,-0.002998497855734139,-0.015412665551527649,0.0581095684116747,0.000699683478555
2024-12-04,13.15999984741211,13.609999656677246,12.890000343322754,13.449999809265137,0,0.0001257771737491,0.3197830321460007,0.2673467236967221,0.011215042298142297,0.3197830321460007,-0.0030030023571754327,-0.012663116987917888,-0.0348467304036415,0.0482398851290573,0.004559988951510885,0.3196188417067725,0.3246221340901268,0.3510930046686643,0.3394500863509657,0.2703563033438786,0.013925163433636012,0.016975750509439717,0.0,0.04274465552494444,0.03143852423902196,0.030271251997762517,0.0,0.10161341106495803,0.04725778909343971,0.05261269638523063,0.0,0.23061400171400193,0.045982150379515134,0.04594553402173392,0.0,0.23061400171400193,0.332708379732629,0.01569895213497538,0.3196188417067725,0.3503052198117952,0.3399850024550495,0.01363260182422919,0.3196188417067725,0.3534628692056787,0.3283269422290228,0.02662002172027362,0.2258975208257851,0.3534628692056787,0.311226242097372,0.027886484320755082,0.2258975208257851,0.3534628692056787,0.001065517909840705,0.0012935864715130575,0,0,0,13.449999809265137,0.01127816664504766,0.0005137070091092433,0.0560037274685003,0.0005371933545437
2024-12-05,13.460000038146973,13.699999809265137,13.260000228881836,13.539999961853027,0,4.447786583569875e-05,0.3120547873654479,0.2627931896420698,0.006669172799957934,0.3120547873654479,0.011215042298142297,-0.0030030023571754327,0.0,0.0483531644930042,-0.07019597706871039,0.3197830321460007,0.3196188417067725,0.3503052198117952,0.3427505648240516,0.2258975208257851,0.015258997993627598,0.01583151976035766,0.0030030023571754327,0.04274465552494444,0.027270125069717332,0.03055195661501528,0.0,0.10161341106495803,0.04423270317588007,0.0530523409863028,0.0,0.23061400171400193,0.04222933789250413,0.042342554020944466,0.0,0.23061400171400193,0.32505829324335955,0.014231403417938144,0.3120547873654479,0.34921267090845,0.3369154247091891,0.016161875567855744,0.3120547873654479,0.3534628692056787,0.33242966920710204,0.013401544763326934,0.3120547873654479,0.3534628692056787,0.3106751457770526,0.027628655195841876,0.2258975208257851,0.3534628692056787,0.00038434073283153455,0.0005192439933320035,0,0,0,13.539999961853027,0.006691461253842901,-0.024167150860663456,0.0550325927708225,0.0004877530820897
2024-12-06,13.619999885559082,13.739999771118164,12.699999809265137,12.770000457763672,0,0.0034280508328086,0.2182279160968136,0.2620142427900183,-0.058549558775525146,0.2182279160968136,0.006669172799957934,0.011215042298142297,-0.04274465552494444,-0.017044138862782887,-0.23061400171400193,0.3120547873654479,0.3197830321460007,0.34921267090845,0.3386450206048983,0.3180316112768141,0.01841997864374374,0.022755221165815246,0.0030030023571754327,0.058549558775525146,0.03142066706099156,0.031802097533706296,0.0,0.10161341106495803,0.03603915827404784,0.03189685239394187,0.0,0.12034200213404178,0.042304490296812367,0.04236928056683955,0.0,0.23061400171400193,0.2988613422810323,0.04529907751612862,0.2182279160968136,0.3246221340901268,0.32487371425838063,0.04080381421397502,0.2182279160968136,0.3534628692056787,0.32767711229376867,0.028242203916005265,0.2182279160968136,0.3534628692056787,0.3085040055109578,0.03109543482489849,0.2182279160968136,0.3534628692056787,0.0022344289827991954,0.0014934545152258886,0,0,0,12.770000457763672,-0.056868501200791455,-0.300674352926217,0.0541299370444661,0.0004792433203203
2024-12-09,13.359999656677246,14.229999542236328,13.350000381469728,14.1899995803833,0,0.0111173312055474,0.2326220307255527,0.2632876672112896,0.10543875570940431,0.2326220307255527,-0.058549558775525146,0.006669172799957934,-0.012663116987917888,-0.10161341106495803,-0.06802753406250561,0.2182279160968136,0.3120547873654479,0.3246221340901268,0.3534628692056787,0.3241451015124298,0.036975106388041024,0.04440963476280654,0.0030030023571754327,0.10543875570940431,0.031803201525436184,0.03274913650784187,0.0,0.10543875570940431,0.03782064501913825,0.03469480090441698,0.0,0.12034200213404178,0.044184184724432404,0.04338958076103313,0.0,0.23061400171400193,0.28046132160811743,0.05059458936522468,0.2182279160968136,0.3197830321460007,0.312789630410368,0.0485539148201486,0.2182279160968136,0.3510930046686643,0.32331887082772687,0.035054639800062314,0.2182279160968136,0.3534628692056787,0.3066627844175682,0.033224131086537344,0.2182279160968136,0.3534628692056787,0.0014697566169276088,0.0006342035194154946,0,0,1,14.1899995803833,0.1111980479026784,0.06595908940611128,0.0588667054384566,0.0006554274277958
2024-12-10,14.300000190734863,14.539999961853027,13.859999656677246,14.18000030517578,0,4.96910761468947e-07,0.2319823936893112,0.2634909945799476,-0.0007049189751091589,0.2319823936893112,0.10543875570940431,-0.058549558775525146,-0.0030030023571754327,-0.04290198039765292,-0.017253263686006992,0.2326220307255527,0.2182279160968136,0.3196188417067725,0.3503566665840565,0.3245866586268335,0.03651548971162777,0.04485874787681485,0.0007049189751091589,0.10543875570940431,0.027583495383181812,0.03385986572779564,0.0,0.10543875570940431,0.037032628604333595,0.03536672431364376,0.0,0.12034200213404178,0.04412120488558637,0.043452171541067154,0.0,0.23061400171400193,0.26293403200462523,0.04878553976282218,0.2182279160968136,0.3197830321460007,0.30095220312089344,0.0526356704679994,0.2182279160968136,0.3510930046686643,0.3189091439259401,0.0403168331358502,0.2182279160968136,0.3534628692056787,0.3050290183461419,0.035160212615641714,0.2182279160968136,0.3534628692056787,0.0008274125696547579,0.0011196048928363398,0,0,0,14.18000030517578,-0.0007046705780981988,-0.002749683829371019,0.0758861623516671,0.0010363947612742
2024-12-11,14.420000076293944,14.43000030517578,13.520000457763672,13.579999923706056,0,0.0018692156013295,0.2359682654251778,0.265064502100196,-0.043234426113105684,0.2359682654251778,-0.0007049189751091589,0.10543875570940431,0.011215042298142297,-0.0348467304036415,0.0020060646512551905,0.2319823936893112,0.2326220307255527,0.3197830321460007,0.3510930046686643,0.3237973066486679,0.04291936647462045,0.042571153153776346,0.0007049189751091589,0.10543875570940431,0.02842226495412823,0.0341623188611828,0.0,0.10543875570940431,0.038995883912040764,0.03445777422009312,0.0,0.12034200213404178,0.04460983800107952,0.04332073714224048,0.0,0.23061400171400193,0.24617107866046065,0.03745155632897501,0.2182279160968136,0.3120547873654479,0.2894397291965448,0.053038838883032506,0.2182279160968136,0.3503052198117952,0.3147268086295834,0.04415705231024819,0.2182279160968136,0.3534628692056787,0.3035201975874846,0.036734796493551214,0.2182279160968136,0.3534628692056787,0.0015303845815649673,0.0007300683379185722,0,0,0,13.579999923706056,-0.04231314305760059,0.017181785533279648,0.0684880312660575,0.0008005924290617
2024-12-12,13.729999542236328,13.949999809265137,13.390000343322754,13.920000076293944,0,0.0006115008821639,0.2366126559910086,0.26481335568747,0.0247285438747209,0.2366126559910086,-0.043234426113105684,-0.0007049189751091589,0.006669172799957934,0.0,-0.01752067906251842,0.2359682654251778,0.2319823936893112,0.3120547873654479,0.3503052198117952,0.3220540595175687,0.04653124068957304,0.039372622569675234,0.0007049189751091589,0.10543875570940431,0.03089511934160032,0.03274182614168602,0.0007049189751091589,0.10543875570940431,0.039339115569764695,0.03426854438481572,0.0,0.12034200213404178,0.04429734996703799,0.0434178920168247,0.0,0.23061400171400193,0.23108265238557277,0.007464476200481122,0.2182279160968136,0.2366126559910086,0.2780704728144662,0.05067495291820053,0.2182279160968136,0.34921267090845,0.3106581703664139,0.04727441562188784,0.2182279160968136,0.3534628692056787,0.30200635447254026,0.03815774700164413,0.2182279160968136,0.3534628692056787,0.0006054443518078883,0.0007663596236552248,0,0,0,13.920000076293944,0.025036830228132967,0.0027308357107669323,0.0656861668344552,0.0010260048406029
2024-12-13,13.56999969482422,14.25,13.239999771118164,13.8100004196167,0,6.294300194869858e-05,0.2318197540271513,0.261281516711307,-0.007933662580970946,0.2318197540271513,0.0247285438747209,-0.043234426113105684,-0.058549558775525146,-0.04274465552494444,-0.04804262294940953,0.2366126559910086,0.2359682654251778,0.2182279160968136,0.34921267090845,0.3222641932848351,0.0364080614506622,0.04193373614637548,0.0007049189751091589,0.10543875570940431,0.027414020047202968,0.03318949143875188,0.0007049189751091589,0.10543875570940431,0.03742916507602952,0.034871627430582156,0.0,0.12034200213404178,0.04337643153872225,0.04377631236163722,0.0,0.23061400171400193,0.23380101997164032,0.0023035343443152763,0.2318197540271513,0.2366126559910086,0.2663311811263363,0.04571817608963606,0.2182279160968136,0.3246221340901268,0.30635129230652425,0.05019395899888843,0.2182279160968136,0.3534628692056787,0.30033933478649666,0.039665052870249594,0.2182279160968136,0.3534628692056787,0.0019492119645117924,0.00258345200497558,0,0,0,13.8100004196167,-0.007902274143272159,-0.020256321217405393,0.0626848179368137,0.0010128810942064
2024-12-16,14.369999885559082,14.6899995803833,13.989999771118164,14.6899995803833,0,0.0038160226053935,0.2390339896695722,0.2610371508525736,0.061773963814810706,0.2390339896695722,-0.007933662580970946,0.0247285438747209,0.10543875570940431,-0.012663116987917888,0.02047370863447373,0.2318197540271513,0.2366126559910086,0.2326220307255527,0.3246221340901268,0.3185808287366562,0.02767510307174348,0.025152645742741026,0.0007049189751091589,0.061773963814810706,0.03232510472989225,0.0343765264626091,0.0007049189751091589,0.10543875570940431,0.0393958438941408,0.03503181795067957,0.0,0.12034200213404178,0.043591947871545696,0.04384567171340697,0.0,0.23061400171400193,0.2350834117604442,0.003122354665107945,0.2318197540271513,0.2390339896695722,0.25777236668428083,0.04140066161861574,0.2182279160968136,0.3197830321460007,0.302563347589044,0.052186880077192035,0.2182279160968136,0.3534628692056787,0.2987637625465171,0.04076594478530488,0.2182279160968136,0.3534628692056787,0.0008597746366316536,0.0010045215248627982,0,0,0,14.6899995803833,0.06372187791657047,0.03112002112458434,0.0591675334608286,0.0008809373972565
2024-12-17,14.979999542236328,15.9399995803833,14.779999732971191,15.869999885559082,0,0.0059696585856316,0.2205101116170301,0.2400359052445701,0.07726356570616977,0.2205101116170301,0.061773963814810706,-0.007933662580970946,-0.0007049189751091589,-0.0030030023571754327,0.12034200213404178,0.2390339896695722,0.2318197540271513,0.2319823936893112,0.3196188417067725,0.339684567408763,0.0429868324179556,0.0277938926286899,0.007933662580970946,0.07726356570616977,0.039751161064791686,0.035345794351708704,0.0007049189751091589,0.10543875570940431,0.037344489778527855,0.031094919257142913,0.0,0.10543875570940431,0.04485306031657827,0.04403846429363259,0.0,0.23061400171400193,0.232788955345988,0.0073389118304798455,0.2205101116170301,0.2390339896695722,0.2478614936753066,0.03652604578185198,0.2182279160968136,0.3197830321460007,0.2968883735037234,0.05438191136221179,0.2182279160968136,0.3534628692056787,0.2967708580068784,0.04250207794763182,0.2182279160968136,0.3534628692056787,0.0020590224442342464,0.001567675224664913,0,0,1,15.869999885559082,0.0803267759620312,-0.07749474490280028,0.0643426441886674,0.0007329106072219
2024-12-18,15.56999969482422,28.31999969482422,14.81999969482422,27.6200008392334,0,0.3070375053745234,0.5953278388619947,0.4528958585864419,0.5541096510389649,0.5953278388619947,0.07726356570616977,0.061773963814810706,-0.043234426113105684,0.011215042298142297,-0.03531258948003346,0.2205101116170301,0.2390339896695722,0.2359682654251778,0.3197830321460007,0.3365238280696658,0.14516187740312744,0.23029208474981197,0.007933662580970946,0.5541096510389649,0.09404062193887394,0.16516685742318016,0.0007049189751091589,0.5541096510389649,0.06204911175752459,0.11695368699964948,0.0,0.5541096510389649,0.05666103498673666,0.09009800373800159,0.0,0.5541096510389649,0.3046608700333514,0.1626437148737518,0.2205101116170301,0.5953278388619947,0.275415974346906,0.11545803830093816,0.2182279160968136,0.5953278388619947,0.30921237401764384,0.08469164366418389,0.2182279160968136,0.5953278388619947,0.3040522749738698,0.06264888975449882,0.2182279160968136,0.5953278388619947,0.15125707537042982,0.08276919839113472,1,1,1,27.6200008392334,0.7403907396600702,1.699775690540339,0.0709860624177999,0.0009654079170529
2024-12-19,21.61000061035156,24.1200008392334,20.15999984741211,24.09000015258789,0,0.0186987452474943,0.6089227327455617,0.4562399799331808,-0.1367433554052786,0.6089227327455617,0.5541096510389649,0.07726356570616977,0.0247285438747209,0.006669172799957934,0.0482398851290573,0.5953278388619947,0.2205101116170301,0.2366126559910086,0.3120547873654479,0.3394500863509657,0.167564839709239,0.22090438954504552,0.007933662580970946,0.5541096510389649,0.10704804019940602,0.1626238472133594,0.0007049189751091589,0.5541096510389649,0.06626356272305893,0.11802093878090329,0.0,0.5541096510389649,0.0594720227436884,0.09072372333824319,0.0,0.5541096510389649,0.379122885384262,0.20373614981630794,0.2205101116170301,0.6089227327455617,0.3051027688849174,0.15671854639358263,0.2182279160968136,0.6089227327455617,0.32204440479833885,0.10698308013872938,0.2182279160968136,0.6089227327455617,0.31164808631855784,0.07828070866088448,0.2182279160968136,0.6089227327455617,0.011600416472864018,0.011522242564599943,1,1,1,24.09000015258789,-0.1278059587033482,0.02283597876013066,0.2673658338169288,0.0047672495168394
2024-12-20,24.13999938964844,26.51000022888184,17.81999969482422,18.36000061035156,0,0.0737787306399227,0.6650019523112379,0.5059907856577677,-0.2716224045249631,0.6650019523112379,-0.1367433554052786,0.5541096510389649,-0.007933662580970946,-0.058549558775525146,0.0483531644930042,0.6089227327455617,0.5953278388619947,0.2318197540271513,0.2182279160968136,0.3427505648240516,0.22030258809803743,0.20410445293984764,0.061773963814810706,0.5541096510389649,0.1283553247743498,0.16938163880402313,0.0007049189751091589,0.5541096510389649,0.07689543129600936,0.1261064118392821,0.0,0.5541096510389649,0.06571785835357963,0.09605821357303512,0.0,0.5541096510389649,0.46575932504107936,0.21710190002926838,0.2205101116170301,0.6650019523112379,0.34978017250635984,0.1894629260989837,0.2205101116170301,0.6650019523112379,0.33738970896439535,0.13060506833456414,0.2182279160968136,0.6650019523112379,0.3205863884775422,0.09528643164692635,0.2182279160968136,0.6650019523112379,0.05690289888810624,0.04994709847718424,1,1,1,18.36000061035156,-0.23785801186974176,0.0920957890877574,0.2259682959585434,0.0045799652378561
2024-12-23,18.09000015258789,20.020000457763672,16.739999771118164,16.780000686645508,0,0.0080976019432615,0.6708462535122678,0.5109540004890288,-0.0899866764763626,0.6708462535122678,-0.2716224045249631,-0.1367433554052786,0.061773963814810706,0.10543875570940431,-0.017044138862782887,0.6650019523112379,0.6089227327455617,0.2390339896695722,0.2326220307255527,0.3386450206048983,0.2259451306303478,0.19895114445072246,0.07726356570616977,0.5541096510389649,0.12681011685104565,0.1696841390593033,0.0007049189751091589,0.5541096510389649,0.08036888546808459,0.12537790536462584,0.0,0.5541096510389649,0.06653730785685216,0.09611631491225238,0.0,0.5541096510389649,0.5521217778096185,0.18834598766280305,0.2205101116170301,0.6708462535122678,0.39360259478503135,0.2090239631496716,0.2205101116170301,0.6708462535122678,0.3532088152933177,0.1495142538626427,0.2182279160968136,0.6708462535122678,0.3295794355662908,0.1094098910709487,0.2182279160968136,0.6708462535122678,0.011547407438989434,0.013825247426456622,1,1,0,16.780000686645508,-0.08605663786390239,0.008788397057659436,0.2229605171587598,0.0052490227609061
2024-12-24,16.969999313354492,17.040000915527344,14.270000457763672,14.270000457763672,0,0.0262531629986891,0.6826145131345207,0.5149594770948659,-0.16202827839204215,0.6826145131345207,-0.0899866764763626,-0.2716224045249631,0.07726356570616977,-0.0007049189751091589,-0.10161341106495803,0.6708462535122678,0.6650019523112379,0.2205101116170301,0.2319823936893112,0.3534628692056787,0.24289807316752227,0.1863252374622236,0.0899866764763626,0.5541096510389649,0.14294245279273893,0.16393414625537733,0.007933662580970946,0.5541096510389649,0.08324578391223145,0.12657715082499643,0.0,0.5541096510389649,0.07019629612047439,0.09677012413252421,0.0,0.5541096510389649,0.6445426581131166,0.039531017922290294,0.5953278388619947,0.6826145131345207,0.43866580672955224,0.21866235345731308,0.2205101116170301,0.6826145131345207,0.36888270309945304,0.16589743901741963,0.2182279160968136,0.6826145131345207,0.3388499162995437,0.12202520639504687,0.2182279160968136,0.6826145131345207,0.01135120349678518,0.004136236834382781,1,1,0,14.270000457763672,-0.14958284422952606,0.017542409398039194,0.1865388098663243,0.0050021215942272
2024-12-26,14.989999771118164,15.93000030517578,14.550000190734863,14.729999542236328,0,0.001006585766432,0.682003357313049,0.5157020607187414,0.03172673583008656,0.682003357313049,-0.16202827839204215,-0.0899866764763626,0.5541096510389649,-0.043234426113105684,-0.04290198039765292,0.6826145131345207,0.6708462535122678,0.5953278388619947,0.2359682654251778,0.3503566665840565,0.13842149012574662,0.08948782312784098,0.03172673583008656,0.2716224045249631,0.14179168376443702,0.16475019514334097,0.007933662580970946,0.5541096510389649,0.082713629409014,0.1267785756932188,0.0,0.5541096510389649,0.06944081454819137,0.09694771670555939,0.0,0.5541096510389649,0.6618777618033274,0.030534742355082772,0.6089227327455617,0.6826145131345207,0.48326931591833944,0.21821273089681484,0.2205101116170301,0.6826145131345207,0.38467540265797656,0.17929067724936068,0.2182279160968136,0.6826145131345207,0.34794451498949663,0.13281838076454172,0.2182279160968136,0.6826145131345207,0.0029613986430210956,0.003987106831882786,1,1,0,14.729999542236328,0.03223539381334706,-0.0008953161846286806,0.1701666474626521,0.0052890345445134
2024-12-27,15.380000114440918,18.450000762939453,15.289999961853027,15.949999809265137,0,0.0063318015154776,0.6857449134203796,0.5257307095949434,0.07957261787498027,0.6857449134203796,0.03172673583008656,-0.16202827839204215,-0.1367433554052786,0.0247285438747209,-0.0348467304036415,0.682003357313049,0.6826145131345207,0.6089227327455617,0.2366126559910086,0.3510930046686643,0.12698734261968694,0.09332598370193367,0.03172673583008656,0.2716224045249631,0.14727609116446297,0.1612969268123382,0.007933662580970946,0.5541096510389649,0.08484343357431585,0.1263090482997274,0.0,0.5541096510389649,0.07070645486142219,0.09671903844771088,0.0,0.5541096510389649,0.677242197938291,0.00886789571771132,0.6650019523112379,0.6857449134203796,0.5281825416612765,0.2077755318072181,0.2205101116170301,0.6857449134203796,0.4006112078366296,0.19066791342621822,0.2182279160968136,0.6857449134203796,0.3574943998379546,0.14224181422521506,0.2182279160968136,0.6857449134203796,0.012729405600994875,0.01713513603378836,1,1,0,15.949999809265137,0.08282418906603617,0.005486125643239692,0.1413633984681014,0.0030681023593545
2024-12-30,17.209999084472656,19.21999931335449,16.440000534057617,17.399999618530273,0,0.0075709779914514,0.6912431296391851,0.5318460181228316,0.08701136702438061,0.6912431296391851,0.07957261787498027,0.03172673583008656,-0.2716224045249631,-0.007933662580970946,0.0,0.6857449134203796,0.682003357313049,0.6650019523112379,0.2318197540271513,0.3503052198117952,0.09006513511957044,0.04664088173153344,0.03172673583008656,0.16202827839204215,0.15518386160880393,0.1555422356468114,0.03172673583008656,0.5541096510389649,0.08898683200404826,0.12480490427081065,0.0007049189751091589,0.5541096510389649,0.072218477855972,0.09645919805421559,0.0,0.5541096510389649,0.6824904334038804,0.007467276876679379,0.6708462535122678,0.6912431296391851,0.5741248792224799,0.18444719636178472,0.2205101116170301,0.6912431296391851,0.41684634639983864,0.2004352902482682,0.2182279160968136,0.6912431296391851,0.3671598999389747,0.1507536683220044,0.2182279160968136,0.6912431296391851,0.008803702328522066,0.012157954254130179,1,1,0,17.399999618530273,0.0909090800379102,0.008017873864176961,0.1241627554719924,0.0030932176851744
2024-12-31,17.389999389648438,17.809999465942383,16.68000030517578,17.350000381469727,0,8.280903578600733e-06,0.6899262566398003,0.5325288785347769,-0.002877655917339794,0.6899262566398003,0.08701136702438061,0.07957261787498027,-0.0899866764763626,0.061773963814810706,-0.04274465552494444,0.6912431296391851,0.6857449134203796,0.6708462535122678,0.2390339896695722,0.34921267090845,0.07264333100776588,0.0607979059592307,0.002877655917339794,0.16202827839204215,0.14929423081905685,0.1605080051336744,0.002877655917339794,0.5541096510389649,0.08708840345130518,0.12584237149532826,0.0007049189751091589,0.5541096510389649,0.07107495936069104,0.09700118625158705,0.0,0.5541096510389649,0.686306434029387,0.00418139132915827,0.682003357313049,0.6912431296391851,0.6192141059195027,0.14413750584483848,0.2205101116170301,0.6912431296391851,0.4330708028632363,0.20832145138177144,0.2182279160968136,0.6912431296391851,0.3775562404588279,0.15760891429599116,0.2182279160968136,0.6912431296391851,0.0015497274638967893,0.0021463300312690643,1,1,0,17.350000381469727,-0.002873519434293592,-0.001905079331598003,0.1129733518998046,0.0022568450017983
2025-01-02,17.209999084472656,19.5,16.959999084472656,17.93000030517578,0,0.0010812769744235,0.6905933405728595,0.537941428387811,0.03288277625784586,0.6905933405728595,-0.002877655917339794,0.08701136702438061,-0.16202827839204215,0.07726356570616977,-0.012663116987917888,0.6899262566398003,0.6912431296391851,0.6826145131345207,0.2205101116170301,0.3246221340901268,0.04681423058092662,0.035500219108276936,0.002877655917339794,0.08701136702438061,0.14485615187422446,0.16331007385310897,0.002877655917339794,0.5541096510389649,0.0880512443689208,0.12532073007095793,0.0007049189751091589,0.5541096510389649,0.06877822271248914,0.09672945012315967,0.0,0.5541096510389649,0.6879021995170547,0.003935450550781967,0.682003357313049,0.6912431296391851,0.6662224288150856,0.03498075847747448,0.5953278388619947,0.6912431296391851,0.45049800317193794,0.2140251658407614,0.2182279160968136,0.6912431296391851,0.3872425265900804,0.16407307940640997,0.2182279160968136,0.6912431296391851,0.007024527353614028,0.009089184885699481,1,1,0,17.93000030517578,0.03342938968033171,0.0009668916447795883,0.0956212288071623,0.0017845445836955
2025-01-03,17.65999984741211,17.940000534057617,16.110000610351562,16.1299991607666,0,0.0111924687251205,0.6986434088614484,0.5411915388469678,-0.10579446452967467,0.6986434088614484,0.03288277625784586,-0.002877655917339794,0.03172673583008656,0.5541096510389649,-0.0030030023571754327,0.6905933405728595,0.6899262566398003,0.682003357313049,0.5953278388619947,0.3196188417067725,0.06162777632084424,0.04241135472603985,0.002877655917339794,0.10579446452967467,0.10002463322329543,0.07743840576821477,0.002877655917339794,0.2716224045249631,0.09294607590094457,0.12383137308704885,0.0007049189751091589,0.5541096510389649,0.06994347884608187,0.09687696835824336,0.0,0.5541096510389649,0.6912302098267346,0.004667709820571906,0.6857449134203796,0.6986434088614484,0.676553985815031,0.02575643939991346,0.6089227327455617,0.6986434088614484,0.4685467920840653,0.21837368034142876,0.2182279160968136,0.6986434088614484,0.3972600402803031,0.16997278841663813,0.2182279160968136,0.6986434088614484,0.0041752238715211274,0.002615751775392898,1,0,0,16.1299991607666,-0.10039046925668937,0.011656741841604257,0.0843537024382697,0.0014067571666926
2025-01-06,16.770000457763672,16.8700008392334,15.710000038146973,16.040000915527344,0,3.1306045853018886e-05,0.6985757951844945,0.5418977824701343,-0.005595180591635884,0.6985757951844945,-0.10579446452967467,0.03288277625784586,0.07957261787498027,-0.1367433554052786,0.011215042298142297,0.6986434088614484,0.6905933405728595,0.6857449134203796,0.6089227327455617,0.3197830321460007,0.04683228886417536,0.04721756622047449,0.002877655917339794,0.10579446452967467,0.08690981574193116,0.08152643251066645,0.002877655917339794,0.2716224045249631,0.09267846343872999,0.12402275846089791,0.0007049189751091589,0.5541096510389649,0.06996812626608484,0.09686005798564638,0.0,0.5541096510389649,0.6937963861795576,0.004418509423150525,0.6899262566398003,0.6986434088614484,0.6855192920589243,0.010943054980432042,0.6650019523112379,0.6986434088614484,0.48658454270494594,0.22109855290311095,0.2182279160968136,0.6986434088614484,0.40745574246698435,0.17494538019977035,0.2182279160968136,0.6986434088614484,0.001830442836340676,0.001772368817436395,1,0,0,16.040000915527344,-0.005579556721748813,-9.677852262868214e-05,0.0885944908885898,0.0018008268462039
2025-01-07,16.479999542236328,18.899999618530277,15.789999961853027,17.81999969482422,0,0.0110745621101182,0.7064263768163894,0.5522017802648844,0.10523574540106706,0.7064263768163894,-0.005595180591635884,-0.10579446452967467,0.08701136702438061,-0.2716224045249631,0.006669172799957934,0.6985757951844945,0.6986434088614484,0.6912431296391851,0.6650019523112379,0.3120547873654479,0.050477164539512655,0.051594995056083094,0.002877655917339794,0.10579446452967467,0.07027114982954155,0.050845823592008864,0.002877655917339794,0.16202827839204215,0.09737210975306851,0.12246026762768715,0.0007049189751091589,0.5541096510389649,0.07080240646447429,0.0970128510736392,0.0,0.5541096510389649,0.6968330356149984,0.006800445714189777,0.6899262566398003,0.7064263768163894,0.6896617345094395,0.010123134884007018,0.6708462535122678,0.7064263768163894,0.5053641422026098,0.22227854799108118,0.2182279160968136,0.7064263768163894,0.41889690570485594,0.1784597769437138,0.2182279160968136,0.7064263768163894,0.011657940214490221,0.013800630162589844,1,0,0,17.81999969482422,0.11097248614080613,0.011237981169704758,0.0775978699157142,0.0014052677737446
2025-01-08,17.90999984741211,19.5,17.3700008392334,17.700000762939453,0,4.565329534056357e-05,0.7040282865939856,0.5545430693430878,-0.006756722233491885,0.7040282865939856,0.10523574540106706,-0.005595180591635884,-0.002877655917339794,-0.0899866764763626,-0.058549558775525146,0.7064263768163894,0.6985757951844945,0.6899262566398003,0.6708462535122678,0.2182279160968136,0.05125297780274307,0.050722106823883305,0.005595180591635884,0.10579446452967467,0.061948154405254474,0.05397565087283176,0.002877655917339794,0.16202827839204215,0.09490578420344788,0.12379550939831448,0.0007049189751091589,0.5541096510389649,0.06547247123874786,0.09412500550369012,0.0,0.5541096510389649,0.6996534416058355,0.006108985978032672,0.6905933405728595,0.7064263768163894,0.6929799378176111,0.008593094776993224,0.682003357313049,0.7064263768163894,0.5284974931786657,0.21609455076307887,0.2205101116170301,0.7064263768163894,0.42808730273621715,0.18301953817514238,0.2182279160968136,0.7064263768163894,0.004825638611544323,0.006636017871850762,1,0,0,17.700000762939453,-0.006733946910202238,-0.003394678201585677,0.0864625432197982,0.0017312410246813
2025-01-10,18.290000915527344,20.309999465942383,18.049999237060547,19.540000915527344,0,0.0097810143342393,0.7030785955020641,0.5577342845716814,0.09889901078493812,0.7030785955020641,-0.006756722233491885,0.10523574540106706,0.03288277625784586,-0.16202827839204215,0.10543875570940431,0.7040282865939856,0.7064263768163894,0.6905933405728595,0.6826145131345207,0.2326220307255527,0.06445622470816152,0.05327283546172187,0.005595180591635884,0.10579446452967467,0.05563522764454407,0.04367956821041245,0.002877655917339794,0.10579446452967467,0.0945943677784733,0.12377591218196791,0.0007049189751091589,0.5541096510389649,0.06620750639880578,0.09426587938728999,0.0,0.5541096510389649,0.7021504925916764,0.0034550242066761255,0.6985757951844945,0.7064263768163894,0.6950263460543655,0.008281401465330393,0.682003357313049,0.7064263768163894,0.5509001867394518,0.20812662913983387,0.2205101116170301,0.7064263768163894,0.4371095287835894,0.1870658949877072,0.2182279160968136,0.7064263768163894,0.0050192730471600965,0.00526991984723427,1,0,0,19.540000915527344,0.1039548063998117,-0.0013489388281769932,0.0762142882850561,0.001514183565779
2025-01-13,21.18000030517578,22.040000915527344,19.149999618530277,19.190000534057617,0,0.0003266823310435,0.7033105266334616,0.5633521278704665,-0.018074355619040805,0.7033105266334616,0.09889901078493812,-0.006756722233491885,-0.10579446452967467,0.03172673583008656,-0.0007049189751091589,0.7030785955020641,0.7040282865939856,0.6986434088614484,0.682003357313049,0.2319823936893112,0.04691220292603475,0.050634583536668616,0.005595180591635884,0.10523574540106706,0.0542699896234395,0.04471105566656022,0.002877655917339794,0.10579446452967467,0.0954214838091367,0.12317370779804289,0.002877655917339794,0.5541096510389649,0.06622705620673515,0.094255563716903,0.0,0.5541096510389649,0.7030839161460791,0.0028477365618405676,0.6985757951844945,0.7064263768163894,0.6971570629864068,0.007233136385455775,0.6857449134203796,0.7064263768163894,0.5733443835463162,0.1971389924328041,0.2205101116170301,0.7064263768163894,0.44612676373612814,0.19060405548225795,0.2182279160968136,0.7064263768163894,0.007125500359151864,0.0061173195264245745,1,0,0,19.190000534057617,-0.017911994118260277,0.00032987938031570074,0.0837784757650039,0.0019497075626077
2025-01-14,18.790000915527344,19.65999984741211,18.239999771118164,18.709999084472656,0,0.0006416720490472,0.7024372949389539,0.5637928305703629,-0.025331246496121285,0.7024372949389539,-0.018074355619040805,0.09889901078493812,-0.005595180591635884,0.07957261787498027,-0.043234426113105684,0.7033105266334616,0.7030785955020641,0.6985757951844945,0.6857449134203796,0.2359682654251778,0.05085941610693183,0.047265693388807005,0.006756722233491885,0.10523574540106706,0.0488458524855536,0.044590384750540994,0.002877655917339794,0.10579446452967467,0.09456895144642316,0.12361414465787482,0.002877655917339794,0.5541096510389649,0.06678241767923196,0.09393611484296507,0.0,0.5541096510389649,0.7038562160969709,0.0015452461303189357,0.7024372949389539,0.7064263768163894,0.6988263011382643,0.006152185604541319,0.6899262566398003,0.7064263768163894,0.5955571944755436,0.18299677498317204,0.2205101116170301,0.7064263768163894,0.4551420015525635,0.19360780115622875,0.2182279160968136,0.7064263768163894,0.0020271204079244814,0.002803152973326431,1,0,0,18.709999084472656,-0.025013102460996528,-0.0012416019118718369,0.0745646046975092,0.0015296516232615
2025-01-15,19.07999992370605,19.13999938964844,15.960000038146973,16.1200008392334,0,0.0222001960668642,0.7176397762846309,0.573728009725311,-0.1489973022133766,0.7176397762846309,-0.025331246496121285,-0.018074355619040805,0.10523574540106706,0.08701136702438061,0.0247285438747209,0.7024372949389539,0.7033105266334616,0.7064263768163894,0.6912431296391851,0.2366126559910086,0.059611727469393735,0.06169973220587902,0.006756722233491885,0.1489973022133766,0.0550444460044532,0.053835348235004,0.002877655917339794,0.1489973022133766,0.10048651136731153,0.1230769129860726,0.002877655917339794,0.5541096510389649,0.06991281346853812,0.09444378054427956,0.0,0.5541096510389649,0.7060988959906193,0.00647657089456675,0.7024372949389539,0.7176397762846309,0.7014659658028088,0.00794011300717566,0.6899262566398003,0.7176397762846309,0.618463247822859,0.16504558995610574,0.2205101116170301,0.7176397762846309,0.4645607090946364,0.19657493963921907,0.2182279160968136,0.7176397762846309,0.011906917692632532,0.005528326369151694,1,0,0,16.1200008392334,-0.13842856076827315,0.021642474645367837,0.068288253365571,0.0015722051278958
2025-01-16,15.869999885559082,16.600000381469727,15.640000343322754,16.600000381469727,0,0.0008609488093242,0.718195554367493,0.5731444320109218,0.029341929202495454,0.718195554367493,-0.1489973022133766,-0.025331246496121285,-0.006756722233491885,-0.002877655917339794,-0.007933662580970946,0.7176397762846309,0.7024372949389539,0.7040282865939856,0.6899262566398003,0.2318197540271513,0.06412876886319445,0.0575500187032413,0.018074355619040805,0.1489973022133766,0.05769087333296876,0.0515896329833041,0.005595180591635884,0.1489973022133766,0.10150595263500317,0.12235853617261466,0.002877655917339794,0.5541096510389649,0.06946755885551635,0.09459336591366865,0.0,0.5541096510389649,0.7089323495453207,0.008211018627270184,0.7024372949389539,0.718195554367493,0.7042928955755781,0.008394492094194638,0.6905933405728595,0.718195554367493,0.6416240002200182,0.14035480887196009,0.2205101116170301,0.718195554367493,0.47398764626327117,0.19906243039109708,0.2182279160968136,0.718195554367493,0.001279922766267416,0.0009930701543944276,1,0,0,16.600000381469727,0.029776644990494594,0.0007744527285533653,0.09190259527143,0.0020157983122955
2025-01-17,16.190000534057617,16.229999542236328,15.529999732971191,15.970000267028809,0,0.001496973314934,0.7165792384815313,0.5730059485545763,-0.03869073939502865,0.7165792384815313,0.029341929202495454,-0.1489973022133766,0.09889901078493812,0.03288277625784586,0.061773963814810706,0.718195554367493,0.7176397762846309,0.7030785955020641,0.6905933405728595,0.2390339896695722,0.052087114585212556,0.05468348709196452,0.018074355619040805,0.1489973022133766,0.05827166964668704,0.05131125309515862,0.005595180591635884,0.1489973022133766,0.10040675147215641,0.1228360644228217,0.002877655917339794,0.5541096510389649,0.06990129768314861,0.09440481251853147,0.0,0.5541096510389649,0.7116324781412142,0.008022442106701432,0.7024372949389539,0.718195554367493,0.7068914853664453,0.007673599788260507,0.6985757951844945,0.718195554367493,0.6643642501634448,0.1064587996128647,0.2205101116170301,0.718195554367493,0.4834637988762444,0.20094822819070934,0.2182279160968136,0.718195554367493,0.000701051770439213,0.0008995528072073249,1,0,0,15.970000267028809,-0.03795181325081021,-0.002250523379228153,0.0818555860581965,0.0018788704376516
2025-01-21,16.290000915527344,16.290000915527344,14.93000030517578,15.0600004196167,0,0.0034421370672371,0.7148134606345747,0.5736008802246062,-0.05866972871283105,0.7148134606345747,-0.03869073939502865,0.029341929202495454,-0.018074355619040805,-0.10579446452967467,0.07726356570616977,0.7165792384815313,0.718195554367493,0.7033105266334616,0.6986434088614484,0.2205101116170301,0.060206189203970605,0.051278653490233174,0.025331246496121285,0.1489973022133766,0.05355919606500268,0.048551542592163155,0.005595180591635884,0.1489973022133766,0.09952133066294981,0.12307800029025671,0.002877655917339794,0.5541096510389649,0.06843291022073883,0.09408018613823267,0.0,0.5541096510389649,0.7139330649414368,0.006554360838792699,0.7024372949389539,0.718195554367493,0.708508490543758,0.007442647916459975,0.6985757951844945,0.718195554367493,0.6879025048785659,0.03207265868065061,0.5953278388619947,0.718195554367493,0.49239543919114465,0.2027305967486549,0.2182279160968136,0.718195554367493,0.0027411751597475036,0.001419073510126879,1,0,0,15.0600004196167,-0.05698183044435312,-0.002464176677373864,0.074652591440207,0.0017134601121789
2025-01-22,14.890000343322754,15.289999961853027,14.59000015258789,15.100000381469728,0,7.035856244472717e-06,0.451583673294438,0.4225552895824396,0.0026525188490325036,0.451583673294438,-0.05866972871283105,-0.03869073939502865,-0.025331246496121285,-0.005595180591635884,0.5541096510389649,0.7148134606345747,0.7165792384815313,0.7024372949389539,0.6985757951844945,0.5953278388619947,0.05567044367455285,0.05592696044842005,0.0026525188490325036,0.1489973022133766,0.053264929890742344,0.048882339087213816,0.0026525188490325036,0.1489973022133766,0.07326146722533397,0.067533591569646,0.0026525188490325036,0.2716224045249631,0.06765528949142928,0.09449468245086587,0.0,0.5541096510389649,0.6637623406125336,0.11861848639144185,0.451583673294438,0.718195554367493,0.6838092783547524,0.08186013106784154,0.451583673294438,0.718195554367493,0.6810575446134441,0.05782114966362431,0.451583673294438,0.718195554367493,0.4951349593155439,0.20134559062935242,0.2182279160968136,0.718195554367493,0.0007920783300861832,0.001022287026166034,1,0,0,15.100000381469728,0.0026560398896753323,-0.3682496229246366,0.072186002638697,0.0018263106396352
2025-01-23,15.279999732971191,15.390000343322754,14.59000015258789,15.020000457763672,0,2.8218324293958843e-05,0.4304152495705715,0.4098540354744503,-0.005312092270843838,0.4304152495705715,0.0026525188490325036,-0.05866972871283105,-0.1489973022133766,0.10523574540106706,-0.1367433554052786,0.451583673294438,0.7148134606345747,0.7176397762846309,0.7064263768163894,0.6089227327455617,0.0269334016860463,0.02349613127795978,0.0026525188490325036,0.05866972871283105,0.04327256457772002,0.047264483961402835,0.0026525188490325036,0.1489973022133766,0.06700283564750376,0.06744638885142883,0.0026525188490325036,0.2716224045249631,0.06663319918528135,0.09494091689087415,0.0,0.5541096510389649,0.6063174352697217,0.15110417129343942,0.4304152495705715,0.718195554367493,0.6562081656301705,0.11371920387530715,0.4304152495705715,0.718195554367493,0.6725571882717779,0.07841124241235019,0.4304152495705715,0.718195554367493,0.4973007965350584,0.20011556215764548,0.2182279160968136,0.718195554367493,0.0010277741134566336,0.001311019354343873,0,0,0,15.020000457763672,-0.005298008058611026,-0.04687597221891693,0.0660501887464035,0.0015531311609021
2025-01-24,15.020000457763672,15.15999984741211,14.579999923706056,14.850000381469728,0,0.0001295678142994,0.3340780211825886,0.33410520465099,-0.011382785876024926,0.3340780211825886,-0.005312092270843838,0.0026525188490325036,0.029341929202495454,-0.006756722233491885,-0.2716224045249631,0.4304152495705715,0.451583673294438,0.718195554367493,0.7040282865939856,0.6650019523112379,0.023341573020752193,0.024391531427904112,0.0026525188490325036,0.05866972871283105,0.04373517094197332,0.04688851339352319,0.0026525188490325036,0.1489973022133766,0.05461047285469717,0.04948724360054216,0.0026525188490325036,0.16202827839204215,0.06575295207535327,0.09528529576331986,0.0,0.5541096510389649,0.5294939286327408,0.17565464092840488,0.3340780211825886,0.7165792384815313,0.6192131390890309,0.15062214020349596,0.3340780211825886,0.718195554367493,0.6567989058370803,0.10776426377162626,0.3340780211825886,0.718195554367493,0.49709430740073784,0.2002833283620066,0.2182279160968136,0.718195554367493,0.0005488562682941997,0.0007108250337550551,0,0,0,14.850000381469728,-0.011318247078086596,-0.22382392000306506,0.0616168470104293,0.0007684394223504
2025-01-27,18.82999992370605,22.51000022888184,17.56999969482422,17.899999618530273,0,0.0348945391042949,0.3720283072540414,0.3495998530409619,0.18680080059864546,0.3720283072540414,-0.011382785876024926,-0.005312092270843838,-0.03869073939502865,0.09889901078493812,-0.0899866764763626,0.3340780211825886,0.4304152495705715,0.7165792384815313,0.7030785955020641,0.6708462535122678,0.05296358526147556,0.07822370380457282,0.0026525188490325036,0.18680080059864546,0.05252534992334405,0.06362987321820708,0.0026525188490325036,0.18680080059864546,0.05922066924147255,0.05690176641578958,0.0026525188490325036,0.18680080059864546,0.06979477735477857,0.09675776864475925,0.0,0.5541096510389649,0.46058374238724287,0.14955738984731182,0.3340780211825886,0.7148134606345747,0.5861081102642285,0.16576112634026893,0.3340780211825886,0.718195554367493,0.6425694798247839,0.12427946107624128,0.3340780211825886,0.718195554367493,0.4978891475590508,0.1997045787632954,0.2182279160968136,0.718195554367493,0.022141176910371683,0.02970315513224655,0,0,1,17.899999618530273,0.20538714873478559,0.11359707512967843,0.0586171428001058,0.0007469742474425
2025-01-28,18.290000915527344,18.38999938964844,16.25,16.40999984741211,0,0.0075533125941816,0.3459844085992893,0.3411583646125204,-0.08690979573202107,0.3459844085992893,0.18680080059864546,-0.011382785876024926,-0.05866972871283105,-0.018074355619040805,-0.16202827839204215,0.3720283072540414,0.3340780211825886,0.7148134606345747,0.7033105266334616,0.6826145131345207,0.058611598665313555,0.07974345772976553,0.0026525188490325036,0.18680080059864546,0.05940889393464208,0.06321078864960555,0.0026525188490325036,0.18680080059864546,0.0556435986386144,0.052289960573345444,0.0026525188490325036,0.18680080059864546,0.06944469127542292,0.09666639242328698,0.0,0.5541096510389649,0.38681793198018577,0.0518722834740256,0.3340780211825886,0.451583673294438,0.5503754984608114,0.17589313336540502,0.3340780211825886,0.718195554367493,0.6265394748469157,0.13961923335229873,0.3340780211825886,0.718195554367493,0.4977110889731844,0.19983977961474983,0.2182279160968136,0.718195554367493,0.005520175995612411,0.0031080844168019477,0,0,0,16.40999984741211,-0.08324021245093771,-0.07000515322875123,0.1046087597921471,0.0017706658470472
2025-01-29,16.420000076293945,18.07999992370605,16.170000076293945,16.559999465942383,0,8.279582105482748e-05,0.3446468062356341,0.3434000337664469,0.009099220903727279,0.3446468062356341,-0.08690979573202107,0.18680080059864546,0.0026525188490325036,-0.025331246496121285,0.03172673583008656,0.3459844085992893,0.3720283072540414,0.451583673294438,0.7024372949389539,0.682003357313049,0.05990093907625251,0.07865720111191396,0.005312092270843838,0.18680080059864546,0.05778569137540268,0.06438069370324213,0.0026525188490325036,0.18680080059864546,0.054566097927835386,0.05303526239397238,0.0026525188490325036,0.18680080059864546,0.0686398636684247,0.09703279597566503,0.0,0.5541096510389649,0.36543055856842493,0.03892184175545376,0.3340780211825886,0.4304152495705715,0.5145964495904792,0.1779031105723214,0.3340780211825886,0.718195554367493,0.6104748771765627,0.15179564281159866,0.3340780211825886,0.718195554367493,0.4975751399172695,0.1999443831679899,0.2182279160968136,0.718195554367493,0.004495952088728598,0.006204868839576559,0,0,0,16.559999465942383,0.009140744663317601,-0.0038660769977192366,0.0976849082933717,0.0017710670850731
2025-01-30,15.93000030517578,16.420000076293945,15.31999969482422,15.84000015258789,0,0.0019759554721153,0.3382684954367764,0.3269990185012394,-0.04445172068790315,0.3382684954367764,0.009099220903727279,-0.08690979573202107,-0.005312092270843838,-0.1489973022133766,0.07957261787498027,0.3446468062356341,0.3459844085992893,0.4304152495705715,0.7176397762846309,0.6857449134203796,0.06772886475966437,0.0736548966426906,0.009099220903727279,0.18680080059864546,0.047331133222855336,0.05584614027882843,0.0026525188490325036,0.18680080059864546,0.052893674252260284,0.05276031591597591,0.0026525188490325036,0.18680080059864546,0.06886855391328807,0.09696250181994183,0.0,0.5541096510389649,0.347001207741666,0.014800353137600215,0.3340780211825886,0.3720283072540414,0.4766593215056938,0.17007134084441622,0.3340780211825886,0.718195554367493,0.5939283810821053,0.16178991968635864,0.3340780211825886,0.718195554367493,0.49726979445936753,0.20018318963441575,0.2182279160968136,0.718195554367493,0.0017341805109719077,0.0023916843480871193,0,0,0,15.84000015258789,-0.04347822080763086,-0.018506803729081645,0.0849866671897533,0.0015378675859591
2025-01-31,15.449999809265137,17.09000015258789,14.899999618530272,16.43000030517578,0,0.0013374054640532,0.3289255272514771,0.3238938471740986,0.03657055460412462,0.3289255272514771,-0.04445172068790315,0.009099220903727279,-0.011382785876024926,0.029341929202495454,0.08701136702438061,0.3382684954367764,0.3446468062356341,0.3340780211825886,0.718195554367493,0.6912431296391851,0.07276641850528431,0.0695867267251255,0.009099220903727279,0.18680080059864546,0.048053995763018255,0.055633798425045435,0.0026525188490325036,0.18680080059864546,0.050491730803676665,0.05227537183372879,0.0026525188490325036,0.18680080059864546,0.06973928140386246,0.09649203646914803,0.0007049189751091589,0.5541096510389649,0.3459707089554437,0.01605158596207347,0.3289255272514771,0.3720283072540414,0.4377323187940923,0.15226101695887143,0.3289255272514771,0.7165792384815313,0.5766751619207859,0.17000364253362601,0.3289255272514771,0.718195554367493,0.4967607541603123,0.2005927806056809,0.2182279160968136,0.718195554367493,0.006782568464986469,0.007941576487959005,0,0,0,16.43000030517578,0.03724748402174094,-0.027619977359214398,0.0775417437557612,0.0016925962276419
2025-02-03,20.36000061035156,20.420000076293945,17.65999984741211,18.6200008392334,0,0.0156568577964366,0.3519099023479167,0.3331109709990407,0.12512736629705223,0.3519099023479167,0.03657055460412462,-0.04445172068790315,0.18680080059864546,-0.03869073939502865,-0.002877655917339794,0.3289255272514771,0.3382684954367764,0.3720283072540414,0.7165792384815313,0.6899262566398003,0.06043173164496567,0.04567919712461071,0.009099220903727279,0.12512736629705223,0.05669765845322061,0.060517748152854725,0.0026525188490325036,0.18680080059864546,0.056313145583662974,0.053500468079474284,0.0026525188490325036,0.18680080059864546,0.07170077451748408,0.09676685259192369,0.0007049189751091589,0.5541096510389649,0.3419470279742187,0.008745558779461765,0.3289255272514771,0.3519099023479167,0.40126538518073074,0.11783334070816752,0.3289255272514771,0.7148134606345747,0.5605791450497438,0.17468223493080962,0.3289255272514771,0.718195554367493,0.4968249739564901,0.20054481696421902,0.2182279160968136,0.718195554367493,0.007605422226582185,0.007460375782834658,0,0,1,18.6200008392334,0.1332927871807601,0.06987713993650324,0.0723771003234163,0.0016821986709199
2025-02-04,18.780000686645508,19.11000061035156,16.780000686645508,17.209999084472656,0,0.0062008947013605,0.3591102854242096,0.3317167971777002,-0.07874575989448918,0.3591102854242096,0.12512736629705223,0.03657055460412462,-0.08690979573202107,-0.05866972871283105,0.03288277625784586,0.3519099023479167,0.3289255272514771,0.3459844085992893,0.7148134606345747,0.6905933405728595,0.05879892447745929,0.044629983353377485,0.009099220903727279,0.12512736629705223,0.058705261571386426,0.06092208647726128,0.0026525188490325036,0.18680080059864546,0.05849709718540789,0.053432237055899584,0.0026525188490325036,0.18680080059864546,0.07327417077716435,0.09631971492488245,0.0007049189751091589,0.5541096510389649,0.3445722033392028,0.011723463960776113,0.3289255272514771,0.3591102854242096,0.3656950676596943,0.04186545588910663,0.3289255272514771,0.451583673294438,0.5447942376617129,0.17730358781529468,0.3289255272514771,0.718195554367493,0.4976461204168254,0.19989206634019122,0.2182279160968136,0.718195554367493,0.006097641883521789,0.005508933460980981,0,0,0,17.209999084472656,-0.07572511768043466,0.020460870888407756,0.0889315753065056,0.0014704562799619
2025-02-05,17.540000915527344,17.75,15.770000457763672,15.770000457763672,0,0.0076354613599136,0.3541231279262205,0.3330260631644641,-0.0873811270235949,0.3541231279262205,-0.07874575989448918,0.12512736629705223,0.009099220903727279,0.0026525188490325036,-0.10579446452967467,0.3591102854242096,0.3519099023479167,0.3446468062356341,0.451583673294438,0.6986434088614484,0.07445530570143281,0.03566725409395333,0.03657055460412462,0.12512736629705223,0.06717812238884266,0.05808614978833983,0.005312092270843838,0.18680080059864546,0.057620271589880284,0.05276418296170581,0.0026525188490325036,0.18680080059864546,0.07528317374541242,0.09569622160547786,0.0007049189751091589,0.5541096510389649,0.34646746767732006,0.01248011307317084,0.3289255272514771,0.3591102854242096,0.3559490131228725,0.02902422167047647,0.3289255272514771,0.4304152495705715,0.5283885099981306,0.17829260272776776,0.3289255272514771,0.718195554367493,0.49846765104109797,0.19921229983922478,0.2182279160968136,0.718195554367493,0.005045549088511271,0.002623480206841931,0,0,0,15.770000457763672,-0.08367220821110855,-0.01388753733995074,0.0853880508070429,0.0014203299198119
2025-02-06,15.880000114440918,16.149999618530273,14.989999771118164,15.5,0,0.0002982323862608,0.3544998111038398,0.3332862430050239,-0.017269406077245808,0.3544998111038398,-0.0873811270235949,-0.07874575989448918,-0.04445172068790315,-0.005312092270843838,-0.005595180591635884,0.3541231279262205,0.3591102854242096,0.3382684954367764,0.4304152495705715,0.6985757951844945,0.06901884277930134,0.04275174971581709,0.017269406077245808,0.12512736629705223,0.06837385376948286,0.05677947958849698,0.009099220903727279,0.18680080059864546,0.058176187089195044,0.05224761833982506,0.0026525188490325036,0.18680080059864546,0.07542732526396251,0.09560187249905298,0.0007049189751091589,0.5541096510389649,0.34971373081073276,0.01191235873725378,0.3289255272514771,0.3591102854242096,0.34835746927619937,0.012746299803998398,0.3289255272514771,0.3720283072540414,0.5120039393276231,0.17767963783670918,0.3289255272514771,0.718195554367493,0.49929424101628456,0.19852363661334083,0.2182279160968136,0.718195554367493,0.002003803865922878,0.0025512502664490717,0,0,0,15.5,-0.01712114457363567,0.0010637067955012736,0.0846766563117447,0.0015881781366718
2025-02-07,15.380000114440918,16.65999984741211,14.789999961853027,16.540000915527344,0,0.0042174271293851,0.3446925892616855,0.3233177645460439,0.06494172102266083,0.3446925892616855,-0.017269406077245808,-0.0873811270235949,0.03657055460412462,-0.011382785876024926,0.10523574540106706,0.3544998111038398,0.3541231279262205,0.3289255272514771,0.3340780211825886,0.7064263768163894,0.0746930760630086,0.03909474170072288,0.017269406077245808,0.12512736629705223,0.07372974728414645,0.053220845418162833,0.009099220903727279,0.18680080059864546,0.05625742402355665,0.05116157160351588,0.0026525188490325036,0.18680080059864546,0.07681476688831258,0.09500062305898549,0.0007049189751091589,0.5541096510389649,0.35286714321277446,0.005266867405960653,0.3446925892616855,0.3591102854242096,0.34941892608410907,0.011834390705588718,0.3289255272514771,0.3720283072540414,0.49477852087263735,0.1754085319814232,0.3289255272514771,0.718195554367493,0.5000713315376236,0.19783552550694133,0.2182279160968136,0.718195554367493,0.005112597309137431,0.005045113408198393,0,0,0,16.540000915527344,0.06709683325982874,-0.027664956468147706,0.0753658335853993,0.0014192805237856
2025-02-10,16.579999923706055,16.610000610351562,15.699999809265137,15.8100004196167,0,0.0020375353863554,0.3475699399875368,0.3175748108162601,-0.04513906718526073,0.3475699399875368,0.06494172102266083,-0.017269406077245808,0.12512736629705223,0.18680080059864546,-0.006756722233491885,0.3446925892616855,0.3544998111038398,0.3519099023479167,0.3720283072540414,0.7040282865939856,0.05869541624065029,0.02812379564070143,0.017269406077245808,0.0873811270235949,0.05956357394280798,0.03577349220786228,0.009099220903727279,0.12512736629705223,0.05808515473554564,0.04997663152376414,0.0026525188490325036,0.18680080059864546,0.07649546946949676,0.09508600777195478,0.0007049189751091589,0.5541096510389649,0.35199915074069843,0.005795182619341946,0.3446925892616855,0.3591102854242096,0.3469730893574586,0.008774259640287052,0.3289255272514771,0.3591102854242096,0.47780431389137784,0.17134721560530677,0.3289255272514771,0.718195554367493,0.5031509035350218,0.19431664796807022,0.2205101116170301,0.718195554367493,0.0011450222054766803,0.0007137611879077929,0,0,0,15.8100004196167,-0.04413545680190001,0.008347585110589417,0.0753657214631816,0.0015740788328178
2025-02-11,16.1299991607666,16.420000076293945,15.75,16.020000457763672,0,0.000174115742897,0.3334635881046051,0.3105808253433747,0.01319529245212303,0.3334635881046051,-0.04513906718526073,0.06494172102266083,-0.07874575989448918,-0.08690979573202107,0.09889901078493812,0.3475699399875368,0.3446925892616855,0.3591102854242096,0.3459844085992893,0.7030785955020641,0.04558532275217706,0.031514535347643514,0.01319529245212303,0.0873811270235949,0.052192123614818176,0.03708324507193717,0.009099220903727279,0.12512736629705223,0.05400402529112588,0.04997641188153753,0.0026525188490325036,0.18680080059864546,0.07429919653479959,0.095465727550251,0.0007049189751091589,0.5541096510389649,0.3468698112767775,0.008599197570629822,0.3334635881046051,0.3544998111038398,0.34572100730799016,0.009768092785469399,0.3289255272514771,0.3591102854242096,0.46020359925340365,0.1659484288579069,0.3289255272514771,0.718195554367493,0.5055518929964278,0.19149496212295206,0.2205101116170301,0.718195554367493,0.000625961653148517,0.000849678927424358,0,0,0,16.020000457763672,0.013282734508116123,-0.040585649850610084,0.0708366458949088,0.001260126644399
2025-02-12,15.90999984741211,17.18000030517578,15.640000343322754,15.890000343322754,0,6.638938350490328e-05,0.333073072529226,0.304164503779012,-0.008147968059884825,0.333073072529226,0.01319529245212303,-0.04513906718526073,-0.0873811270235949,0.009099220903727279,-0.018074355619040805,0.3334635881046051,0.3475699399875368,0.3541231279262205,0.3446468062356341,0.7033105266334616,0.029738690959435043,0.024350314825991606,0.008147968059884825,0.06494172102266083,0.05209699833043393,0.03720708187051149,0.008147968059884825,0.12512736629705223,0.0535313401692613,0.050378556776369814,0.0026525188490325036,0.18680080059864546,0.074476411989199,0.09533259608397597,0.0026525188490325036,0.5541096510389649,0.34265980019737863,0.009285785193545672,0.333073072529226,0.3544998111038398,0.34456363393734935,0.010562838134091935,0.3289255272514771,0.3591102854242096,0.44257324429605904,0.15832109710313216,0.3289255272514771,0.718195554367493,0.5079588139211877,0.18858578280645866,0.2205101116170301,0.718195554367493,0.003181096647312601,0.0044093251734250785,0,0,0,15.890000343322754,-0.008114863341212808,-0.0011710891063061446,0.0655854082418281,0.0010395287900573
2025-02-13,15.970000267028809,16.329999923706055,14.979999542236328,15.100000381469728,0,0.0026005137959722,0.3360007639738101,0.3052447567416055,-0.050995233071065016,0.3360007639738101,-0.008147968059884825,0.01319529245212303,-0.017269406077245808,-0.04445172068790315,-0.025331246496121285,0.333073072529226,0.3334635881046051,0.3544998111038398,0.3382684954367764,0.7024372949389539,0.03648385635819888,0.02470132873089279,0.008147968059884825,0.06494172102266083,0.05275134956875012,0.037115112724386154,0.008147968059884825,0.12512736629705223,0.05475343476806815,0.04996989213219341,0.0026525188490325036,0.18680080059864546,0.07466119310724566,0.09527806915675918,0.0026525188490325036,0.5541096510389649,0.3389599907713727,0.006719694614722931,0.333073072529226,0.3475699399875368,0.34433686079105275,0.010735929591255322,0.3289255272514771,0.3591102854242096,0.4251238856786713,0.1481124036103946,0.3289255272514771,0.718195554367493,0.5103405400771074,0.18567615125883377,0.2205101116170301,0.718195554367493,0.0026854365670338455,0.002510641754925572,0,0,0,15.100000381469728,-0.04971679954588526,0.0087899373622502,0.0613871292551532,0.0007551414596599
2025-02-14,15.079999923706056,15.420000076293944,14.739999771118164,14.770000457763672,0,0.0004882615676868,0.3019678441354421,0.286358296871753,-0.022096641547685092,0.3019678441354421,-0.050995233071065016,-0.008147968059884825,0.06494172102266083,0.03657055460412462,-0.1489973022133766,0.3360007639738101,0.333073072529226,0.3446925892616855,0.3289255272514771,0.7176397762846309,0.02791484046320374,0.019174359741502247,0.008147968059884825,0.050995233071065016,0.051303958263106166,0.03808576274548443,0.008147968059884825,0.12512736629705223,0.048710546164939986,0.045473902092510565,0.0026525188490325036,0.18680080059864546,0.07459852876612576,0.09531257008271896,0.0026525188490325036,0.5541096510389649,0.330415041746124,0.016963878101152803,0.3019678441354421,0.3475699399875368,0.34164109247944924,0.01674081625745409,0.3019678441354421,0.3591102854242096,0.40532998414775756,0.13418639593536344,0.3019678441354421,0.718195554367493,0.5118966159853082,0.18358831776771925,0.2205101116170301,0.718195554367493,0.0007336303616816179,0.0008503632511123308,0,0,0,14.770000457763672,-0.021854299031079716,-0.10128822159767692,0.062233225990892,0.000925385190512
2025-02-18,15.56999969482422,16.030000686645508,15.350000381469728,15.350000381469728,0,0.0014835878956032,0.3029970593555087,0.2853047993899114,0.03851737134856492,0.3029970593555087,-0.022096641547685092,-0.050995233071065016,-0.04513906718526073,0.12512736629705223,0.029341929202495454,0.3019678441354421,0.3360007639738101,0.3475699399875368,0.3519099023479167,0.718195554367493,0.02659050129586458,0.017871727601421493,0.008147968059884825,0.050995233071065016,0.04264295876825743,0.027924899331016915,0.008147968059884825,0.0873811270235949,0.04914747198141948,0.04532232558719422,0.0026525188490325036,0.18680080059864546,0.07532671230821134,0.09490679659416665,0.0026525188490325036,0.5541096510389649,0.32150046561971835,0.017401145997135645,0.3019678441354421,0.3360007639738101,0.3367498081802084,0.02019615084256914,0.3019678441354421,0.3591102854242096,0.3855586272424249,0.11499954389444746,0.3019678441354421,0.7165792384815313,0.5135913137312215,0.18125355097540352,0.2205101116170301,0.718195554367493,0.0006776771338939829,0.0008612329857181838,0,0,0,15.350000381469728,0.03926878170143766,0.003408360327283644,0.0595845253308552,0.000727593241503
2025-02-19,15.140000343322754,15.960000038146973,15.050000190734863,15.270000457763672,0,2.730427923792562e-05,0.3005620550608302,0.2862531540110234,-0.005225349676138968,0.3005620550608302,0.03851737134856492,-0.022096641547685092,0.01319529245212303,-0.07874575989448918,-0.03869073939502865,0.3029970593555087,0.3019678441354421,0.3334635881046051,0.3591102854242096,0.7165792384815313,0.024996512740667765,0.01963369982984336,0.005225349676138968,0.050995233071065016,0.035290917746422415,0.02702743497709468,0.005225349676138968,0.0873811270235949,0.04755388199480569,0.04628646853784342,0.0026525188490325036,0.18680080059864546,0.07398031673348104,0.0955029930418148,0.0026525188490325036,0.5541096510389649,0.3149201590109635,0.017958271700476487,0.3005620550608302,0.3360007639738101,0.3308949851438705,0.021441739111378474,0.3005620550608302,0.3544998111038398,0.3657482851747725,0.0877229250043974,0.3005620550608302,0.7148134606345747,0.5150562676691086,0.17921757076185485,0.2205101116170301,0.718195554367493,0.0012430913967802935,0.0016950523126083865,0,0,0,15.270000457763672,-0.005211721284556492,-0.008036395798222795,0.0605183549106377,0.0006950046457625
2025-02-20,15.609999656677246,16.6299991607666,15.119999885559082,15.65999984741211,0,0.000636024774645,0.2958571220197301,0.2871720717277012,0.025219531610343182,0.2958571220197301,-0.005225349676138968,0.03851737134856492,-0.008147968059884825,-0.0873811270235949,-0.05866972871283105,0.3005620550608302,0.3029970593555087,0.333073072529226,0.3541231279262205,0.7148134606345747,0.028410825450759437,0.017319189495888548,0.005225349676138968,0.050995233071065016,0.02907475820509724,0.01993315689637635,0.005225349676138968,0.06494172102266083,0.045961015466115786,0.04646004888804469,0.0026525188490325036,0.18680080059864546,0.0727411730645328,0.09579653658442237,0.0026525188490325036,0.5541096510389649,0.30747696890906423,0.016177637385717647,0.2958571220197301,0.3360007639738101,0.32506838455322146,0.02232673055590356,0.2958571220197301,0.3544998111038398,0.3457979833359704,0.03780621905340376,0.2958571220197301,0.451583673294438,0.5168502441072681,0.17655456567636826,0.2958571220197301,0.718195554367493,0.0032681057588688305,0.004526605952186457,0,0,0,15.65999984741211,0.025540234312838583,-0.01565378251139493,0.0578423604188836,0.0006219699567137
2025-02-21,15.630000114440918,19.030000686645508,15.279999732971191,18.209999084472656,0,0.0227590903944746,0.3320895830766567,0.3147199255368115,0.15086116264458083,0.3320895830766567,0.025219531610343182,-0.005225349676138968,-0.050995233071065016,-0.017269406077245808,0.0026525188490325036,0.2958571220197301,0.3005620550608302,0.3360007639738101,0.3544998111038398,0.451583673294438,0.048384011365462595,0.058500440452576755,0.005225349676138968,0.15086116264458083,0.04243393386183074,0.04279649897396898,0.005225349676138968,0.15086116264458083,0.05301856993257047,0.05062269613347126,0.005225349676138968,0.18680080059864546,0.06314001857895223,0.05983136942045546,0.0026525188490325036,0.2716224045249631,0.30669473272963355,0.014456644057319933,0.2958571220197301,0.3320895830766567,0.32282736175050314,0.02005329732853973,0.2958571220197301,0.3475699399875368,0.34010778856369506,0.029071951579214977,0.2958571220197301,0.4304152495705715,0.5105826665885697,0.178363837792851,0.2958571220197301,0.718195554367493,0.017372911079602402,0.015067345031187685,0,0,1,18.209999084472656,0.1628352019097845,0.12246607690083033,0.0576405326248335,0.000700676624246
2025-02-24,18.07999992370605,20.239999771118164,17.309999465942383,18.979999542236328,0,0.0017151960624642,0.3346198872245909,0.3268648531234826,0.04141492560012994,0.3346198872245909,0.15086116264458083,0.025219531610343182,-0.022096641547685092,0.06494172102266083,-0.005312092270843838,0.3320895830766567,0.2958571220197301,0.3019678441354421,0.3446925892616855,0.4304152495705715,0.05224766817595157,0.0569475839200042,0.005225349676138968,0.15086116264458083,0.04008125431957765,0.04206205706986228,0.005225349676138968,0.15086116264458083,0.05473775247206029,0.049522629406491755,0.005225349676138968,0.18680080059864546,0.06087029405978202,0.05876984099512298,0.0026525188490325036,0.2716224045249631,0.3132251413474633,0.018575641468105527,0.2958571220197301,0.3346198872245909,0.32182009154679364,0.019061427467910882,0.2958571220197301,0.3475699399875368,0.3355461046424579,0.020422118837109943,0.2958571220197301,0.3720283072540414,0.504051646457118,0.1796921932980963,0.2958571220197301,0.718195554367493,0.008819774790996257,0.011315164863352436,0,0,0,18.979999542236328,0.04228448635234905,0.007619342119954853,0.0906054173556727,0.0014315967796662
2025-02-25,19.09000015258789,21.479999542236328,18.850000381469727,19.43000030517578,0,0.0005490825264092,0.3352461538009165,0.335327354892509,0.023432510032201925,0.3352461538009165,0.04141492560012994,0.15086116264458083,0.03851737134856492,-0.04513906718526073,-0.011382785876024926,0.3346198872245909,0.3320895830766567,0.3029970593555087,0.3475699399875368,0.3340780211825886,0.049230695912678965,0.05824171816017721,0.005225349676138968,0.15086116264458083,0.037910598604271775,0.04233127495987048,0.005225349676138968,0.15086116264458083,0.055311548860449665,0.0490628512492535,0.005225349676138968,0.18680080059864546,0.05496101085757342,0.04867216710213825,0.0026525188490325036,0.18680080059864546,0.31967496023654485,0.019701068077249344,0.2958571220197301,0.3352461538009165,0.32058771292813165,0.017550115657621074,0.2958571220197301,0.3360007639738101,0.3356017300052354,0.020419510865349284,0.2958571220197301,0.3720283072540414,0.49620031792115793,0.17969227964394338,0.2958571220197301,0.718195554367493,0.006152659000065015,0.008409007542212705,0,0,0,19.43000030517578,0.023709208313628327,0.0018715760785168456,0.0821956102887206,0.0013711963359068
2025-02-26,18.959999084472656,20.059999465942383,17.829999923706055,19.100000381469727,0,0.0002934342986765,0.278906577248887,0.3087266146517964,-0.017129924070950153,0.278906577248887,0.023432510032201925,0.04141492560012994,-0.005225349676138968,0.01319529245212303,0.18680080059864546,0.3352461538009165,0.3346198872245909,0.3005620550608302,0.3334635881046051,0.3720283072540414,0.051611610791641206,0.05620061435191502,0.017129924070950153,0.15086116264458083,0.03830406176615449,0.04209364362257775,0.005225349676138968,0.15086116264458083,0.047231983311511794,0.039332438034255984,0.005225349676138968,0.15086116264458083,0.05322632627649217,0.04869170917997299,0.0026525188490325036,0.18680080059864546,0.3153438646741562,0.026246401166909617,0.278906577248887,0.3352461538009165,0.31513201184255984,0.02120257113067899,0.278906577248887,0.3360007639738101,0.3311673619097519,0.02215133999002503,0.278906577248887,0.3591102854242096,0.4868684208672679,0.18057629669935232,0.278906577248887,0.718195554367493,0.005008864565523835,0.006922852878585525,0,0,0,19.100000381469727,-0.016984041097423352,-0.1680543562193597,0.0744053623097099,0.0013165412690494
2025-02-27,18.25,21.46999931335449,17.670000076293945,21.1299991607666,0,0.0102020982804346,0.2836153460568424,0.3216781041331453,0.10100543688551955,0.2836153460568424,-0.017129924070950153,0.023432510032201925,0.025219531610343182,-0.008147968059884825,-0.08690979573202107,0.278906577248887,0.3352461538009165,0.2958571220197301,0.333073072529226,0.3459844085992893,0.06676879184667647,0.057507703264726796,0.017129924070950153,0.15086116264458083,0.04758980864871796,0.0448537066514747,0.005225349676138968,0.15086116264458083,0.047903204318821245,0.04015507928937313,0.005225349676138968,0.15086116264458083,0.05177340147871782,0.046213318026651413,0.0026525188490325036,0.18680080059864546,0.3128955094815787,0.028950336075258702,0.278906577248887,0.3352461538009165,0.3101862391953215,0.022292881514231307,0.278906577248887,0.3360007639738101,0.3281974065505877,0.024155799794878485,0.278906577248887,0.3591102854242096,0.47736844069875173,0.1805225850151919,0.278906577248887,0.718195554367493,0.013684856079948274,0.010677242613224646,0,0,1,21.1299991607666,0.1062826564792283,0.016882960790678858,0.0679243775951532,0.0013018367788409
2025-02-28,21.209999084472656,22.399999618530277,19.049999237060547,19.6299991607666,0,0.0054220876552122,0.2928770328194068,0.329310882950925,-0.07363482637456453,0.2928770328194068,0.10100543688551955,-0.017129924070950153,0.15086116264458083,-0.050995233071065016,0.009099220903727279,0.2836153460568424,0.278906577248887,0.3320895830766567,0.3360007639738101,0.3446468062356341,0.05132352459267322,0.03539554329334233,0.017129924070950153,0.10100543688551955,0.04985376797906791,0.045609679671629016,0.005225349676138968,0.15086116264458083,0.05097632838886111,0.039501043769064235,0.005225349676138968,0.15086116264458083,0.05277121315834825,0.0462223517878953,0.0026525188490325036,0.18680080059864546,0.3050529994301287,0.027736663293585172,0.278906577248887,0.3352461538009165,0.30587386607988115,0.020869984860840143,0.278906577248887,0.3352461538009165,0.3257321792450531,0.025019367564039118,0.278906577248887,0.3591102854242096,0.46810352821080786,0.17974785597714704,0.278906577248887,0.718195554367493,0.009464807039951771,0.01080598893049995,0,0,0,19.6299991607666,-0.07098911782188544,0.0326558026260968,0.0793318328872936,0.0015374548218539
2025-03-03,19.82999992370605,24.309999465942383,19.25,22.780000686645508,0,0.0221485897105043,0.3254989870821242,0.3554651325808162,0.1488240226257318,0.3254989870821242,-0.07363482637456453,0.10100543688551955,0.04141492560012994,-0.022096641547685092,-0.04445172068790315,0.2928770328194068,0.2836153460568424,0.3346198872245909,0.3019678441354421,0.3382684954367764,0.07280534399779359,0.05502772459872354,0.017129924070950153,0.1488240226257318,0.06252650608687257,0.053893780555773894,0.005225349676138968,0.15086116264458083,0.055946438004948196,0.04484390045324836,0.005225349676138968,0.15086116264458083,0.05442005612860424,0.048386245832641894,0.0026525188490325036,0.18680080059864546,0.3032288194016354,0.025517098953350477,0.278906577248887,0.3352461538009165,0.3082269803745493,0.021691071667879314,0.278906577248887,0.3352461538009165,0.32512410741864106,0.024854079587412037,0.278906577248887,0.3591102854242096,0.45952624425037325,0.17769247975717514,0.278906577248887,0.718195554367493,0.01964398336175135,0.019802319884412764,0,0,1,22.780000686645508,0.16046875499488777,0.11138447405274254,0.0779619044084809,0.0011709863941261
2025-03-04,22.959999084472656,26.350000381469727,21.709999084472656,23.51000022888184,0,0.000994953538985,0.3249725198634812,0.3648350444540478,0.03154288412598083,0.3249725198634812,0.1488240226257318,-0.07363482637456453,0.023432510032201925,0.03851737134856492,0.03657055460412462,0.3254989870821242,0.2928770328194068,0.3352461538009165,0.3029970593555087,0.3289255272514771,0.07442741881654938,0.05330093837199942,0.017129924070950153,0.1488240226257318,0.06182905736461417,0.05428273531046768,0.005225349676138968,0.15086116264458083,0.055707025125036586,0.0449657720118925,0.005225349676138968,0.15086116264458083,0.053099377964356625,0.04823173119471667,0.0026525188490325036,0.18680080059864546,0.30117409261414835,0.0225336340437096,0.278906577248887,0.3254989870821242,0.31042452642534657,0.022209337984445035,0.278906577248887,0.3352461538009165,0.32493586897159366,0.024838813901651737,0.278906577248887,0.3591102854242096,0.4508055154461898,0.17501060281243966,0.278906577248887,0.718195554367493,0.013531717646076222,0.018542472345132715,0,0,0,23.51000022888184,0.032045633021612785,-0.0016174158431718766,0.0992893090629343,0.0016702831310631
2025-03-05,23.030000686645508,24.84000015258789,21.3700008392334,21.93000030517578,0,0.0048400260774279,0.3078803451787916,0.3656022057834512,-0.06957029594178765,0.3078803451787916,0.03154288412598083,0.1488240226257318,-0.017129924070950153,-0.005225349676138968,0.12512736629705223,0.3249725198634812,0.3254989870821242,0.278906577248887,0.3005620550608302,0.3519099023479167,0.08491549319071687,0.04345845816251115,0.03154288412598083,0.1488240226257318,0.06826355199117903,0.05051012881339316,0.017129924070950153,0.15086116264458083,0.05306145034621446,0.04222821283081508,0.005225349676138968,0.15086116264458083,0.054687297964938715,0.04763209177780036,0.0026525188490325036,0.18680080059864546,0.3069688462001292,0.018790252726951083,0.2836153460568424,0.3254989870821242,0.3111563554371427,0.021967503836197423,0.278906577248887,0.3352461538009165,0.3228392233921115,0.024300526290260017,0.278906577248887,0.3591102854242096,0.44170918422092764,0.17218472880932637,0.278906577248887,0.718195554367493,0.00816578543852017,0.010394877618094798,0,0,0,21.93000030517578,-0.06720544059225664,-0.052595753917500154,0.0875807608690155,0.0015524694248574
2025-03-06,22.600000381469727,25.920000076293945,22.38999938964844,24.8700008392334,0,0.0158273295930423,0.323135794735114,0.367828339058287,0.12580671521442088,0.323135794735114,-0.06957029594178765,0.03154288412598083,0.10100543688551955,0.025219531610343182,-0.07874575989448918,0.3078803451787916,0.3249725198634812,0.2836153460568424,0.2958571220197301,0.3591102854242096,0.08987574885649714,0.04702322674113116,0.03154288412598083,0.1488240226257318,0.07832227035158681,0.050999028103333024,0.017129924070950153,0.15086116264458083,0.05530244821859216,0.04482809692632634,0.005225349676138968,0.15086116264458083,0.05689977270200003,0.04873982828915326,0.0026525188490325036,0.18680080059864546,0.3148729359357836,0.01428202956003417,0.2928770328194068,0.3254989870821242,0.3138842227086811,0.021546252180837007,0.278906577248887,0.3352461538009165,0.32112615240691644,0.022839858490247774,0.278906577248887,0.3544998111038398,0.4329601950343147,0.16852677702536645,0.278906577248887,0.718195554367493,0.007730356024174915,0.0071777613839128515,0,0,1,24.8700008392334,0.1340629499838053,0.04954993001408803,0.0828644661868611,0.0016909622642198
2025-03-07,24.850000381469727,26.559999465942383,23.09000015258789,23.3700008392334,0,0.0038699730060101,0.317255817102209,0.3705698553493844,-0.0622091070986408,0.317255817102209,0.12580671521442088,-0.06957029594178765,-0.07363482637456453,0.15086116264458083,-0.0873811270235949,0.323135794735114,0.3078803451787916,0.2928770328194068,0.3320895830766567,0.3541231279262205,0.0875906050013124,0.048270854310573125,0.03154288412598083,0.1488240226257318,0.0694570647969928,0.04424669761315576,0.017129924070950153,0.1488240226257318,0.05410378060311816,0.04426039589668901,0.005225349676138968,0.15086116264458083,0.05586202609649922,0.04813362318410109,0.0026525188490325036,0.18680080059864546,0.31974869279234397,0.007397614776763571,0.3078803451787916,0.3254989870821242,0.31240084611123636,0.02064541188924773,0.278906577248887,0.3352461538009165,0.31937056617720166,0.02155764142459804,0.278906577248887,0.3544998111038398,0.42387953808766615,0.16407827851033585,0.278906577248887,0.718195554367493,0.007069879767796838,0.00834440273410379,0,0,0,23.3700008392334,-0.06031362884530711,-0.01819661494860081,0.0948620389825243,0.0018228498647094
2025-03-10,24.700000762939453,29.559999465942383,24.68000030517578,27.86000061035156,0,0.0308841278633028,0.3622666821034366,0.3834837612368195,0.17573880579798784,0.3622666821034366,-0.0622091070986408,0.12580671521442088,0.1488240226257318,0.04141492560012994,-0.017269406077245808,0.317255817102209,0.323135794735114,0.3254989870821242,0.3346198872245909,0.3544998111038398,0.0929735616357636,0.05743690943673076,0.03154288412598083,0.17573880579798784,0.08288945281677859,0.05408336021299379,0.017129924070950153,0.17573880579798784,0.06164994249458206,0.05070607722992454,0.005225349676138968,0.17573880579798784,0.05991306479188855,0.050881282451215495,0.0026525188490325036,0.18680080059864546,0.32710223179660647,0.020755961003676982,0.3078803451787916,0.3622666821034366,0.3151655255991209,0.025281918380944977,0.278906577248887,0.3622666821034366,0.3197404171771825,0.02224609898753739,0.278906577248887,0.3622666821034366,0.41587217825240286,0.1584555106377857,0.278906577248887,0.718195554367493,0.011741581304597138,0.010678552696643102,0,0,1,27.86000061035156,0.19212664141544988,0.14187561763990164,0.086875314938545,0.0017339766122933
2025-03-11,27.940000534057617,29.56999969482422,26.18000030517578,26.920000076293945,0,0.0011780328151801,0.3580471402595297,0.383790001892911,-0.034322482648842634,0.3580471402595297,0.17573880579798784,-0.0622091070986408,0.03154288412598083,0.023432510032201925,0.06494172102266083,0.3622666821034366,0.317255817102209,0.3249725198634812,0.3352461538009165,0.3446925892616855,0.09352948134033597,0.056702446940150426,0.034322482648842634,0.17573880579798784,0.08397845007844267,0.052848685532903596,0.017129924070950153,0.17573880579798784,0.06019188352440025,0.05104578090376957,0.005225349676138968,0.17573880579798784,0.058224653773978445,0.05051590013918745,0.0026525188490325036,0.18680080059864546,0.3337171558758162,0.02478661560568887,0.3078803451787916,0.3622666821034366,0.31744562424498224,0.028158660246189935,0.278906577248887,0.3622666821034366,0.3203763481770798,0.023166872870404837,0.278906577248887,0.3622666821034366,0.4075774345248585,0.1518557064741442,0.278906577248887,0.718195554367493,0.005347567729760108,0.006879024634489311,0,0,0,26.920000076293945,-0.0337401476476763,-0.011647612249094719,0.1127599067007031,0.0020049474370479
2025-03-12,26.8799991607666,26.90999984741211,23.88999938964844,24.229999542236328,0,0.0110834555310425,0.3704641342865925,0.3889222401961926,-0.10527799167462559,0.3704641342865925,-0.034322482648842634,0.17573880579798784,-0.06957029594178765,-0.017129924070950153,-0.04513906718526073,0.3580471402595297,0.3622666821034366,0.3078803451787916,0.278906577248887,0.3475699399875368,0.10067102048690355,0.05515806146703626,0.034322482648842634,0.17573880579798784,0.0927932568388102,0.04754505339804733,0.03154288412598083,0.17573880579798784,0.06305564183341762,0.05183984060797501,0.005225349676138968,0.17573880579798784,0.06057039828448163,0.050354854380114424,0.0026525188490325036,0.18680080059864546,0.3462339136973764,0.024274259804610853,0.317255817102209,0.3704641342865925,0.3266013799487528,0.02910444212055116,0.2836153460568424,0.3704641342865925,0.32146654790560625,0.024978406283487024,0.278906577248887,0.3704641342865925,0.39963543089849207,0.14451867132253216,0.278906577248887,0.718195554367493,0.005110765571740965,0.002923644324097077,0,0,0,24.229999542236328,-0.09992572535044164,0.034679774339385405,0.0972891765730765,0.0018549349788155
2025-03-13,24.920000076293945,26.1299991607666,23.459999084472656,24.65999984741211,0,0.0003094424230006,0.3706467340646859,0.3934779376290007,0.01759097561253009,0.3706467340646859,-0.10527799167462559,-0.034322482648842634,0.12580671521442088,0.10100543688551955,0.01319529245212303,0.3704641342865925,0.3580471402595297,0.323135794735114,0.2836153460568424,0.3334635881046051,0.0790278725665254,0.06343896363155208,0.01759097561253009,0.17573880579798784,0.08445181071151127,0.052953790011437914,0.01759097561253009,0.17573880579798784,0.06326496007915129,0.05163692613947363,0.005225349676138968,0.17573880579798784,0.05863449268513858,0.05040828650950205,0.0026525188490325036,0.18680080059864546,0.3557361015632907,0.022180867790412617,0.317255817102209,0.3706467340646859,0.33530451874953715,0.027805604590762523,0.2928770328194068,0.3706467340646859,0.3232371739037053,0.02709920653952455,0.278906577248887,0.3706467340646859,0.39172038657855446,0.13636776658305647,0.278906577248887,0.718195554367493,0.004190340134695374,0.005766551572526046,0,0,0,24.65999984741211,0.017746608060236646,0.0004928946183819782,0.0964075606617191,0.002055047423164
2025-03-14,24.350000381469727,24.36000061035156,21.479999542236328,21.770000457763672,0,0.0155375216021726,0.3909605270247697,0.3966781047937748,-0.12464959527480479,0.3909605270247697,0.01759097561253009,-0.10527799167462559,-0.0622091070986408,-0.07363482637456453,-0.008147968059884825,0.3706467340646859,0.3704641342865925,0.317255817102209,0.2928770328194068,0.333073072529226,0.0915159702017582,0.0654154343883258,0.01759097561253009,0.17573880579798784,0.08955328760153529,0.05423768570758804,0.01759097561253009,0.17573880579798784,0.06881265661319509,0.05167751821537583,0.005225349676138968,0.17573880579798784,0.0611719983912282,0.05099575378643988,0.0026525188490325036,0.18680080059864546,0.37047704354780286,0.01266406912957727,0.3580471402595297,0.3909605270247697,0.3451128681700734,0.028467969000553046,0.3078803451787916,0.3909605270247697,0.32599371935587407,0.030836243414363706,0.278906577248887,0.3909605270247697,0.38428348182596656,0.1271672725085134,0.278906577248887,0.718195554367493,0.005709728069321748,0.003069776578932602,0,0,0,21.770000457763672,-0.1171938121464231,0.05480634548512864,0.0845293460546883,0.0016879590039037
2025-03-17,22.88999938964844,22.950000762939453,20.31999969482422,20.51000022888184,0,0.0035545817257847,0.3921787878268,0.4000138334354141,-0.05962031302991244,0.3921787878268,-0.12464959527480479,0.01759097561253009,0.17573880579798784,0.1488240226257318,-0.050995233071065016,0.3909605270247697,0.3706467340646859,0.3622666821034366,0.3254989870821242,0.3360007639738101,0.06829227164814311,0.04567237201761566,0.01759097561253009,0.12464959527480479,0.08063291664195335,0.05062144002744208,0.01759097561253009,0.17573880579798784,0.06922337470647355,0.05156297794953682,0.005225349676138968,0.17573880579798784,0.061988404737270845,0.05068147722779965,0.0026525188490325036,0.18680080059864546,0.3764594646924756,0.014714987628414574,0.3580471402595297,0.3921787878268,0.35178084824454103,0.031054976717309987,0.3078803451787916,0.3921787878268,0.3286688633488736,0.03402022648489035,0.278906577248887,0.3921787878268,0.37689637451377245,0.11682598036932292,0.278906577248887,0.718195554367493,0.005342984683948088,0.002750827546680469,0,0,0,20.51000022888184,-0.05787782280144549,0.003116071106465279,0.0931016772839784,0.0020533450531018
2025-03-18,20.82999992370605,22.56999969482422,20.40999984741211,21.700000762939453,0,0.0031809275656947,0.3955968498601905,0.4036425878500448,0.05639971246109976,0.3955968498601905,-0.05962031302991244,-0.12464959527480479,-0.034322482648842634,0.03154288412598083,-0.022096641547685092,0.3921787878268,0.3909605270247697,0.3580471402595297,0.3249725198634812,0.3019678441354421,0.07270771761059454,0.042526073904681154,0.01759097561253009,0.12464959527480479,0.08311859947546525,0.04850933749178925,0.01759097561253009,0.17573880579798784,0.07085685427377901,0.05052835732052809,0.005225349676138968,0.17573880579798784,0.05978370021935949,0.04878265195706924,0.0026525188490325036,0.18680080059864546,0.3839694066126077,0.012362778059888311,0.3704641342865925,0.3955968498601905,0.358843281244212,0.032287046144203115,0.3078803451787916,0.3955968498601905,0.3331273874310045,0.03639813180389755,0.278906577248887,0.3955968498601905,0.369228685789381,0.10375334426246655,0.278906577248887,0.718195554367493,0.003649902148267601,0.004413071397623168,0,0,0,21.700000762939453,0.0580205032071075,0.00871557090665509,0.0853044349517875,0.0015712494004849
2025-03-19,21.84000015258789,22.100000381469727,19.420000076293945,19.899999618530277,0,0.0074982754555158,0.4031272195960211,0.4102160068670962,-0.08659258314379947,0.4031272195960211,0.05639971246109976,-0.05962031302991244,-0.10527799167462559,-0.06957029594178765,0.03851737134856492,0.3955968498601905,0.3921787878268,0.3704641342865925,0.3078803451787916,0.3029970593555087,0.06897063590442931,0.03967368676737118,0.01759097561253009,0.12464959527480479,0.08482082819566643,0.04827920949223867,0.01759097561253009,0.17573880579798784,0.07314615007355207,0.05007694604155881,0.005225349676138968,0.17573880579798784,0.06114681102748578,0.04871109659885945,0.0026525188490325036,0.18680080059864546,0.3905020236744935,0.012068627870988956,0.3706467340646859,0.4031272195960211,0.3683679686859349,0.02951220044014608,0.317255817102209,0.4031272195960211,0.33789549029960025,0.038737055196023724,0.278906577248887,0.4031272195960211,0.36172705877101263,0.08811892246716661,0.278906577248887,0.7165792384815313,0.006027510697598333,0.005013159387429763,0,0,0,19.899999618530277,-0.08294935857713537,0.019035464358454712,0.0806071395677276,0.0016046427730592
2025-03-20,19.520000457763672,21.170000076293945,19.299999237060547,19.799999237060547,0,2.5379563781891715e-05,0.4031248323581203,0.4124545593939977,-0.005037813392920754,0.4031248323581203,-0.08659258314379947,0.05639971246109976,0.01759097561253009,0.12580671521442088,-0.005225349676138968,0.4031272195960211,0.3955968498601905,0.3706467340646859,0.323135794735114,0.3005620550608302,0.06646000346050744,0.043909069715426276,0.005037813392920754,0.12464959527480479,0.07274393801351642,0.05185976000966782,0.005037813392920754,0.17573880579798784,0.07313721977435121,0.050089679186937165,0.005037813392920754,0.17573880579798784,0.06034555088457845,0.04936192566521236,0.0026525188490325036,0.18680080059864546,0.39699764333318033,0.0058468905106940925,0.3909605270247697,0.4031272195960211,0.3763668724482355,0.02658528241840657,0.317255817102209,0.4031272195960211,0.34277943207566175,0.04023143046869244,0.278906577248887,0.4031272195960211,0.35426385862521714,0.06839930423461192,0.278906577248887,0.7148134606345747,0.0030846826716915397,0.004197921102262947,0,0,0,19.799999237060547,-0.005025144893802569,-5.921797846308863e-06,0.0813925179314414,0.0015813788116147
2025-03-21,20.020000457763672,21.13999938964844,19.149999618530277,19.280000686645508,0,0.000708282340822,0.4032144442228472,0.4127661977742234,-0.02661357437140044,0.4032144442228472,-0.005037813392920754,-0.08659258314379947,-0.12464959527480479,-0.0622091070986408,0.025219531610343182,0.4031248323581203,0.4031272195960211,0.3909605270247697,0.317255817102209,0.2958571220197301,0.04685279927982657,0.03158924915940877,0.005037813392920754,0.08659258314379947,0.06918438474079239,0.053846733076058154,0.005037813392920754,0.17573880579798784,0.07320360276297298,0.050023880008890444,0.005037813392920754,0.17573880579798784,0.05958230911454439,0.04963553978115961,0.0026525188490325036,0.18680080059864546,0.3994484267727958,0.0052181092652703875,0.3921787878268,0.4032144442228472,0.38496273516029933,0.017791327037579446,0.3580471402595297,0.4032144442228472,0.3478916855139054,0.04078799432666229,0.278906577248887,0.4032144442228472,0.34684483442493785,0.03885728775812998,0.278906577248887,0.451583673294438,0.0035252762189613607,0.004339097653337402,0,0,0,19.280000686645508,-0.02626255406322109,0.00022229309021404298,0.0727933567004868,0.0013687639855936
2025-03-24,19.1299991607666,19.13999938964844,17.459999084472656,17.479999542236328,0,0.0096061523489992,0.3865604092305162,0.3950278501067061,-0.09801098075725623,0.3865604092305162,-0.02661357437140044,-0.005037813392920754,-0.05962031302991244,0.17573880579798784,0.15086116264458083,0.4032144442228472,0.4031248323581203,0.3921787878268,0.3622666821034366,0.3320895830766567,0.05453093282529533,0.039213849915653375,0.005037813392920754,0.09801098075725623,0.06141160223671922,0.04078153514518865,0.005037813392920754,0.12464959527480479,0.07068692743500515,0.047169626917238104,0.005037813392920754,0.17573880579798784,0.06185274868378781,0.04914647478696564,0.005037813392920754,0.18680080059864546,0.39832475105353904,0.007345998355770487,0.3865604092305162,0.4032144442228472,0.3873921078730073,0.015906689997625546,0.3580471402595297,0.4032144442228472,0.35048553437837493,0.04145930793302338,0.278906577248887,0.4032144442228472,0.34529666147103494,0.03575385926440402,0.278906577248887,0.4304152495705715,0.003043979414539344,0.0010769175594579571,0,0,0,17.479999542236328,-0.09336105188294774,-0.041303170635243136,0.0672887837956245,0.001145789860751
2025-03-25,17.579999923706055,17.770000457763672,17.020000457763672,17.149999618530273,0,0.0003632528252596,0.3848077529718697,0.3845749849098072,-0.019059192670720204,0.3848077529718697,-0.09801098075725623,-0.02661357437140044,0.05639971246109976,-0.034322482648842634,0.04141492560012994,0.3865604092305162,0.4032144442228472,0.3955968498601905,0.3580471402595297,0.3346198872245909,0.04706282886721942,0.042210168293472,0.005037813392920754,0.09801098075725623,0.05988527323890698,0.04217004185844697,0.005037813392920754,0.12464959527480479,0.06962236872408087,0.04810626153915412,0.005037813392920754,0.17573880579798784,0.06218006059807058,0.04880532716882778,0.005037813392920754,0.18680080059864546,0.3961669316758749,0.009589599017398889,0.3848077529718697,0.4032144442228472,0.3900681691442413,0.012252636028716967,0.3704641342865925,0.4032144442228472,0.35287543274729294,0.04194272065376036,0.278906577248887,0.4032144442228472,0.34421076869487544,0.03374159479968988,0.278906577248887,0.4032144442228472,0.0006706914494484936,0.0006928835975635019,0,0,0,17.149999618530273,-0.018878714665219953,-0.004533977657296351,0.0757963954937583,0.0014003112018187
2025-03-26,17.229999542236328,19.06999969482422,16.969999313354492,18.32999992370605,0,0.0044276922139606,0.3898148489152393,0.3829551641063415,0.0665409063205531,0.3898148489152393,-0.019059192670720204,-0.09801098075725623,-0.08659258314379947,-0.10527799167462559,0.023432510032201925,0.3848077529718697,0.3865604092305162,0.4031272195960211,0.3704641342865925,0.3352461538009165,0.04305249350257014,0.03828568044608651,0.005037813392920754,0.09801098075725623,0.05601156470349973,0.039212461539171045,0.005037813392920754,0.12464959527480479,0.07167514949971665,0.046942383973797804,0.005037813392920754,0.17573880579798784,0.06349334918008316,0.048142718135578556,0.005037813392920754,0.18680080059864546,0.3935044575397185,0.009004181557700105,0.3848077529718697,0.4032144442228472,0.392003240607106,0.01016226560284229,0.3706467340646859,0.4032144442228472,0.3554739420384512,0.042482801253087225,0.278906577248887,0.4032144442228472,0.3455378360218433,0.034422552534387536,0.278906577248887,0.4032144442228472,0.004909397697401504,0.005326361032117951,0,0,0,18.32999992370605,0.06880468404796969,0.013011941429713403,0.0690540482517788,0.0011972601439142
2025-03-27,18.36000061035156,19.280000686645508,17.950000762939453,18.690000534057617,0,0.0003782866426828,0.3899236704520734,0.3787987878873419,0.01944959235261301,0.3899236704520734,0.0665409063205531,-0.019059192670720204,-0.005037813392920754,0.01759097561253009,-0.017129924070950153,0.3898148489152393,0.3848077529718697,0.4031248323581203,0.3706467340646859,0.278906577248887,0.0459348492945086,0.035119846501581085,0.019059192670720204,0.09801098075725623,0.05619742637750802,0.039014021653360494,0.005037813392920754,0.12464959527480479,0.07178560989408155,0.046810158744468394,0.005037813392920754,0.17573880579798784,0.05950879660279667,0.044473856102252886,0.005037813392920754,0.17573880579798784,0.39086422515850916,0.007240811962112312,0.3848077529718697,0.4032144442228472,0.39393093424584474,0.00699610202842543,0.3848077529718697,0.4032144442228472,0.36076047028622193,0.039263911855504395,0.2836153460568424,0.4032144442228472,0.34596391609798693,0.03486634040283441,0.278906577248887,0.4032144442228472,0.0018427285547283517,0.0024319749067028876,0,0,0,18.690000534057617,0.01963996791325573,0.0002791621128257482,0.0715907851717352,0.0011904943762353
2025-03-28,19.07999992370605,22.18000030517578,18.920000076293945,21.649999618530277,0,0.0216139355970766,0.4042923522594251,0.3727178318918898,0.14701678678666807,0.4042923522594251,0.01944959235261301,0.0665409063205531,-0.02661357437140044,-0.12464959527480479,0.10100543688551955,0.3899236704520734,0.3898148489152393,0.4032144442228472,0.3909605270247697,0.2836153460568424,0.07001549177756212,0.05449420653544222,0.019059192670720204,0.14701678678666807,0.058434145528694345,0.04373057999830321,0.005037813392920754,0.14701678678666807,0.073976626556041,0.04925897851489007,0.005037813392920754,0.17573880579798784,0.06093991543743112,0.04630642695911371,0.005037813392920754,0.17573880579798784,0.39107980676582477,0.007701813761005039,0.3848077529718697,0.4042923522594251,0.3952641167693103,0.00761045260819017,0.3848077529718697,0.4042923522594251,0.36650699439110684,0.036113208604782315,0.2928770328194068,0.4042923522594251,0.3473522004708473,0.03600927639787419,0.278906577248887,0.4042923522594251,0.009114916585219835,0.006467587352774665,0,0,0,21.649999618530277,0.1583734082339292,0.036849986025964565,0.0665899161451404,0.0011304496403674
2025-03-31,24.11000061035156,24.799999237060547,21.670000076293945,22.280000686645508,0,0.0008227723751432,0.3985636596773345,0.3688072131265006,0.0286840090493512,0.3985636596773345,0.14701678678666807,0.01944959235261301,-0.09801098075725623,-0.05962031302991244,-0.07363482637456453,0.4042923522594251,0.3899236704520734,0.3865604092305162,0.3921787878268,0.2928770328194068,0.056150097435981115,0.05440995415310567,0.019059192670720204,0.14701678678666807,0.05534051513063822,0.04472040396817739,0.005037813392920754,0.14701678678666807,0.07183611144531656,0.05024142999364531,0.005037813392920754,0.17573880579798784,0.06140621991708883,0.04586819550100191,0.005037813392920754,0.17573880579798784,0.39348045685518834,0.0078108776219126645,0.3848077529718697,0.4042923522594251,0.3959026039543637,0.007590651926160916,0.3848077529718697,0.4042923522594251,0.37153969090815103,0.03252510303134159,0.3078803451787916,0.4042923522594251,0.34863593507660207,0.036861463425329,0.278906577248887,0.4042923522594251,0.0065649852838967635,0.006693966047386826,0,0,0,22.280000686645508,0.02909935700765609,-0.014169678328257551,0.0927918831230598,0.0017598009757934
2025-04-01,22.059999465942383,23.520000457763672,21.57999992370605,21.770000457763672,0,0.0005362257895752,0.3704600206425263,0.3450326728654534,-0.0231565496042756,0.3704600206425263,0.0286840090493512,0.14701678678666807,-0.019059192670720204,0.05639971246109976,0.1488240226257318,0.3985636596773345,0.4042923522594251,0.3848077529718697,0.3955968498601905,0.3254989870821242,0.0569695688226922,0.053738379579266804,0.01944959235261301,0.14701678678666807,0.052016198844955806,0.04585412344239972,0.005037813392920754,0.14701678678666807,0.06585194606334245,0.04804923104876097,0.005037813392920754,0.17573880579798784,0.06089919203414532,0.04617684212355651,0.005037813392920754,0.17573880579798784,0.3906109103893197,0.012821782667326252,0.3704600206425263,0.4042923522594251,0.3933889210325973,0.011068511451054763,0.3704600206425263,0.4042923522594251,0.37368069250626545,0.03077564311137024,0.3078803451787916,0.4042923522594251,0.3494023999624532,0.03697514001772419,0.278906577248887,0.4042923522594251,0.002672768252294292,0.0036375977126283346,0,0,0,21.770000457763672,-0.02289049430718948,-0.07051229672459369,0.0826967405852108,0.0014506168810617
2025-04-02,22.299999237060547,23.65999984741211,20.68000030517578,21.51000022888184,0,0.0001443588397547,0.3693102113335492,0.3347417455431152,-0.012014942353369307,0.3693102113335492,-0.0231565496042756,0.0286840090493512,0.0665409063205531,-0.08659258314379947,0.03154288412598083,0.3704600206425263,0.3985636596773345,0.3898148489152393,0.4031272195960211,0.3249725198634812,0.046064376029255436,0.05675813939297542,0.012014942353369307,0.14701678678666807,0.04455843476591279,0.04567006976270756,0.005037813392920754,0.14701678678666807,0.06492204407417047,0.04892735648545273,0.005037813392920754,0.17573880579798784,0.06031453459960353,0.04664546126851328,0.005037813392920754,0.17573880579798784,0.3865099828729817,0.01602022531829122,0.3693102113335492,0.4042923522594251,0.39000722020635015,0.01279408851669645,0.3693102113335492,0.4042923522594251,0.3757920111476972,0.02871916451372814,0.3078803451787916,0.4042923522594251,0.35036394005964544,0.036954747309494024,0.278906577248887,0.4042923522594251,0.006536208510648916,0.008558559189165638,0,0,0,21.51000022888184,-0.011943051144452821,-0.003103733857658608,0.0743395355740192,0.0014320125150886
2025-04-03,26.3799991607666,30.020000457763672,24.93000030517578,30.020000457763672,0,0.1111194807355519,0.4926149478582179,0.3410809568621991,0.33334588753358263,0.4926149478582179,-0.012014942353369307,-0.0231565496042756,0.01944959235261301,-0.005037813392920754,-0.06957029594178765,0.3693102113335492,0.3704600206425263,0.3899236704520734,0.4031248323581203,0.3078803451787916,0.10884363506544936,0.1369325462278767,0.012014942353369307,0.33334588753358263,0.07738924217997897,0.09990522823429102,0.012014942353369307,0.33334588753358263,0.07748278653092261,0.0763525574138901,0.005037813392920754,0.33334588753358263,0.06527211843856853,0.0621800919225778,0.005037813392920754,0.33334588753358263,0.40704823835421056,0.05040858339004567,0.3693102113335492,0.4926149478582179,0.39895623175635986,0.035005752315949885,0.3693102113335492,0.4926149478582179,0.38458889698957466,0.034573344619456735,0.317255817102209,0.4926149478582179,0.3537140601908431,0.0429842193708677,0.278906577248887,0.4926149478582179,0.012449968363301804,0.010805284828322013,1,0,1,30.020000457763672,0.39562994599392476,0.3338784922285938,0.06782100126409,0.0012714733491993
2025-04-04,30.1200008392334,45.61000061035156,29.989999771118164,45.310001373291016,0,0.1694672056991867,0.6295310659208957,0.4147356147566347,0.4116639475338917,0.6295310659208957,0.33334588753358263,-0.012014942353369307,0.14701678678666807,-0.02661357437140044,0.12580671521442088,0.4926149478582179,0.3693102113335492,0.4042923522594251,0.4032144442228472,0.323135794735114,0.1617730672148941,0.19444627603700643,0.012014942353369307,0.4116639475338917,0.1158942794962281,0.1430479806326429,0.012014942353369307,0.4116639475338917,0.09109503568899265,0.10536720241345104,0.005037813392920754,0.4116639475338917,0.0731987419537924,0.0820005592197829,0.005037813392920754,0.4116639475338917,0.45209598108650473,0.11125266192892871,0.3693102113335492,0.6295310659208957,0.4215878939261647,0.0810029661375717,0.3693102113335492,0.6295310659208957,0.3991791479984214,0.061504520806633774,0.317255817102209,0.6295310659208957,0.36015265020266896,0.06049755902728714,0.278906577248887,0.6295310659208957,0.06339976703770529,0.023479934802391925,1,1,1,45.310001373291016,0.5093271379872046,0.27793740051526883,0.1658630006254016,0.003172064178598
2025-04-07,60.130001068115234,60.130001068115234,38.58000183105469,46.97999954223633,0,0.0013100187020041,0.627494548705798,0.4857627401514712,0.03619418049913703,0.627494548705798,0.4116639475338917,0.33334588753358263,0.0286840090493512,-0.09801098075725623,-0.0622091070986408,0.6295310659208957,0.4926149478582179,0.3985636596773345,0.3865604092305162,0.317255817102209,0.16327510150485125,0.19318611227840332,0.012014942353369307,0.4116639475338917,0.10971259947041619,0.1452257570492065,0.012014942353369307,0.4116639475338917,0.08985622966044485,0.10587549916550339,0.005037813392920754,0.4116639475338917,0.0719800051317815,0.08216485129363177,0.005037813392920754,0.4116639475338917,0.49788215889219745,0.1293500066121594,0.3693102113335492,0.6295310659208957,0.4456813078736929,0.10242559605756422,0.3693102113335492,0.6295310659208957,0.4139524209319257,0.0763182056234254,0.3580471402595297,0.6295310659208957,0.3666614935545637,0.07320438217928756,0.278906577248887,0.6295310659208957,0.07102968933969887,0.07494126697765197,1,1,0,46.97999954223633,0.03685716438600095,-0.0032349749287091667,0.2367151167569993,0.0045990812740092
2025-04-08,44.040000915527344,57.52000045776367,36.47999954223633,52.33000183105469,0,0.0116311664904427,0.6119611485075118,0.5468211423380156,0.10784788588768324,0.6119611485075118,0.03619418049913703,0.4116639475338917,-0.0231565496042756,-0.019059192670720204,0.17573880579798784,0.627494548705798,0.6295310659208957,0.3704600206425263,0.3848077529718697,0.3622666821034366,0.18021336876153277,0.18116838787785197,0.012014942353369307,0.4116639475338917,0.11859146879211249,0.1417398941655976,0.012014942353369307,0.4116639475338917,0.08662332871233511,0.10414432885695753,0.005037813392920754,0.4116639475338917,0.07413663560345858,0.081882051582193,0.005037813392920754,0.4116639475338917,0.5461823844651945,0.11406001977663291,0.3693102113335492,0.6295310659208957,0.4683966474272571,0.11215195730902609,0.3693102113335492,0.6295310659208957,0.425842633617834,0.08661884623954709,0.3580471402595297,0.6295310659208957,0.3727915253975082,0.08236739711147406,0.278906577248887,0.6295310659208957,0.07478950329298367,0.09218938999950568,1,0,0,52.33000183105469,0.11387829589075582,-0.024754637678245484,0.1949003497079713,0.0040619895983372
2025-04-09,50.97999954223633,57.959999084472656,31.899999618530277,33.619998931884766,0,0.1957609044861305,0.7543734611938462,0.6498280737535804,-0.44244875916441506,0.7543734611938462,0.10784788588768324,0.03619418049913703,-0.012014942353369307,0.0665409063205531,-0.034322482648842634,0.6119611485075118,0.627494548705798,0.3693102113335492,0.3898148489152393,0.3580471402595297,0.26630013212374193,0.18351428709211165,0.03619418049913703,0.44244875916441506,0.1561822540764987,0.17283755715616306,0.012014942353369307,0.44244875916441506,0.10605791330831475,0.12900880172918225,0.005037813392920754,0.44244875916441506,0.08312489841635749,0.09964175178608145,0.005037813392920754,0.44244875916441506,0.6231950344372539,0.0927951641632171,0.4926149478582179,0.7543734611938462,0.5048525086551179,0.13965031508508252,0.3693102113335492,0.7543734611938462,0.4447153155670872,0.11088575779205798,0.3693102113335492,0.7543734611938462,0.38254583187208346,0.10108906759981598,0.278906577248887,0.7543734611938462,0.12861073146019664,0.11134136692203407,1,1,1,33.619998931884766,-0.35753873962348437,0.23271463071415277,0.1690920029615553,0.0043613799099383
2025-04-10,34.439998626708984,54.869998931884766,34.439998626708984,40.720001220703125,0,0.0367099108659036,0.7711716892420549,0.7038491141186233,0.19159830601000527,0.7711716892420549,-0.44244875916441506,0.10784788588768324,0.33334588753358263,0.01944959235261301,-0.10527799167462559,0.7543734611938462,0.6119611485075118,0.4926149478582179,0.3899236704520734,0.3704641342865925,0.23795061581902646,0.18150532251176413,0.03619418049913703,0.44244875916441506,0.1733971254422379,0.16614931319096293,0.012014942353369307,0.44244875916441506,0.11016840446714235,0.13035090143318748,0.005037813392920754,0.44244875916441506,0.08661202315027998,0.10083558965759679,0.005037813392920754,0.44244875916441506,0.6789063827140213,0.07708912000157371,0.6119611485075118,0.7711716892420549,0.542977310534116,0.15588534156906303,0.3693102113335492,0.7711716892420549,0.4637966277078235,0.13025504321917522,0.3693102113335492,0.7711716892420549,0.39263158780671487,0.11733975926334472,0.278906577248887,0.7711716892420549,0.07823781557902292,0.09762257271547051,1,1,0,40.720001220703125,0.21118389394369697,0.022267787657355376,0.2461533422547467,0.0059820124223555
2025-04-11,40.79999923706055,46.119998931884766,36.84999847412109,37.560001373291016,0,0.0065253617605525,0.7751913916098374,0.7137041760593116,-0.08077971131758588,0.7751913916098374,0.19159830601000527,-0.44244875916441506,0.4116639475338917,0.14701678678666807,0.01759097561253009,0.7711716892420549,0.7543734611938462,0.6295310659208957,0.4042923522594251,0.3706467340646859,0.1717737685757653,0.16155976019064175,0.03619418049913703,0.44244875916441506,0.16677341789532968,0.16861978155316815,0.012014942353369307,0.44244875916441506,0.11317739188166882,0.12882742932507088,0.005037813392920754,0.44244875916441506,0.08822117598041006,0.10017249849712573,0.005037813392920754,0.44244875916441506,0.7080384478518097,0.08117946880854846,0.6119611485075118,0.7751913916098374,0.5800672144691572,0.1631752328374528,0.3693102113335492,0.7751913916098374,0.4830606590194974,0.14488342918196812,0.3693102113335492,0.7751913916098374,0.4031489164616013,0.130917842238785,0.278906577248887,0.7751913916098374,0.018160415613625403,0.02253099464053094,1,1,0,37.560001373291016,-0.07760313734483593,0.005212461017251924,0.2215720448938327,0.0054466079395998
2025-04-14,34.7599983215332,35.16999816894531,29.75,30.88999938964844,0,0.0382230667107293,0.7896880641965871,0.7167751963465572,-0.19550720373103747,0.7896880641965871,-0.08077971131758588,0.19159830601000527,0.03619418049913703,0.0286840090493512,-0.12464959527480479,0.7751913916098374,0.7711716892420549,0.627494548705798,0.3985636596773345,0.3909605270247697,0.2036363732221454,0.1427511364389215,0.08077971131758588,0.44244875916441506,0.18345573736349832,0.16154381048839125,0.012014942353369307,0.44244875916441506,0.116551563712918,0.1300649129573574,0.005037813392920754,0.44244875916441506,0.09268211016305654,0.10069011669066967,0.005037813392920754,0.44244875916441506,0.7404771509499675,0.07293561799681061,0.6119611485075118,0.7896880641965871,0.6191796549210824,0.1617044422399975,0.3693102113335492,0.7896880641965871,0.5020476845991078,0.15776429291432523,0.3693102113335492,0.7896880641965871,0.41402070197749086,0.1433277334873064,0.278906577248887,0.7896880641965871,0.010102759242466511,0.008623465656564626,1,1,0,30.88999938964844,-0.17758258093104395,0.018700765699480426,0.185788865725861,0.0043192213412051
2025-04-15,30.01000022888184,31.450000762939453,28.290000915527344,30.1200008392334,0,0.0006372118952489,0.7878387328026067,0.715868609649386,-0.025243056376930806,0.7878387328026067,-0.19550720373103747,-0.08077971131758588,0.10784788588768324,-0.0231565496042756,-0.05962031302991244,0.7896880641965871,0.7751913916098374,0.6119611485075118,0.3704600206425263,0.3921787878268,0.1871154073199949,0.16030874698213365,0.025243056376930806,0.44244875916441506,0.18366438804076385,0.16131494793368345,0.012014942353369307,0.44244875916441506,0.11491455149134744,0.13103004080561237,0.005037813392920754,0.44244875916441506,0.0920689630989105,0.10102799949359095,0.005037813392920754,0.44244875916441506,0.7756526678089865,0.014305498161599947,0.7543734611938462,0.7896880641965871,0.6609175261370905,0.14317777174667348,0.3693102113335492,0.7896880641965871,0.5208886343598604,0.16732336686559948,0.3693102113335492,0.7896880641965871,0.424778748854367,0.15389641131534348,0.278906577248887,0.7896880641965871,0.004044168867647595,0.005601237347112509,1,1,0,30.1200008392334,-0.024927114458703326,-0.0023418505075948337,0.1775261034151967,0.004795646474111
2025-04-16,33.2400016784668,34.959999084472656,29.479999542236328,32.63999938964844,0,0.0064559747535421,0.7899144992287865,0.7206260575110529,0.08034908060172263,0.7899144992287865,-0.025243056376930806,-0.19550720373103747,-0.44244875916441506,-0.012014942353369307,0.05639971246109976,0.7878387328026067,0.7896880641965871,0.7543734611938462,0.3693102113335492,0.3955968498601905,0.11469547160745641,0.07545904510012774,0.025243056376930806,0.19550720373103747,0.19049780186559917,0.1545409607490096,0.025243056376930806,0.44244875916441506,0.11605499759328186,0.13059879484473713,0.005037813392920754,0.44244875916441506,0.09345592593353043,0.10044211533396753,0.005037813392920754,0.44244875916441506,0.7827608754159746,0.008895943386776453,0.7711716892420549,0.7899144992287865,0.7029779549266142,0.10456973495731234,0.4926149478582179,0.7899144992287865,0.5396656652821745,0.17453007649037944,0.3693102113335492,0.7899144992287865,0.43639652635658954,0.16257239019911435,0.278906577248887,0.7899144992287865,0.010483950630845913,0.014405667329666565,1,0,0,32.63999938964844,0.08366528818726215,0.002634760566792238,0.1475135224452216,0.0042588187840278
2025-04-17,30.790000915527344,32.54999923706055,29.56999969482422,29.649999618530277,0,0.0092306744099185,0.7910103128570876,0.7187486015881595,-0.096076398818433,0.7910103128570876,0.08034908060172263,-0.025243056376930806,0.19159830601000527,0.33334588753358263,-0.08659258314379947,0.7899144992287865,0.7878387328026067,0.7711716892420549,0.4926149478582179,0.4031272195960211,0.09559109016914195,0.06201614090574829,0.025243056376930806,0.19550720373103747,0.1667708529940842,0.14825890330766173,0.025243056376930806,0.44244875916441506,0.1165066078635025,0.1305081859220349,0.005037813392920754,0.44244875916441506,0.09482637896852729,0.10006620978834539,0.005037813392920754,0.44244875916441506,0.786728600138981,0.006549446913599255,0.7751913916098374,0.7910103128570876,0.7328174914265012,0.07674386485507162,0.6119611485075118,0.7910103128570876,0.5581362887707967,0.17980293297603536,0.3693102113335492,0.7910103128570876,0.4480158895351985,0.17007216408141848,0.278906577248887,0.7910103128570876,0.0033251482186097427,0.0040597855895395454,1,0,0,29.649999618530277,-0.09160538685752606,0.001387255999694803,0.1295132678726089,0.0029287637736887
2025-04-21,32.75,35.75,31.790000915527344,33.81999969482422,0,0.0173159864915136,0.8018652766980244,0.720059594430644,0.13159022186892777,0.8018652766980244,-0.096076398818433,0.08034908060172263,-0.08077971131758588,0.4116639475338917,-0.005037813392920754,0.7910103128570876,0.7899144992287865,0.7751913916098374,0.6295310659208957,0.4031248323581203,0.10575319227941034,0.06313522367609678,0.025243056376930806,0.19550720373103747,0.13876348042758782,0.12076020387630054,0.025243056376930806,0.44244875916441506,0.12253291302902665,0.12800142805669004,0.012014942353369307,0.44244875916441506,0.09783506640168893,0.09920244677465416,0.005037813392920754,0.44244875916441506,0.7920633771566186,0.0055967308976941745,0.7878387328026067,0.8018652766980244,0.7500509125042141,0.07002871638977864,0.6119611485075118,0.8018652766980244,0.5771239289774588,0.18362815987472816,0.3693102113335492,0.8018652766980244,0.45995168052656027,0.1769242283609877,0.278906577248887,0.8018652766980244,0.004970949918380466,0.006491932887470107,1,0,0,33.81999969482422,0.1406408138261097,0.013722910642883113,0.1173488231838019,0.0025716300690768
2025-04-22,32.61000061035156,32.68000030517578,30.07999992370605,30.56999969482422,0,0.0102077092252629,0.8077668901721833,0.7193326126915621,-0.10103320852701314,0.8077668901721833,0.13159022186892777,-0.096076398818433,-0.19550720373103747,0.03619418049913703,-0.02661357437140044,0.8018652766980244,0.7910103128570876,0.7896880641965871,0.627494548705798,0.4032144442228472,0.08685839323860547,0.039133279940241364,0.025243056376930806,0.13159022186892777,0.14524738323037542,0.11629939511475922,0.025243056376930806,0.44244875916441506,0.12607670513167488,0.12623099891555853,0.012014942353369307,0.44244875916441506,0.09964015394732392,0.09853642451265089,0.005037813392920754,0.44244875916441506,0.7956791423517376,0.008672989775815064,0.7878387328026067,0.8077668901721833,0.7680781466508526,0.05695753792051499,0.6119611485075118,0.8077668901721833,0.5963883311655225,0.1856804011757432,0.3693102113335492,0.8077668901721833,0.4721400083397139,0.18287664492971065,0.278906577248887,0.8077668901721833,0.002478864369006543,0.0018243733801201962,1,0,0,30.56999969482422,-0.09609698490025054,0.007359856631354411,0.118370624405443,0.0027838662445035
2025-04-23,28.75,30.290000915527344,27.11000061035156,28.450000762939453,0,0.0051654318052835,0.8050134336237653,0.7203002734261545,-0.07187093853069904,0.8050134336237653,-0.10103320852701314,0.13159022186892777,-0.025243056376930806,0.10784788588768324,-0.09801098075725623,0.8077668901721833,0.8018652766980244,0.7878387328026067,0.6119611485075118,0.3865604092305162,0.09618396966935912,0.023016279992322496,0.07187093853069904,0.13159022186892777,0.14164968849467702,0.11812699846525622,0.025243056376930806,0.44244875916441506,0.12483194121612454,0.12664978164434768,0.012014942353369307,0.44244875916441506,0.09775943432556482,0.09828846101464259,0.005037813392920754,0.44244875916441506,0.7991140825159695,0.008178415320208207,0.7899144992287865,0.8077668901721833,0.7873833751624779,0.01654028741294031,0.7543734611938462,0.8077668901721833,0.6163146656604391,0.18448613352138132,0.3693102113335492,0.8077668901721833,0.48340010001940703,0.18851563870043458,0.278906577248887,0.8077668901721833,0.004437055630663479,0.006108560735622069,1,0,0,28.450000762939453,-0.06934900075395489,-0.003408726678350238,0.1103551099347292,0.0022859506262089
2025-04-24,28.690000534057617,29.65999984741211,26.36000061035156,26.46999931335449,0,0.0052036309307084,0.8080142365207269,0.723311616709227,-0.07213619709070063,0.8080142365207269,-0.07187093853069904,-0.10103320852701314,0.08034908060172263,-0.44244875916441506,-0.019059192670720204,0.8050134336237653,0.8077668901721833,0.7899144992287865,0.7543734611938462,0.3848077529718697,0.09454139296715472,0.024663018579633274,0.07187093853069904,0.13159022186892777,0.10461843228730557,0.05398023826274908,0.025243056376930806,0.19550720373103747,0.12735941761707598,0.12495162264836678,0.012014942353369307,0.44244875916441506,0.09849089317057844,0.09797272636796094,0.005037813392920754,0.44244875916441506,0.8027340299743575,0.007010816985958353,0.7910103128570876,0.8080142365207269,0.792747452695166,0.012954942050231535,0.7711716892420549,0.8080142365207269,0.6364673553532418,0.1810148053530239,0.3693102113335492,0.8080142365207269,0.49467139405026744,0.19348958542677938,0.278906577248887,0.8080142365207269,0.005017902418171162,0.004450725369577926,1,0,0,26.46999931335449,-0.06959583115949242,0.0037276432561548223,0.0996921066286943,0.0023356361819832
2025-04-25,26.21999931335449,27.200000762939453,24.84000015258789,24.84000015258789,0,0.0040394575584415,0.8077739608112247,0.721970509729398,-0.06355672709038362,0.8077739608112247,-0.07213619709070063,-0.07187093853069904,-0.096076398818433,0.19159830601000527,0.0665409063205531,0.8080142365207269,0.8050134336237653,0.7910103128570876,0.7711716892420549,0.3898148489152393,0.08803745862154484,0.028192398835985108,0.06355672709038362,0.13159022186892777,0.0918142743953434,0.0455898328258098,0.025243056376930806,0.19550720373103747,0.12721731384421076,0.12502592290964884,0.012014942353369307,0.44244875916441506,0.09944623167196372,0.09741702691631841,0.005037813392920754,0.44244875916441506,0.8060867595651849,0.0026625927444412327,0.8018652766980244,0.8080142365207269,0.796407679852083,0.011238744793983327,0.7751913916098374,0.8080142365207269,0.6563701702054315,0.17543048857900947,0.3693102113335492,0.8080142365207269,0.5059220561219414,0.1976858536348738,0.278906577248887,0.8080142365207269,0.00297111974981267,0.0029896073459649303,1,0,0,24.84000015258789,-0.061579116095565656,-0.00029736568818006237,0.092020465464697,0.0023105744848233
2025-04-28,25.75,26.93000030517578,24.700000762939453,25.149999618530277,0,0.0001538249374672,0.8076350104220584,0.7225603436296796,0.012402618169857771,0.8076350104220584,-0.06355672709038362,-0.07213619709070063,0.13159022186892777,-0.08077971131758588,0.01944959235261301,0.8077739608112247,0.8080142365207269,0.8018652766980244,0.7751913916098374,0.3899236704520734,0.06419993788173084,0.03225637276986249,0.012402618169857771,0.10103320852701314,0.08497656508057058,0.05209265526091405,0.012402618169857771,0.19550720373103747,0.12688174364503194,0.1253387002846612,0.012014942353369307,0.44244875916441506,0.09933367676955675,0.09751713377092902,0.005037813392920754,0.44244875916441506,0.8072407063099917,0.0012525771592836919,0.8050134336237653,0.8080142365207269,0.7996520417333051,0.008865962914957512,0.7878387328026067,0.8080142365207269,0.6762611863944785,0.16719685076140847,0.3693102113335492,0.8080142365207269,0.5185108283403502,0.19970137481085845,0.2836153460568424,0.8080142365207269,0.0026947618220421617,0.003521006399450718,1,0,0,25.149999618530277,0.01247984959895776,-0.0001720164252716483,0.0852250499687148,0.0021992045686201
2025-04-29,24.76000022888184,25.989999771118164,23.76000022888184,24.170000076293945,0,0.0015797193573605,0.7951352676241461,0.7182486244491713,-0.03974568350601837,0.7951352676241461,0.012402618169857771,-0.06355672709038362,-0.10103320852701314,-0.19550720373103747,0.14701678678666807,0.8076350104220584,0.8077739608112247,0.8077668901721833,0.7896880641965871,0.4042923522594251,0.051942432877531884,0.025748703477442066,0.012402618169857771,0.07213619709070063,0.06940041305806868,0.03624829197269858,0.012402618169857771,0.13159022186892777,0.12177359586976291,0.12665605239143196,0.012014942353369307,0.44244875916441506,0.09787511121290195,0.09794869604428307,0.005037813392920754,0.44244875916441506,0.8047143818003842,0.005491561636742101,0.7951352676241461,0.8080142365207269,0.8001967620760609,0.008337338258750465,0.7878387328026067,0.8080142365207269,0.6948727537927986,0.1568415664415217,0.3693102113335492,0.8080142365207269,0.5306898740919527,0.20062229841290063,0.2928770328194068,0.8080142365207269,0.0029025529221058774,0.0037991076502860537,1,0,0,24.170000076293945,-0.03896618517299211,-0.015476969963672205,0.0759995284382562,0.001662224327096
2025-04-30,24.350000381469727,28.170000076293945,24.229999542236328,24.700000762939453,0,0.0004705028062457,0.7949137212621411,0.7193771548379514,0.021691076650220964,0.7949137212621411,-0.03974568350601837,0.012402618169857771,-0.07187093853069904,-0.025243056376930806,0.0286840090493512,0.7951352676241461,0.8076350104220584,0.8050134336237653,0.7878387328026067,0.3985636596773345,0.041906460501436274,0.02581849352417536,0.012402618169857771,0.07213619709070063,0.0690452150853977,0.03674309461027427,0.012402618169857771,0.13159022186892777,0.12144059908885195,0.12692194904794446,0.012014942353369307,0.44244875916441506,0.09663835526708427,0.09858808161526124,0.005037813392920754,0.44244875916441506,0.8026944393280594,0.007003421911391704,0.7949137212621411,0.8080142365207269,0.8009042609220144,0.007422076451858715,0.7899144992287865,0.8080142365207269,0.7137465662492178,0.1426032991315136,0.3693102113335492,0.8080142365207269,0.5426431285786846,0.20106302209907473,0.3078803451787916,0.8080142365207269,0.008187389663515995,0.01127145434343648,1,0,0,24.700000762939453,0.021928038269446892,-0.00027862726132998894,0.0707320548774479,0.0014975009387336
2025-05-01,23.940000534057617,25.18000030517578,23.299999237060547,24.600000381469727,0,1.6457756682213217e-05,0.794586720388613,0.7190288099072283,-0.00405681607695163,0.794586720388613,0.021691076650220964,-0.03974568350601837,-0.07213619709070063,0.08034908060172263,-0.0231565496042756,0.7949137212621411,0.7951352676241461,0.8080142365207269,0.7899144992287865,0.3704600206425263,0.028290584298686472,0.02376013792253809,0.00405681607695163,0.06355672709038362,0.061415988632920596,0.041718845570069996,0.00405681607695163,0.13159022186892777,0.12053108796850319,0.1277273364855072,0.00405681607695163,0.44244875916441506,0.09319151701592282,0.09924753626920263,0.00405681607695163,0.44244875916441506,0.8000089361016366,0.00702792466184271,0.794586720388613,0.8077739608112247,0.8013714830379971,0.006771988555609026,0.7910103128570876,0.8080142365207269,0.7339430757609363,0.1197575921737219,0.3693102113335492,0.8080142365207269,0.5538118841336009,0.2017342348614688,0.3078803451787916,0.8080142365207269,0.0021717068261533305,0.0027249185052539183,1,0,0,24.600000381469727,-0.004048598315015806,-0.00041136649774886624,0.0661474340062355,0.0012701191125555
2025-05-02,23.6299991607666,24.31999969482422,22.34000015258789,22.68000030517578,0,0.0066036696642363,0.7986409500159715,0.716287093964578,-0.08126296612994333,0.7986409500159715,-0.00405681607695163,0.021691076650220964,-0.06355672709038362,-0.096076398818433,-0.012014942353369307,0.794586720388613,0.7949137212621411,0.8077739608112247,0.7910103128570876,0.3693102113335492,0.031831832106598415,0.030650639657595315,0.00405681607695163,0.08126296612994333,0.05993464536407163,0.0405993614947491,0.00405681607695163,0.13159022186892777,0.1238286129102448,0.12566290903875196,0.00405681607695163,0.44244875916441506,0.09437532849220764,0.09878973592151344,0.00405681607695163,0.44244875916441506,0.798182333942586,0.005533089104717227,0.794586720388613,0.8076350104220584,0.8021345467538854,0.005840640772468651,0.794586720388613,0.8080142365207269,0.7543873966505755,0.08639702870705104,0.4926149478582179,0.8080142365207269,0.5650897038991364,0.2018691094767409,0.3078803451787916,0.8080142365207269,0.002600980014264142,0.0029552995130949396,1,0,0,22.68000030517578,-0.07804878237889012,0.005102312338388426,0.0617804616438506,0.0009312729556093
2025-05-05,24.25,24.6299991607666,22.809999465942383,23.63999938964844,0,0.0017186558526417,0.7269295303944553,0.7090435099465482,0.041456674404030114,0.7269295303944553,-0.08126296612994333,-0.00405681607695163,0.012402618169857771,0.13159022186892777,0.33334588753358263,0.7986409500159715,0.794586720388613,0.8076350104220584,0.8018652766980244,0.4926149478582179,0.037642643353432884,0.028740922236412815,0.00405681607695163,0.08126296612994333,0.05092129061758186,0.03202304988030402,0.00405681607695163,0.10103320852701314,0.1099291265707423,0.11718657600569511,0.00405681607695163,0.44244875916441506,0.09370595655083246,0.09905679138539863,0.00405681607695163,0.44244875916441506,0.7820412379370654,0.030852043367128372,0.7269295303944553,0.7986409500159715,0.7946409721235286,0.02449762603815922,0.7269295303944553,0.8080142365207269,0.7655452339142057,0.06281067062223461,0.6119611485075118,0.8080142365207269,0.5750670654518902,0.19918437970123817,0.317255817102209,0.8080142365207269,0.0021254663804024156,0.0026957978811130586,1,0,0,23.63999938964844,0.04232800139132187,-0.08979181398109137,0.0686560643232895,0.0012298156678506
2025-05-06,23.96999931335449,25.11000061035156,23.899999618530277,24.76000022888184,0,0.0021426984002833,0.6009176606329688,0.6634927802682608,0.04628929034110785,0.6009176606329688,0.041456674404030114,-0.08126296612994333,-0.03974568350601837,-0.10103320852701314,0.4116639475338917,0.7269295303944553,0.7986409500159715,0.7951352676241461,0.8077668901721833,0.6295310659208957,0.03895136472045078,0.029008362639770573,0.00405681607695163,0.08126296612994333,0.04544689879899133,0.02674954405612074,0.00405681607695163,0.08126296612994333,0.09253033337108593,0.09521106038469201,0.00405681607695163,0.44244875916441506,0.0918126845300393,0.09918810635259653,0.00405681607695163,0.44244875916441506,0.7431977165388299,0.0849964634391037,0.6009176606329688,0.7986409500159715,0.7739560491696071,0.0653868611060376,0.6009176606329688,0.8080142365207269,0.764182690805257,0.06613131023639822,0.6009176606329688,0.8080142365207269,0.5816809194018392,0.19518676367126178,0.317255817102209,0.8080142365207269,0.0008797375084910432,0.0008133967345843468,1,0,0,24.76000022888184,0.04737736328892739,-0.17334812315728654,0.0670415671914962,0.0012660796336889
2025-05-07,24.559999465942383,25.6200008392334,23.290000915527344,23.549999237060547,0,0.0025103776467168,0.6019156035569377,0.6103048706932138,-0.05010366899456464,0.6019156035569377,0.04628929034110785,0.041456674404030114,0.021691076650220964,-0.07187093853069904,0.03619418049913703,0.6009176606329688,0.7269295303944553,0.7949137212621411,0.8050134336237653,0.627494548705798,0.04463388318931951,0.02752699437720939,0.00405681607695163,0.08126296612994333,0.04327017184537789,0.02520122835520067,0.00405681607695163,0.08126296612994333,0.0931926899661063,0.09484723693387632,0.00405681607695163,0.44244875916441506,0.09152445981327557,0.09929375968505195,0.00405681607695163,0.44244875916441506,0.7045980929977892,0.09840481543750254,0.6009176606329688,0.7986409500159715,0.7536462661629244,0.08365767241654816,0.6009176606329688,0.8080142365207269,0.7629646457981684,0.06895027446598075,0.6009176606329688,0.8080142365207269,0.5884585333650469,0.19067097664877766,0.3580471402595297,0.8080142365207269,0.003279055063452711,0.003864529892295038,1,0,0,23.549999237060547,-0.048869183385946036,0.0016606982775606571,0.0666901699051494,0.0012607576752623
2025-05-08,22.84000015258789,23.61000061035156,21.8799991607666,22.479999542236328,0,0.0021622298565732,0.5939978595680654,0.5475135877169602,-0.04649978340350902,0.5939978595680654,-0.05010366899456464,0.04628929034110785,-0.00405681607695163,-0.07213619709070063,0.10784788588768324,0.6019156035569377,0.6009176606329688,0.794586720388613,0.8080142365207269,0.6119611485075118,0.05312247665463099,0.016028441836644005,0.041456674404030114,0.08126296612994333,0.04070653047665873,0.023159777398127707,0.00405681607695163,0.08126296612994333,0.0902713517525742,0.09531689285731738,0.00405681607695163,0.44244875916441506,0.08844734023245465,0.09862057875315065,0.00405681607695163,0.44244875916441506,0.6644803208336797,0.09330234611616624,0.5939978595680654,0.7986409500159715,0.7322446284676583,0.09483253775556594,0.5939978595680654,0.8077739608112247,0.762109251086766,0.07099829572998333,0.5939978595680654,0.8080142365207269,0.5939759423523,0.18728885019230657,0.3580471402595297,0.8080142365207269,0.0020885968358207553,0.0027979058197591822,1,0,0,22.479999542236328,-0.04543523267467309,-0.013154242790988535,0.0656795763710753,0.0012716762883285
2025-05-09,22.399999618530277,22.81999969482422,21.82999992370605,21.899999618530277,0,0.000683267461697,0.3971848689804405,0.4145719284277541,-0.02613938525859183,0.3971848689804405,-0.04649978340350902,-0.05010366899456464,-0.08126296612994333,-0.06355672709038362,-0.44244875916441506,0.5939978595680654,0.6019156035569377,0.7986409500159715,0.8077739608112247,0.7543734611938462,0.042097760480360694,0.009435597895781269,0.02613938525859183,0.05010366899456464,0.036964796293479554,0.02205408022143163,0.00405681607695163,0.08126296612994333,0.07044709585229689,0.05173836127697351,0.00405681607695163,0.19550720373103747,0.08825250458030583,0.09873812955926174,0.00405681607695163,0.44244875916441506,0.5841891046265735,0.11835930288942322,0.3971848689804405,0.7269295303944553,0.6911857192845797,0.13769568463534765,0.3971848689804405,0.8076350104220584,0.7451002705051754,0.10673558645380081,0.3971848689804405,0.8080142365207269,0.5949077930361313,0.18618044656725308,0.3693102113335492,0.8080142365207269,0.0007094865658060677,0.0007867016062720237,0,0,0,21.899999618530277,-0.025800708875297063,-0.3313361949329927,0.0644836405173038,0.0013428321883543
2025-05-12,19.84000015258789,20.440000534057617,18.13999938964844,18.38999938964844,0,0.0305129675390959,0.3893056342004338,0.3142797430323729,-0.1746796139768345,0.3893056342004338,-0.02613938525859183,-0.04649978340350902,0.041456674404030114,0.012402618169857771,0.19159830601000527,0.3971848689804405,0.5939978595680654,0.7269295303944553,0.8076350104220584,0.7711716892420549,0.06874234839492158,0.059966633618460725,0.02613938525859183,0.1746796139768345,0.05319249587417722,0.047265362192024776,0.00405681607695163,0.1746796139768345,0.06964144385071733,0.04985495566457603,0.00405681607695163,0.19550720373103747,0.08990492415892984,0.09960691581578941,0.00405681607695163,0.44244875916441506,0.5166643253877693,0.11274136015963081,0.3893056342004338,0.6019156035569377,0.6493527816624173,0.16010833685274506,0.3893056342004338,0.7986409500159715,0.7269161726460505,0.13168445674168427,0.3893056342004338,0.8080142365207269,0.595356400176937,0.18564839212068812,0.3693102113335492,0.8080142365207269,0.005139688619210343,0.00490015728467259,0,0,1,18.38999938964844,-0.16027398584573105,-0.0198377012705252,0.0614926422318314,0.0010771868089385
2025-05-13,18.690000534057617,18.850000381469727,17.649999618530273,18.21999931335449,0,8.625117892475431e-05,0.3809458836089113,0.2866563194627457,-0.009287151281461625,0.3809458836089113,-0.1746796139768345,-0.02613938525859183,0.04628929034110785,-0.03974568350601837,-0.08077971131758588,0.3893056342004338,0.3971848689804405,0.6009176606329688,0.7951352676241461,0.7751913916098374,0.06134192058299233,0.0654617017403256,0.009287151281461625,0.1746796139768345,0.05014664265172155,0.04917115286956904,0.00405681607695163,0.1746796139768345,0.06623703622994952,0.051471119037521156,0.00405681607695163,0.19550720373103747,0.08970721405580917,0.09976207319944044,0.00405681607695163,0.44244875916441506,0.47266996998295774,0.11454891047505772,0.3809458836089113,0.6019156035569377,0.6079338432608938,0.1713821463844931,0.3809458836089113,0.7986409500159715,0.7081425770269588,0.15112568632360904,0.3809458836089113,0.8080142365207269,0.5956016180232281,0.18535090355614714,0.3693102113335492,0.8080142365207269,0.0015605042210588187,0.0019127446701359915,0,0,0,18.21999931335449,-0.009244158887228848,-0.02147348986790798,0.097755308271379,0.0018274183237674
2025-05-14,18.100000381469727,18.81999969482422,18.059999465942383,18.6200008392334,0,0.0004716047554614,0.327671030582971,0.2695958469153187,0.02171646277508099,0.327671030582971,-0.009287151281461625,-0.1746796139768345,-0.05010366899456464,0.021691076650220964,-0.19550720373103747,0.3809458836089113,0.3893056342004338,0.6019156035569377,0.7949137212621411,0.7896880641965871,0.055664479339095595,0.0678668724255245,0.009287151281461625,0.1746796139768345,0.05014918126420755,0.049169521157374614,0.00405681607695163,0.1746796139768345,0.05796128666061825,0.042906047653486115,0.00405681607695163,0.1746796139768345,0.08725642518676813,0.10014633513625526,0.00405681607695163,0.44244875916441506,0.41782105538816444,0.10218127645530009,0.327671030582971,0.5939978595680654,0.5612095741929768,0.17829462417510358,0.327671030582971,0.7986409500159715,0.6861417659025009,0.17098591214169798,0.327671030582971,0.8080142365207269,0.5940947252508043,0.18730220191226965,0.327671030582971,0.8080142365207269,0.0006128344285267177,0.0005396568321731608,0,0,0,18.6200008392334,0.02195398139152105,-0.1398488743892915,0.0850499823200055,0.0014976034654446
2025-05-15,19.190000534057617,19.3799991607666,17.770000457763672,17.829999923706055,0,0.0018795597195563,0.3295613025032122,0.2671156430888151,-0.043353889324446726,0.3295613025032122,0.02171646277508099,-0.009287151281461625,-0.04649978340350902,-0.00405681607695163,-0.025243056376930806,0.327671030582971,0.3809458836089113,0.5939978595680654,0.794586720388613,0.7878387328026067,0.055035300523283134,0.06798755242008524,0.009287151281461625,0.1746796139768345,0.05407888858895706,0.04657851217152834,0.009287151281461625,0.1746796139768345,0.058823707277166626,0.04239448832878398,0.00405681607695163,0.1746796139768345,0.08686912938425703,0.10028717352664777,0.00405681607695163,0.44244875916441506,0.36493374397519374,0.03365349958750458,0.327671030582971,0.3971848689804405,0.5147070324044367,0.17116331466051224,0.327671030582971,0.7986409500159715,0.6643190311263393,0.18594759073521425,0.327671030582971,0.8080142365207269,0.5926038327430999,0.18918833296374224,0.327671030582971,0.8080142365207269,0.0027130149764109136,0.0016737862320067775,0,0,0,17.829999923706055,-0.0424275445714678,0.005768810007031,0.0765594829321772,0.0015174109794546
2025-05-16,17.959999084472656,17.959999084472656,17.149999618530273,17.239999771118164,0,0.0011323343203838,0.3213829673060716,0.2482638703252278,-0.03365017563674577,0.3213829673060716,-0.043353889324446726,0.02171646277508099,-0.02613938525859183,-0.08126296612994333,0.08034908060172263,0.3295613025032122,0.327671030582971,0.3971848689804405,0.7986409500159715,0.7899144992287865,0.056537458598913924,0.06726867099419873,0.009287151281461625,0.1746796139768345,0.049317609539637305,0.04591983428189886,0.009287151281461625,0.1746796139768345,0.056599949897882015,0.04243369579541558,0.00405681607695163,0.1746796139768345,0.08632747374558195,0.10051692654303418,0.00405681607695163,0.44244875916441506,0.34977336364031997,0.032548354654399224,0.3213829673060716,0.3893056342004338,0.4669812341334468,0.14819286567775075,0.3213829673060716,0.7269295303944553,0.6420080057966862,0.19785191853869036,0.3213829673060716,0.8080142365207269,0.5908368355394303,0.19140680145256894,0.3213829673060716,0.8080142365207269,0.0007681331569562054,0.0004181951121797119,0,0,0,17.239999771118164,-0.03309030595134499,-0.02481582374818081,0.0716186009868232,0.0014952642425869
2025-05-19,19.84000015258789,19.920000076293945,17.920000076293945,18.13999938964844,0,0.0025895029593277,0.3108791408632374,0.2496949652570191,0.050887159080928335,0.3108791408632374,-0.03365017563674577,-0.043353889324446726,-0.1746796139768345,0.041456674404030114,-0.096076398818433,0.3213829673060716,0.3295613025032122,0.3893056342004338,0.7269295303944553,0.7910103128570876,0.03177896761973269,0.01665637279522671,0.009287151281461625,0.050887159080928335,0.05026065800732713,0.0458372197197451,0.009287151281461625,0.1746796139768345,0.05444808133895322,0.041466477685297654,0.00405681607695163,0.1746796139768345,0.08547734460122787,0.10066551045319518,0.00405681607695163,0.44244875916441506,0.3340880649728807,0.02719098536829619,0.3108791408632374,0.3809458836089113,0.42537619518032493,0.12343918118809642,0.3108791408632374,0.6019156035569377,0.6191446166541219,0.20728903073327737,0.3108791408632374,0.8080142365207269,0.5886404527124592,0.19412328922050276,0.3108791408632374,0.8080142365207269,0.004037774584452187,0.0024976471813684944,0,0,0,18.13999938964844,0.052204154900165944,-0.03268320823247228,0.0671421495394762,0.0014852885319892
2025-05-20,18.459999084472656,18.68000030517578,17.700000762939453,18.09000015258789,0,7.618169664341694e-06,0.2816690822614638,0.2417106163357605,-0.0027601031981325796,0.2816690822614638,0.050887159080928335,-0.03365017563674577,-0.009287151281461625,0.04628929034110785,0.13159022186892777,0.3108791408632374,0.3213829673060716,0.3809458836089113,0.6009176606329688,0.8018652766980244,0.03047355800306688,0.01895673519862102,0.0027601031981325796,0.050887159080928335,0.045907739293029604,0.048259148053255,0.0027601031981325796,0.1746796139768345,0.04831331378320107,0.03893569688539045,0.0027601031981325796,0.1746796139768345,0.08542311340611386,0.1007105057988025,0.0027601031981325796,0.44244875916441506,0.31423270470339115,0.01961069010267178,0.2816690822614638,0.3295613025032122,0.3934513373431745,0.11391031842954388,0.2816690822614638,0.6019156035569377,0.5943733693,0.21528955308473535,0.2816690822614638,0.8080142365207269,0.5857486491387294,0.19782365014585365,0.2816690822614638,0.8080142365207269,0.0010473962930897043,0.0012936436827189878,0,0,0,18.09000015258789,-0.0027562976153726604,-0.09395953205694096,0.0675580426486274,0.0007898197854896
2025-05-21,18.770000457763672,21.049999237060547,17.770000457763672,20.8700008392334,0,0.02043568985597,0.2992748778843998,0.2574758630058886,0.14295345345940413,0.2992748778843998,-0.0027601031981325796,0.050887159080928335,0.02171646277508099,-0.05010366899456464,-0.10103320852701314,0.2816690822614638,0.3108791408632374,0.327671030582971,0.6019156035569377,0.8077668901721833,0.05472095613993151,0.052613662247939286,0.0027601031981325796,0.14295345345940413,0.05519271773951355,0.05725058456947418,0.0027601031981325796,0.1746796139768345,0.050309515922838735,0.042669343381709364,0.0027601031981325796,0.1746796139768345,0.0881931105272568,0.10065344578974322,0.0027601031981325796,0.44244875916441506,0.30855347416367696,0.01884274627208797,0.2816690822614638,0.3295613025032122,0.36318726477592067,0.0900819134313442,0.2816690822614638,0.5939978595680654,0.5701594639529626,0.21865790413094793,0.2816690822614638,0.8080142365207269,0.5832738975592425,0.20079071253693123,0.2816690822614638,0.8080142365207269,0.010348662350220444,0.010001556645968392,0,0,1,20.8700008392334,0.1536761007847649,0.06250524722693251,0.0629195847957851,0.0006716449836977
2025-05-22,20.6200008392334,22.06999969482422,19.63999938964844,20.280000686645508,0,0.0008224018006049,0.29192879701743,0.2583884888049882,-0.028677548720296375,0.29192879701743,0.14295345345940413,-0.0027601031981325796,-0.043353889324446726,-0.04649978340350902,-0.07187093853069904,0.2992748778843998,0.2816690822614638,0.3295613025032122,0.5939978595680654,0.8050134336237653,0.05178568801910144,0.053802322644781186,0.0027601031981325796,0.14295345345940413,0.05341049427119229,0.057825781233859744,0.0027601031981325796,0.1746796139768345,0.04825268783662909,0.042619046783921026,0.0027601031981325796,0.1746796139768345,0.08654231452637681,0.10105625314552515,0.0027601031981325796,0.44244875916441506,0.30102697306652054,0.015588507731203785,0.2816690822614638,0.3213829673060716,0.33298035852085717,0.04178307319561824,0.2816690822614638,0.3971848689804405,0.5457268622098038,0.219766410666564,0.2816690822614638,0.8080142365207269,0.5810207639351215,0.20356372965879224,0.2816690822614638,0.8080142365207269,0.004907846746961846,0.006696935346262951,0,0,0,20.280000686645508,-0.02827025054444432,-0.024546266358539293,0.0900243077278742,0.0014188572741056
2025-05-23,20.13999938964844,25.530000686645508,19.82999992370605,22.290000915527344,0,0.0089308124520642,0.2982442020381951,0.2911541868854754,0.09450297588999135,0.2982442020381951,-0.028677548720296375,0.14295345345940413,-0.03365017563674577,-0.02613938525859183,-0.07213619709070063,0.29192879701743,0.2992748778843998,0.3213829673060716,0.3971848689804405,0.8080142365207269,0.06395624806975056,0.055529309607256376,0.0027601031981325796,0.14295345345940413,0.06024685333433224,0.058282748909631456,0.0027601031981325796,0.1746796139768345,0.04931777254135722,0.04351580608936107,0.0027601031981325796,0.1746796139768345,0.0883385950792166,0.10049643853483763,0.0027601031981325796,0.44244875916441506,0.2963992200129452,0.010704007598024482,0.2816690822614638,0.3108791408632374,0.32308629182663257,0.0362366951788586,0.2816690822614638,0.3893056342004338,0.5214520986630166,0.2174883857195245,0.2816690822614638,0.8077739608112247,0.5789597270081293,0.20602216912137222,0.2816690822614638,0.8080142365207269,0.02302405181218801,0.027943873489026723,0,0,0,22.290000915527344,0.09911243396581493,0.021633374594381083,0.0801142485462152,0.0012710495120971
2025-05-27,20.6299991607666,21.01000022888184,18.950000762939453,18.959999084472656,0,0.0261814210873136,0.3333040167448809,0.2926439773686157,-0.1618067399316656,0.3333040167448809,0.09450297588999135,-0.028677548720296375,0.050887159080928335,-0.1746796139768345,-0.06355672709038362,0.2982442020381951,0.29192879701743,0.3108791408632374,0.3893056342004338,0.8077739608112247,0.08614016423989801,0.06942136538781561,0.0027601031981325796,0.1618067399316656,0.05895956592981535,0.055552669855781445,0.0027601031981325796,0.1618067399316656,0.05399634458141826,0.04993188249355879,0.0027601031981325796,0.1746796139768345,0.09060682921281452,0.10106593408638821,0.0027601031981325796,0.44244875916441506,0.3008841951892739,0.019429513741777052,0.2816690822614638,0.3333040167448809,0.3174861300810773,0.028330715917714924,0.2816690822614638,0.3809458836089113,0.49885829180271446,0.21079888142088135,0.2816690822614638,0.8076350104220584,0.577614231004073,0.2074670358139079,0.2816690822614638,0.8080142365207269,0.0038408566989931864,0.0025718765734486144,0,0,1,18.959999084472656,-0.14939442325168273,0.11755405291062715,0.0850169246076903,0.0015028073777184
2025-05-28,19.209999084472656,19.43000030517578,18.68000030517578,19.309999465942383,0,0.0003345833711436,0.3335750680310929,0.2889716803799626,0.01829162024380615,0.3335750680310929,-0.1618067399316656,0.09450297588999135,-0.0027601031981325796,-0.009287151281461625,0.012402618169857771,0.3333040167448809,0.2982442020381951,0.2816690822614638,0.3809458836089113,0.8076350104220584,0.08924646764903273,0.06496200548772235,0.01829162024380615,0.1618067399316656,0.0598600128260498,0.054724884788612156,0.0027601031981325796,0.1618067399316656,0.05427677325160628,0.04970261341479743,0.0027601031981325796,0.1746796139768345,0.09057925844831911,0.10108597518068071,0.0027601031981325796,0.44244875916441506,0.3112653923431997,0.020436794927016604,0.29192879701743,0.3335750680310929,0.3127490485232955,0.018947234830174138,0.2816690822614638,0.3335750680310929,0.4762840088317162,0.20124578094709925,0.2816690822614638,0.7986409500159715,0.5762725976130973,0.2088877149829935,0.2816690822614638,0.8080142365207269,0.0005588963935385515,0.0007643810740258391,0,0,0,19.309999465942383,0.018459936622906348,0.0008132253816173218,0.1044527985047718,0.0019547116364983
2025-05-29,18.25,20.200000762939453,18.11000061035156,19.18000030517578,0,4.562980096307781e-05,0.331267620596325,0.2913836447061727,-0.006754983416935811,0.331267620596325,0.01829162024380615,-0.1618067399316656,0.14295345345940413,0.02171646277508099,-0.03974568350601837,0.3335750680310929,0.3333040167448809,0.2992748778843998,0.327671030582971,0.7951352676241461,0.06200677364053906,0.06536560377129653,0.006754983416935811,0.1618067399316656,0.05836386489023528,0.05607152801728198,0.0027601031981325796,0.1618067399316656,0.052705787533078544,0.0506963192088085,0.0027601031981325796,0.1746796139768345,0.08723969170142072,0.1014920698971826,0.0027601031981325796,0.44244875916441506,0.31766394088558475,0.020750059809629958,0.29192879701743,0.3335750680310929,0.3131087075246309,0.019292939947757957,0.2816690822614638,0.3335750680310929,0.45419507325896274,0.1896199583422055,0.2816690822614638,0.7986409500159715,0.5745339135258807,0.21065058592287275,0.2816690822614638,0.8080142365207269,0.004302349262739675,0.0050100252826138685,0,0,0,19.18000030517578,-0.0067322198012426115,-0.006917325831296339,0.0908259558459537,0.0017513894019974
2025-05-30,19.61000061035156,20.549999237060547,18.56999969482422,18.56999969482422,0,0.0010446293573268,0.3321330501570595,0.2835827055413196,-0.032320726435629776,0.3321330501570595,-0.006754983416935811,0.01829162024380615,-0.028677548720296375,-0.043353889324446726,0.021691076650220964,0.331267620596325,0.3335750680310929,0.29192879701743,0.3295613025032122,0.7949137212621411,0.06273540918360573,0.06491998583186734,0.006754983416935811,0.1618067399316656,0.057260548601353586,0.056506557056566056,0.0027601031981325796,0.1618067399316656,0.05321196133238372,0.0504235032504736,0.0027601031981325796,0.1746796139768345,0.08732628021061783,0.10144243353837308,0.0027601031981325796,0.44244875916441506,0.32570479151351067,0.015378889975426286,0.2982442020381951,0.3335750680310929,0.3133658822900156,0.01955202214298345,0.2816690822614638,0.3335750680310929,0.4321578984444351,0.17431668506925593,0.2816690822614638,0.7986409500159715,0.5729522323468265,0.21224744071043247,0.2816690822614638,0.8080142365207269,0.0037021121433977447,0.003985150034339368,0,0,0,18.56999969482422,-0.03180399377715093,0.002612478572993737,0.0799850172725554,0.0014093469788197
2025-06-02,19.809999465942383,20.450000762939453,18.36000061035156,18.36000061035156,0,0.0001293437755008,0.3323029476628976,0.2871226867008498,-0.011372940494914996,0.3323029476628976,-0.032320726435629776,-0.006754983416935811,0.09450297588999135,-0.03365017563674577,-0.00405681607695163,0.3321330501570595,0.331267620596325,0.2982442020381951,0.3213829673060716,0.794586720388613,0.04610940210459047,0.06539346790780061,0.006754983416935811,0.1618067399316656,0.055032825087170514,0.057961207581861116,0.0027601031981325796,0.1618067399316656,0.0535603482094296,0.050091077109016086,0.0027601031981325796,0.1746796139768345,0.0870457180889664,0.1016403402801897,0.0027601031981325796,0.44244875916441506,0.3325165406384512,0.0009344901068663534,0.331267620596325,0.3335750680310929,0.3144578803256982,0.020338655927950956,0.2816690822614638,0.3335750680310929,0.41014438545749626,0.1542993850045866,0.2816690822614638,0.7986409500159715,0.5720437306092162,0.21321478557297704,0.2816690822614638,0.8080142365207269,0.004191993162332897,0.0035793712065307847,0,0,0,18.36000061035156,-0.011308513081515592,0.0005115344761916774,0.0730368970822194,0.0015240760087115
2025-06-03,18.82999992370605,19.209999084472656,17.639999389648438,17.690000534057617,0,0.0013819717085457,0.3243509689668891,0.2871592048795199,-0.03717488007439629,0.3243509689668891,-0.011372940494914996,-0.032320726435629776,-0.1618067399316656,0.050887159080928335,-0.08126296612994333,0.3323029476628976,0.3321330501570595,0.3333040167448809,0.3108791408632374,0.7986409500159715,0.021183030133136604,0.013158212125641331,0.006754983416935811,0.03717488007439629,0.05366159718651731,0.058231750839990874,0.0027601031981325796,0.1618067399316656,0.051460915540117835,0.04979498402298653,0.0027601031981325796,0.1746796139768345,0.08764476422518132,0.10126077429894459,0.0027601031981325796,0.44244875916441506,0.3307259310828528,0.003657803857560565,0.3243509689668891,0.3335750680310929,0.3158050631360633,0.02052062684790045,0.2816690822614638,0.3335750680310929,0.3875591482646828,0.12686311169427797,0.2816690822614638,0.7269295303944553,0.5709732724576291,0.2143671931584988,0.2816690822614638,0.8080142365207269,0.0026219517429878223,0.0021281610820349257,0,0,0,17.690000534057617,-0.03649237766997615,-0.023929907188410926,0.0669252227186947,0.0013042342743424
2025-06-04,17.68000030517578,18.06999969482422,17.40999984741211,17.610000610351562,0,2.054429228028516e-05,0.3217226126796162,0.2843137021621705,-0.004532581194009122,0.3217226126796162,-0.03717488007439629,-0.011372940494914996,0.01829162024380615,-0.0027601031981325796,0.041456674404030114,0.3243509689668891,0.3323029476628976,0.3335750680310929,0.2816690822614638,0.7269295303944553,0.018431222323177197,0.015195140283863026,0.004532581194009122,0.03717488007439629,0.05383884498610496,0.058062050340165275,0.004532581194009122,0.1618067399316656,0.04970262538725969,0.05080751378058489,0.0027601031981325796,0.1746796139768345,0.079815875979001,0.09427099898314703,0.0027601031981325796,0.44244875916441506,0.3283554400125575,0.004958934804724162,0.3217226126796162,0.3323029476628976,0.31981041617787864,0.016663962475655016,0.29192879701743,0.3335750680310929,0.36826358075445237,0.1008038882904954,0.2816690822614638,0.6019156035569377,0.5669044073343291,0.21748986856762528,0.2816690822614638,0.8080142365207269,0.0004993386705237577,0.0006861508749722659,0,0,0,17.610000610351562,-0.004522324550077617,-0.00810343282045567,0.064243537434184,0.0005930209872969
2025-06-05,17.68000030517578,18.799999237060547,17.079999923706055,18.479999542236328,0,0.002325369411853,0.3220063827332746,0.2885740074539953,0.04822208427528896,0.3220063827332746,-0.004532581194009122,-0.03717488007439629,-0.006754983416935811,0.14295345345940413,0.04628929034110785,0.3217226126796162,0.3243509689668891,0.331267620596325,0.2992748778843998,0.6009176606329688,0.02672464249484783,0.018240243714928023,0.004532581194009122,0.04822208427528896,0.044365708067693445,0.04891437704365363,0.004532581194009122,0.1618067399316656,0.049794663193649266,0.05080277176838853,0.0027601031981325796,0.1746796139768345,0.0711624982823676,0.07841383286790626,0.0027601031981325796,0.44244875916441506,0.3265031924399474,0.005316008014054316,0.3217226126796162,0.3323029476628976,0.3220835666627661,0.015020839647156418,0.29192879701743,0.3335750680310929,0.3549820913306574,0.08588827864927281,0.2816690822614638,0.6019156035569377,0.5595823910679572,0.22048598226928168,0.2816690822614638,0.8080142365207269,0.0033204140493901784,0.0038465129551204513,0,0,0,18.479999542236328,0.04940368550432428,0.0008820332872931935,0.0605946758148758,0.0005076447793759
2025-06-06,18.15999984741211,18.350000381469727,16.649999618530273,16.770000457763672,0,0.0094279125265735,0.332574270503334,0.2887989805801114,-0.09709743831107787,0.332574270503334,0.04822208427528896,-0.004532581194009122,-0.032320726435629776,-0.028677548720296375,-0.05010366899456464,0.3220063827332746,0.3217226126796162,0.3321330501570595,0.29192879701743,0.6019156035569377,0.03967998486993744,0.036785308610780436,0.004532581194009122,0.09709743831107787,0.051207697026771595,0.05120756827278636,0.004532581194009122,0.1618067399316656,0.05203246173253085,0.05184145389933209,0.0027601031981325796,0.1746796139768345,0.07261257584931857,0.07831447238837785,0.0027601031981325796,0.44244875916441506,0.3265914365092023,0.005435152267415622,0.3217226126796162,0.332574270503334,0.3261481140113565,0.01088408571451387,0.2982442020381951,0.3335750680310929,0.3421563135662001,0.06465576814175092,0.2816690822614638,0.5939978595680654,0.5525604796821842,0.22295282914942832,0.2816690822614638,0.8080142365207269,0.003408948469505742,0.002276352536177434,0,0,0,16.770000457763672,-0.0925324202830431,0.03281887669541339,0.0629003800565944,0.0007226025680032
2025-06-09,17.690000534057617,17.719999313354492,16.81999969482422,17.15999984741211,0,0.0005285162842858,0.3301089696275116,0.286873178849838,0.022989482036049225,0.3301089696275116,-0.09709743831107787,0.04822208427528896,-0.011372940494914996,0.09450297588999135,-0.04649978340350902,0.332574270503334,0.3220063827332746,0.3323029476628976,0.2982442020381951,0.5939978595680654,0.04200329317816429,0.03486735950170513,0.004532581194009122,0.09709743831107787,0.04405634764137738,0.04945290008438729,0.004532581194009122,0.1618067399316656,0.05091292357217562,0.05221938830958621,0.0027601031981325796,0.1746796139768345,0.0705921376623749,0.0784777260943831,0.0027601031981325796,0.44244875916441506,0.32615264090212504,0.004923222835085716,0.3217226126796162,0.332574270503334,0.32933459077028815,0.004733962740098652,0.3217226126796162,0.3335750680310929,0.32959017594998324,0.029165285166598748,0.2816690822614638,0.3971848689804405,0.5458497135183746,0.22535020528266914,0.2816690822614638,0.8080142365207269,0.000979966395120328,0.0010010905547555085,0,0,0,17.15999984741211,0.0232557769232431,-0.007412782931437545,0.0731581672283811,0.0011013103152105
2025-06-10,17.5,17.989999771118164,16.68000030517578,16.950000762939453,0,0.0001516150501279,0.3293027169899577,0.2892203676304703,-0.012313206330112791,0.3293027169899577,0.022989482036049225,-0.09709743831107787,-0.03717488007439629,-0.1618067399316656,-0.02613938525859183,0.3301089696275116,0.332574270503334,0.3243509689668891,0.3333040167448809,0.3971848689804405,0.03703095842930759,0.03740821485367672,0.004532581194009122,0.09709743831107787,0.0291069942812221,0.027724727065543155,0.004532581194009122,0.09709743831107787,0.0502545340993909,0.052632878160178656,0.0027601031981325796,0.1746796139768345,0.0603508149758439,0.05255028325967123,0.0027601031981325796,0.19550720373103747,0.3271429905067388,0.004968035029963164,0.3217226126796162,0.332574270503334,0.3289344607947958,0.004525695310839927,0.3217226126796162,0.3335750680310929,0.326357692521865,0.024722347534546704,0.2816690822614638,0.3893056342004338,0.5357289815135202,0.22530195116420168,0.2816690822614638,0.8080142365207269,0.00206168687469934,0.002464194107541143,0,0,0,16.950000762939453,-0.012237708994171426,-0.0024423833089528557,0.0681185079678969,0.0010348697418069
2025-06-11,17.040000915527344,18.09000015258789,16.229999542236328,17.260000228881836,0,0.0003284728542368,0.2797423541977673,0.2876708431809753,0.018123820078471464,0.2797423541977673,-0.012313206330112791,0.022989482036049225,-0.004532581194009122,0.01829162024380615,-0.1746796139768345,0.3293027169899577,0.3301089696275116,0.3217226126796162,0.3335750680310929,0.3893056342004338,0.03974920620620006,0.034863624155279466,0.012313206330112791,0.09709743831107787,0.02909021426468863,0.027732050054522672,0.004532581194009122,0.09709743831107787,0.04279949629470695,0.044602718632060695,0.0027601031981325796,0.1618067399316656,0.05622047007271214,0.04865596718074637,0.0027601031981325796,0.19550720373103747,0.31874693881036903,0.022156809870228444,0.2797423541977673,0.332574270503334,0.3235511894114632,0.015961304842528327,0.2797423541977673,0.332574270503334,0.321140393474119,0.022206768519365667,0.2797423541977673,0.3809458836089113,0.5240282830600848,0.22553705852084696,0.2797423541977673,0.8080142365207269,0.004245781583359238,0.00582233417395061,0,0,0,17.260000228881836,0.01828905321468688,-0.15050092281413463,0.0634552231212614,0.0009658034528151
2025-06-12,17.8700008392334,18.8700008392334,17.43000030517578,18.020000457763672,0,0.0018567979698719,0.2828892566412804,0.2889060605674179,0.04309057866717403,0.2828892566412804,0.018123820078471464,-0.012313206330112791,0.04822208427528896,-0.006754983416935811,-0.009287151281461625,0.2797423541977673,0.3293027169899577,0.3220063827332746,0.331267620596325,0.3809458836089113,0.038722905084577076,0.03462657142336802,0.012313206330112791,0.09709743831107787,0.03272377378971245,0.02684672444369255,0.004532581194009122,0.09709743831107787,0.04440918331307421,0.043937822379947984,0.0027601031981325796,0.1618067399316656,0.05532310977151186,0.048539384516890056,0.0027601031981325796,0.19550720373103747,0.3109235135919702,0.027077741687663016,0.2797423541977673,0.332574270503334,0.31871335301595877,0.02014578016736119,0.2797423541977673,0.332574270503334,0.3164710302851842,0.019093719092677746,0.2797423541977673,0.3335750680310929,0.5123068036560715,0.2249574577150264,0.2797423541977673,0.8080142365207269,0.002272702037190094,0.0031236431551842445,0,0,0,18.020000457763672,0.04403245763636199,0.011249288483818232,0.0609518327585308,0.0009928852154929
2025-06-13,21.76000022888184,22.0,18.8799991607666,20.81999969482422,0,0.0208605364585179,0.3168836745970242,0.3021426743303693,0.14443177094572368,0.3168836745970242,0.04309057866717403,0.018123820078471464,-0.09709743831107787,-0.032320726435629776,0.02171646277508099,0.2828892566412804,0.2797423541977673,0.332574270503334,0.3321330501570595,0.327671030582971,0.04818977161150624,0.055033326669380524,0.012313206330112791,0.14443177094572368,0.04393487824072184,0.04435756865334187,0.004532581194009122,0.14443177094572368,0.050252769416438144,0.04867396928115519,0.0027601031981325796,0.1618067399316656,0.054107028038528196,0.045485352028819676,0.0027601031981325796,0.1746796139768345,0.30778539441070824,0.02475048314683668,0.2797423541977673,0.3301089696275116,0.31718841545995524,0.019586495441802115,0.2797423541977673,0.332574270503334,0.31595734666680575,0.018921669001972043,0.2797423541977673,0.3335750680310929,0.5010495562846534,0.22255542081753607,0.2797423541977673,0.8080142365207269,0.00843631824744975,0.010941926635206312,0,0,1,20.81999969482422,0.15538286159444614,0.12016864252590076,0.0622457096800383,0.0009731778270673
2025-06-16,19.780000686645508,20.21999931335449,18.670000076293945,19.11000061035156,0,0.0073448770842275,0.3253929633393813,0.3014487203308558,-0.08570225833796652,0.3253929633393813,0.14443177094572368,0.04309057866717403,0.022989482036049225,-0.011372940494914996,-0.043353889324446726,0.3168836745970242,0.2828892566412804,0.3301089696275116,0.3323029476628976,0.3295613025032122,0.060732326871889696,0.05500050404453601,0.012313206330112791,0.14443177094572368,0.051367810025026994,0.044522272295071025,0.004532581194009122,0.14443177094572368,0.05226935841708195,0.049247729985646437,0.0027601031981325796,0.1618067399316656,0.05554653284712428,0.045506286250887956,0.0027601031981325796,0.1746796139768345,0.30684219315308214,0.023757009460699932,0.2797423541977673,0.3293027169899577,0.31649741702760364,0.019110113573366033,0.2797423541977673,0.332574270503334,0.31575885432567097,0.01879325280599051,0.2797423541977673,0.3335750680310929,0.4900389427260051,0.2194384698449713,0.2797423541977673,0.8080142365207269,0.0022941503140138284,0.00272165776380904,0,0,0,19.11000061035156,-0.08213252207192678,0.02685303606497924,0.0902039611485031,0.0013728574574962
2025-06-17,20.530000686645508,21.790000915527344,19.549999237060547,21.600000381469727,0,0.0150017281698224,0.3460490925291129,0.3071599858524035,0.12248154215971674,0.3460490925291129,-0.08570225833796652,0.14443177094572368,-0.012313206330112791,-0.03717488007439629,-0.03365017563674577,0.3253929633393813,0.3168836745970242,0.3293027169899577,0.3243509689668891,0.3213829673060716,0.08276599403781049,0.05277632919060985,0.018123820078471464,0.14443177094572368,0.05989847623355904,0.049405460281649785,0.004532581194009122,0.14443177094572368,0.05649942348960437,0.05133911398359514,0.0027601031981325796,0.1618067399316656,0.0565496866937432,0.04651948696787769,0.0027601031981325796,0.1746796139768345,0.3101914682609132,0.028435011882267675,0.2797423541977673,0.3460490925291129,0.318667229383826,0.02121663487128733,0.2797423541977673,0.3460490925291129,0.31693343171724436,0.019900530936607787,0.2797423541977673,0.3460490925291129,0.47947071875696523,0.21529332132571485,0.2797423541977673,0.8080142365207269,0.0042440590766943875,0.004886390323051586,0,0,1,21.600000381469727,0.13029825701676723,0.06348056509196098,0.0877318885179876,0.0014875352761477
2025-06-18,20.899999618530277,21.57999992370605,19.59000015258789,20.13999938964844,0,0.004897966762174,0.3493686280178414,0.3060807609734007,-0.0699854753657787,0.3493686280178414,0.12248154215971674,-0.08570225833796652,0.018123820078471464,-0.004532581194009122,0.050887159080928335,0.3460490925291129,0.3253929633393813,0.2797423541977673,0.3217226126796162,0.3108791408632374,0.09313832509527194,0.040583766572520295,0.04309057866717403,0.14443177094572368,0.066443765650736,0.04543133112877543,0.012313206330112791,0.14443177094572368,0.057408867122216295,0.051403842139321934,0.0027601031981325796,0.1618067399316656,0.05592847423058476,0.046151532177869964,0.0027601031981325796,0.1746796139768345,0.32411672302492806,0.02679709546366294,0.2828892566412804,0.3493686280178414,0.3214318309176486,0.023352660214740188,0.2797423541977673,0.3493686280178414,0.31876626443889217,0.02105405585747633,0.2797423541977673,0.3493686280178414,0.46895544054650695,0.21043656321474458,0.2797423541977673,0.8080142365207269,0.0033759499136595335,0.004150042562136666,0,0,0,20.13999938964844,-0.06759263731651577,0.009592672139283831,0.0970060801395406,0.0017904175877524
2025-06-20,20.739999771118164,21.06999969482422,19.11000061035156,20.6200008392334,0,0.0005547750079218,0.3501508176219589,0.3099619868305261,0.023553662303807954,0.3501508176219589,-0.0699854753657787,0.12248154215971674,0.04309057866717403,0.04822208427528896,-0.0027601031981325796,0.3493686280178414,0.3460490925291129,0.2828892566412804,0.3220063827332746,0.2816690822614638,0.08923094182259872,0.04703477062217908,0.023553662303807954,0.14443177094572368,0.0639769234535879,0.04716723300236851,0.012313206330112791,0.14443177094572368,0.05839903660343893,0.05049069126132079,0.004532581194009122,0.1618067399316656,0.05335617519332,0.04482324279210798,0.0027601031981325796,0.1746796139768345,0.33756903522106374,0.01537517382922496,0.3168836745970242,0.3501508176219589,0.324246274406517,0.025062942582313348,0.2797423541977673,0.3501508176219589,0.32202729945605857,0.020311244763607274,0.2797423541977673,0.3501508176219589,0.45820033437802926,0.20446556004943992,0.2797423541977673,0.8080142365207269,0.0034383973349609363,0.004753623916271308,0,0,0,20.6200008392334,0.02383324052292024,0.0022388661756931327,0.0896836462558793,0.0018150197779012
2025-06-23,21.149999618530277,22.51000022888184,19.81999969482422,19.82999992370605,0,0.0015261195879651,0.3220186715290302,0.3026048076509963,-0.039065580604479955,0.3220186715290302,0.023553662303807954,-0.0699854753657787,0.14443177094572368,-0.09709743831107787,0.14295345345940413,0.3501508176219589,0.3493686280178414,0.3168836745970242,0.332574270503334,0.2992748778843998,0.06815770375434997,0.03904517802105172,0.023553662303807954,0.12248154215971674,0.058173737682928106,0.046199528219248415,0.012313206330112791,0.14443177094572368,0.05345199503891873,0.04674216167811922,0.004532581194009122,0.1618067399316656,0.05188075548087873,0.044231580208351474,0.0027601031981325796,0.1746796139768345,0.3385960346074649,0.013731714288692685,0.3220186715290302,0.3501508176219589,0.32319071450908654,0.024894944704541542,0.2797423541977673,0.3501508176219589,0.32311033724866,0.019632407233889683,0.2797423541977673,0.3501508176219589,0.44663490060081135,0.19784100259447002,0.2797423541977673,0.8080142365207269,0.005841898683789637,0.006494302017363235,0,0,0,19.82999992370605,-0.03831236097838675,-0.08034293989083763,0.0800725886664331,0.0016991800601462
2025-06-24,18.190000534057617,18.71999931335449,17.329999923706055,17.479999542236328,0,0.015910945058957,0.344651371782666,0.2980080248511701,-0.12613859464476773,0.344651371782666,-0.039065580604479955,0.023553662303807954,-0.08570225833796652,0.022989482036049225,-0.028677548720296375,0.3220186715290302,0.3501508176219589,0.3253929633393813,0.3301089696275116,0.29192879701743,0.07624497101571022,0.04697088609156781,0.023553662303807954,0.12613859464476773,0.06848864894379995,0.048906808958299006,0.012313206330112791,0.14443177094572368,0.05809299722579832,0.04894580942811367,0.004532581194009122,0.1618067399316656,0.0531728425312137,0.04560119834755327,0.0027601031981325796,0.1746796139768345,0.34244771629612186,0.011644834342603964,0.3220186715290302,0.3501508176219589,0.32464495472460203,0.025753907701908416,0.2797423541977673,0.3501508176219589,0.3256209360470046,0.01879892385310649,0.2797423541977673,0.3501508176219589,0.4356738991284042,0.19010286000028626,0.2797423541977673,0.8080142365207269,0.0021469600091609865,0.0023639614215577734,0,0,1,17.479999542236328,-0.11850733184624884,0.07028381350115431,0.0736610484813952,0.0014414229477962
2025-06-25,17.280000686645508,17.510000228881836,16.68000030517578,16.760000228881836,0,0.001769231640886,0.3341002652804922,0.2581381169679095,-0.04206223532916509,0.3341002652804922,-0.12613859464476773,-0.039065580604479955,0.12248154215971674,-0.012313206330112791,0.09450297588999135,0.344651371782666,0.3220186715290302,0.3460490925291129,0.3293027169899577,0.2982442020381951,0.060161109649599885,0.04050383465348782,0.023553662303807954,0.12613859464476773,0.07146355184370519,0.045923920386997386,0.018123820078471464,0.14443177094572368,0.055595819103854215,0.048329178620217066,0.004532581194009122,0.1618067399316656,0.05245679582260571,0.04553223016479216,0.0027601031981325796,0.1746796139768345,0.3400579508463977,0.011943238679584139,0.3220186715290302,0.3501508176219589,0.32512470955365547,0.02589461625446385,0.2797423541977673,0.3501508176219589,0.32732836762997114,0.01778929796975978,0.2797423541977673,0.3501508176219589,0.4243902331464938,0.18132543051973335,0.2797423541977673,0.8077739608112247,0.0008505563682305202,0.0008184811955869149,0,0,0,16.760000228881836,-0.041189893147009715,-0.030613853203599772,0.0873081192009265,0.0016719599884584
2025-06-26,16.670000076293945,16.780000686645508,16.110000610351562,16.59000015258789,0,0.0001039379293798,0.2924816303677231,0.2517802191813845,-0.010194995310435662,0.2924816303677231,-0.04206223532916509,-0.12613859464476773,-0.0699854753657787,0.018123820078471464,-0.1618067399316656,0.3341002652804922,0.344651371782666,0.3493686280178414,0.2797423541977673,0.3333040167448809,0.04820301363853128,0.04540747902583853,0.010194995310435662,0.12613859464476773,0.07067066936690161,0.04700293203864415,0.010194995310435662,0.14443177094572368,0.048376212217128976,0.0426615095985541,0.004532581194009122,0.14443177094572368,0.05118627839927362,0.04595745583858613,0.0027601031981325796,0.1746796139768345,0.3286805513163741,0.022913725478410498,0.2924816303677231,0.3501508176219589,0.32639863717065104,0.023628052734105245,0.2828892566412804,0.3501508176219589,0.3253844444691541,0.01927227747083773,0.2797423541977673,0.3501508176219589,0.41212136813593436,0.17194228517545013,0.2797423541977673,0.8076350104220584,0.0005988480382810522,0.0008212401286625317,0,0,0,16.59000015258789,-0.010143202504316884,-0.12456929621958956,0.0791836669873319,0.00134873789738
2025-06-27,16.309999465942383,17.290000915527344,16.1200008392334,16.31999969482422,0,0.0002692481452152,0.2923699178722617,0.2541753273288629,-0.016408782563471114,0.2923699178722617,-0.010194995310435662,-0.04206223532916509,0.023553662303807954,0.04309057866717403,0.01829162024380615,0.2924816303677231,0.3341002652804922,0.3501508176219589,0.2828892566412804,0.3335750680310929,0.04677403769046391,0.04647695491600861,0.010194995310435662,0.12613859464476773,0.06800248975653131,0.04943680558067794,0.010194995310435662,0.14443177094572368,0.04828655327997017,0.0427298216096121,0.004532581194009122,0.14443177094572368,0.05128166326578822,0.04587908748899627,0.0027601031981325796,0.1746796139768345,0.3171243713664347,0.023926546720655594,0.2923699178722617,0.344651371782666,0.3273467032937492,0.02180841614645393,0.2923699178722617,0.3501508176219589,0.3234222944615907,0.020457804799937456,0.2797423541977673,0.3501508176219589,0.3998531516466534,0.1610724811537958,0.2797423541977673,0.7986409500159715,0.0017707146452471624,0.00245458659553707,0,0,0,16.31999969482422,-0.01627489181918751,-0.0003819470485069143,0.0713795027726673,0.0011457188069222
2025-06-30,17.190000534057617,17.43000030517578,16.549999237060547,16.729999542236328,0,0.0006156431250887,0.2933431134367377,0.2475293455756655,0.024812156800422702,0.2933431134367377,-0.016408782563471114,-0.010194995310435662,-0.039065580604479955,0.14443177094572368,-0.006754983416935811,0.2923699178722617,0.2924816303677231,0.3220186715290302,0.3168836745970242,0.331267620596325,0.04392335292965246,0.047493950237406754,0.010194995310435662,0.12613859464476773,0.05604052834200122,0.04293284723214913,0.010194995310435662,0.12613859464476773,0.049146418679183825,0.042028206214384335,0.004532581194009122,0.14443177094572368,0.05092610310613118,0.04602829553869739,0.0027601031981325796,0.1746796139768345,0.31138925974797615,0.02582176930498348,0.2923699178722617,0.344651371782666,0.3249926471777206,0.024202425234384112,0.2923699178722617,0.3501508176219589,0.3216163655492294,0.021383585491733866,0.2797423541977673,0.3501508176219589,0.3879057194040961,0.14921088537192878,0.2797423541977673,0.7986409500159715,0.0009680291611223238,0.001057764608184851,0,0,0,16.729999542236328,0.02512254013963844,0.0033286446552316384,0.0658966655794504,0.0011186831307478
2025-07-01,16.979999542236328,17.479999542236328,16.510000228881836,16.829999923706055,0,3.551583134301267e-05,0.2916180184329749,0.2423721135283672,0.005959516032616463,0.2916180184329749,0.024812156800422702,-0.016408782563471114,-0.12613859464476773,-0.08570225833796652,-0.032320726435629776,0.2933431134367377,0.2923699178722617,0.344651371782666,0.3253929633393813,0.3321330501570595,0.019887537207222205,0.014282909289338631,0.005959516032616463,0.04206223532916509,0.048066254111466214,0.044198370276230414,0.005959516032616463,0.12613859464476773,0.047891122945707,0.04293967622010988,0.004532581194009122,0.14443177094572368,0.05055154213904536,0.046334988715716334,0.0027601031981325796,0.1746796139768345,0.3007825890780379,0.018635192867154822,0.2916180184329749,0.3341002652804922,0.3216151526870799,0.026397490170071043,0.2916180184329749,0.3501508176219589,0.319687078324273,0.022199425230271755,0.2797423541977673,0.3501508176219589,0.37592248838435405,0.13528687856227298,0.2797423541977673,0.7986409500159715,0.001175576638488234,0.0015992812300858357,0,0,0,16.829999923706055,0.005977309277102272,-0.005880809621033767,0.063223409403769,0.0011218193651222
2025-07-02,16.75,17.3700008392334,16.540000915527344,16.639999389648438,0,0.0001289043455019,0.2916172649977638,0.2354079746576687,-0.011353604956223062,0.2916172649977638,0.005959516032616463,0.024812156800422702,-0.04206223532916509,0.12248154215971674,-0.011372940494914996,0.2916180184329749,0.2933431134367377,0.3341002652804922,0.3460490925291129,0.3323029476628976,0.0137458111326338,0.007219985423442033,0.005959516032616463,0.024812156800422702,0.03695346039111684,0.03675248303879824,0.005959516032616463,0.12613859464476773,0.04789020220576929,0.04294049861801614,0.004532581194009122,0.14443177094572368,0.050725275207599445,0.046169789876008206,0.0027601031981325796,0.1746796139768345,0.2922859890214922,0.0007169742227960692,0.2916172649977638,0.2933431134367377,0.31617196993394503,0.026411320910817604,0.2916172649977638,0.3501508176219589,0.31774966486402856,0.022810325384428034,0.2797423541977673,0.3501508176219589,0.3639470251607624,0.11854899771937218,0.2797423541977673,0.7986409500159715,0.0008646662785507362,0.0011819117619602973,0,0,0,16.639999389648438,-0.011289396014196651,-2.5836373731547013e-06,0.0600984735613475,0.0005104847433451
2025-07-03,16.649999618530273,16.829999923706055,16.139999389648438,16.3799991607666,0,0.0002480112056456,0.2896664784573388,0.2311428750251439,-0.01574837152360864,0.2896664784573388,-0.011353604956223062,0.005959516032616463,-0.010194995310435662,-0.0699854753657787,-0.03717488007439629,0.2916172649977638,0.2916180184329749,0.2924816303677231,0.3493686280178414,0.3243509689668891,0.014856486375268397,0.006959646465557389,0.005959516032616463,0.024812156800422702,0.03152975000689984,0.035309867243729705,0.005959516032616463,0.12613859464476773,0.046869892274779404,0.043459260177226726,0.004532581194009122,0.14443177094572368,0.04916540390744862,0.04621958941506054,0.0027601031981325796,0.1746796139768345,0.2917229586394154,0.0013504399420432472,0.2896664784573388,0.2933431134367377,0.31020175497789476,0.024770298420466907,0.2896664784573388,0.3501508176219589,0.3160980224588118,0.023552091892690905,0.2797423541977673,0.3501508176219589,0.3518285853617473,0.09710432836685419,0.2797423541977673,0.7269295303944553,0.000632065885451553,0.0007729747290673361,0,0,0,16.3799991607666,-0.015625014328040088,-0.006689544051652674,0.0578230497133537,0.0003765723164497
2025-07-07,17.829999923706055,18.5,17.510000228881836,17.790000915527344,0,0.0068187174861012,0.3011724455120304,0.2324191719792202,0.08257552595110296,0.3011724455120304,-0.01574837152360864,-0.011353604956223062,-0.016408782563471114,0.023553662303807954,-0.004532581194009122,0.2896664784573388,0.2916172649977638,0.2923699178722617,0.3501508176219589,0.3217226126796162,0.028089835052794766,0.031231385765023136,0.005959516032616463,0.08257552595110296,0.03743193637162934,0.03860739098898431,0.005959516032616463,0.12613859464476773,0.05058622297749816,0.04299218352095194,0.005959516032616463,0.14443177094572368,0.050144424182378924,0.04648703565108533,0.0027601031981325796,0.1746796139768345,0.2934834641673691,0.004490882415663094,0.2896664784573388,0.3011724455120304,0.30530391776690186,0.020460862055229654,0.2896664784573388,0.344651371782666,0.3151194430698792,0.023732938621721624,0.2797423541977673,0.3501508176219589,0.3416915119121658,0.07716764594202818,0.2797423541977673,0.6019156035569377,0.0010909814991407964,0.0015104730501029927,0,0,0,17.790000915527344,0.08608069761920256,0.03972143106088177,0.0564135186962477,0.0004001443699189
2025-07-08,17.40999984741211,17.440000534057617,16.540000915527344,16.809999465942383,0,0.003210654487378,0.3026386079323354,0.227400099712231,-0.05666263749048417,0.3026386079323354,0.08257552595110296,-0.01574837152360864,0.024812156800422702,-0.039065580604479955,0.04822208427528896,0.3011724455120304,0.2896664784573388,0.2933431134367377,0.3220186715290302,0.3220063827332746,0.03445993119080706,0.03355729826578084,0.005959516032616463,0.08257552595110296,0.03919164206022976,0.0390881641388698,0.005959516032616463,0.12613859464476773,0.05098815408298364,0.04300842825460486,0.005959516032616463,0.14443177094572368,0.050391408638316454,0.046493610056869666,0.0027601031981325796,0.1746796139768345,0.29534256306648865,0.006066049268909041,0.2896664784573388,0.3026386079323354,0.3033659114072324,0.01960154211924489,0.2896664784573388,0.344651371782666,0.31419716807935827,0.023828057417601675,0.2797423541977673,0.3501508176219589,0.33458962970500783,0.06558503309725677,0.2797423541977673,0.6019156035569377,0.0010125478950164374,0.0009285616379794946,0,0,0,16.809999465942383,-0.055087206247954934,0.004868182472046456,0.0681915331953106,0.0008648534258147
2025-07-09,16.760000228881836,16.760000228881836,15.760000228881836,15.9399995803833,0,0.0028241007133344,0.2915241245557265,0.2228607256650811,-0.05314226861298321,0.2915241245557265,-0.05666263749048417,0.08257552595110296,0.005959516032616463,-0.12613859464476773,-0.09709743831107787,0.3026386079323354,0.3011724455120304,0.2916180184329749,0.344651371782666,0.332574270503334,0.04389648170688041,0.029982839703525003,0.011353604956223062,0.08257552595110296,0.031892009457051305,0.02550155166910359,0.005959516032616463,0.08257552595110296,0.048895050764026754,0.041701960040524864,0.005959516032616463,0.14443177094572368,0.0504637562482788,0.046495515498942354,0.0027601031981325796,0.1746796139768345,0.29532378429103895,0.006080589849116735,0.2896664784573388,0.3026386079323354,0.2980531866845385,0.01338104928084158,0.2896664784573388,0.3341002652804922,0.31224239922471025,0.023928677218221305,0.2797423541977673,0.3501508176219589,0.32719935639545517,0.0504745390527774,0.2797423541977673,0.5939978595680654,0.0013650461643396963,0.0009202951435597375,0,0,0,15.9399995803833,-0.05175490262933857,-0.036725265994792866,0.0677301360494538,0.0009509653055667
2025-07-10,16.229999542236328,16.239999771118164,15.699999809265137,15.779999732971191,0,0.0001017747762959,0.2907912888825812,0.2215838218620499,-0.010088348541557046,0.2907912888825812,-0.05314226861298321,-0.05666263749048417,-0.011353604956223062,-0.04206223532916509,0.022989482036049225,0.2915241245557265,0.3026386079323354,0.2916172649977638,0.3341002652804922,0.3301089696275116,0.04364343042394721,0.03032949708166084,0.010088348541557046,0.08257552595110296,0.028694620778290502,0.02608255148814366,0.005959516032616463,0.08257552595110296,0.04828071107381284,0.04219478960271025,0.005959516032616463,0.14443177094572368,0.04959681732299423,0.04690884918298948,0.0027601031981325796,0.1746796139768345,0.29515858906800246,0.006216169916042042,0.2896664784573388,0.3026386079323354,0.29372228904474734,0.004437828040165724,0.2896664784573388,0.3026386079323354,0.3103701287130469,0.02399891073672161,0.2797423541977673,0.3501508176219589,0.3199801523315151,0.028115631783402886,0.2797423541977673,0.3971848689804405,0.0004124534621464548,0.0002663679267578624,0,0,0,15.779999732971191,-0.010037631845926431,-0.002513807988488548,0.0668624898319911,0.001037500024609
2025-07-11,16.40999984741211,17.239999771118164,15.979999542236328,16.399999618530273,0,0.0014851784516958,0.2930753095904886,0.2216194178778965,0.03853801307405291,0.2930753095904886,-0.010088348541557046,-0.05314226861298321,-0.01574837152360864,-0.010194995310435662,-0.012313206330112791,0.2907912888825812,0.2915241245557265,0.2896664784573388,0.2924816303677231,0.3293027169899577,0.04820135873403606,0.026568642211117904,0.010088348541557046,0.08257552595110296,0.03152892255465223,0.025379385757884287,0.005959516032616463,0.08257552595110296,0.049529511394952846,0.0414587232148329,0.005959516032616463,0.14443177094572368,0.049892022747171874,0.04679650583389888,0.0027601031981325796,0.1746796139768345,0.2958403552946324,0.005621739548023065,0.2907912888825812,0.3026386079323354,0.2937816569670239,0.004423334116881752,0.2896664784573388,0.3026386079323354,0.30864501407497696,0.02387166287651264,0.2797423541977673,0.3501508176219589,0.317501353298421,0.025621672604292055,0.2797423541977673,0.3893056342004338,0.0020774631442443633,0.002879831898043774,0,0,0,16.399999618530273,0.03929023422374556,0.007854501820478088,0.0625000509636177,0.0009400260341017
2025-07-14,17.729999542236328,17.850000381469727,16.90999984741211,17.200000762939453,0,0.0022684374914869,0.2963664989988088,0.2143010615431291,0.04762811660654842,0.2963664989988088,0.03853801307405291,-0.010088348541557046,0.08257552595110296,-0.016408782563471114,0.018123820078471464,0.2930753095904886,0.2907912888825812,0.3011724455120304,0.2923699178722617,0.2797423541977673,0.041211876865125154,0.018695266422682186,0.010088348541557046,0.05666263749048417,0.03465085595895996,0.025232518099965733,0.005959516032616463,0.08257552595110296,0.05093447789628985,0.040836478740759644,0.005959516032616463,0.14443177094572368,0.0468669870954984,0.04243654612440415,0.0027601031981325796,0.1618067399316656,0.2948791659919881,0.0048384408365869085,0.2907912888825812,0.3026386079323354,0.29418131507967865,0.0044619888113511565,0.2896664784573388,0.3026386079323354,0.30943664001788374,0.023129379423140965,0.2828892566412804,0.3501508176219589,0.31528851674600133,0.023164545334958455,0.2797423541977673,0.3809458836089113,0.001055560181333541,0.0011075239764519415,0,0,0,17.200000762939453,0.048780558720578515,0.011229841957409947,0.0625896895326282,0.0010402241025504
2025-07-15,16.889999389648438,17.389999389648438,16.559999465942383,17.3799991607666,0,0.0001083814954519,0.2934019176051701,0.2109854787672213,0.010410643373586215,0.2934019176051701,0.04762811660654842,0.03853801307405291,-0.05666263749048417,0.024812156800422702,0.04309057866717403,0.2963664989988088,0.2930753095904886,0.3026386079323354,0.2933431134367377,0.2828892566412804,0.03196147804174556,0.020495075842751394,0.010088348541557046,0.05314226861298321,0.03321070461627631,0.026247046972817198,0.005959516032616463,0.08257552595110296,0.04937829050135709,0.041762518018449345,0.005959516032616463,0.14443177094572368,0.04689373690721565,0.04241262732192091,0.0027601031981325796,0.1618067399316656,0.293031827926555,0.002153605862695589,0.2907912888825812,0.2963664989988088,0.29418719549652184,0.004460800003108869,0.2896664784573388,0.3026386079323354,0.3099372429209261,0.0226345421205108,0.2896664784573388,0.3501508176219589,0.3132041366030551,0.02094481778725688,0.2797423541977673,0.3501508176219589,0.0008626293093116893,0.0008799206754017867,0,0,0,17.3799991607666,0.010465022665288926,-0.01000309212968975,0.0640666860976576,0.0009145792920936
2025-07-16,17.65999984741211,19.479999542236328,16.690000534057617,17.15999984741211,0,0.0001622817740456,0.2557077053393555,0.2114158894124441,-0.012738986382189843,0.2557077053393555,0.010410643373586215,0.04762811660654842,-0.05314226861298321,0.005959516032616463,0.14443177094572368,0.2934019176051701,0.2963664989988088,0.2915241245557265,0.2916180184329749,0.3168836745970242,0.02388082159558689,0.01785067077573955,0.010088348541557046,0.04762811660654842,0.03388865165123365,0.025543068465178172,0.010088348541557046,0.08257552595110296,0.043107205522141194,0.03630673218800328,0.005959516032616463,0.12613859464476773,0.04667998746928967,0.04256495814303275,0.0027601031981325796,0.1618067399316656,0.28586854408328083,0.016976497380206613,0.2557077053393555,0.2963664989988088,0.2905961641871599,0.013013685374905333,0.2557077053393555,0.3026386079323354,0.3070241015277038,0.02545665485199179,0.2557077053393555,0.3501508176219589,0.31149072409725476,0.022609811599414113,0.2557077053393555,0.3501508176219589,0.008618124292870935,0.011628602249441906,0,0,0,17.15999984741211,-0.012658188951534366,-0.1284729580961348,0.0608629210439024,0.0007361121578314
2025-07-17,17.15999984741211,17.3700008392334,16.479999542236328,16.520000457763672,0,0.0014447060780513,0.2438980515784053,0.2083274271249246,-0.03800928936525105,0.2438980515784053,-0.012738986382189843,0.010410643373586215,-0.010088348541557046,-0.011353604956223062,-0.08570225833796652,0.2557077053393555,0.2934019176051701,0.2907912888825812,0.2916172649977638,0.3253929633393813,0.029465009760325688,0.016793237402683975,0.010410643373586215,0.04762811660654842,0.03655422009213645,0.024290221841637188,0.010088348541557046,0.08257552595110296,0.0408361117615357,0.03497635706011199,0.005959516032616463,0.12613859464476773,0.04655273508930882,0.04258312963046394,0.0027601031981325796,0.1618067399316656,0.27648989662244566,0.024750250185453872,0.2438980515784053,0.2963664989988088,0.28582424284522406,0.019652997523000953,0.2438980515784053,0.3026386079323354,0.3031433914438478,0.02854124252477429,0.2438980515784053,0.3501508176219589,0.30945112288475934,0.02470649737139035,0.2438980515784053,0.3501508176219589,0.0009977889104498153,0.0008251473287176585,0,0,0,16.520000457763672,-0.03729600205940298,-0.0461841920065621,0.0583771152799862,0.0006141136439714
2025-07-18,16.43000030517578,16.809999465942383,16.280000686645508,16.40999984741211,0,4.463442479619925e-05,0.2110193493941165,0.1988125525683837,-0.006680899998967149,0.2110193493941165,-0.03800928936525105,-0.012738986382189843,0.03853801307405291,-0.01574837152360864,0.12248154215971674,0.2438980515784053,0.2557077053393555,0.2930753095904886,0.2896664784573388,0.3460490925291129,0.023093587145308535,0.018451777879398185,0.006680899998967149,0.04762811660654842,0.0356474729396723,0.02530139194412248,0.006680899998967149,0.08257552595110296,0.03532179546816667,0.03027288546019438,0.005959516032616463,0.12613859464476773,0.04591060947888552,0.042983890806816034,0.0027601031981325796,0.1618067399316656,0.2600787045831712,0.03575954434579949,0.2110193493941165,0.2963664989988088,0.27795952993890183,0.03062068114398784,0.2110193493941165,0.3026386079323354,0.29671340367551463,0.03321878296867817,0.2110193493941165,0.3501508176219589,0.30682341769637944,0.02891674068968197,0.2110193493941165,0.3501508176219589,0.00037017324295994823,0.0005125959508096045,0,0,0,16.40999984741211,-0.006658632403358511,-0.1348051039010426,0.0585941569264384,0.0006921730995578
2025-07-21,16.8700008392334,16.989999771118164,16.299999237060547,16.649999618530273,0,0.0002108100060446,0.1996046318665649,0.1917562268034833,0.014519297711828028,0.1996046318665649,-0.006680899998967149,-0.03800928936525105,0.04762811660654842,0.08257552595110296,-0.0699854753657787,0.2110193493941165,0.2438980515784053,0.2963664989988088,0.3011724455120304,0.3493686280178414,0.016471823366364456,0.012391619681528424,0.006680899998967149,0.03800928936525105,0.028841850115744805,0.019839457087078145,0.006680899998967149,0.05666263749048417,0.03268054891321664,0.029507308620013602,0.005959516032616463,0.12613859464476773,0.04504470801771646,0.0432467021296731,0.0027601031981325796,0.1618067399316656,0.24072633115672248,0.0373587931699986,0.1996046318665649,0.2934019176051701,0.26780274857435526,0.03801707737487568,0.1996046318665649,0.3026386079323354,0.2895817848111681,0.03718819168093025,0.1996046318665649,0.3501508176219589,0.3041740246250301,0.03330124981465731,0.1996046318665649,0.3501508176219589,0.0006199693728121269,0.0007928970311729273,0,0,0,16.649999618530273,0.014625214707483014,-0.05409322680752171,0.056690474273207,0.0005560570702328
2025-07-22,16.75,17.479999542236328,16.43000030517578,16.5,0,8.189910825481143e-05,0.1984165647392371,0.186322773831752,-0.009049812608822982,0.1984165647392371,0.014519297711828028,-0.006680899998967149,0.010410643373586215,-0.05666263749048417,0.023553662303807954,0.1996046318665649,0.2110193493941165,0.2934019176051701,0.3026386079323354,0.3501508176219589,0.016199657213411812,0.012571663792361689,0.006680899998967149,0.03800928936525105,0.024080567627578688,0.018053829839288587,0.006680899998967149,0.05314226861298321,0.03198988940393164,0.029898762229671215,0.005959516032616463,0.12613859464476773,0.045194463003685285,0.04310737298268574,0.004532581194009122,0.1618067399316656,0.22172926058353587,0.02642760480669782,0.1984165647392371,0.2557077053393555,0.2573805442550454,0.041529595244306744,0.1984165647392371,0.2963664989988088,0.28235634419770517,0.03950023720931857,0.1984165647392371,0.344651371782666,0.30219182182688187,0.036951202932816334,0.1984165647392371,0.3501508176219589,0.0013841228654102344,0.0018314459835787652,0,0,0,16.5,-0.00900898630432001,-0.005952101993915715,0.0560614269556173,0.0004214566637747
2025-07-23,16.229999542236328,16.31999969482422,15.31999969482422,15.369999885559082,0,0.0050328852421676,0.2070649627945839,0.174115945999501,-0.07094283080176345,0.2070649627945839,-0.009049812608822982,0.014519297711828028,-0.012738986382189843,-0.05314226861298321,-0.039065580604479955,0.1984165647392371,0.1996046318665649,0.2557077053393555,0.2915241245557265,0.3220186715290302,0.02784042609732653,0.027108523719078837,0.006680899998967149,0.07094283080176345,0.02586062384645671,0.021739033483093948,0.006680899998967149,0.07094283080176345,0.03350785369904038,0.031062515486740577,0.005959516032616463,0.12613859464476773,0.04347992436897955,0.040476058282882636,0.004532581194009122,0.1618067399316656,0.21200071207458154,0.01858061371725474,0.1984165647392371,0.2438980515784053,0.24893462807893116,0.04239353225279603,0.1984165647392371,0.2963664989988088,0.2768823580674934,0.04163640936060224,0.1984165647392371,0.344651371782666,0.29999634765807676,0.039761242799124775,0.1984165647392371,0.3501508176219589,0.0014420852867325527,0.0008541288817315541,0,0,1,15.369999885559082,-0.06848485542066174,0.04358707684871299,0.0549711490649373,0.0004023913808422
2025-07-24,15.390000343322754,15.539999961853027,14.949999809265137,15.390000343322754,0,1.691092317333052e-06,0.1642152393978181,0.1694395148214708,0.0013004200541875122,0.1642152393978181,-0.07094283080176345,-0.009049812608822982,-0.03800928936525105,-0.010088348541557046,-0.12613859464476773,0.2070649627945839,0.1984165647392371,0.2438980515784053,0.2907912888825812,0.344651371782666,0.020498652235113823,0.028596093073618517,0.0013004200541875122,0.07094283080176345,0.024981830997719758,0.022607733102552048,0.0013004200541875122,0.07094283080176345,0.027563178718536557,0.02346522917852361,0.0013004200541875122,0.08257552595110296,0.04282808797216744,0.04093806086099026,0.0013004200541875122,0.1618067399316656,0.1960641496384641,0.018554634492205967,0.1642152393978181,0.2110193493941165,0.23627702313045487,0.04713827098886035,0.1642152393978181,0.2963664989988088,0.2682901612872626,0.04539972981337981,0.1642152393978181,0.3341002652804922,0.29695554866713364,0.04493960345762572,0.1642152393978181,0.3501508176219589,0.0005403465407952542,0.0007490793625550998,0,0,0,15.390000343322754,0.0013012659669868754,-0.20693855116026705,0.062212754440228,0.0007269421623814
2025-07-25,15.329999923706056,15.390000343322754,14.920000076293944,14.93000030517578,0,0.000920839548495,0.1616114252090232,0.1679468490028091,-0.030345338167419467,0.1616114252090232,0.0013004200541875122,-0.07094283080176345,-0.006680899998967149,0.03853801307405291,-0.04206223532916509,0.1642152393978181,0.2070649627945839,0.2110193493941165,0.2930753095904886,0.3341002652804922,0.025231539868804286,0.027681094525526057,0.0013004200541875122,0.07094283080176345,0.024162563507056412,0.02220678452081753,0.0013004200541875122,0.07094283080176345,0.027005231234643906,0.023241471514647137,0.0013004200541875122,0.08257552595110296,0.04130052516924906,0.04015228271305835,0.0013004200541875122,0.1618067399316656,0.18618256480144543,0.021518605153337304,0.1616114252090232,0.2070649627945839,0.22313063469230832,0.04786413666117446,0.1616114252090232,0.2963664989988088,0.26007640699814505,0.04840212357750771,0.1616114252090232,0.3026386079323354,0.29370238731405807,0.049552674357220966,0.1616114252090232,0.3501508176219589,0.0003469512752674852,0.00021094769150258893,0,0,0,14.93000030517578,-0.029889540473373333,-0.015856105671697485,0.0592021163508965,0.0005432633533087
2025-07-28,15.149999618530272,15.539999961853027,15.0,15.029999732971191,0,4.456302129978434e-05,0.161427624184994,0.1675065351041435,0.006675554006955853,0.161427624184994,-0.030345338167419467,0.0013004200541875122,0.014519297711828028,0.04762811660654842,-0.010194995310435662,0.1616114252090232,0.1642152393978181,0.1996046318665649,0.2963664989988088,0.2924816303677231,0.023662791127829853,0.028645416704676824,0.0013004200541875122,0.07094283080176345,0.020067307247097155,0.021149530043190458,0.0013004200541875122,0.07094283080176345,0.02683763879162106,0.023381019947717633,0.0013004200541875122,0.08257552595110296,0.03760692550437502,0.03568308556914258,0.0013004200541875122,0.14443177094572368,0.17854716326513126,0.022323529562440575,0.161427624184994,0.2070649627945839,0.2096367472109269,0.04376921786956454,0.161427624184994,0.2934019176051701,0.2538357400370627,0.05230627628622991,0.161427624184994,0.3026386079323354,0.2896100922531084,0.053167733651926834,0.161427624184994,0.3501508176219589,0.0004511432509043356,0.0006009883189456953,0,0,0,15.029999732971191,0.0066978851809362805,-0.0011373021665482819,0.058276784159163,0.0006269467523708
2025-07-29,14.949999809265137,16.1200008392334,14.699999809265137,15.979999542236328,0,0.0037564304755962,0.1718896744437914,0.1713319577975401,0.06128972569359581,0.1718896744437914,0.006675554006955853,-0.030345338167419467,-0.009049812608822982,0.010410643373586215,-0.016408782563471114,0.161427624184994,0.1616114252090232,0.1984165647392371,0.2934019176051701,0.2923699178722617,0.03411077374478442,0.03137947160380832,0.0013004200541875122,0.07094283080176345,0.025155215479098113,0.02443333813794859,0.0013004200541875122,0.07094283080176345,0.028974826559722236,0.02440871578238668,0.0013004200541875122,0.08257552595110296,0.0386306899198462,0.03573218829773154,0.0013004200541875122,0.14443177094572368,0.1732417852060421,0.019378814135663412,0.161427624184994,0.2070649627945839,0.197485522894789,0.033621116221342326,0.161427624184994,0.2557077053393555,0.2480985855880879,0.05443252328287333,0.161427624184994,0.3026386079323354,0.2857604400248393,0.05569995163708356,0.161427624184994,0.3501508176219589,0.0030669151053895703,0.002536845072639522,0,0,1,15.979999542236328,0.0632069079270261,0.0648095411898526,0.0566583795938876,0.0005704185267933
2025-07-30,15.869999885559082,17.270000457763672,15.4399995803833,15.479999542236328,0,0.001010545168672,0.1730345694477721,0.1814157154631745,-0.03178907310180712,0.1730345694477721,0.06128972569359581,0.006675554006955853,-0.07094283080176345,-0.012738986382189843,0.024812156800422702,0.1718896744437914,0.161427624184994,0.2070649627945839,0.2557077053393555,0.2933431134367377,0.02628002220479315,0.023879235074424632,0.0013004200541875122,0.06128972569359581,0.027060224151059842,0.024098056294691247,0.0013004200541875122,0.07094283080176345,0.02930706066931197,0.0243967029713097,0.0013004200541875122,0.08257552595110296,0.0392267396742479,0.035394703336331344,0.0013004200541875122,0.14443177094572368,0.16643570653667977,0.005625295795223039,0.161427624184994,0.1730345694477721,0.18921820930563066,0.027280348970899364,0.161427624184994,0.2438980515784053,0.24236960730289908,0.05574777394732532,0.161427624184994,0.3026386079323354,0.28199298642606424,0.05785641432978899,0.161427624184994,0.3501508176219589,0.004525051215399739,0.006033898749500775,0,0,0,15.479999542236328,-0.03128911228554565,0.006660638620006543,0.0630389830207231,0.0007760373137951
2025-07-31,14.989999771118164,17.170000076293945,14.739999771118164,16.719999313354492,0,0.005937739329905,0.1893229667064667,0.2003369094107686,0.07705672799895558,0.1893229667064667,-0.03178907310180712,0.06128972569359581,0.0013004200541875122,-0.03800928936525105,0.005959516032616463,0.1730345694477721,0.1718896744437914,0.1642152393978181,0.2438980515784053,0.2916180184329749,0.04143128379374676,0.027782013785803878,0.006675554006955853,0.07705672799895558,0.030964968014430293,0.028778357949067183,0.0013004200541875122,0.07705672799895558,0.032692642191518594,0.025882619457680216,0.0013004200541875122,0.08257552595110296,0.0402918825686128,0.03585198254835555,0.0013004200541875122,0.14443177094572368,0.1714572519984095,0.011395091276276588,0.161427624184994,0.1893229667064667,0.18376070081843682,0.019465749961367473,0.161427624184994,0.2110193493941165,0.2374984143635415,0.05569853101638779,0.161427624184994,0.3026386079323354,0.27859274634390724,0.05902254010062109,0.161427624184994,0.3501508176219589,0.008398792093731261,0.007034897913264716,0,0,1,16.719999313354492,0.0801033467562382,0.09413377517959498,0.0609970090370284,0.0006171860913948
2025-08-01,17.399999618530273,21.899999618530277,17.389999389648438,20.3799991607666,0,0.0391835769908192,0.2736747309633375,0.2417603894408405,0.1979484200260746,0.2736747309633375,0.07705672799895558,-0.03178907310180712,-0.030345338167419467,-0.006680899998967149,-0.011353604956223062,0.1893229667064667,0.1730345694477721,0.1616114252090232,0.2110193493941165,0.2916172649977638,0.07495190016547779,0.0738984409412907,0.006675554006955853,0.1979484200260746,0.05009172001714104,0.05877374304229485,0.0013004200541875122,0.1979484200260746,0.04157810957579724,0.04392854154989548,0.0013004200541875122,0.1979484200260746,0.044734155890783264,0.04302308231172869,0.0013004200541875122,0.1979484200260746,0.19386991314927235,0.045714407527170035,0.161427624184994,0.2736747309633375,0.1900262389753589,0.033926666019508146,0.161427624184994,0.2736747309633375,0.23664400798094978,0.05495956369042187,0.161427624184994,0.3026386079323354,0.27719683642248916,0.0584114153722348,0.161427624184994,0.3501508176219589,0.019177874908879115,0.016932495033845623,0,0,1,20.3799991607666,0.21889952139464608,0.4455442766627087,0.0692433036104747,0.00086467002522
2025-08-04,19.559999465942383,19.57999992370605,17.479999542236328,17.520000457763672,0,0.0228647287119164,0.3122732391258111,0.2499166307415471,-0.15121087497900554,0.3122732391258111,0.1979484200260746,0.07705672799895558,0.006675554006955853,0.014519297711828028,-0.01574837152360864,0.2736747309633375,0.1893229667064667,0.161427624184994,0.1996046318665649,0.2896664784573388,0.10385896435988773,0.06859227049633024,0.03178907310180712,0.1979484200260746,0.06376087774385879,0.06513268797255385,0.0013004200541875122,0.1979484200260746,0.048028704978435185,0.049534174735281954,0.0013004200541875122,0.1979484200260746,0.047449298626607295,0.046027811086344635,0.0013004200541875122,0.1979484200260746,0.22403903613743575,0.06475954331589086,0.1718896744437914,0.3122732391258111,0.20129309970128348,0.051577697520908766,0.161427624184994,0.3122732391258111,0.2377205203937342,0.05625617059065682,0.161427624184994,0.3122732391258111,0.27690927142627303,0.0582029669756583,0.161427624184994,0.3501508176219589,0.00464230230407147,0.0017492302854139226,0,0,1,17.520000457763672,-0.14033360258957683,0.1410378957041687,0.1130452441998277,0.001762158735334
2025-08-05,17.209999084472656,18.940000534057617,17.110000610351562,17.850000381469727,0,0.000348211198449,0.301735098366885,0.2551301033013063,0.01866041796019191,0.301735098366885,-0.15121087497900554,0.1979484200260746,0.06128972569359581,-0.009049812608822982,0.08257552595110296,0.3122732391258111,0.2736747309633375,0.1718896744437914,0.1984165647392371,0.3011724455120304,0.09533310281320695,0.07730265024530934,0.01866041796019191,0.1979484200260746,0.06472193827899568,0.06430130276348875,0.0013004200541875122,0.1979484200260746,0.04498512840743942,0.04926823127125808,0.0013004200541875122,0.1979484200260746,0.04778567569246879,0.0457573498998013,0.0013004200541875122,0.1979484200260746,0.2500081209220545,0.0646535945251411,0.1730345694477721,0.3122732391258111,0.2116249530640483,0.060511870862465025,0.161427624184994,0.3122732391258111,0.23774731338682253,0.056288026660743014,0.161427624184994,0.3122732391258111,0.2764333782283509,0.05790858526906432,0.161427624184994,0.3501508176219589,0.003724028788469215,0.004647593562642797,0,0,0,17.850000381469727,0.0188356115915409,-0.03374653809089423,0.1180955279543767,0.0020904193376148
2025-08-06,17.219999313354492,17.8799991607666,16.559999465942383,16.770000457763672,0,0.0038952485650478,0.3028674027757751,0.2572940277341153,-0.06241192646480176,0.3028674027757751,0.01866041796019191,-0.15121087497900554,-0.03178907310180712,-0.07094283080176345,-0.05666263749048417,0.301735098366885,0.3122732391258111,0.1730345694477721,0.2070649627945839,0.3026386079323354,0.10145767348580588,0.07204374929578507,0.01866041796019191,0.1979484200260746,0.06386884784529952,0.06426617984917439,0.0013004200541875122,0.1979484200260746,0.04525890407288312,0.04935226808805051,0.0013004200541875122,0.1979484200260746,0.04812352907793338,0.04581300287700515,0.0013004200541875122,0.1979484200260746,0.2759746875876551,0.05054258667108662,0.1893229667064667,0.3122732391258111,0.22120519706216743,0.06695086009320961,0.161427624184994,0.3122732391258111,0.2377582083793673,0.05630123548765378,0.161427624184994,0.3122732391258111,0.2759776882293628,0.05761578197471102,0.161427624184994,0.3501508176219589,0.0021213949921248883,0.00267001496380799,0,0,0,16.770000457763672,-0.06050419611347535,0.003752644008001127,0.1009084816119016,0.0018530995568689
2025-08-07,16.40999984741211,17.639999389648438,15.979999542236328,16.56999969482422,0,0.0001439469675378,0.2984099695357831,0.2614537873846901,-0.011997790110595208,0.2984099695357831,-0.06241192646480176,0.01866041796019191,0.07705672799895558,0.0013004200541875122,-0.05314226861298321,0.3028674027757751,0.301735098366885,0.1893229667064667,0.1642152393978181,0.2915241245557265,0.0884458859081338,0.08264735138435697,0.011997790110595208,0.1979484200260746,0.06493858485094028,0.06318898634107312,0.006675554006955853,0.1979484200260746,0.04329964319181702,0.04983797187237597,0.0013004200541875122,0.1979484200260746,0.04609734697792189,0.04547480631461095,0.0013004200541875122,0.1979484200260746,0.2977920881535184,0.014431203837355976,0.2736747309633375,0.3122732391258111,0.2346246700759639,0.06770332181528992,0.161427624184994,0.3122732391258111,0.23808610575936995,0.056649001265374685,0.161427624184994,0.3122732391258111,0.27516425249204013,0.05703549500113904,0.161427624184994,0.3501508176219589,0.0035229123944947468,0.00484742528553108,0,0,0,16.56999969482422,-0.01192610360644697,-0.014717441359286987,0.0913051754813319,0.0019870086566886
2025-08-08,16.479999542236328,16.520000457763672,15.149999618530272,15.149999618530272,0,0.0080269605239544,0.3114059981214323,0.2657982895752517,-0.08959330624524586,0.3114059981214323,-0.011997790110595208,-0.06241192646480176,0.1979484200260746,-0.030345338167419467,-0.010088348541557046,0.2984099695357831,0.3028674027757751,0.2736747309633375,0.1616114252090232,0.2907912888825812,0.06677486315196805,0.05697517929345523,0.011997790110595208,0.15121087497900554,0.07086338165872293,0.062357181135152304,0.006675554006955853,0.1979484200260746,0.04708559355865934,0.05020736008286471,0.0013004200541875122,0.1979484200260746,0.04768315231623609,0.045809409709124706,0.0013004200541875122,0.1979484200260746,0.30533834158513734,0.006164424127319133,0.2984099695357831,0.3122732391258111,0.2496041273672048,0.0663109301082966,0.161427624184994,0.3122732391258111,0.23906775858026763,0.05777539298340832,0.161427624184994,0.3122732391258111,0.2747189436466573,0.056667874685782445,0.161427624184994,0.3501508176219589,0.0027031012654771037,0.001012053411583452,0,0,0,15.149999618530272,-0.08569704903117747,0.04355091958176294,0.0801904755628107,0.0017665630972425
2025-08-11,15.8100004196167,16.360000610351562,15.520000457763672,16.25,0,0.004912944818114,0.3168618974134057,0.2637675808880679,0.07009240199988875,0.3168618974134057,-0.08959330624524586,-0.011997790110595208,-0.15121087497900554,0.006675554006955853,0.03853801307405291,0.3114059981214323,0.2984099695357831,0.3122732391258111,0.161427624184994,0.2930753095904886,0.0505511685561447,0.03372761799010052,0.011997790110595208,0.08959330624524586,0.07720506645801621,0.05818945101242366,0.011997790110595208,0.1979484200260746,0.048588183507508674,0.050410524161467164,0.0013004200541875122,0.1979484200260746,0.04905884745123076,0.04558835901041786,0.0013004200541875122,0.1979484200260746,0.30625607324265625,0.007623792975570192,0.2984099695357831,0.3168618974134057,0.26514755469004603,0.0613793175943987,0.1718896744437914,0.3168618974134057,0.2402004532385018,0.05910502948880437,0.161427624184994,0.3168618974134057,0.2744227336567394,0.05640751636956608,0.161427624184994,0.3501508176219589,0.0010020691306584398,0.001098084119198507,0,0,0,16.25,0.07260728773380931,0.017520212599905882,0.0818965413838977,0.0015484193274135
2025-08-12,16.09000015258789,16.559999465942383,14.65999984741211,14.729999542236328,0,0.0096445577668886,0.3282949623552352,0.2717984261303343,-0.09820670937817155,0.3282949623552352,0.07009240199988875,-0.08959330624524586,0.01866041796019191,0.06128972569359581,0.04762811660654842,0.3168618974134057,0.3114059981214323,0.301735098366885,0.1718896744437914,0.2963664989988088,0.06646042683974063,0.03368500023356229,0.011997790110595208,0.09820670937817155,0.08089676482647379,0.05823858442972767,0.011997790110595208,0.1979484200260746,0.05099668792520501,0.051557577785263195,0.0013004200541875122,0.1979484200260746,0.05096558291074743,0.04593634967937028,0.0013004200541875122,0.1979484200260746,0.3115680460403263,0.011797001968834082,0.2984099695357831,0.3282949623552352,0.2807880834811904,0.054519198568871614,0.1730345694477721,0.3282949623552352,0.24172085625547446,0.061002280254759185,0.161427624184994,0.3282949623552352,0.2755787481366791,0.05701345907989964,0.161427624184994,0.3501508176219589,0.005356607900716864,0.004413137613824607,0,0,0,14.729999542236328,-0.09353848970853362,0.03608217029298699,0.0808415571932445,0.0011785887184973
2025-08-13,14.619999885559082,14.8100004196167,14.300000190734863,14.489999771118164,0,0.0002698614046243,0.3285408075368989,0.271025219248158,-0.01642745886083219,0.3285408075368989,-0.09820670937817155,0.07009240199988875,-0.06241192646480176,-0.03178907310180712,0.010410643373586215,0.3282949623552352,0.3168618974134057,0.3028674027757751,0.1730345694477721,0.2934019176051701,0.057263533318946715,0.040628531355036905,0.011997790110595208,0.09820670937817155,0.0793606034023763,0.05985790818760748,0.011997790110595208,0.1979484200260746,0.0512832029484072,0.05133700284366017,0.0013004200541875122,0.1979484200260746,0.05033074672488215,0.04623113107627237,0.0013004200541875122,0.1979484200260746,0.31670272699255103,0.012621665094269296,0.2984099695357831,0.3285408075368989,0.2963387072901031,0.04082805540455278,0.1893229667064667,0.3285408075368989,0.24339413672841395,0.06294185354178809,0.161427624184994,0.3285408075368989,0.27666568982467005,0.05758849622463305,0.161427624184994,0.3501508176219589,0.00044291433089704694,0.0005831928632901045,0,0,0,14.489999771118164,-0.01629326399026665,0.0007488545663325574,0.0842463884393944,0.0014265443603541
2025-08-14,14.65999984741211,15.390000343322754,14.56999969482422,14.829999923706056,0,0.0005379342891617,0.3291120094012277,0.2567446600176574,0.023193410468530296,0.3291120094012277,-0.01642745886083219,-0.09820670937817155,-0.011997790110595208,0.07705672799895558,-0.012738986382189843,0.3285408075368989,0.3282949623552352,0.2984099695357831,0.1893229667064667,0.2557077053393555,0.05950265739053373,0.037714147279459695,0.01642745886083219,0.09820670937817155,0.07397427164933376,0.062455355233442506,0.011997790110595208,0.1979484200260746,0.051781032666804366,0.05099408421927961,0.0013004200541875122,0.1979484200260746,0.047444119094472784,0.04394050272332239,0.0013004200541875122,0.1979484200260746,0.32284313496563993,0.008186390889059324,0.3114059981214323,0.3291120094012277,0.3103176115595792,0.017223994651859413,0.2736747309633375,0.3291120094012277,0.24688957977897927,0.06564026496923205,0.161427624184994,0.3291120094012277,0.27695684065334153,0.05782720278135693,0.161427624184994,0.3501508176219589,0.001081275271941271,0.0014476162583188482,0,0,0,14.829999923706056,0.023464469148273492,0.001738602484760321,0.0751270519365988,0.0012329765069356
2025-08-15,14.43000030517578,15.18000030517578,14.399999618530272,15.09000015258789,0,0.0003020689843865,0.3273714673554324,0.2567560166845328,0.017380131886339356,0.3273714673554324,0.023193410468530296,-0.01642745886083219,-0.08959330624524586,0.1979484200260746,-0.03800928936525105,0.3291120094012277,0.3285408075368989,0.3114059981214323,0.2736747309633375,0.2438980515784053,0.04506002251875243,0.03713266458329875,0.01642745886083219,0.09820670937817155,0.055917442835360244,0.04676045230465484,0.011997790110595208,0.15121087497900554,0.05079869183447524,0.05146913089633196,0.0013004200541875122,0.1979484200260746,0.04581740179800547,0.04375388380987126,0.0013004200541875122,0.1979484200260746,0.32603622881244,0.0051668761505589585,0.3168618974134057,0.3291120094012277,0.31568728519878864,0.012155443568415473,0.2984099695357831,0.3291120094012277,0.2508645043397901,0.06793727701378936,0.161427624184994,0.3291120094012277,0.2770039478918189,0.05786841339961887,0.161427624184994,0.3501508176219589,0.001003620566575449,0.0006186719661247676,0,0,0,15.09000015258789,0.017532045193487722,-0.005288600829128076,0.0694569050188624,0.0012628595955544
2025-08-18,15.729999542236328,15.949999809265137,14.949999809265137,14.989999771118164,0,4.420901544089121e-05,0.3273708176198569,0.2589700963179744,-0.006648986046074334,0.3273708176198569,0.017380131886339356,0.023193410468530296,0.07009240199988875,-0.15121087497900554,-0.006680899998967149,0.3273714673554324,0.3291120094012277,0.3168618974134057,0.3122732391258111,0.2110193493941165,0.032371339327989544,0.03727973112518095,0.006648986046074334,0.09820670937817155,0.04146125394206712,0.0348577868697616,0.006648986046074334,0.09820670937817155,0.05079717212243272,0.05147049913335608,0.0013004200541875122,0.1979484200260746,0.0430594837952997,0.04243440101502638,0.0013004200541875122,0.1979484200260746,0.32813801285373023,0.0007602181439124489,0.3273708176198569,0.3291120094012277,0.3171970430481933,0.012613259366906437,0.2984099695357831,0.3291120094012277,0.25640505044577777,0.0692569134043043,0.161427624184994,0.3291120094012277,0.2765592270606462,0.05739468977630089,0.161427624184994,0.3501508176219589,0.0015120319261928076,0.0011991735279592388,0,0,0,14.989999771118164,-0.006626930447881874,-1.984704350421751e-06,0.0649985319854708,0.0010704239687755
2025-08-19,15.229999542236328,15.90999984741211,14.760000228881836,15.56999969482422,0,0.0014411642679832,0.3292445997902352,0.2616787958607185,0.037962669400125826,0.3292445997902352,-0.006648986046074334,0.017380131886339356,-0.09820670937817155,0.01866041796019191,0.014519297711828028,0.3273708176198569,0.3273714673554324,0.3282949623552352,0.301735098366885,0.1996046318665649,0.0203225313323804,0.01151316162940327,0.006648986046074334,0.037962669400125826,0.043391479086060517,0.03397824799351494,0.006648986046074334,0.09820670937817155,0.05191352315520881,0.050895341081928856,0.0013004200541875122,0.1979484200260746,0.04229703603421272,0.04222597938845406,0.0013004200541875122,0.1979484200260746,0.32832794034073026,0.0009125877705412522,0.3273708176198569,0.3292445997902352,0.31994799319052825,0.011842688461570314,0.2984099695357831,0.3292445997902352,0.2625783822516668,0.06971707213676522,0.161427624184994,0.3292445997902352,0.27608008353141744,0.05685348399330005,0.161427624184994,0.3501508176219589,0.0020302507889867687,0.0026262164897485406,0,0,0,15.56999969482422,0.03869245714223202,0.005723730001353067,0.0610744361063883,0.0008854611199945
2025-08-20,15.949999809265137,17.190000534057617,15.56999969482422,15.6899995803833,0,5.894513876445527e-05,0.3292097394086964,0.2657542836348488,0.007677573755064504,0.3292097394086964,0.037962669400125826,-0.006648986046074334,-0.01642745886083219,-0.06241192646480176,-0.009049812608822982,0.3292445997902352,0.3273708176198569,0.3285408075368989,0.3028674027757751,0.1984165647392371,0.018572554311226862,0.012841561699417015,0.006648986046074334,0.037962669400125826,0.03791804381508679,0.034967941999665415,0.006648986046074334,0.09820670937817155,0.05184817844788697,0.05095397273319276,0.0013004200541875122,0.1979484200260746,0.04191903392590931,0.04246822590224158,0.0013004200541875122,0.1979484200260746,0.3284617267150897,0.000996748330699193,0.3273708176198569,0.3292445997902352,0.32258222685382043,0.010471574932725408,0.2984099695357831,0.3292445997902352,0.26880662866449817,0.06954056001916797,0.161427624184994,0.3292445997902352,0.2755814864311017,0.05627695231864683,0.161427624184994,0.344651371782666,0.003533669932566281,0.004794361510384063,0,0,0,15.6899995803833,0.007707121895382585,-0.0001058798885721357,0.061554766313106,0.0005640021231444
2025-08-21,15.720000267028809,17.239999771118164,15.649999618530272,16.600000381469727,0,0.0031786117505047,0.3263813398922783,0.2693699242266942,0.056379178341873004,0.3263813398922783,0.007677573755064504,0.037962669400125826,0.023193410468530296,-0.011997790110595208,-0.07094283080176345,0.3292097394086964,0.3292445997902352,0.3291120094012277,0.2984099695357831,0.2070649627945839,0.025209707885895404,0.02149041820567478,0.006648986046074334,0.056379178341873004,0.04235618263821457,0.03411874017962864,0.006648986046074334,0.09820670937817155,0.051154671187892194,0.05077990299257667,0.0013004200541875122,0.1979484200260746,0.042331262443466286,0.042523845558549114,0.0013004200541875122,0.1979484200260746,0.32791559281329985,0.001263710756682393,0.3263813398922783,0.3292445997902352,0.3253793638894699,0.006135329514039182,0.3114059981214323,0.3292445997902352,0.27448836090724554,0.06911681420512543,0.161427624184994,0.3292445997902352,0.27568535948736955,0.05636870556314515,0.161427624184994,0.344651371782666,0.003376902094355889,0.003535298026883167,0,0,0,16.600000381469727,0.05799877791100583,-0.00859148189691561,0.0589493572453926,0.00050496605651
2025-08-22,16.809999465942383,16.829999923706055,14.210000038146973,14.220000267028809,0,0.0239485761817562,0.3612086157877714,0.2869625253423263,-0.15475327518910964,0.3612086157877714,0.056379178341873004,0.007677573755064504,0.017380131886339356,-0.08959330624524586,0.0013004200541875122,0.3263813398922783,0.3292097394086964,0.3273714673554324,0.3114059981214323,0.1642152393978181,0.05268433654644946,0.060813875406341346,0.006648986046074334,0.15475327518910964,0.048872179532600944,0.04767246386071089,0.006648986046074334,0.15475327518910964,0.058461950003840864,0.05417465853885664,0.006648986046074334,0.1979484200260746,0.04301256436118871,0.04409936669722064,0.0013004200541875122,0.1979484200260746,0.3346830224997676,0.014878899849826053,0.3263813398922783,0.3612086157877714,0.33035962565610383,0.011446642798824569,0.3168618974134057,0.3612086157877714,0.2838689978781957,0.06672892852685083,0.161427624184994,0.3612086157877714,0.2760795795827291,0.05691801098615986,0.161427624184994,0.3612086157877714,0.010327681413745517,0.0035019382068330537,0,0,1,14.220000267028809,-0.1433734975751969,0.10670731331327898,0.0634401855022991,0.0007411665781923
2025-08-25,15.050000190734863,15.1899995803833,14.239999771118164,14.789999961853027,0,0.0015446339191646,0.3620710682863068,0.2889720901921541,0.03930183098997597,0.3620710682863068,-0.15475327518910964,0.056379178341873004,-0.006648986046074334,0.07009240199988875,-0.030345338167419467,0.3612086157877714,0.3263813398922783,0.3273708176198569,0.3168618974134057,0.1616114252090232,0.05921490553522979,0.05621366842335276,0.007677573755064504,0.15475327518910964,0.04579312243160967,0.04714099666404032,0.006648986046074334,0.15475327518910964,0.05888844966205784,0.05397713354485031,0.006648986046074334,0.1979484200260746,0.04294684044835088,0.04410287443185817,0.0013004200541875122,0.1979484200260746,0.34162307263305763,0.018312167235894898,0.3263813398922783,0.3620710682863068,0.33488054274339396,0.014135340640269639,0.3263813398922783,0.3620710682863068,0.29341469516759017,0.06257400447327666,0.161427624184994,0.3620710682863068,0.2767455510828676,0.05777069207217618,0.161427624184994,0.3620710682863068,0.0015043292344446566,0.001968129049346107,0,0,0,14.789999961853027,0.040084365971908564,0.0023876852899935574,0.0915997262537859,0.0015410492916582
2025-08-26,15.75,15.75,14.619999885559082,14.619999885559082,0,0.0001336527359421,0.3621940753306573,0.2916382428917312,-0.011560827649531369,0.3621940753306573,0.03930183098997597,-0.15475327518910964,0.037962669400125826,-0.09820670937817155,0.006675554006955853,0.3620710682863068,0.3612086157877714,0.3292445997902352,0.3282949623552352,0.161427624184994,0.053934537185110897,0.059832575197946936,0.007677573755064504,0.15475327518910964,0.03712853425874565,0.044315005140847984,0.006648986046074334,0.15475327518910964,0.05912108174027572,0.05375090686475995,0.006648986046074334,0.1979484200260746,0.04297936026594839,0.044078632310820626,0.0013004200541875122,0.1979484200260746,0.3482129677411421,0.01866914466364182,0.3263813398922783,0.3621940753306573,0.33827045404093614,0.016282283836675276,0.3263813398922783,0.3621940753306573,0.3029750023650027,0.056436135585986556,0.1718896744437914,0.3621940753306573,0.2784053712010327,0.059217186725018904,0.161427624184994,0.3621940753306573,0.001999139057858302,0.0006302465242935674,0,0,0,14.619999885559082,-0.011494258061691465,0.00033973176849699804,0.0827904834352534,0.0014716941602246
2025-08-27,14.65999984741211,15.229999542236328,14.65999984741211,14.850000381469728,0,0.0002436547558181,0.357311870058709,0.2872468095867914,0.015609444442969078,0.357311870058709,-0.011560827649531369,0.03930183098997597,0.007677573755064504,-0.01642745886083219,0.06128972569359581,0.3621940753306573,0.3620710682863068,0.3292097394086964,0.3285408075368989,0.1718896744437914,0.05552091132269181,0.05838722328702379,0.011560827649531369,0.15475327518910964,0.03704673281695934,0.04435819718159458,0.006648986046074334,0.15475327518910964,0.056945830252150643,0.05457673187339531,0.006648986046074334,0.1979484200260746,0.042960328405936436,0.044090555473910095,0.0013004200541875122,0.1979484200260746,0.35383339387114454,0.015474731312719552,0.3263813398922783,0.3621940753306573,0.3411475602931171,0.016902159630083288,0.3263813398922783,0.3621940753306573,0.3118046307276178,0.04890433054172677,0.1730345694477721,0.3621940753306573,0.27995160815785286,0.06042622889965644,0.161427624184994,0.3621940753306573,0.0005247800062036046,0.0006634433031600693,0,0,0,14.850000381469728,0.015731908188168386,-0.013479528254268569,0.0739099351169866,0.0013617408558431
2025-08-28,14.420000076293944,14.6899995803833,14.119999885559082,14.43000030517578,0,0.000823144618246,0.3570495370875389,0.2802687124324401,-0.028690497002423765,0.3570495370875389,0.015609444442969078,-0.011560827649531369,0.056379178341873004,0.023193410468530296,-0.03178907310180712,0.357311870058709,0.3621940753306573,0.3263813398922783,0.3291120094012277,0.1730345694477721,0.049983175054801966,0.05958622590022927,0.011560827649531369,0.15475327518910964,0.037596441470348685,0.04420122830831434,0.006648986046074334,0.15475327518910964,0.05679827900932286,0.05465228150205029,0.006648986046074334,0.1979484200260746,0.043052669839317416,0.044055667165719764,0.0013004200541875122,0.1979484200260746,0.3599670333101967,0.0025734161387041257,0.3570495370875389,0.3621940753306573,0.34394131306174824,0.017000375279596178,0.3263813398922783,0.3621940753306573,0.3205672482342734,0.038085554861173175,0.1893229667064667,0.3621940753306573,0.28146842776858627,0.06155953330685509,0.161427624184994,0.3621940753306573,0.0005648727661471363,0.0007828942754691687,0,0,0,14.43000030517578,-0.028282832693932947,-0.0007341848764415015,0.068044678873562,0.0013855929135415
2025-08-29,14.3100004196167,15.970000267028809,14.3100004196167,15.359999656677246,0,0.0039009157514765,0.3541857540274556,0.2729402182799759,0.062457311433302465,0.3541857540274556,-0.028690497002423765,0.015609444442969078,-0.15475327518910964,0.017380131886339356,0.07705672799895558,0.3570495370875389,0.357311870058709,0.3612086157877714,0.3273714673554324,0.1893229667064667,0.03152398230364053,0.020476782457496547,0.011560827649531369,0.062457311433302465,0.042104159425044994,0.04420898064395848,0.006648986046074334,0.15475327518910964,0.05610306869667271,0.05447426350816592,0.006648986046074334,0.1979484200260746,0.044397855444095656,0.04375698194353272,0.0013004200541875122,0.1979484200260746,0.35856246095813354,0.0034823637133165296,0.3541857540274556,0.3621940753306573,0.3466227417289506,0.01619191507381801,0.3263813398922783,0.3621940753306573,0.3284178571543205,0.024105039940807933,0.2736747309633375,0.3621940753306573,0.282958135758931,0.06256006079452496,0.161427624184994,0.3621940753306573,0.004344603679914326,0.004086102885570726,0,0,0,15.359999656677246,0.0644490181450581,-0.008020688343256865,0.0642037365084159,0.0013777509588171
2025-09-02,16.649999618530273,19.3799991607666,16.549999237060547,17.170000076293945,0,0.0124092858130247,0.3141229968948513,0.2535860542070617,0.11139697398504467,0.3141229968948513,0.062457311433302465,-0.028690497002423765,0.03930183098997597,-0.006648986046074334,0.1979484200260746,0.3541857540274556,0.3570495370875389,0.3620710682863068,0.3273708176198569,0.2736747309633375,0.04594301090265427,0.04170387398222371,0.011560827649531369,0.11139697398504467,0.052578958218942026,0.047184173969655546,0.007677573755064504,0.15475327518910964,0.051981571266147476,0.04578727901991643,0.006648986046074334,0.15475327518910964,0.04677984042097236,0.044628621958354,0.0013004200541875122,0.1979484200260746,0.3489728466798424,0.019693016268106763,0.3141229968948513,0.3621940753306573,0.34529795965645,0.018341360002896774,0.3141229968948513,0.3621940753306573,0.33034396505582114,0.020917318722797795,0.2984099695357831,0.3621940753306573,0.2834939865183855,0.06273218682313442,0.161427624184994,0.3621940753306573,0.008987399042465092,0.01209383233377278,0,0,1,17.170000076293945,0.11783857161935951,-0.11311227703838922,0.0679144041329898,0.000849557638091
2025-09-03,17.399999618530273,17.56999969482422,16.34000015258789,16.350000381469727,0,0.0023947084773997,0.279648416665795,0.2481197168645013,-0.04893575867808497,0.279648416665795,0.11139697398504467,0.062457311433302465,-0.011560827649531369,0.037962669400125826,-0.15121087497900554,0.3141229968948513,0.3541857540274556,0.3621940753306573,0.3292445997902352,0.3122732391258111,0.05341799710836499,0.03709547593918619,0.015609444442969078,0.11139697398504467,0.05367626714673794,0.046933419263673386,0.007677573755064504,0.15475327518910964,0.04711132763277031,0.03974557580782991,0.006648986046074334,0.15475327518910964,0.047570016305602744,0.04435877614450449,0.0013004200541875122,0.1979484200260746,0.33246371494687,0.034711590700354816,0.279648416665795,0.357311870058709,0.34033834134400603,0.02755564748455865,0.279648416665795,0.3621940753306573,0.32879040208153465,0.023391758405187812,0.279648416665795,0.3621940753306573,0.28325546123763445,0.062727190392861,0.161427624184994,0.3621940753306573,0.0018998093126848818,0.0011371521921514412,0,0,0,16.350000381469727,-0.047757698962177964,-0.10974866714580667,0.0825678279989278,0.0012697547665355
2025-09-04,16.219999313354492,16.350000381469727,15.279999732971191,15.300000190734863,0,0.0044056512197869,0.2868112218254788,0.2439090301550506,-0.06637507981002333,0.2868112218254788,-0.04893575867808497,0.11139697398504467,0.015609444442969078,0.007677573755064504,0.01866041796019191,0.279648416665795,0.3141229968948513,0.357311870058709,0.3292097394086964,0.301735098366885,0.06357112418177584,0.030525672520275493,0.028690497002423765,0.11139697398504467,0.059546017752233824,0.044128037096142304,0.011560827649531369,0.15475327518910964,0.04938345438752419,0.0394001523175263,0.006648986046074334,0.15475327518910964,0.0471842913974818,0.04411673474164006,0.0013004200541875122,0.1979484200260746,0.3183635853002239,0.03637385445368448,0.279648416665795,0.3570495370875389,0.3360984895856842,0.032309899907390374,0.279648416665795,0.3621940753306573,0.32807974129384865,0.024457252020365784,0.279648416665795,0.3621940753306573,0.2829135273403356,0.06266625332092102,0.161427624184994,0.3621940753306573,0.0016522498827263388,0.0009733780623229255,0,0,0,15.300000190734863,-0.06422019365362708,0.025613608848871205,0.0764542151744681,0.0012156438140366
2025-09-05,15.229999542236328,16.920000076293945,14.739999771118164,15.18000030517578,0,6.200064440132186e-05,0.2800489761530606,0.2534404715800034,-0.007874048793430344,0.2800489761530606,-0.06637507981002333,-0.04893575867808497,-0.028690497002423765,0.056379178341873004,-0.06241192646480176,0.2868112218254788,0.279648416665795,0.3570495370875389,0.3263813398922783,0.3028674027757751,0.05940783453997715,0.03716889789341002,0.007874048793430344,0.11139697398504467,0.05469550479738956,0.047081774802056414,0.007874048793430344,0.15475327518910964,0.04678641259364936,0.040285911044265994,0.006648986046074334,0.15475327518910964,0.046022658333266235,0.04450171806658134,0.0013004200541875122,0.1979484200260746,0.3029634731133283,0.031928898676730884,0.279648416665795,0.3541857540274556,0.33146525321176246,0.036859828861262406,0.279648416665795,0.3621940753306573,0.3269931495499098,0.026086051445394512,0.279648416665795,0.3621940753306573,0.28237567896463855,0.0625897226366296,0.161427624184994,0.3621940753306573,0.006861852635642007,0.009508370533042146,0,0,0,15.18000030517578,-0.007843129677328475,-0.023577339928954832,0.0748296371445551,0.0012846229800279
2025-09-08,15.579999923706056,15.649999618530272,14.989999771118164,15.109999656677246,0,2.1363239971292707e-05,0.2798300293335419,0.2477473830957724,-0.004622038508200976,0.2798300293335419,-0.007874048793430344,-0.06637507981002333,0.062457311433302465,-0.15475327518910964,-0.011997790110595208,0.2800489761530606,0.2868112218254788,0.3541857540274556,0.3612086157877714,0.2984099695357831,0.04784077995495686,0.044298160969421845,0.004622038508200976,0.11139697398504467,0.03968238112929869,0.03365197279064754,0.004622038508200976,0.11139697398504467,0.04643518632686868,0.04063501458310272,0.004622038508200976,0.15475327518910964,0.04486741475934285,0.044940011270665124,0.0013004200541875122,0.1979484200260746,0.28809232817454555,0.014861844459479613,0.279648416665795,0.3141229968948513,0.3233273945663395,0.03850988927453363,0.279648416665795,0.3621940753306573,0.3261083904926603,0.027386643239617613,0.279648416665795,0.3621940753306573,0.2820972481260151,0.06257404177131139,0.161427624184994,0.3621940753306573,0.0006696055906036662,0.0005658199443637406,0,0,0,15.109999656677246,-0.0046113733261695655,-0.0007818161756073527,0.0681027615597043,0.0011425153533668
2025-09-09,15.020000457763672,15.81999969482422,14.970000267028809,15.039999961853027,0,2.156151253858233e-05,0.2651404275198241,0.2444907286881679,-0.004643437577763088,0.2651404275198241,-0.004622038508200976,-0.007874048793430344,0.11139697398504467,0.03930183098997597,-0.08959330624524586,0.2798300293335419,0.2800489761530606,0.3141229968948513,0.3620710682863068,0.3114059981214323,0.026490072673500543,0.029140458742362964,0.004622038508200976,0.06637507981002333,0.03621654178807741,0.03543312915859945,0.004622038508200976,0.11139697398504467,0.042389954485559975,0.04035119157989641,0.004622038508200976,0.15475327518910964,0.04473777402210966,0.04505050503069818,0.0013004200541875122,0.1979484200260746,0.2782958142995401,0.007950366219128521,0.2651404275198241,0.2868112218254788,0.31363433048969125,0.039849996676766836,0.2651404275198241,0.3621940753306573,0.3239052680830599,0.03033114571765797,0.2651404275198241,0.3621940753306573,0.2814865133316638,0.06261228360632722,0.161427624184994,0.3621940753306573,0.0011000518491450105,0.001524311702378913,0,0,0,15.039999961853027,-0.004632673488730754,-0.052494729921243044,0.0632914526500971,0.0010307671934677
2025-09-10,14.979999542236328,15.630000114440918,14.630000114440918,15.350000381469728,0,0.0004162490670576,0.2565204681001863,0.2456631060392427,0.020402182899327936,0.2565204681001863,-0.004643437577763088,-0.004622038508200976,-0.04893575867808497,-0.011560827649531369,0.07009240199988875,0.2651404275198241,0.2798300293335419,0.279648416665795,0.3621940753306573,0.3168618974134057,0.020783357517749134,0.02630154907606728,0.004622038508200976,0.06637507981002333,0.037100677313057065,0.0348551487171393,0.004622038508200976,0.11139697398504467,0.04002375357600946,0.04010164129918046,0.004622038508200976,0.15475327518910964,0.04430596854175907,0.04519805223328185,0.0013004200541875122,0.1979484200260746,0.2736702245864183,0.012431704026830375,0.2565204681001863,0.2868112218254788,0.30306696976664416,0.03955229091238735,0.2565204681001863,0.357311870058709,0.3210318666871923,0.03370258525843413,0.2565204681001863,0.3621940753306573,0.28061615996284706,0.06270126773151405,0.161427624184994,0.3621940753306573,0.001576714385035305,0.0019558145076584758,0,0,0,15.350000381469728,0.02061173007998507,-0.032510920723295866,0.0599193016761613,0.0006992325123494
2025-09-11,15.1899995803833,15.239999771118164,14.649999618530272,14.710000038146973,0,0.0018137344798902,0.2407736016828678,0.2357032395903024,-0.04258796167804002,0.2407736016828678,0.020402182899327936,-0.004643437577763088,-0.06637507981002333,0.015609444442969078,-0.09820670937817155,0.2565204681001863,0.2651404275198241,0.2868112218254788,0.357311870058709,0.3282949623552352,0.016025933891352474,0.016207684584860084,0.004622038508200976,0.04258796167804002,0.039798529036564154,0.03404145461223324,0.004622038508200976,0.11139697398504467,0.0373752417807651,0.03783969120233169,0.004622038508200976,0.15475327518910964,0.04418596485298506,0.04519570748979226,0.0013004200541875122,0.1979484200260746,0.2644627005578961,0.016611731971600232,0.2407736016828678,0.2800489761530606,0.29141314292906007,0.03895765671096489,0.2407736016828678,0.3570495370875389,0.316864182845651,0.037908548009781134,0.2407736016828678,0.3621940753306573,0.2792925195505627,0.062946973279242,0.161427624184994,0.3621940753306573,0.0005622633852321644,0.0003811791060210037,0,0,0,14.710000038146973,-0.04169383240506974,-0.06138639358465714,0.0587227860408991,0.0006512207922823
2025-09-12,14.619999885559082,14.970000267028809,14.40999984741211,14.760000228881836,0,1.1514467737634008e-05,0.2402365091539035,0.2358757516853422,0.003393297472611856,0.2402365091539035,-0.04258796167804002,0.020402182899327936,-0.007874048793430344,-0.028690497002423765,-0.01642745886083219,0.2407736016828678,0.2565204681001863,0.2800489761530606,0.3570495370875389,0.3285408075368989,0.015129783627188776,0.016880987857407884,0.003393297472611856,0.04258796167804002,0.03726880908358297,0.035850528228246976,0.003393297472611856,0.11139697398504467,0.03675456742894508,0.03830451511622814,0.003393297472611856,0.15475327518910964,0.044018885188676145,0.04533636560868779,0.0013004200541875122,0.1979484200260746,0.25650020715806476,0.016813450074923464,0.2402365091539035,0.2798300293335419,0.2797318401356965,0.03432795168924451,0.2402365091539035,0.3541857540274556,0.31265921625598453,0.04129485466193201,0.2402365091539035,0.3621940753306573,0.27802667649219925,0.06319041626492788,0.161427624184994,0.3621940753306573,0.0005242674106587764,0.0006917024953959379,0,0,0,14.760000228881836,0.003399061224010902,-0.002230695247362413,0.0594204143595096,0.0005056306274961
2025-09-15,15.140000343322754,15.84000015258789,14.920000076293944,15.6899995803833,0,0.0037335405976063,0.246797865952885,0.2363205944041674,0.061102705321502526,0.246797865952885,0.003393297472611856,-0.04258796167804002,-0.004622038508200976,0.062457311433302465,0.023193410468530296,0.2402365091539035,0.2407736016828678,0.2798300293335419,0.3541857540274556,0.3291120094012277,0.026425916989849085,0.0250247611430092,0.003393297472611856,0.061102705321502526,0.037133348472402974,0.03574718921613166,0.003393297472611856,0.11139697398504467,0.03855977194575329,0.0385261017858149,0.003393297472611856,0.15475327518910964,0.04517040230627883,0.04513626012516425,0.0013004200541875122,0.1979484200260746,0.2498937744819333,0.010751726283355632,0.2402365091539035,0.2651404275198241,0.2689930513282394,0.023555419088168897,0.2402365091539035,0.3141229968948513,0.3087394951393968,0.043502686702203114,0.2402365091539035,0.3621940753306573,0.27781453745918805,0.06328206100117169,0.161427624184994,0.3621940753306573,0.001291328378355016,0.0012982942968432064,0,0,0,15.6899995803833,0.0630080851680257,0.027312071849903807,0.0573597932450799,0.0004323658837732
2025-09-16,15.600000381469728,16.3799991607666,15.4399995803833,16.360000610351562,0,0.0017485635115879,0.2497111955161393,0.2368618728081754,0.04181582848142451,0.2497111955161393,0.061102705321502526,0.003393297472611856,-0.004643437577763088,0.11139697398504467,0.017380131886339356,0.246797865952885,0.2402365091539035,0.2651404275198241,0.3141229968948513,0.3273714673554324,0.03386039517058137,0.022310145216584185,0.003393297472611856,0.061102705321502526,0.030175233922040957,0.024773282641405443,0.003393297472611856,0.06637507981002333,0.039723376545519246,0.03822224590364885,0.003393297472611856,0.15475327518910964,0.04526103418999724,0.04512535054514957,0.0013004200541875122,0.1979484200260746,0.2468079280811964,0.006752020780199939,0.2402365091539035,0.2565204681001863,0.2625518711903682,0.017993547846078265,0.2402365091539035,0.2868112218254788,0.3050413869565733,0.04511079066431082,0.2402365091539035,0.3621940753306573,0.2779529456481817,0.06321238961877308,0.161427624184994,0.3621940753306573,0.001259744017232745,0.000872286333008,0,0,0,16.360000610351562,0.04270242497685861,0.011804516834073686,0.0634921094440299,0.0007238632935014
2025-09-17,16.420000076293945,16.75,15.260000228881836,15.720000267028809,0,0.0015924540776268,0.2527922590355281,0.2402539100971485,-0.03990556449452676,0.2527922590355281,0.04181582848142451,0.061102705321502526,0.020402182899327936,-0.04893575867808497,-0.006648986046074334,0.2497111955161393,0.246797865952885,0.2565204681001863,0.279648416665795,0.3273708176198569,0.037761071489621136,0.021037552936521386,0.003393297472611856,0.061102705321502526,0.029272214503685133,0.02417070632606308,0.003393297472611856,0.06637507981002333,0.041307023138302694,0.037464818734895475,0.003393297472611856,0.15475327518910964,0.04605209763036771,0.04472194834611838,0.0013004200541875122,0.1979484200260746,0.24606228626826473,0.005501318324945746,0.2402365091539035,0.2527922590355281,0.25986625542734154,0.017142354041494536,0.2402365091539035,0.2868112218254788,0.30149002702398625,0.046187758809646866,0.2402365091539035,0.3621940753306573,0.278947538734882,0.06245768539288792,0.161427624184994,0.3621940753306573,0.003130426452965239,0.003606496994656168,0,0,0,15.720000267028809,-0.03911982392701152,0.012338507742996496,0.0636880419383054,0.0007842176534441
2025-09-18,14.93000030517578,15.800000190734863,14.329999923706056,15.699999809265137,0,1.6207932399489684e-06,0.2499287553554857,0.2431691498851704,-0.0012731037820810087,0.2499287553554857,-0.03990556449452676,0.04181582848142451,-0.04258796167804002,-0.06637507981002333,0.037962669400125826,0.2527922590355281,0.2497111955161393,0.2407736016828678,0.2868112218254788,0.3292445997902352,0.029498099910429332,0.026158191624090464,0.0012731037820810087,0.061102705321502526,0.022762016900890903,0.021708954265446254,0.0012731037820810087,0.061102705321502526,0.039559900966014847,0.03847056127760745,0.0012731037820810087,0.15475327518910964,0.04573671206061183,0.04499561560747748,0.0012731037820810087,0.1979484200260746,0.24789331700278833,0.004776872513850315,0.2402365091539035,0.2527922590355281,0.25617800878034225,0.014458499149658393,0.2402365091539035,0.2800489761530606,0.2977130820509029,0.04703980129840812,0.2402365091539035,0.3621940753306573,0.28014573215128485,0.06137170952585658,0.161427624184994,0.3621940753306573,0.0034395449278945478,0.0037913258669109084,0,0,0,15.699999809265137,-0.0012722937292578562,-0.011327497491289695,0.0623343045451131,0.0008281178591062
2025-09-19,15.760000228881836,16.1299991607666,15.289999961853027,15.449999809265137,0,0.0002576573684689,0.2503259774439055,0.2379689110181413,-0.016051709207089093,0.2503259774439055,-0.0012731037820810087,-0.03990556449452676,0.003393297472611856,-0.007874048793430344,0.007677573755064504,0.2499287553554857,0.2527922590355281,0.2402365091539035,0.2800489761530606,0.3292097394086964,0.03202978225732478,0.0234749951611924,0.0012731037820810087,0.061102705321502526,0.023579782942256777,0.021234661077497694,0.0012731037820810087,0.061102705321502526,0.039958669320873164,0.038165753399778284,0.0012731037820810087,0.15475327518910964,0.04590342388438007,0.04486916641444322,0.0012731037820810087,0.1979484200260746,0.24991121066078872,0.0021334069212392,0.246797865952885,0.2527922590355281,0.25320570890942673,0.01182046859934545,0.2402365091539035,0.2798300293335419,0.2939567124335319,0.047545788359983084,0.2402365091539035,0.3621940753306573,0.28138167054901503,0.06019710714703722,0.161427624184994,0.3621940753306573,0.0010316370878498547,0.0012776968777216523,0,0,0,15.449999809265137,-0.01592356707243181,0.0015893412818976937,0.0592497420900046,0.0006418559072373
2025-09-22,16.139999389648438,16.350000381469727,15.779999732971191,16.100000381469727,0,0.0016982892122909,0.2473515159545882,0.2317465121974483,0.04121030468573261,0.2473515159545882,-0.016051709207089093,-0.0012731037820810087,0.061102705321502526,-0.004622038508200976,0.056379178341873004,0.2503259774439055,0.2499287553554857,0.246797865952885,0.2798300293335419,0.3263813398922783,0.028051302130170798,0.0184675878718915,0.0012731037820810087,0.04181582848142451,0.02723860956000994,0.020751885002514264,0.0012731037820810087,0.061102705321502526,0.03923634200391409,0.0379825428547262,0.0012731037820810087,0.15475327518910964,0.04519550659590314,0.04469870167361434,0.0012731037820810087,0.1979484200260746,0.25002194066112937,0.001936718643750783,0.2473515159545882,0.2527922590355281,0.24995785757153133,0.007283490121493214,0.2402365091539035,0.2651404275198241,0.2901933874841181,0.04797671976087774,0.2402365091539035,0.3621940753306573,0.2823408741956818,0.05929829418541632,0.161427624184994,0.3621940753306573,0.00045414539887788665,0.0006272007930266842,0,0,0,16.100000381469727,0.04207123496628107,-0.011882352441762944,0.0573568331792881,0.0007338944483211
2025-09-23,16.100000381469727,17.06999969482422,15.949999809265137,16.639999389648438,0,0.00108834689787,0.1957614445215061,0.2122259197491966,0.03299010302909178,0.1957614445215061,0.04121030468573261,-0.016051709207089093,0.04181582848142451,-0.004643437577763088,-0.15475327518910964,0.2473515159545882,0.2503259774439055,0.2497111955161393,0.2651404275198241,0.3612086157877714,0.02628615703970425,0.01720143954671361,0.0012731037820810087,0.04121030468573261,0.03007327610514281,0.019200552990921976,0.0012731037820810087,0.061102705321502526,0.03343809571057991,0.027241798785504662,0.0012731037820810087,0.11139697398504467,0.045950022857210386,0.044204407145966546,0.0012731037820810087,0.1979484200260746,0.23923199046220273,0.024377208970247727,0.1957614445215061,0.2527922590355281,0.24301995927169956,0.017329613332274785,0.1957614445215061,0.2565204681001863,0.28231495075715307,0.04929811198741444,0.1957614445215061,0.3621940753306573,0.2830919743176744,0.05795002748649315,0.161427624184994,0.3621940753306573,0.0016610765114558918,0.0018823187316304659,0,0,0,16.639999389648438,0.0335403102723042,-0.20856986153484358,0.0596494262819044,0.0006825857256291
2025-09-24,16.56999969482422,17.209999084472656,16.18000030517578,16.18000030517578,0,0.0007858753405335,0.1938137884220719,0.2119179279164573,-0.028033468221638103,0.1938137884220719,0.03299010302909178,0.04121030468573261,-0.03990556449452676,0.020402182899327936,0.03930183098997597,0.1957614445215061,0.2473515159545882,0.2527922590355281,0.2565204681001863,0.3620710682863068,0.023911737785126518,0.015595941722772495,0.0012731037820810087,0.04121030468573261,0.030836404637373825,0.018923114135462975,0.0012731037820810087,0.061102705321502526,0.03290150700732573,0.0272315002819347,0.0012731037820810087,0.11139697398504467,0.045894978334691784,0.04422574670774046,0.0012731037820810087,0.1979484200260746,0.22743629633951148,0.02983384597363124,0.1938137884220719,0.2503259774439055,0.23674929130388808,0.02248112845043605,0.1938137884220719,0.2527922590355281,0.27430269933504664,0.04936059902996373,0.1938137884220719,0.3621940753306573,0.2838586972513184,0.05649839485908472,0.161427624184994,0.3621940753306573,0.0013736963934570133,0.001685206045690376,0,0,0,16.18000030517578,-0.02764417676354103,-0.009949130198721234,0.0598932867643084,0.0006387420965186
2025-09-25,16.549999237060547,17.739999771118164,16.31999969482422,16.739999771118164,0,0.0011577088520511,0.1964378799993134,0.213121093123766,0.034025120896936656,0.1964378799993134,-0.028033468221638103,0.03299010302909178,-0.0012731037820810087,-0.04258796167804002,-0.011560827649531369,0.1938137884220719,0.1957614445215061,0.2499287553554857,0.2407736016828678,0.3621940753306573,0.03046214120809765,0.009329622665259498,0.016051709207089093,0.04121030468573261,0.02998012055926349,0.018521743473050925,0.0012731037820810087,0.061102705321502526,0.03397123525720217,0.026788896371183972,0.0012731037820810087,0.11139697398504467,0.04654615849873894,0.043833805954210193,0.0012731037820810087,0.1979484200260746,0.21673812126827702,0.0293384126021434,0.1938137884220719,0.2503259774439055,0.23231571913553264,0.025735534045071562,0.1938137884220719,0.2527922590355281,0.26640954717641124,0.04783255793742099,0.1938137884220719,0.357311870058709,0.28469227477070697,0.054883171120609205,0.1718896744437914,0.3621940753306573,0.0025105312197224463,0.003430000296792387,0,0,0,16.739999771118164,0.03461059674784095,0.013539240931233376,0.0585448073592312,0.00054773804479
2025-09-26,16.889999389648438,17.049999237060547,15.289999961853027,15.289999961853027,0,0.0082087285545188,0.2157612441967401,0.2217592039706502,-0.09060203394250488,0.2157612441967401,0.034025120896936656,-0.028033468221638103,-0.016051709207089093,0.003393297472611856,0.015609444442969078,0.1964378799993134,0.1938137884220719,0.2503259774439055,0.2402365091539035,0.357311870058709,0.045372206155180804,0.025718492375738148,0.028033468221638103,0.09060203394250488,0.038700994206252795,0.024255848504983447,0.0012731037820810087,0.09060203394250488,0.037542310947656254,0.029116135698461356,0.0012731037820810087,0.11139697398504467,0.047244070599903445,0.04430509366040094,0.0012731037820810087,0.1979484200260746,0.20982517461884392,0.022786157341152552,0.1938137884220719,0.2473515159545882,0.22986819263981634,0.026060330175654407,0.1938137884220719,0.2527922590355281,0.2596690411829842,0.04421932124312948,0.1938137884220719,0.3570495370875389,0.28573683595530097,0.05307148771945828,0.1730345694477721,0.3621940753306573,0.004281324217631102,0.0021090214160465882,0,0,1,15.289999961853027,-0.08661886673181729,0.09836882885059772,0.0593036094115765,0.0006099059488051
2025-09-29,15.84000015258789,16.290000915527344,15.739999771118164,16.1200008392334,0,0.0027943669066319,0.2202819483882217,0.2214446792316419,0.052861771694031834,0.2202819483882217,-0.09060203394250488,0.034025120896936656,0.04121030468573261,0.061102705321502526,-0.028690497002423765,0.2157612441967401,0.1964378799993134,0.2473515159545882,0.246797865952885,0.3570495370875389,0.04770249955684065,0.025774911405055573,0.028033468221638103,0.09060203394250488,0.03787690084350572,0.023539601006088096,0.0012731037820810087,0.09060203394250488,0.03869332402820902,0.02922626983923827,0.0012731037820810087,0.11139697398504467,0.04774580151876594,0.044245083256682693,0.0012731037820810087,0.1979484200260746,0.20441126110557062,0.012563850837563253,0.1938137884220719,0.2202819483882217,0.22721660088335,0.025489082917358172,0.1938137884220719,0.2527922590355281,0.253156298863969,0.03891311954693173,0.1938137884220719,0.3541857540274556,0.28686177354912124,0.05108798871691531,0.1893229667064667,0.3621940753306573,0.00042547418045549035,0.00047122685359695234,0,0,0,16.1200008392334,0.05428390316881204,0.020952345766783953,0.0695180983992078,0.0009450961372184
2025-09-30,16.489999771118164,16.700000762939453,16.020000457763672,16.280000686645508,0,9.754749643145582e-05,0.2114728553045664,0.2128765693581644,0.009876613611529805,0.2114728553045664,0.052861771694031834,-0.09060203394250488,0.03299010302909178,0.04181582848142451,0.062457311433302465,0.2202819483882217,0.2157612441967401,0.1957614445215061,0.2497111955161393,0.3541857540274556,0.043079801673328255,0.030679311388542678,0.009876613611529805,0.09060203394250488,0.03468297935651625,0.02506326423987076,0.0012731037820810087,0.09060203394250488,0.036189481274791276,0.029340687514915174,0.0012731037820810087,0.11139697398504467,0.046146274985732,0.04437374847268277,0.0012731037820810087,0.1979484200260746,0.20755354326218267,0.011801255138847421,0.1938137884220719,0.2202819483882217,0.22339276686219273,0.024591963011100886,0.1938137884220719,0.2527922590355281,0.24636044654383146,0.03228414497080208,0.1938137884220719,0.3141229968948513,0.287389151849076,0.050162485987898034,0.1938137884220719,0.3621940753306573,0.0006232915016109175,0.0008006095721472459,0,0,0,16.280000686645508,0.00992554833016479,-0.03999008156642192,0.0694107336298765,0.000957173728618
2025-10-01,17.280000686645508,17.280000686645508,15.979999542236328,16.290000915527344,0,3.770894125223907e-07,0.179754999393769,0.1963041318548752,0.0006140760641177856,0.179754999393769,0.009876613611529805,0.052861771694031834,-0.028033468221638103,-0.03990556449452676,0.11139697398504467,0.2114728553045664,0.2202819483882217,0.1938137884220719,0.2527922590355281,0.3141229968948513,0.03759592324182419,0.036025899284474465,0.0006140760641177856,0.09060203394250488,0.030753830513475355,0.02714679763993776,0.0006140760641177856,0.09060203394250488,0.030914105183318566,0.024741200377167084,0.0006140760641177856,0.09060203394250488,0.041447838224733025,0.037880537076736776,0.0006140760641177856,0.15475327518910964,0.2047417854565221,0.016594628345928564,0.179754999393769,0.2202819483882217,0.2160890408980168,0.025710703094744592,0.179754999393769,0.2503259774439055,0.23996197047235138,0.03148816624790736,0.179754999393769,0.2868112218254788,0.2851529677640863,0.052812202637746795,0.179754999393769,0.3621940753306573,0.002206277444059929,0.0017139356907672851,0,0,0,16.290000915527344,0.0006142646474234237,-0.14998547149286312,0.0644864873654361,0.000855576457504
2025-10-02,16.1200008392334,16.920000076293945,15.93000030517578,16.6299991607666,0,0.0004267018958141,0.1741948714097755,0.1947988874341493,0.020656763924054466,0.1741948714097755,0.0006140760641177856,0.009876613611529805,0.034025120896936656,-0.0012731037820810087,-0.04893575867808497,0.179754999393769,0.2114728553045664,0.1964378799993134,0.2499287553554857,0.279648416665795,0.03492225184724775,0.03684393970653804,0.0006140760641177856,0.09060203394250488,0.032692196527672704,0.025446681678415975,0.0006140760641177856,0.09060203394250488,0.029567486385507588,0.02447947298367272,0.0006140760641177856,0.09060203394250488,0.038339407009138946,0.03378947184749262,0.0006140760641177856,0.15475327518910964,0.20029318373861454,0.021602867781108228,0.1741948714097755,0.2202819483882217,0.20851565250344578,0.02578930727481101,0.1741948714097755,0.2503259774439055,0.2349403730792076,0.03320455114348265,0.1741948714097755,0.2868112218254788,0.2818653875803711,0.055320909681559054,0.1741948714097755,0.3621940753306573,0.001311103674971032,0.001442806800756112,0,0,0,16.6299991607666,0.020871591536571144,-0.030931701497845743,0.0607460285034696,0.0007202398650229
2025-10-03,16.350000381469727,17.059999465942383,16.200000762939453,16.649999618530273,0,1.4446856668448948e-06,0.1610578985686455,0.1930267825424424,0.0012019507755498537,0.1610578985686455,0.020656763924054466,0.0006140760641177856,-0.09060203394250488,-0.016051709207089093,-0.06637507981002333,0.1741948714097755,0.179754999393769,0.2157612441967401,0.2503259774439055,0.2868112218254788,0.017042235213856748,0.021611624005005974,0.0006140760641177856,0.052861771694031834,0.031207220684518776,0.02691649783785805,0.0006140760641177856,0.09060203394250488,0.02646400405053266,0.02369855794476643,0.0006140760641177856,0.09060203394250488,0.037923729219028424,0.03414300473492283,0.0006140760641177856,0.15475327518910964,0.18935251461299563,0.025339648226264562,0.1610578985686455,0.2202819483882217,0.19958884461591977,0.02515077086013972,0.1610578985686455,0.2473515159545882,0.2289521195907869,0.03468849711811902,0.1610578985686455,0.2800489761530606,0.27851593044231776,0.05826871660182109,0.1610578985686455,0.3621940753306573,0.000964982115831336,0.0012100422638095492,0,0,0,16.649999618530273,0.001202673407877164,-0.07541538240943169,0.0592370691224001,0.000795284859439
2025-10-06,16.739999771118164,17.09000015258789,16.290000915527344,16.3700008392334,0,0.0002876331494288,0.1617568520847747,0.1767101366941129,-0.016959750865767287,0.1617568520847747,0.0012019507755498537,0.020656763924054466,0.052861771694031834,0.04121030468573261,-0.007874048793430344,0.1610578985686455,0.1741948714097755,0.2202819483882217,0.2473515159545882,0.2800489761530606,0.00986183104820384,0.009047454871916575,0.0006140760641177856,0.020656763924054466,0.028782165302522245,0.027007407365268705,0.0006140760641177856,0.09060203394250488,0.026896656530167755,0.023423542018487807,0.0006140760641177856,0.09060203394250488,0.03684153456190856,0.03406813980759657,0.0006140760641177856,0.15475327518910964,0.17764749535230623,0.02054412584032893,0.1610578985686455,0.2114728553045664,0.19102937822893842,0.02137078408301604,0.1610578985686455,0.2202819483882217,0.22331916130182092,0.03556952155297006,0.1610578985686455,0.2798300293335419,0.2751561554258654,0.06084177102958683,0.1610578985686455,0.3621940753306573,0.0008289862674067117,0.0009562457514920862,0,0,0,16.3700008392334,-0.016816743886603813,0.004339765527434203,0.0571237796565133,0.0004272544371805
2025-10-07,16.579999923706055,17.549999237060547,16.190000534057617,17.239999771118164,0,0.002681355775391,0.1697800687118352,0.1813930243905586,0.05178180930974774,0.1697800687118352,-0.016959750865767287,0.0012019507755498537,0.009876613611529805,0.03299010302909178,-0.004622038508200976,0.1617568520847747,0.1610578985686455,0.2114728553045664,0.1957614445215061,0.2798300293335419,0.018242870187847426,0.020817666969790375,0.0006140760641177856,0.05178180930974774,0.03066133593058784,0.027969357310768023,0.0006140760641177856,0.09060203394250488,0.02914235990166998,0.02344189815094704,0.0006140760641177856,0.09060203394250488,0.03778877311426933,0.033913260721151715,0.0006140760641177856,0.15475327518910964,0.16930893803375996,0.008036295188749367,0.1610578985686455,0.179754999393769,0.18843124064797134,0.02229108248596838,0.1610578985686455,0.2202819483882217,0.21807868698650154,0.03492854098567848,0.1610578985686455,0.2651404275198241,0.272093538739581,0.06284708520756599,0.1610578985686455,0.3621940753306573,0.002346562477705372,0.00266441432827866,0,0,0,17.239999771118164,0.05314593080531016,0.049600474562002894,0.0559193189948185,0.0002794343195754
2025-10-08,17.170000076293945,17.200000762939453,16.229999542236328,16.299999237060547,0,0.0031435299013292,0.1787379090192849,0.1817104734864215,-0.05606719095272439,0.1787379090192849,0.05178180930974774,-0.016959750865767287,0.0006140760641177856,-0.028033468221638103,-0.004643437577763088,0.1697800687118352,0.1617568520847747,0.179754999393769,0.1938137884220719,0.2651404275198241,0.02933349316556875,0.023655846535043136,0.0012019507755498537,0.05606719095272439,0.03346470820369647,0.02906033446907479,0.0006140760641177856,0.09060203394250488,0.031591110062382424,0.023440645454147712,0.0006140760641177856,0.09060203394250488,0.0369905322739712,0.03304767744087798,0.0006140760641177856,0.15475327518910964,0.16910551995886317,0.007712110002873533,0.1610578985686455,0.1787379090192849,0.18692365270769262,0.022396160060532126,0.1610578985686455,0.2202819483882217,0.21396428134361875,0.03418878024083814,0.1610578985686455,0.2565204681001863,0.2689347747133393,0.06414365315315208,0.1610578985686455,0.3621940753306573,0.001215318726250734,0.0006403050513660842,0,0,0,16.299999237060547,-0.0545243936506532,0.05276143645962161,0.0606047490686063,0.00051404119743
2025-10-09,16.309999465942383,17.270000457763672,16.260000228881836,16.43000030517578,0,6.310538224493003e-05,0.1777472824989835,0.1809746017098041,0.007943889616864652,0.1777472824989835,-0.05606719095272439,0.05178180930974774,0.020656763924054466,0.034025120896936656,0.020402182899327936,0.1787379090192849,0.1697800687118352,0.1741948714097755,0.1964378799993134,0.2565204681001863,0.026790918304130783,0.025437680594779844,0.0012019507755498537,0.05606719095272439,0.03085658507568927,0.030154237608110052,0.0006140760641177856,0.09060203394250488,0.030997858001312745,0.023891300950045245,0.0006140760641177856,0.09060203394250488,0.0355108057886611,0.03292049521905885,0.0006140760641177856,0.15475327518910964,0.16981600217670476,0.008428540791342084,0.1610578985686455,0.1787379090192849,0.18505459295765964,0.02229360465064063,0.1610578985686455,0.2202819483882217,0.210213177267371,0.03360253669261531,0.1610578985686455,0.2527922590355281,0.26562252197728164,0.06519166951032244,0.1610578985686455,0.3621940753306573,0.0013098246743980314,0.0017950441794889174,0,0,0,16.43000030517578,0.007975526024544655,-0.005542341441370002,0.062665751176086,0.0006717160125834
2025-10-10,16.360000610351562,22.440000534057617,16.229999542236328,21.65999984741211,0,0.0763739010827398,0.3258132333694001,0.2646655138037672,0.2763582839046803,0.3258132333694001,0.007943889616864652,-0.05606719095272439,0.0012019507755498537,-0.09060203394250488,-0.04258796167804002,0.1777472824989835,0.1787379090192849,0.1610578985686455,0.2157612441967401,0.2407736016828678,0.08182218492995688,0.11076458770470582,0.007943889616864652,0.2763582839046803,0.04943221007190681,0.08261996627071022,0.0006140760641177856,0.2763582839046803,0.04212977810734323,0.058686020808949614,0.0006140760641177856,0.2763582839046803,0.03975250994405417,0.04882901584852944,0.0006140760641177856,0.2763582839046803,0.20276706913685566,0.06912620503723865,0.1617568520847747,0.3258132333694001,0.19605979187492564,0.049589420537301726,0.1610578985686455,0.3258132333694001,0.21426268353815825,0.04163392508047265,0.1610578985686455,0.3258132333694001,0.2655634331919046,0.06513457832336719,0.1610578985686455,0.3621940753306573,0.03785829111822199,0.02206128228035527,0,1,1,21.65999984741211,0.3183201123002275,0.8330138654652195,0.0596710586047461,0.0005974474361883
2025-10-13,19.450000762939453,20.770000457763672,18.61000061035156,19.030000686645508,0,0.0167574363872532,0.3505712266546397,0.2717953278138881,-0.1294505171378364,0.3505712266546397,0.2763582839046803,0.007943889616864652,-0.016959750865767287,0.052861771694031834,0.003393297472611856,0.3258132333694001,0.1777472824989835,0.1617568520847747,0.2202819483882217,0.2402365091539035,0.1043203381843707,0.1056002648368497,0.007943889616864652,0.2763582839046803,0.05709108461628727,0.08643501953559715,0.0006140760641177856,0.2763582839046803,0.04813250285330631,0.06092975074163039,0.0006140760641177856,0.2763582839046803,0.0424435351411257,0.05059468566689323,0.0006140760641177856,0.2763582839046803,0.24052994405082867,0.08964901890071479,0.1697800687118352,0.3505712266546397,0.20908871970156745,0.06969898506469759,0.1610578985686455,0.3505712266546397,0.21951671770485998,0.050986935231501516,0.1610578985686455,0.3505712266546397,0.26608796698042225,0.06574000241132617,0.1610578985686455,0.3621940753306573,0.004349133435105656,0.005845084394287662,0,1,1,19.030000686645508,-0.12142193810222157,0.07598829866179657,0.1414043349586189,0.0022940936863235
2025-10-14,21.459999084472656,22.940000534057617,19.18000030517578,20.809999465942383,0,0.0079953815320065,0.3565978489735166,0.2900681540067216,0.08941689735171154,0.3565978489735166,-0.1294505171378364,0.2763582839046803,0.05178180930974774,0.009876613611529805,0.061102705321502526,0.3505712266546397,0.3258132333694001,0.1697800687118352,0.2114728553045664,0.246797865952885,0.11184735579276346,0.10220591873322318,0.007943889616864652,0.2763582839046803,0.06504511299030544,0.0852592123677171,0.0006140760641177856,0.2763582839046803,0.04948079771188769,0.06154132339584473,0.0006140760641177856,0.2763582839046803,0.04402028482882049,0.051010334324119534,0.0006140760641177856,0.2763582839046803,0.27789350010316494,0.09169763280439917,0.1777472824989835,0.3565978489735166,0.22360121906846248,0.08391044790508878,0.1610578985686455,0.3565978489735166,0.22474528832489005,0.05893480712655689,0.1610578985686455,0.3565978489735166,0.2667423917321434,0.06651493248819862,0.1610578985686455,0.3621940753306573,0.011558162125763265,0.015657581303153065,0,1,0,20.809999465942383,0.09353645376092956,0.017190864111657156,0.1317996995029075,0.0024166412258405
2025-10-15,20.020000457763672,22.440000534057617,19.11000061035156,20.63999938964844,0,6.728434798948157e-05,0.3542326166926763,0.3036219313925912,-0.008202703699968783,0.3542326166926763,0.08941689735171154,-0.1294505171378364,-0.05606719095272439,0.0006140760641177856,0.04181582848142451,0.3565978489735166,0.3505712266546397,0.1787379090192849,0.179754999393769,0.2497111955161393,0.10227445834221234,0.11063090050509122,0.007943889616864652,0.2763582839046803,0.06580397575389055,0.08465363540771313,0.0012019507755498537,0.2763582839046803,0.047880172722294556,0.06218441001999145,0.0006140760641177856,0.2763582839046803,0.0438017746339069,0.05114670876798919,0.0006140760641177856,0.2763582839046803,0.31299244163784323,0.0765995666468183,0.1777472824989835,0.3565978489735166,0.24104898079835319,0.091570553600523,0.1610578985686455,0.3565978489735166,0.2297224988571061,0.06522640431164059,0.1610578985686455,0.3565978489735166,0.26738194290683975,0.0672373229638943,0.1610578985686455,0.3621940753306573,0.0093064872709329,0.012542201366632708,0,1,0,20.63999938964844,-0.008169153323245526,-0.006632772148370325,0.1190684154785048,0.0024447503887785
2025-10-16,20.489999771118164,25.43000030517578,19.850000381469727,25.309999465942383,0,0.0416032070883369,0.4068064647220477,0.3334511389568196,0.20396864241431079,0.4068064647220477,-0.008202703699968783,0.08941689735171154,0.007943889616864652,0.020656763924054466,-0.03990556449452676,0.3542326166926763,0.3565978489735166,0.1777472824989835,0.1741948714097755,0.2527922590355281,0.14147940890170158,0.10333815210566213,0.008202703699968783,0.2763582839046803,0.08413516360291617,0.0932064743742459,0.0012019507755498537,0.2763582839046803,0.055692700242284274,0.07083653212638054,0.0006140760641177856,0.2763582839046803,0.04849986169029349,0.056439367302307676,0.0006140760641177856,0.2763582839046803,0.358804278082456,0.029521900796400383,0.3258132333694001,0.4068064647220477,0.26431014012958043,0.10168674817005503,0.1610578985686455,0.4068064647220477,0.23705650865170227,0.07575838297748518,0.1610578985686455,0.4068064647220477,0.2692732678378442,0.0700253360329591,0.1610578985686455,0.4068064647220477,0.022133811301998145,0.013442931460971842,0,1,1,25.309999465942383,0.22625970030968512,0.14841616935287227,0.1011045021711566,0.0021405595952949
2025-10-17,28.40999984741211,28.989999771118164,20.729999542236328,20.780000686645508,0,0.0388912061749758,0.4520852631101644,0.385118106284801,-0.19720853474171918,0.4520852631101644,0.20396864241431079,-0.008202703699968783,0.2763582839046803,0.0012019507755498537,-0.0012731037820810087,0.4068064647220477,0.3542326166926763,0.3258132333694001,0.1610578985686455,0.2499287553554857,0.12564945906910935,0.08120280584555452,0.008202703699968783,0.20396864241431079,0.1037358219995331,0.09442977000131324,0.007943889616864652,0.2763582839046803,0.0650229588594099,0.07602413970769532,0.0006140760641177856,0.2763582839046803,0.05229142991271237,0.06088792881641224,0.0006140760641177856,0.2763582839046803,0.38405868403060894,0.0444695922626921,0.3505712266546397,0.4520852631101644,0.2934128765837323,0.11014663535105164,0.1617568520847747,0.4520852631101644,0.2466830090209727,0.08913816877170808,0.1610578985686455,0.4520852631101644,0.2721980455359378,0.07498127221049658,0.1610578985686455,0.4520852631101644,0.040565838644685596,0.0184517105199464,1,1,1,20.780000686645508,-0.1789805956097521,0.1113030453413606,0.1299422619739462,0.0029787434213572
2025-10-20,20.530000686645508,21.020000457763672,18.229999542236328,18.229999542236328,0,0.0171406892584568,0.4703871990300911,0.3931902502162778,-0.1309224551345447,0.4703871990300911,-0.19720853474171918,0.20396864241431079,-0.1294505171378364,-0.016959750865767287,-0.016051709207089093,0.4520852631101644,0.4068064647220477,0.3505712266546397,0.1617568520847747,0.2503259774439055,0.125943846668451,0.0812226966948499,0.008202703699968783,0.20396864241431079,0.11513209242641084,0.08954397421620307,0.007943889616864652,0.2763582839046803,0.07049299437976493,0.07645574197607309,0.0006140760641177856,0.2763582839046803,0.05522583185031905,0.06165041626372495,0.0006140760641177856,0.2763582839046803,0.4080218785056992,0.05331558823949598,0.3542326166926763,0.4703871990300911,0.32427591127826394,0.11237430727772417,0.1697800687118352,0.4703871990300911,0.25716211481079104,0.10164558800728576,0.1610578985686455,0.4703871990300911,0.27555941362216146,0.08055658462613144,0.1610578985686455,0.4703871990300911,0.0073142541645977045,0.004686050446576438,1,1,0,18.229999542236328,-0.12271419923715232,0.040483372083435665,0.141331496094608,0.0027366242968168
2025-10-21,18.649999618530277,18.88999938964844,17.399999618530273,17.8700008392334,0,0.0003978105022369,0.4690028126795408,0.3957009189145075,-0.019945187445519874,0.4690028126795408,-0.1309224551345447,-0.19720853474171918,0.08941689735171154,0.05178180930974774,0.04121030468573261,0.4703871990300911,0.4520852631101644,0.3565978489735166,0.1697800687118352,0.2473515159545882,0.11204950468721267,0.09397438463319108,0.008202703699968783,0.20396864241431079,0.11194843023998806,0.09256171594346933,0.007943889616864652,0.2763582839046803,0.06948036974927861,0.0770018444294987,0.0006140760641177856,0.2763582839046803,0.054358355876596355,0.06188965690309037,0.0006140760641177856,0.2763582839046803,0.430502871246904,0.04979326295677742,0.3542326166926763,0.4703871990300911,0.35419818567503447,0.10634083045330225,0.1777472824989835,0.4703871990300911,0.26771693846436023,0.11159687591976367,0.1610578985686455,0.4703871990300911,0.27895516297423917,0.08559933183962039,0.1610578985686455,0.4703871990300911,0.002434789763524427,0.0026702579785366186,1,1,0,17.8700008392334,-0.01974759802757342,-0.0029430782840280667,0.1320863994477278,0.0027203378191253
2025-10-22,17.84000015258789,21.01000022888184,17.729999542236328,18.600000381469727,0,0.0016030594686528,0.4695512228416653,0.4065830862707413,0.04003822509368815,0.4695512228416653,-0.019945187445519874,-0.1309224551345447,-0.008202703699968783,-0.05606719095272439,0.03299010302909178,0.4690028126795408,0.4703871990300911,0.3542326166926763,0.1787379090192849,0.1957614445215061,0.11841660896595654,0.08591202782160115,0.019945187445519874,0.20396864241431079,0.11034553365408444,0.09376786540935785,0.007943889616864652,0.2763582839046803,0.06981599460949749,0.07685005390451005,0.0006140760641177856,0.2763582839046803,0.0516270451600387,0.05984861364636556,0.0006140760641177856,0.2763582839046803,0.45356659247670184,0.027227844163665926,0.4068064647220477,0.4703871990300911,0.3832795170572726,0.09179574314948673,0.1777472824989835,0.4703871990300911,0.2807545469557964,0.11854686322376191,0.1610578985686455,0.4703871990300911,0.2815347488564747,0.08967404640501578,0.1610578985686455,0.4703871990300911,0.01039166532311128,0.01373358860391442,1,1,0,18.600000381469727,0.04085056004214738,0.0011693110303352405,0.111362916688883,0.0024120122501678
2025-10-23,18.36000061035156,19.350000381469727,17.079999923706055,17.299999237060547,0,0.005249747866715,0.4742807432294555,0.411767167918868,-0.07245514382509421,0.4742807432294555,0.04003822509368815,-0.019945187445519874,0.20396864241431079,0.007943889616864652,-0.028033468221638103,0.4695512228416653,0.4690028126795408,0.4068064647220477,0.1777472824989835,0.1938137884220719,0.09211390924811322,0.07221089233313338,0.019945187445519874,0.19720853474171918,0.1167966590749074,0.08798050794147692,0.008202703699968783,0.2763582839046803,0.07193131249537635,0.07625150337364743,0.0006140760641177856,0.2763582839046803,0.052416409751351034,0.059900699843115544,0.0006140760641177856,0.2763582839046803,0.46706144817818346,0.008623120562776953,0.4520852631101644,0.4742807432294555,0.41293286313031974,0.060628779865978595,0.3258132333694001,0.4742807432294555,0.2941101162323384,0.12393850751660827,0.1610578985686455,0.4742807432294555,0.28420640778369255,0.09371257980529937,0.1610578985686455,0.4742807432294555,0.005616090927941203,0.006419448976673143,1,1,0,17.299999237060547,-0.06989253321222011,0.010072426942406398,0.0973575836223129,0.0025103289588641
2025-10-24,17.020000457763672,17.219999313354492,16.020000457763672,16.3700008392334,0,0.0030532271664495,0.476274859417,0.4110031003661685,-0.05525601475359565,0.476274859417,-0.07245514382509421,0.04003822509368815,-0.19720853474171918,0.2763582839046803,0.034025120896936656,0.4742807432294555,0.4695512228416653,0.4520852631101644,0.3258132333694001,0.1964378799993134,0.06372340525048852,0.04225272884359523,0.019945187445519874,0.1309224551345447,0.09468643215979893,0.06920488537792976,0.008202703699968783,0.20396864241431079,0.07294230744093154,0.07586354763709907,0.0006140760641177856,0.2763582839046803,0.05345677134906685,0.059552246682551505,0.0006140760641177856,0.2763582839046803,0.4718993674395505,0.0032018098993861926,0.4690028126795408,0.476274859417,0.4279790257350797,0.05501630974836079,0.3505712266546397,0.476274859417,0.30743568668079974,0.1278925747364456,0.1610578985686455,0.476274859417,0.2869226169286055,0.09760076703001709,0.1610578985686455,0.476274859417,0.0018818791543999882,0.002023130090718186,1,1,0,16.3700008392334,-0.05375713519309755,0.0042045059092346015,0.0902389725170068,0.002183633688896
2025-10-27,15.729999542236328,16.06999969482422,15.619999885559082,15.789999961853027,0,0.0013013058288841,0.4689672898902955,0.4061196508173737,-0.03607361679793408,0.4689672898902955,-0.05525601475359565,-0.07245514382509421,-0.1309224551345447,-0.1294505171378364,-0.09060203394250488,0.476274859417,0.4742807432294555,0.4703871990300911,0.3505712266546397,0.2157612441967401,0.044753637583166396,0.019941855783200096,0.019945187445519874,0.07245514382509421,0.0853487421258087,0.070284217771786,0.008202703699968783,0.20396864241431079,0.07034571614833293,0.07616147438114296,0.0006140760641177856,0.2763582839046803,0.05394401354799459,0.05931829323038268,0.0006140760641177856,0.2763582839046803,0.47161538561159144,0.003424673108139355,0.4689672898902955,0.476274859417,0.43981863205864535,0.048907459901279614,0.3542326166926763,0.476274859417,0.3194931174281119,0.1307221202636078,0.1610578985686455,0.476274859417,0.289581079305548,0.10102536302932284,0.1610578985686455,0.476274859417,0.00029094648705385107,0.0003977384084729574,1,0,0,15.789999961853027,-0.03543071763260408,-0.015343177121818985,0.0826408126996502,0.0015742113312595
2025-10-28,15.949999809265137,16.549999237060547,15.65999984741211,16.420000076293945,0,0.0015306312585377,0.4676179886819522,0.4069517504606755,0.039123282819029104,0.4676179886819522,-0.03607361679793408,-0.05525601475359565,-0.019945187445519874,0.08941689735171154,0.052861771694031834,0.4689672898902955,0.476274859417,0.4690028126795408,0.3565978489735166,0.2202819483882217,0.04858925665786824,0.015275734650244045,0.03607361679793408,0.07245514382509421,0.08031938067254045,0.07174502680792665,0.008202703699968783,0.20396864241431079,0.06969150239238042,0.07637786581173357,0.0006140760641177856,0.2763582839046803,0.05419241321029472,0.059231743887749426,0.0006140760641177856,0.2763582839046803,0.4713384208120737,0.003731073604788446,0.4676179886819522,0.476274859417,0.45092064602948884,0.039640068190372746,0.3542326166926763,0.476274859417,0.3312710241087657,0.1324670666891636,0.1610578985686455,0.476274859417,0.2922136614863674,0.10421660730360875,0.1610578985686455,0.476274859417,0.001102030603437866,0.0012019394582145283,1,0,0,16.420000076293945,0.03989867738840602,-0.0028771755246702613,0.075031182041284,0.0011139070909158
2025-10-29,16.34000015258789,17.579999923706055,16.260000228881836,16.920000076293945,0,0.0008997750150517,0.4684749842388328,0.4088811578691987,0.029996250016489867,0.4684749842388328,0.039123282819029104,-0.03607361679793408,0.04003822509368815,-0.008202703699968783,0.009876613611529805,0.4676179886819522,0.4689672898902955,0.4695512228416653,0.3542326166926763,0.2114728553045664,0.046580861642428584,0.017217750861270986,0.029996250016489867,0.07245514382509421,0.08249873530419256,0.06961022144004243,0.019945187445519874,0.20396864241431079,0.07064958031642614,0.07571333557602132,0.0006140760641177856,0.2763582839046803,0.053419530795608704,0.05933296620591351,0.0006140760641177856,0.2763582839046803,0.4711231730915072,0.003887710621139746,0.4676179886819522,0.476274859417,0.4623448827841045,0.02053848142691244,0.4068064647220477,0.476274859417,0.34350922072468315,0.13271747397885356,0.1610578985686455,0.476274859417,0.2949348336342573,0.10732008923927125,0.1610578985686455,0.476274859417,0.0021973655590595744,0.0025762171972236667,1,0,0,16.920000076293945,0.03045066977325206,0.00183268303962425,0.0710333181145349,0.0011529561135759
2025-10-30,16.260000228881836,17.40999984741211,15.729999542236328,16.90999984741211,0,3.495231157988537e-07,0.4684749548175205,0.410720645992495,-0.0005912048002163495,0.4684749548175205,0.029996250016489867,0.039123282819029104,-0.07245514382509421,0.20396864241431079,0.0006140760641177856,0.4684749842388328,0.4676179886819522,0.4742807432294555,0.4068064647220477,0.179754999393769,0.03220807383745301,0.01999055208370424,0.0005912048002163495,0.05525601475359565,0.062160991542783116,0.05909306536421749,0.0005912048002163495,0.19720853474171918,0.07064849120862131,0.07571439353918454,0.0005912048002163495,0.2763582839046803,0.05078129819596994,0.05915534587035094,0.0005912048002163495,0.2763582839046803,0.46996201540912014,0.0035622517642871477,0.4676179886819522,0.476274859417,0.4685117317936518,0.006405072721816903,0.4520852631101644,0.476274859417,0.35725779003057606,0.1298287451535837,0.1610578985686455,0.476274859417,0.29860988025146373,0.11058628693021595,0.1610578985686455,0.476274859417,0.0037139252280957843,0.004555088006381541,1,0,0,16.90999984741211,-0.0005910300730935791,-6.280231246158507e-08,0.0671735288653287,0.0011123780151794
2025-10-31,16.43000030517578,18.540000915527344,15.960000038146973,17.440000534057617,0,0.0009524195424365,0.4690357139258164,0.4189018309136254,0.030861295216443985,0.4690357139258164,-0.0005912048002163495,0.029996250016489867,-0.05525601475359565,-0.19720853474171918,0.020656763924054466,0.4684749548175205,0.4684749842388328,0.476274859417,0.4520852631101644,0.1741948714097755,0.027329129930022678,0.015411638900242906,0.0005912048002163495,0.039123282819029104,0.0455262675902556,0.03559432698797452,0.0005912048002163495,0.1309224551345447,0.07113442127016366,0.07540964038491256,0.0005912048002163495,0.2763582839046803,0.05035095382783562,0.05923479016585529,0.0005912048002163495,0.2763582839046803,0.4685141863108835,0.000566467124002474,0.4676179886819522,0.4690357139258164,0.470206776875217,0.0028075001677181186,0.4676179886819522,0.476274859417,0.37129783015038753,0.12489050328218797,0.1610578985686455,0.476274859417,0.30311910161479755,0.11361400630472698,0.1610578985686455,0.476274859417,0.008098398573266184,0.009851936029749164,1,0,0,17.440000534057617,0.03134244183488977,0.0011969884462965652,0.0625520213290579,0.0007395154557352
2025-11-03,18.059999465942383,18.82999992370605,17.0,17.170000076293945,0,0.0002434464238894,0.4692936209625301,0.4222365961041353,-0.015602769750574286,0.4692936209625301,0.030861295216443985,-0.0005912048002163495,-0.03607361679793408,-0.1309224551345447,0.0012019507755498537,0.4690357139258164,0.4684749548175205,0.4689672898902955,0.4703871990300911,0.1610578985686455,0.02323496052055072,0.015225839969224398,0.0005912048002163495,0.039123282819029104,0.03399429905185856,0.02020904339837825,0.0005912048002163495,0.07245514382509421,0.07182017455468863,0.0748049516214461,0.0005912048002163495,0.2763582839046803,0.049142089302610645,0.0594175924191441,0.0005912048002163495,0.2763582839046803,0.46857945252533045,0.0006450692092855563,0.4676179886819522,0.4692936209625301,0.4700974190684609,0.0028209577765472447,0.4676179886819522,0.476274859417,0.38597572169295347,0.11679701449183626,0.1617568520847747,0.476274859417,0.30746392064187017,0.11642950452803393,0.1610578985686455,0.476274859417,0.0037699812626504564,0.00423975778803333,1,0,0,17.170000076293945,-0.01548167714997506,0.0005498665220073917,0.0615598986855577,0.0007804760857162
2025-11-04,19.729999542236328,20.479999542236328,17.899999618530273,19.0,0,0.0102566863523368,0.47979741128838,0.4289449973336871,0.1012752998136115,0.47979741128838,-0.015602769750574286,0.030861295216443985,0.039123282819029104,-0.019945187445519874,-0.016959750865767287,0.4692936209625301,0.4690357139258164,0.4676179886819522,0.4690028126795408,0.1617568520847747,0.035665363919467195,0.038705897287398136,0.0005912048002163495,0.1012752998136115,0.042127310288667716,0.02856483021030672,0.0005912048002163495,0.1012752998136115,0.07583520069506217,0.0739712866338565,0.0005912048002163495,0.2763582839046803,0.051365928612614964,0.05958301708878158,0.0005912048002163495,0.2763582839046803,0.471015337046616,0.004922270213561269,0.4684749548175205,0.47979741128838,0.4711768789293448,0.004121213076547287,0.4676179886819522,0.47979741128838,0.4011205102264585,0.10642899107387972,0.1697800687118352,0.47979741128838,0.31221983576413975,0.11932598072590472,0.1610578985686455,0.47979741128838,0.00653905391539686,0.008515978877643292,1,0,0,19.0,0.10658124144289749,0.02238212892028324,0.0588929540277127,0.0006851756689473
2025-11-05,19.3700008392334,20.020000457763672,17.309999465942383,18.010000228881836,0,0.0028635135172993,0.4799872015178521,0.4350600974234945,-0.05351180726997873,0.4799872015178521,0.1012752998136115,-0.015602769750574286,0.029996250016489867,0.04003822509368815,0.05178180930974774,0.47979741128838,0.4692936209625301,0.4684749842388328,0.4695512228416653,0.1697800687118352,0.04036847537016497,0.03926941029771174,0.0005912048002163495,0.1012752998136115,0.043474668506296776,0.028772352619586317,0.0005912048002163495,0.1012752998136115,0.07591758155031127,0.07394411763741844,0.0005912048002163495,0.2763582839046803,0.052529970725990624,0.05912332640334395,0.0005912048002163495,0.2763582839046803,0.4733177805024198,0.006009361583970649,0.4684749548175205,0.4799872015178521,0.4722204767969635,0.00490971413861063,0.4676179886819522,0.4799872015178521,0.41589227845531646,0.0934510165986443,0.1777472824989835,0.4799872015178521,0.31698548272090904,0.12196852730360208,0.1610578985686455,0.4799872015178521,0.00763004011024904,0.008530276140166633,1,0,0,18.010000228881836,-0.05210525111148234,0.00039556326275813625,0.0750644759711469,0.0012016170206638
2025-11-06,18.36000061035156,20.309999465942383,17.639999389648438,19.5,0,0.0063182298554957,0.4832829539463457,0.4418448414662637,0.07948729367323937,0.4832829539463457,-0.05351180726997873,0.1012752998136115,-0.0005912048002163495,-0.07245514382509421,-0.05606719095272439,0.4799872015178521,0.47979741128838,0.4684749548175205,0.4742807432294555,0.1787379090192849,0.05614769314476957,0.03489798871017553,0.015602769750574286,0.1012752998136115,0.04417788349111129,0.029632434530716786,0.0005912048002163495,0.1012752998136115,0.07703282453700246,0.07380624512735515,0.0005912048002163495,0.2763582839046803,0.05431196729969244,0.058771671131934655,0.0005912048002163495,0.2763582839046803,0.47627938032818484,0.006641650022791205,0.4690357139258164,0.4832829539463457,0.4731206978686526,0.006027505098706858,0.4676179886819522,0.4832829539463457,0.43039442345184314,0.07698850624198124,0.1777472824989835,0.4832829539463457,0.32217935239773093,0.12432874626794582,0.1610578985686455,0.4832829539463457,0.007164894286457932,0.008530843125506296,1,0,0,19.5,0.08273180189796547,0.006866333973221561,0.0718324507548709,0.0012335309072686
2025-11-07,19.520000457763672,22.71999931335449,19.07999992370605,19.07999992370605,0,0.0004740985209553,0.4837079766902921,0.4526730099057655,-0.021773803548195136,0.4837079766902921,0.07948729367323937,-0.05351180726997873,0.030861295216443985,-0.05525601475359565,0.007943889616864652,0.4832829539463457,0.4799872015178521,0.4690357139258164,0.476274859417,0.1777472824989835,0.0543301948111198,0.0367325616071964,0.015602769750574286,0.1012752998136115,0.04082966237057124,0.03012906043645933,0.0005912048002163495,0.1012752998136115,0.0776913918670658,0.07321830609169211,0.0005912048002163495,0.2763582839046803,0.054344624934189276,0.058752746954277055,0.0005912048002163495,0.2763582839046803,0.47921383288108005,0.005833188282091748,0.4692936209625301,0.4837079766902921,0.4738640095959818,0.006860466245644199,0.4676179886819522,0.4837079766902921,0.44496398031809586,0.05152603577892851,0.3258132333694001,0.4837079766902921,0.32758857879273345,0.1263285130707659,0.1610578985686455,0.4837079766902921,0.01099581464119562,0.01504264320128607,1,0,0,19.07999992370605,-0.02153846545097171,0.0008794490690717804,0.0764266407263957,0.0014474244621571
2025-11-10,18.57999992370605,18.81999969482422,17.600000381469727,17.600000381469727,0,0.0065192283041874,0.4051157043799508,0.410700196948331,-0.08074173830298337,0.4051157043799508,-0.021773803548195136,0.07948729367323937,-0.015602769750574286,-0.03607361679793408,0.2763582839046803,0.4837079766902921,0.4832829539463457,0.4692936209625301,0.4689672898902955,0.3258132333694001,0.06735798852160162,0.030603363630057005,0.021773803548195136,0.1012752998136115,0.04529647452107617,0.032558788321914355,0.0005912048002163495,0.1012752998136115,0.06837631826698501,0.05741820052934214,0.0005912048002163495,0.20396864241431079,0.05525304818716412,0.05886139671378844,0.0005912048002163495,0.2763582839046803,0.46637824956456414,0.03429455273663037,0.4051157043799508,0.4837079766902921,0.46747885104494724,0.022896489500335883,0.4051157043799508,0.4837079766902921,0.44874028846145547,0.044827536900644706,0.3505712266546397,0.4837079766902921,0.33150148599980683,0.12611891227345895,0.1610578985686455,0.4837079766902921,0.001620088994474542,0.0011116789113163326,0,0,0,17.600000381469727,-0.07756811049026735,-0.16247876011493234,0.069584596952122,0.0013440250343682
2025-11-11,17.899999618530273,18.010000228881836,17.25,17.280000686645508,0,0.0003366902270202,0.3843149590830816,0.4061969680317688,-0.018349120606183433,0.3843149590830816,-0.08074173830298337,-0.021773803548195136,0.1012752998136115,0.039123282819029104,-0.1294505171378364,0.4051157043799508,0.4837079766902921,0.47979741128838,0.4676179886819522,0.3505712266546397,0.05077275268011601,0.030093181750096305,0.018349120606183433,0.08074173830298337,0.0432190582997916,0.03364119049052933,0.0005912048002163495,0.1012752998136115,0.06308577557500153,0.05662237680331948,0.0005912048002163495,0.20396864241431079,0.05560913921415392,0.05858459912483556,0.0005912048002163495,0.2763582839046803,0.4472817591235045,0.04856798172940904,0.3843149590830816,0.4837079766902921,0.4591485480850602,0.03486564239394027,0.3843149590830816,0.4837079766902921,0.4503471328628099,0.041622949639304394,0.3542326166926763,0.4837079766902921,0.334931925283835,0.12553406844169326,0.1610578985686455,0.4837079766902921,0.0006704584999096141,0.00044943375529781605,0,0,0,17.280000686645508,-0.018181800448205276,-0.0513451961303395,0.0733120030738761,0.0015945362894083
2025-11-12,17.209999084472656,18.059999465942383,17.100000381469727,17.510000228881836,0,0.0001748307049847,0.3740019210485542,0.3930825224301897,0.013222356256914036,0.3740019210485542,-0.018349120606183433,-0.08074173830298337,-0.05351180726997873,0.029996250016489867,0.08941689735171154,0.3843149590830816,0.4051157043799508,0.4799872015178521,0.4684749842388328,0.3565978489735166,0.04271486247750307,0.034279294881472806,0.013222356256914036,0.08074173830298337,0.04154166892383402,0.03477289877340172,0.0005912048002163495,0.1012752998136115,0.059457464094296884,0.05728806428087444,0.0005912048002163495,0.20396864241431079,0.054469130903092286,0.05893987046431162,0.0005912048002163495,0.2763582839046803,0.4260847030296449,0.05359362874428859,0.3740019210485542,0.4837079766902921,0.4497012417660323,0.04373019157082261,0.3740019210485542,0.4837079766902921,0.4511758981997165,0.039796129195609514,0.3542326166926763,0.4837079766902921,0.3379605932623032,0.12488868108869038,0.1610578985686455,0.4837079766902921,0.0010760547276419908,0.0013763603302196096,0,0,0,17.510000228881836,0.013310158165333874,-0.026834859770051178,0.0672115167859582,0.0011690034391204
2025-11-13,17.610000610351562,21.309999465942383,17.510000228881836,20.0,0,0.0176783919640185,0.3968482639045281,0.3988987847378073,0.13296011418473785,0.3968482639045281,0.013222356256914036,-0.018349120606183433,0.07948729367323937,-0.0005912048002163495,-0.008202703699968783,0.3740019210485542,0.3843149590830816,0.4832829539463457,0.4684749548175205,0.3542326166926763,0.053409426579802764,0.05225037196817328,0.013222356256914036,0.13296011418473785,0.05477855986228617,0.04191344150185351,0.013222356256914036,0.13296011418473785,0.06539829316500018,0.05816909524706237,0.0005912048002163495,0.20396864241431079,0.056639232943647366,0.060128556897639386,0.0005912048002163495,0.2763582839046803,0.4087977650212814,0.04352598793877128,0.3740019210485542,0.4837079766902921,0.442538572674733,0.04611448745045369,0.3740019210485542,0.4837079766902921,0.4532052147336141,0.035455358805363726,0.3740019210485542,0.4837079766902921,0.3414638567953601,0.12441559298126163,0.1610578985686455,0.4837079766902921,0.013912858296151883,0.013030715543275995,0,0,1,20.0,0.1422044396670561,0.061086164455844916,0.0631300301872236,0.0010577599170773
2025-11-14,21.32999992370605,23.030000686645508,19.559999465942383,19.82999992370605,0,7.286901300743363e-05,0.3405263668039649,0.3828913487937087,-0.008536334869686968,0.3405263668039649,0.13296011418473785,0.013222356256914036,-0.021773803548195136,0.030861295216443985,0.20396864241431079,0.3968482639045281,0.3740019210485542,0.4837079766902921,0.4690357139258164,0.4068064647220477,0.05076193284410113,0.05453930024045381,0.008536334869686968,0.13296011418473785,0.05254606382761047,0.043877476689124714,0.008536334869686968,0.13296011418473785,0.05609199280573237,0.04994279812616791,0.0005912048002163495,0.19720853474171918,0.055892346524008325,0.06053493678417897,0.0005912048002163495,0.2763582839046803,0.38016144304401595,0.02513610861145507,0.3405263668039649,0.4051157043799508,0.42968763796254794,0.05496649484280276,0.3405263668039649,0.4837079766902921,0.4500490195946578,0.04211658533499609,0.3405263668039649,0.4837079766902921,0.34355276412318003,0.12362450908133285,0.1610578985686455,0.4837079766902921,0.00961935581776415,0.011281284945346293,0,0,0,19.82999992370605,-0.008500003814697399,-0.14192300237481403,0.0871736697480906,0.0015005954254655
2025-11-17,19.57999992370605,23.440000534057617,19.540000915527344,22.88999938964844,0,0.0205934464100604,0.3125067146859298,0.3434884525076577,0.14350416861562065,0.3125067146859298,-0.008536334869686968,0.13296011418473785,-0.08074173830298337,-0.015602769750574286,-0.19720853474171918,0.3405263668039649,0.3968482639045281,0.4051157043799508,0.4692936209625301,0.4520852631101644,0.06331441890662859,0.06857960723070562,0.008536334869686968,0.14350416861562065,0.06533620371411511,0.0501107547911434,0.008536334869686968,0.14350416861562065,0.05353464203782292,0.043287025113374476,0.0005912048002163495,0.14350416861562065,0.05927880044861641,0.06137738762428487,0.0005912048002163495,0.2763582839046803,0.3616396451052117,0.034519769482364085,0.3125067146859298,0.3968482639045281,0.41400894733488797,0.06402808540903714,0.3125067146859298,0.4837079766902921,0.4434024220506466,0.0517021044641308,0.3125067146859298,0.4837079766902921,0.3450427155358097,0.1228432426761296,0.1610578985686455,0.4837079766902921,0.011944370669725438,0.007134462778693892,0,0,1,22.88999938964844,0.15431162267853926,-0.08228335556220101,0.076988680589412,0.0013037328936786
