Date,Adj_Close,Close,High,Low,Open,Volume,log_return,log_ret,RV_daily_sq,RV_daily_abs,RV_5,RV_21,Parkinson_21
2013-01-02,14.68000030517578,14.68000030517578,15.93000030517578,14.600000381469728,15.239999771118164,0,,,,,,,
2013-01-03,14.5600004196167,14.5600004196167,14.920000076293944,14.239999771118164,14.770000457763672,0,-0.0082079723865424,-0.008207972386542028,6.737081069823645e-05,0.008207972386542028,,,
2013-01-04,13.829999923706056,13.829999923706056,14.3100004196167,13.640000343322754,14.229999542236328,0,-0.0514379314282553,-0.051437931428254924,0.002645860789617856,0.051437931428254924,,,
2013-01-07,13.789999961853027,13.789999961853027,14.529999732971191,13.710000038146973,14.529999732971191,0,-0.0028964511211797,-0.002896451121180199,8.389429097386033e-06,0.002896451121180199,,,
2013-01-08,13.619999885559082,13.619999885559082,14.289999961853027,13.619999885559082,13.880000114440918,0,-0.0124043967199831,-0.012404396719983168,0.0001538690579867292,0.012404396719983168,,,
2013-01-09,13.8100004196167,13.8100004196167,13.93000030517578,13.220000267028809,13.31999969482422,0,0.0138537054872398,0.013853705487239854,0.00019192515572717962,0.013853705487239854,0.05538425085823033,,
2013-01-10,13.489999771118164,13.489999771118164,13.880000114440918,13.329999923706056,13.329999923706056,0,-0.0234443445533032,-0.023444344553303242,0.0005496372915339994,0.023444344553303242,0.05957920546602774,,
2013-01-11,13.359999656677246,13.359999656677246,13.789999961853027,13.220000267028809,13.550000190734863,0,-0.0096835108421977,-0.009683510842197762,9.377038223096161e-05,0.009683510842197762,0.03158466901166222,,
2013-01-14,13.520000457763672,13.520000457763672,13.850000381469728,13.40999984741211,13.65999984741211,0,0.0119049620623887,0.01190496206238878,0.00014172812170691612,0.01190496206238878,0.03362930283526237,,
2013-01-15,13.550000190734863,13.550000190734863,13.989999771118164,13.329999923706056,13.970000267028809,0,0.0022164569290064,0.002216456929006405,4.912681318140505e-06,0.002216456929006405,0.03133645851906685,,
2013-01-16,13.420000076293944,13.420000076293944,13.760000228881836,13.199999809265137,13.699999809265137,0,-0.0096404241734551,-0.009640424173455564,9.29377782441464e-05,0.009640424173455564,0.029715084637842847,,
2013-01-17,13.56999969482422,13.56999969482422,13.699999809265137,13.15999984741211,13.449999809265137,0,0.0111153141291451,0.011115314129146014,0.00012355020818959303,0.011115314129146014,0.02137519992163249,,
2013-01-18,12.460000038146973,12.460000038146973,13.529999732971191,12.289999961853027,13.520000457763672,0,-0.0853379349369118,-0.08533793493691233,0.007282563139296682,0.08533793493691233,0.08743964735036092,,
2013-01-22,12.43000030517578,12.43000030517578,13.31999969482422,12.43000030517578,13.279999732971191,0,-0.002410586346691,-0.0024105863466910016,5.810926534853069e-06,0.0024105863466910016,0.08665895645334887,,
2013-01-23,12.460000038146973,12.460000038146973,12.670000076293944,12.300000190734863,12.670000076293944,0,0.002410586346691,0.0024105863466910016,5.810926534853069e-06,0.0024105863466910016,0.08666413894339531,,
2013-01-24,12.6899995803833,12.6899995803833,13.5,12.399999618530272,12.729999542236328,0,0.0182907322387122,0.01829073223871225,0.0003345508858282676,0.01829073223871225,0.08804706744908798,,
2013-01-25,12.890000343322754,12.890000343322754,12.989999771118164,12.5,12.630000114440918,0,0.0156375949263356,0.015637594926335652,0.00024453437508015853,0.015637594926335652,0.08873145019256033,,
2013-01-28,13.56999969482422,13.56999969482422,13.90999984741211,13.289999961853027,13.289999961853027,0,0.0514096077718639,0.05140960777186443,0.0026429477712569434,0.05140960777186443,0.056865234416425964,,
2013-01-29,13.3100004196167,13.3100004196167,13.880000114440918,13.039999961853027,13.869999885559082,0,-0.0193457874243301,-0.019345787424330574,0.000374259491067387,0.019345787424330574,0.0600175261883361,,
2013-01-30,14.31999969482422,14.31999969482422,14.329999923706056,13.600000381469728,13.640000343322754,0,0.0731414762878976,0.07314147628789813,0.005349675553573165,0.07314147628789813,0.09458312786541753,,
2013-01-31,14.279999732971191,14.279999732971191,14.43000030517578,14.039999961853027,14.43000030517578,0,-0.0027972020093995,-0.002797202009400035,7.824339081391593e-06,0.002797202009400035,0.0928398703686032,,0.1515683002335011
2013-02-01,12.899999618530272,12.899999618530272,13.380000114440918,12.720000267028809,13.369999885559082,0,-0.1016326564156124,-0.10163265641561248,0.010329196850093937,0.10163265641561248,0.13676221702309752,0.1750746297003046,0.14544574283298173
2013-02-04,14.670000076293944,14.670000076293944,14.75,13.800000190734863,14.0,0,0.1285773155592391,0.12857731555923912,0.016532126076420156,0.12857731555923912,0.18053554306627834,0.21706192948193542,0.14821672974140054
2013-02-05,13.720000267028809,13.720000267028809,14.210000038146973,13.390000343322754,14.210000038146973,0,-0.0669499555950881,-0.0669499555950881,0.004482296554184268,0.0669499555950881,0.19157536212507317,0.22125170506684716,0.149709969536555
2013-02-06,13.40999984741211,13.40999984741211,14.079999923706056,13.34000015258789,14.0600004196167,0,-0.0228539558455578,-0.022853955845557827,0.0005223032977907068,0.022853955845557827,0.17853220190646407,0.22241005117503218,0.1491551889132375
2013-02-07,13.5,13.5,14.40999984741211,13.43000030517578,13.470000267028809,0,0.0066889995294614,0.006688999529461448,4.474271470513547e-05,0.006688999529461448,0.17863556614849743,0.22216458880838513,0.15233092705773427
2013-02-08,13.020000457763672,13.020000457763672,13.199999809265137,12.890000343322754,13.199999809265137,0,-0.0362030135054611,-0.03620301350546118,0.0013106581868766046,0.03620301350546118,0.15130144358193306,0.2246682833680541,0.14973755901257058
2013-02-11,12.9399995803833,12.9399995803833,13.420000076293944,12.90999984741211,13.369999885559082,0,-0.0061634152940435,-0.006163415294043517,3.798768808684954e-05,0.006163415294043517,0.07998742677223444,0.22352670522356186,0.14957652261174875
2013-02-12,12.640000343322754,12.640000343322754,13.130000114440918,12.630000114440918,12.81999969482422,0,-0.0234568407645578,-0.023456840764557896,0.0005502233786538251,0.023456840764557896,0.04965798290419301,0.22454540953785712,0.14924512986651498
2013-02-13,12.979999542236328,12.979999542236328,13.1899995803833,12.670000076293944,12.880000114440918,0,0.0265432601287751,0.02654326012877517,0.0007045446582638257,0.02654326012877517,0.05146024316485731,0.225795167089734,0.1499389217223872
2013-02-14,12.65999984741211,12.65999984741211,13.31999969482422,12.640000343322754,13.300000190734863,0,-0.0249622713458221,-0.024962271345822185,0.0006231149907424553,0.024962271345822185,0.05680254309996661,0.22715998721276862,0.15043173362208478
2013-02-15,12.460000038146973,12.460000038146973,12.890000343322754,12.239999771118164,12.470000267028809,0,-0.0159238882424124,-0.01592388824241242,0.0002535702167568405,0.01592388824241242,0.04657725767479017,0.22751327923665884,0.15156746831453094
2013-02-19,12.3100004196167,12.3100004196167,12.850000381469728,12.079999923706056,12.8100004196167,0,-0.0121115421370348,-0.012111542137034803,0.00014668945293716957,0.012111542137034803,0.04772989312112609,0.22756412606947843,0.15416420848958667
2013-02-20,14.68000030517578,14.68000030517578,14.68000030517578,12.31999969482422,12.31999969482422,0,0.1760740696910834,0.17607406969108297,0.031002078017580342,0.17607406969108297,0.1809143370114172,0.27478163394238914,0.17751851257640067
2013-02-21,15.220000267028809,15.220000267028809,16.209999084472656,14.670000076293944,14.68000030517578,0,0.0361243260032289,0.036124326003229346,0.001304966929187592,0.036124326003229346,0.18256620609303464,0.2771355306609058,0.18270748604271922
2013-02-22,14.170000076293944,14.170000076293944,15.020000457763672,14.15999984741211,14.600000381469728,0,-0.0714833108913621,-0.07148331089136217,0.005109863735991138,0.07148331089136217,0.19446636817828702,0.2861960082952908,0.18525410428009026
2013-02-25,18.989999771118164,18.989999771118164,19.280000686645508,13.56999969482422,13.6899995803833,0,0.2927854536846612,0.29278545368466125,0.08572332188933292,0.29278545368466125,0.3511223718663184,0.40901946917923454,0.2760459957244071
2013-02-26,16.8700008392334,16.8700008392334,18.229999542236328,16.75,17.5,0,-0.1183755664664731,-0.11837556646647318,0.01401277473625841,0.11837556646647318,0.370341741244962,0.42551752787498787,0.27973886107244056
2013-02-27,14.729999542236328,14.729999542236328,16.600000381469727,14.420000076293944,16.56999969482422,0,-0.1356507469073902,-0.1356507469073902,0.018401125136532834,0.1356507469073902,0.35291932849775015,0.4436477700767997,0.2909516315217172
2013-02-28,15.510000228881836,15.510000228881836,15.600000381469728,14.15999984741211,15.0,0,0.0515987925479217,0.05159879254792177,0.002662435392403467,0.05159879254792177,0.354837316090795,0.4462191387597052,0.2943302957675902
2013-03-01,15.359999656677246,15.359999656677246,16.81999969482422,15.140000343322754,16.100000381469727,0,-0.0097182865777125,-0.009718286577712565,9.44450940065482e-05,0.009718286577712565,0.34769829198391844,0.44029114155963484,0.2993961749738937
2013-03-04,14.010000228881836,14.010000228881836,16.15999984741211,14.010000228881836,16.15999984741211,0,-0.0919953286818353,-0.09199532868183535,0.008463140499278918,0.09199532868183535,0.20888734011059687,0.4497906240642238,0.31099643305419744
2013-03-05,13.479999542236328,13.479999542236328,13.65999984741211,13.239999771118164,13.4399995803833,0,-0.0385643051605177,-0.03856430516051779,0.0014872056325135388,0.03856430516051779,0.17637559852410226,0.43985180945234675,0.3100767818995224
2013-03-06,13.529999732971191,13.529999732971191,13.770000457763672,13.170000076293944,13.18000030517578,0,0.0037023509212117,0.003702350921211739,1.3707402343797411e-05,0.003702350921211739,0.11278711814984134,0.4206556734485192,0.3086501306030162
2013-03-07,13.0600004196167,13.0600004196167,13.5600004196167,13.029999732971191,13.449999809265137,0,-0.0353552664684424,-0.03535526646844245,0.0012499948670545709,0.03535526646844245,0.1063414006640752,0.4167959859659129,0.3075126489753358
2013-03-08,12.59000015258789,12.59000015258789,13.300000190734863,12.489999771118164,12.670000076293944,0,-0.0366512958021756,-0.03665129580217563,0.0013433174839785772,0.03665129580217563,0.11205965324401733,0.4177797363485756,0.30811819132989665
2013-03-11,11.5600004196167,11.5600004196167,12.34000015258789,11.5,12.3100004196167,0,-0.0853519606327717,-0.08535196063277173,0.007284957183858215,0.08535196063277173,0.1066732514257848,0.4263568019542299,0.30812376964189014
2013-03-12,12.270000457763672,12.270000457763672,12.93000030517578,11.739999771118164,11.789999961853027,0,0.0596063964871191,0.059606396487119184,0.0035529225021796542,0.059606396487119184,0.11595214288410031,0.4289783058476751,0.3132069826683397
2013-03-13,11.829999923706056,11.829999923706056,12.550000190734863,11.789999961853027,12.18000030517578,0,-0.0365186244892687,-0.03651862448926879,0.0013336099345882223,0.03651862448926879,0.12151050148715228,0.43048578273206983,0.31458654182081713
2013-03-14,11.300000190734863,11.300000190734863,11.75,11.050000190734863,11.699999809265137,0,-0.0458359289436169,-0.04583592894361699,0.0021009323821243055,0.04583592894361699,0.12496295245683409,0.43228314579441257,0.3158825130855957
2013-03-15,11.300000190734863,11.300000190734863,11.989999771118164,11.210000038146973,11.520000457763672,0,0.0,0.0,0.0,0.0,0.11946724238363585,0.4314674651461562,0.317537781884249
2013-03-18,13.359999656677246,13.359999656677246,13.640000343322754,12.56999969482422,13.470000267028809,0,0.1674623998132021,0.1674623998132021,0.02804365535119675,0.1674623998132021,0.18716602301189425,0.46215226261493497,0.31976084183068065
2013-03-19,14.390000343322754,14.390000343322754,15.399999618530272,12.920000076293944,13.029999732971191,0,0.0742684023470139,0.07426840234701393,0.005515795587177944,0.07426840234701393,0.19233822619304575,0.4678107942432762,0.335263670318721
2013-03-20,12.670000076293944,12.670000076293944,13.18000030517578,12.300000190734863,13.18000030517578,0,-0.1272965444030331,-0.12729654440303317,0.016204410216953395,0.12729654440303317,0.2277384322802201,0.4846696400379759,0.3357778560352539
2013-03-21,13.989999771118164,13.989999771118164,14.210000038146973,12.619999885559082,13.06999969482422,0,0.099105771962332,0.09910577196233206,0.009821954036249763,0.09910577196233206,0.24410205896628126,0.4623035106866598,0.326721049718133
2013-03-22,13.56999969482422,13.56999969482422,13.850000381469728,13.1899995803833,13.34000015258789,0,-0.0304813209592276,-0.030481320959227176,0.0009291109274194219,0.030481320959227176,0.24599781730535186,0.46189682829766476,0.3225096340274355
2013-03-25,13.739999771118164,13.739999771118164,14.609999656677246,12.390000343322754,12.850000381469728,0,0.012449818778363,0.012449818778362598,0.00015499798761406996,0.012449818778362598,0.18062743079447982,0.456501713296966,0.33549382203432015
2013-03-26,12.770000457763672,12.770000457763672,13.210000038146973,12.6899995803833,12.949999809265137,0,-0.0732125642448866,-0.07321256424488665,0.0053600795633116545,0.07321256424488665,0.18019587323673178,0.3578135994020407,0.2620115313106489
2013-03-27,13.149999618530272,13.149999618530272,13.970000267028809,12.970000267028809,13.720000267028809,0,0.0293230237234185,0.029323023723418107,0.0008598397202841411,0.029323023723418107,0.13086627615577304,0.338936036592555,0.26087163288387716
2013-03-28,12.699999809265137,12.699999809265137,13.06999969482422,12.539999961853027,12.90999984741211,0,-0.0348197511686163,-0.03481975116861591,0.0012124150714443289,0.03481975116861591,0.09228457763935216,0.3125522785646927,0.2480387153888209
2013-04-01,13.579999923706056,13.579999923706056,14.050000190734863,13.260000228881836,13.460000038146973,0,0.0669961380663868,0.06699613806638727,0.004488482515810425,0.06699613806638727,0.10989001255102586,0.31545994034011393,0.2436144757135333
2013-04-02,12.779999732971191,12.779999732971191,13.18000030517578,12.760000228881836,13.109999656677246,0,-0.0607166884573238,-0.06071668845732425,0.003686516257223772,0.06071668845732425,0.12492931252542104,0.32110285754350654,0.2360774139636076
2013-04-03,14.210000038146973,14.210000038146973,14.65999984741211,12.619999885559082,12.649999618530272,0,0.1060645167384102,0.10606451673841022,0.011249681710952501,0.10606451673841022,0.14661833199063196,0.3254129473980392,0.23765292541728372
2013-04-04,13.890000343322754,13.890000343322754,14.789999961853027,13.890000343322754,14.100000381469728,0,-0.0227767633100124,-0.022776763310012438,0.0005187809468803287,0.022776763310012438,0.14545059815040762,0.32392153625321957,0.2398932830289261
2013-04-05,13.920000076293944,13.920000076293944,15.649999618530272,13.859999656677246,15.640000343322754,0,0.0021574789036473,0.0021574789036473696,4.6547152196834556e-06,0.0021574789036473696,0.141237799990253,0.3239075623716151,0.24930729121395856
2013-04-08,13.1899995803833,13.1899995803833,14.5,13.1899995803833,14.039999961853027,0,-0.0538677254711825,-0.05386772547118257,0.0029017318474386915,0.05386772547118257,0.1355041160914124,0.326447309595141,0.25458720736635804
2013-04-09,12.84000015258789,12.84000015258789,13.68000030517578,12.75,13.109999656677246,0,-0.0268936247703708,-0.026893624770370828,0.0007232670532895033,0.026893624770370828,0.12408914647857285,0.3254962296420909,0.25530046956002656
2013-04-10,12.359999656677246,12.359999656677246,12.880000114440918,12.31999969482422,12.65999984741211,0,-0.0380998858929841,-0.03809988589298419,0.0014516013050584154,0.03809988589298419,0.07483338738749318,0.3164086592247705,0.25317665729286787
2013-04-11,12.239999771118164,12.239999771118164,12.619999885559082,12.149999618530272,12.550000190734863,0,-0.0097561658679392,-0.00975616586793926,9.5182772442743e-05,0.00975616586793926,0.07194746481599638,0.3108966064508908,0.24749931094058988
2013-04-12,12.0600004196167,12.0600004196167,13.119999885559082,11.989999771118164,12.609999656677246,0,-0.014815032291557,-0.014815032291557007,0.00021948518179987686,0.014815032291557007,0.07342525560070752,0.30909962010635295,0.2505475866288692
2013-04-15,17.270000457763672,17.270000457763672,17.270000457763672,12.65999984741211,13.119999885559082,0,0.3590766925717532,0.35907669257175323,0.12893607114826938,0.35907669257175323,0.36252669896279355,0.47156941579796796,0.3101471778445867
2013-04-16,13.960000038146973,13.960000038146973,14.869999885559082,13.90999984741211,14.720000267028809,0,-0.2127748185980622,-0.21277481859806224,0.045273123429438296,0.21277481859806224,0.4194942953569318,0.5173498210548401,0.3101059604218681
2013-04-17,16.510000228881836,16.510000228881836,17.899999618530273,14.979999542236328,15.350000381469728,0,0.1677701717284434,0.16777017172844344,0.028146830521791403,0.16777017172844344,0.4501896189981969,0.5174495265396131,0.32434101287639727
2013-04-18,17.559999465942383,17.559999465942383,18.200000762939453,16.31999969482422,16.34000015258789,0,0.0616572859984052,0.061657285998405253,0.0038016209166891403,0.061657285998405253,0.4542874983950011,0.5157904980179268,0.3136307987811698
2013-04-19,14.970000267028809,14.970000267028809,16.979999542236328,14.869999885559082,16.670000076293945,0,-0.1595753415245338,-0.1595753415245338,0.025464289622671596,0.1595753415245338,0.4812711664320436,0.5246901154503476,0.32092422125782005
2013-04-22,14.390000343322754,14.390000343322754,16.0,14.039999961853027,15.079999923706056,0,-0.03951467151143,-0.039514671511430066,0.0015614092646562229,0.039514671511430066,0.3228734639998256,0.516758330827579,0.3226033110593611
2013-04-23,13.479999542236328,13.479999542236328,14.869999885559082,13.460000038146973,13.8100004196167,0,-0.0653264732322713,-0.06532647323227136,0.004267548104966667,0.06532647323227136,0.2514790218502828,0.5199784703785848,0.3267914795374525
2013-04-24,13.609999656677246,13.609999656677246,13.75,13.359999656677246,13.56999969482422,0,0.0095977199121715,0.00959771991217151,9.211622751249349e-05,0.00959771991217151,0.18758193979297721,0.519918001128208,0.31191949229575194
2013-04-25,13.619999885559082,13.619999885559082,13.869999885559082,13.130000114440918,13.609999656677246,0,0.000734500881347,0.0007345008813470777,5.394915446996339e-07,0.0007345008813470777,0.17716066919988666,0.5147379797774634,0.31272402411302364
2013-04-26,13.609999656677246,13.609999656677246,14.18000030517578,13.489999771118164,13.9399995803833,0,-0.000734500881347,-0.0007345008813470777,5.394915446996339e-07,0.0007345008813470777,0.07695552338997365,0.5139026051662366,0.3109729222405245
2013-04-29,13.710000038146973,13.710000038146973,13.9399995803833,13.359999656677246,13.720000267028809,0,0.00732070491904,0.007320704919040022,5.359272051165677e-05,0.007320704919040022,0.0664404698664919,0.5127738929057447,0.31102649468896043
2013-04-30,13.520000457763672,13.520000457763672,14.279999732971191,13.510000228881836,13.710000038146973,0,-0.0139553918835653,-0.013955391883565316,0.0001947529626238807,0.013955391883565316,0.018480825028591937,0.5085698926327881,0.3108661210033107
2013-05-01,14.489999771118164,14.489999771118164,14.670000076293944,13.869999885559082,13.880000114440918,0,0.0692886360636655,0.06928863606366553,0.0048009150875630915,0.06928863606366553,0.07106574247686454,0.5096643351489929,0.3120795233181491
2013-05-02,13.59000015258789,13.59000015258789,14.479999542236328,13.579999923706056,14.479999542236328,0,-0.0641245011457369,-0.06412450114573698,0.004111951647189623,0.06412450114573698,0.09571704085184075,0.5026131757714895,0.30129882068775377
2013-05-03,12.850000381469728,12.850000381469728,13.149999618530272,12.770000457763672,12.920000076293944,0,-0.0559903983634173,-0.05599039836341735,0.003134924708894168,0.05599039836341735,0.11088794851913539,0.5052090143901986,0.29944861407000145
2013-05-06,12.65999984741211,12.65999984741211,13.1899995803833,12.65999984741211,13.0600004196167,0,-0.0148964363643142,-0.014896436364314258,0.0002219038163560642,0.014896436364314258,0.11164429328284911,0.505423977787216,0.29147025800144544
2013-05-07,12.829999923706056,12.829999923706056,12.960000038146973,12.489999771118164,12.630000114440918,0,0.0133387680177432,0.013338768017743696,0.0001779227322311821,0.013338768017743696,0.11156889347947362,0.5027221779542304,0.28672845187718066
2013-05-08,12.65999984741211,12.65999984741211,13.039999961853027,12.619999885559082,12.869999885559082,0,-0.0133387680177432,-0.013338768017743696,0.0001779227322311821,0.013338768017743696,0.08845691401412453,0.5021794936932277,0.2842745866393865
2013-05-09,13.130000114440918,13.130000114440918,13.529999732971191,12.779999732971191,12.90999984741211,0,0.0364522923674179,0.03645229236741798,0.0013287696188397193,0.03645229236741798,0.0710031239351644,0.502057180209354,0.2850830462625333
2013-05-10,12.59000015258789,12.59000015258789,13.449999809265137,12.539999961853027,13.079999923706056,0,-0.0419968368546674,-0.041996836854667485,0.001763734305797557,0.041996836854667485,0.06058261471293316,0.5037161539330683,0.2872680045639729
2013-05-13,12.550000190734863,12.550000190734863,12.869999885559082,12.489999771118164,12.56999969482422,0,-0.0031821794002344,-0.003182179400234464,1.0126265735276573e-05,0.003182179400234464,0.05880880592934121,0.5035082966715225,0.28270339888254237
2013-05-14,12.770000457763672,12.770000457763672,13.210000038146973,12.539999961853027,12.609999656677246,0,0.0173780251154598,0.017378025115459828,0.00030199575691355256,0.017378025115459828,0.059854395657439295,0.3533928825340179,0.2147567412159416
2013-05-15,12.8100004196167,12.8100004196167,13.43000030517578,12.779999732971191,12.979999542236328,0,0.0031274427743555,0.0031274427743555044,9.780898306868455e-06,0.0031274427743555044,0.05843292603997316,0.2821758084857218,0.21307675067420187
2013-05-16,13.06999969482422,13.06999969482422,13.460000038146973,12.789999961853027,13.06999969482422,0,0.0200933556211917,0.020093355621192188,0.0004037429401196957,0.020093355621192188,0.04989368864769321,0.22777203364965382,0.18682479566073307
2013-05-17,12.449999809265137,12.449999809265137,12.9399995803833,12.260000228881836,12.729999542236328,0,-0.0485988966961499,-0.04859889669615036,0.0023618527600830948,0.04859889669615036,0.05556526451982828,0.2245892498680491,0.17795210839319361
2013-05-20,13.020000457763672,13.020000457763672,13.279999732971191,12.84000015258789,13.279999732971191,0,0.0447660643482752,0.044766064348275236,0.002004000517233919,0.044766064348275236,0.07128374900815143,0.16425602591946303,0.16039365963739594
2013-05-21,13.369999885559082,13.369999885559082,13.4399995803833,12.890000343322754,13.079999923706056,0,0.026526710615399,0.02652671061539902,0.000703666376073123,0.02652671061539902,0.07404757586725376,0.16162394365400262,0.14211491259662268
2013-05-22,13.81999969482422,13.81999969482422,14.449999809265137,13.050000190734863,13.449999809265137,0,0.0331034137030181,0.03310341370301817,0.001095835998793171,0.03310341370301817,0.08104997589329069,0.15149451163688643,0.14269750884260135
2013-05-23,14.06999969482422,14.06999969482422,15.109999656677246,13.869999885559082,14.9399995803833,0,0.0179280531791365,0.017928053179136594,0.00032141509079394975,0.017928053179136594,0.08054049132565096,0.15224942009538223,0.15069345230597733
2013-05-24,13.989999771118164,13.989999771118164,14.789999961853027,13.989999771118164,14.59000015258789,0,-0.0057020771194751,-0.005702077119475124,3.251368347644173e-05,0.005702077119475124,0.0644781487511126,0.15235438986557595,0.15079649942985765
2013-05-28,14.479999542236328,14.479999542236328,14.5600004196167,13.5600004196167,13.670000076293944,0,0.0344255830270552,0.03442558302705523,0.001185120766752673,0.03442558302705523,0.0577802034947036,0.1561936022586069,0.1538444752384223
2013-05-29,14.829999923706056,14.829999923706056,15.649999618530272,14.59000015258789,15.300000190734863,0,0.0238837956612161,0.023883795661216567,0.0005704356951867474,0.023883795661216567,0.05661555647525671,0.15783942587704436,0.15745107444085069
2013-05-30,14.529999732971191,14.529999732971191,14.979999542236328,14.270000457763672,14.899999618530272,0,-0.020436691800838,-0.020436691800838513,0.0004176583717624601,0.020436691800838513,0.05027070327708049,0.15854396794054815,0.1566303211373248
2013-05-31,16.299999237060547,16.299999237060547,16.350000381469727,14.359999656677246,15.020000457763672,0,0.1149496018021793,0.11494960180217939,0.013213410954479603,0.11494960180217939,0.12417382764358166,0.18316300291611862,0.17167935279952243
2013-06-03,16.280000686645508,16.280000686645508,17.579999923706055,16.149999618530273,16.399999618530273,0,-0.0012276582549781,-0.00122765825497817,1.5071447910160457e-06,0.00122765825497817,0.12404891346953628,0.1715757591702612,0.1748850808005287
2013-06-04,16.270000457763672,16.270000457763672,17.25,15.81999969482422,16.15999984741211,0,-0.0006144533852459,-0.0006144533852459055,3.775529626401532e-07,0.0006144533852459055,0.11917797497517092,0.16218413602729442,0.18159196783402365
2013-06-05,17.5,17.5,17.84000015258789,16.56999969482422,16.860000610351562,0,0.0728779315630787,0.07287793156307876,0.005311192908912791,0.07287793156307876,0.13763773804051166,0.17718065095115962,0.18529982115488491
2013-06-06,16.6299991607666,16.6299991607666,18.51000022888184,16.600000381469727,17.700000762939453,0,-0.0509926381896606,-0.0509926381896606,0.0026002491495416328,0.0509926381896606,0.14535039632105473,0.18388939471537535,0.19524816288435892
2013-06-07,15.140000343322754,15.140000343322754,16.209999084472656,14.960000038146973,15.899999618530272,0,-0.0938679720539696,-0.09386797205396968,0.008811196177524834,0.09386797205396968,0.1293233271058741,0.2060305388384954,0.20014477291826369
2013-06-10,15.4399995803833,15.4399995803833,15.600000381469728,15.100000381469728,15.15999984741211,0,0.0196212467335441,0.01962124673354415,0.000384993323378617,0.01962124673354415,0.130797588327616,0.2037272849635504,0.198160791312684
2013-06-11,17.06999969482422,17.06999969482422,17.139999389648438,16.0,16.90999984741211,0,0.1003610015090652,0.10036100150906524,0.010072330623902595,0.10036100150906524,0.1648634652773636,0.2231891640665485,0.19800534621694627
2013-06-12,18.59000015258789,18.59000015258789,18.600000381469727,16.43000030517578,16.510000228881836,0,0.0853012910129678,0.0853012910129678,0.007276310248479021,0.0853012910129678,0.17071930038172808,0.23891334608905473,0.21079035682969754
2013-06-13,16.40999984741211,16.40999984741211,18.57999992370605,16.3700008392334,18.3799991607666,0,-0.1247329141378856,-0.12473291413788568,0.01555829986932916,0.12473291413788568,0.20519047307956143,0.26895332504336894,0.22189943083096142
2013-06-14,17.149999618530273,17.149999618530273,17.260000228881836,16.030000686645508,16.6299991607666,0,0.0441072555652861,0.04410725556528616,0.0019454499935014672,0.04410725556528616,0.18771623280523947,0.2725280905651354,0.22432787763929693
2013-06-17,16.799999237060547,16.799999237060547,17.6200008392334,16.329999923706055,16.530000686645508,0,-0.0206193103726666,-0.02061931037266662,0.0004251559602443573,0.02061931037266662,0.1878231793348643,0.272567373629353,0.22686485316222357
2013-06-18,16.610000610351562,16.610000610351562,16.950000762939453,16.459999084472656,16.809999465942383,0,-0.0113738806249164,-0.0113738806249164,0.00012936516046984866,0.0113738806249164,0.15916840525689718,0.26844084183966876,0.22522662896948842
2013-06-19,16.639999389648438,16.639999389648438,17.18000030517578,15.359999656677246,16.889999389648438,0,0.0018044383420474,0.0018044383420474652,3.255997730251005e-06,0.0018044383420474652,0.13439318056090155,0.2646880069970802,0.23417981312466232
2013-06-20,20.489999771118164,20.489999771118164,21.31999969482422,18.010000228881836,18.399999618530277,0,0.2081275523671113,0.20812755236711133,0.04331707805432467,0.20812755236711133,0.21405678023896044,0.33566821822498766,0.2539240124698198
2013-06-21,18.899999618530277,18.899999618530277,20.93000030517578,18.25,18.96999931335449,0,-0.0807750491983787,-0.0807750491983783,0.006524608573000435,0.0807750491983783,0.22449824887016281,0.3436596067339675,0.2598137027246696
2013-06-24,20.11000061035156,20.11000061035156,21.90999984741211,18.57999992370605,20.8700008392334,0,0.0620553322531964,0.06205533225319604,0.0038508642610545524,0.06205533225319604,0.2320025259487055,0.3487568988146411,0.2732416362579604
2013-06-25,18.46999931335449,18.46999931335449,19.21999931335449,17.81999969482422,18.649999618530277,0,-0.0850694771003208,-0.08506947710032087,0.0072368159341220165,0.08506947710032087,0.24684534190507207,0.3589368701059441,0.2749703493839441
2013-06-26,17.209999084472656,17.209999084472656,18.059999465942383,17.079999923706055,17.229999542236328,0,-0.070657200008847,-0.07065720000884701,0.00499243991309021,0.07065720000884701,0.2567524230374309,0.36420186142823174,0.27368834966066924
2013-06-27,16.860000610351562,16.860000610351562,16.969999313354492,16.34000015258789,16.600000381469727,0,-0.0205465682511727,-0.020546568251172737,0.0004221614669000995,0.020546568251172737,0.15174613717708701,0.3639982440060697,0.2713805471860691
2013-06-28,16.860000610351562,16.860000610351562,17.690000534057617,16.190000534057617,17.25,0,0.0,0.0,0.0,0.0,0.12846120649895393,0.3634240818489328,0.2750066737052508
2013-07-01,16.3700008392334,16.3700008392334,16.899999618530273,16.0,16.899999618530273,0,-0.0294935461252783,-0.029493546125278325,0.0008698692630439201,0.029493546125278325,0.1162810671483378,0.3460253192705761,0.2657704234937662
2013-07-02,16.440000534057617,16.440000534057617,16.93000030517578,15.880000114440918,16.489999771118164,0,0.0042669794636993,0.004266979463699361,1.8207113743632084e-05,0.004266979463699361,0.0793894058220482,0.3460494495664698,0.2636594246623502
2013-07-03,16.200000762939453,16.200000762939453,17.31999969482422,16.200000762939453,17.219999313354492,0,-0.0147061327799247,-0.014706132779924719,0.00021627034134077632,0.014706132779924719,0.03907055393808012,0.3463612483140036,0.2615858771501055
2013-07-05,14.890000343322754,14.890000343322754,16.280000686645508,14.890000343322754,15.59000015258789,0,-0.0843214195801778,-0.0843214195801778,0.007110101800016392,0.0843214195801778,0.09063359486495458,0.3489484535353875,0.2633115399908604
2013-07-08,14.779999732971191,14.779999732971191,15.270000457763672,14.65999984741211,14.65999984741211,0,-0.0074149723000336,-0.007414972300033629,5.4981814210266e-05,0.007414972300033629,0.09093640817821533,0.34528213954591847,0.25623121293676115
2013-07-09,14.350000381469728,14.350000381469728,14.649999618530272,14.260000228881836,14.329999923706056,0,-0.029524928664268,-0.02952492866426759,0.00087172141263009,0.02952492866426759,0.09094659137065642,0.3335869918394786,0.25217920104274916
2013-07-10,14.210000038146973,14.210000038146973,14.619999885559082,14.0600004196167,14.460000038146973,0,-0.0098040239953602,-0.009804023995360733,9.611888650160904e-05,0.009804023995360733,0.09137392546399183,0.33315372831117374,0.2525109428606413
2013-07-11,14.010000228881836,14.010000228881836,14.199999809265137,13.56999969482422,13.56999969482422,0,-0.0141745681075766,-0.014174568107576668,0.00020091838103632962,0.014174568107576668,0.0912898805695061,0.317993701894816,0.2505913370591567
2013-07-12,13.84000015258789,13.84000015258789,14.039999961853027,13.739999771118164,13.899999618530272,0,-0.0122084154712887,-0.012208415471288703,0.00014904540831960135,0.012208415471288703,0.037051125525385815,0.30658233739830754,0.2396118744064185
2013-07-15,13.789999961853027,13.789999961853027,14.109999656677246,13.5,13.979999542236328,0,-0.0036192721757273,-0.0036192721757273283,1.3099131081994029e-05,0.0036192721757273283,0.036481546288084116,0.28008486011629136,0.22876700875133354
2013-07-16,14.420000076293944,14.420000076293944,14.5600004196167,13.779999732971191,13.779999732971191,0,0.0446724481087121,0.04467244810871218,0.0019956276200255828,0.04467244810871218,0.049546033413030315,0.28017442155358624,0.22684016198694013
2013-07-17,13.779999732971191,13.779999732971191,14.4399995803833,13.760000228881836,14.199999809265137,0,-0.04539789094013,-0.045397890940130026,0.00206096850181194,0.045397890940130026,0.06648051626059659,0.28307864461038773,0.22407747140515047
2013-07-18,13.770000457763672,13.770000457763672,13.800000190734863,13.199999809265137,13.630000114440918,0,-0.0007259002234025,-0.0007259002234025758,5.269311343359094e-07,0.0007259002234025758,0.06495588958957804,0.2828509869261882,0.22497337897925226
2013-07-19,12.539999961853027,12.539999961853027,13.970000267028809,12.539999961853027,13.890000343322754,0,-0.0935688138213608,-0.09356881382136084,0.008755122919936487,0.09356881382136084,0.11324904019015057,0.29792037145405975,0.22426864005408895
2013-07-22,12.289999961853027,12.289999961853027,13.369999885559082,12.289999961853027,13.229999542236328,0,-0.0201376116887113,-0.02013761168871131,0.0004055234045253224,0.02013761168871131,0.11496855821238113,0.21411443920839526,0.20636916929578744
2013-07-23,12.65999984741211,12.65999984741211,13.0600004196167,12.06999969482422,12.149999618530272,0,0.0296614841892339,0.029661484189233978,0.0008798036443081772,0.029661484189233978,0.11000884237967538,0.20049984575762977,0.19508530327960952
2013-07-24,13.18000030517578,13.18000030517578,13.489999771118164,12.6899995803833,12.6899995803833,0,0.0402531475655463,0.04025314756554632,0.0016203158889336478,0.04025314756554632,0.1079874658876574,0.19485799900623127,0.17205779056819237
2013-07-25,12.970000267028809,12.970000267028809,13.539999961853027,12.90999984741211,13.470000267028809,0,-0.0160615333122793,-0.01606153331227933,0.0002579728523414586,0.01606153331227933,0.10917297609777381,0.1760420310463722,0.16840324065384107
2013-07-26,12.720000267028809,12.720000267028809,13.729999542236328,12.710000038146973,13.40999984741211,0,-0.0194634400117346,-0.019463440011734612,0.0003788254970903918,0.019463440011734612,0.059518411329596135,0.16241053623128043,0.1714240976138326
2013-07-29,13.390000343322754,13.390000343322754,13.859999656677246,13.380000114440918,13.539999961853027,0,0.0513326064385095,0.051332606438509565,0.002635036483770914,0.051332606438509565,0.07597337932752886,0.1690859464763493,0.17122525441911876
2013-07-30,13.390000343322754,13.390000343322754,14.140000343322754,13.350000381469728,13.449999809265137,0,0.0,0.0,0.0,0.0,0.06994391125849635,0.1690859464763493,0.16636875322206707
2013-07-31,13.449999809265137,13.449999809265137,13.829999923706056,12.9399995803833,13.550000190734863,0,0.0044709065235011,0.004470906523501128,1.9989005141884942e-05,0.004470906523501128,0.057374417978264924,0.16655382624815568,0.16791132009121
2013-08-01,12.9399995803833,12.9399995803833,13.25,12.81999969482422,12.890000343322754,0,-0.0386558352219381,-0.03865583522193816,0.001494273596705635,0.03865583522193816,0.06729134106784339,0.17092759730617765,0.16464573762331033
2013-08-02,11.979999542236328,11.979999542236328,12.739999771118164,11.979999542236328,12.65999984741211,0,-0.0770847021682334,-0.07708470216823349,0.005942051308365261,0.07708470216823349,0.1004557135955128,0.1869278590469792,0.16389290341340057
2013-08-05,11.84000015258789,11.84000015258789,12.420000076293944,11.829999923706056,12.289999961853027,0,-0.0117549121332949,-0.011754912133294937,0.00013817795926148452,0.011754912133294937,0.08714638184958837,0.1672426400387545,0.15761473708279067
2013-08-06,12.720000267028809,12.720000267028809,12.93000030517578,12.0600004196167,12.1899995803833,0,0.0716919365614559,0.0716919365614559,0.005139733767931816,0.0716919365614559,0.11284602623666498,0.18180993537442874,0.1612232742393794
2013-08-07,12.979999542236328,12.979999542236328,13.90999984741211,12.960000038146973,13.170000076293944,0,0.0202340971042898,0.020234097104289805,0.0004094186856258291,0.020234097104289805,0.11455852354971247,0.18053406845758974,0.16593747589497068
2013-08-08,12.729999542236328,12.729999542236328,13.130000114440918,12.369999885559082,12.5,0,-0.0194482993992219,-0.01944829939922199,0.00037823634952177844,0.01944829939922199,0.10957927756061439,0.18131372627815542,0.16812893243376875
2013-08-09,13.40999984741211,13.40999984741211,13.65999984741211,12.710000038146973,12.880000114440918,0,0.0520393093050479,0.052039309305047965,0.0027080897129464518,0.052039309305047965,0.09366779849706813,0.18810060783734855,0.17146020923451824
2013-08-12,12.8100004196167,12.8100004196167,13.56999969482422,12.800000190734863,13.520000457763672,0,-0.0457745372493167,-0.04577453724931679,0.0020953082603890907,0.04577453724931679,0.10358951093819763,0.19320481754047822,0.17453116005722924
2013-08-13,12.3100004196167,12.3100004196167,13.369999885559082,12.289999961853027,12.859999656677246,0,-0.0398141743817785,-0.03981417438177859,0.0015851684817026746,0.03981417438177859,0.08471258165223053,0.19723126240905664,0.1797648575578315
2013-08-14,13.039999961853027,13.039999961853027,13.09000015258789,12.350000381469728,12.479999542236328,0,0.0576095792892985,0.05760957928929855,0.0033188636258899766,0.05760957928929855,0.10042741871844546,0.20055773950993402,0.1801204172710393
2013-08-15,14.729999542236328,14.729999542236328,14.850000381469728,13.90999984741211,14.140000343322754,0,0.1218646458244494,0.12186464582444945,0.014850991901918504,0.12186464582444945,0.1567112694825956,0.2302464555154783,0.18206166281458444
2013-08-16,14.369999885559082,14.369999885559082,14.880000114440918,13.619999885559082,14.5600004196167,0,-0.0247435072705188,-0.024743507270518883,0.0006122411520462208,0.024743507270518883,0.14987519281704517,0.231571035534138,0.18776927818731287
2013-08-19,15.100000381469728,15.100000381469728,15.199999809265137,14.350000381469728,14.9399995803833,0,0.0495520769567181,0.04955207695671815,0.0024554083307245177,0.04955207695671815,0.15107174948441518,0.21754408727690355,0.17957073772922305
2013-08-20,14.90999984741211,14.90999984741211,15.25,14.289999961853027,15.220000267028809,0,-0.0126626505410567,-0.012662650541056752,0.00016034271872492488,0.012662650541056752,0.1462800318885122,0.216979835983302,0.17666832260078968
2013-08-21,15.9399995803833,15.9399995803833,16.559999465942383,14.670000076293944,16.0,0,0.0667995284945899,0.06679952849458992,0.0044621770070995305,0.06679952849458992,0.15013714100952402,0.22508359021957153,0.18511394599917608
2013-08-22,14.760000228881836,14.760000228881836,15.260000228881836,14.65999984741211,15.260000228881836,0,-0.0769108123580815,-0.0769108123580815,0.005915273057580023,0.0769108123580815,0.11664236908677404,0.2344303302791223,0.18302871297232468
2013-08-23,13.979999542236328,13.979999542236328,14.81999969482422,13.979999542236328,14.289999961853027,0,-0.0542931306177445,-0.054293130617744545,0.00294774403227547,0.054293130617744545,0.12625745580520967,0.24009862751526168,0.1841431958067717
2013-08-26,14.989999771118164,14.989999771118164,15.010000228881836,13.899999618530272,14.369999885559082,0,0.0697555927840567,0.06975559278405674,0.004865842724655149,0.06975559278405674,0.13546726372203396,0.24926766369161713,0.18408794300317646
2013-08-27,16.770000457763672,16.770000457763672,17.1299991607666,15.81999969482422,16.559999465942383,0,0.1122083062861607,0.11220830628616074,0.012590703999608861,0.11220830628616074,0.1754472593722086,0.26849587646389483,0.18900554080506177
2013-08-28,16.489999771118164,16.489999771118164,17.110000610351562,16.100000381469727,16.959999084472656,0,-0.01683748044023,-0.016837480440230035,0.00028350074757512903,0.016837480440230035,0.16310445904908497,0.26902330089732046,0.18938369199467756
2013-08-29,16.809999465942383,16.809999465942383,16.979999542236328,15.989999771118164,16.790000915527344,0,0.0192197929588218,0.019219792958821813,0.00036940044137997655,0.019219792958821813,0.14511096424975814,0.2696719263511282,0.18860528804948395
2013-08-30,17.010000228881836,17.010000228881836,17.809999465942383,16.700000762939453,16.75,0,0.0118275042132021,0.011827504213202111,0.0001398898559133137,0.011827504213202111,0.13509010981242273,0.2671489549317683,0.19150189224638758
2013-09-03,16.610000610351562,16.610000610351562,17.3700008392334,16.110000610351562,16.469999313354492,0,-0.0237964594922597,-0.023796459492259725,0.000566271484366758,0.023796459492259725,0.1181091297438265,0.25689060764679095,0.19327118088898304
2013-09-04,15.880000114440918,15.880000114440918,17.010000228881836,15.770000457763672,16.8799991607666,0,-0.0449444973456363,-0.044944497345636325,0.002020007841651911,0.044944497345636325,0.058129771811758296,0.26052756894334217,0.19638181496343218
2013-09-05,15.770000457763672,15.770000457763672,16.1200008392334,15.630000114440918,16.1200008392334,0,-0.0069510330231499,-0.006951033023149922,4.831686008892074e-05,0.006951033023149922,0.056070370815617776,0.2505657543873165,0.19276804684647866
2013-09-06,15.850000381469728,15.850000381469728,16.809999465942383,15.170000076293944,15.350000381469728,0,0.0050600943883334,0.005060094388333436,2.560455521884353e-05,0.005060094388333436,0.052915882277816635,0.24979868522728063,0.19787716439661332
2013-09-09,15.630000114440918,15.630000114440918,16.020000457763672,15.220000267028809,15.859999656677246,0,-0.013977372635519,-0.013977372635519014,0.00019536694579215576,0.013977372635519014,0.053437511984734,0.24943238309720012,0.1970269223943274
2013-09-10,14.529999732971191,14.529999732971191,15.09000015258789,14.5,14.890000343322754,0,-0.0729766925508266,-0.07297669255082662,0.005325597655657873,0.07297669255082662,0.08726335919737278,0.2546252573494229,0.19369899364934473
2013-09-11,13.81999969482422,13.81999969482422,14.739999771118164,13.81999969482422,14.739999771118164,0,-0.0500986629470947,-0.05009866294709475,0.0025098760290866045,0.05009866294709475,0.09002645192300093,0.2554380344603312,0.19438773985219537
2013-09-12,14.289999961853027,14.289999961853027,14.390000343322754,13.729999542236328,13.93000030517578,0,0.033443193014949,0.033443193014949024,0.0011184471590351352,0.033443193014949024,0.09578565834607294,0.25452282437198004,0.18979706068594934
2013-09-13,14.15999984741211,14.15999984741211,14.550000190734863,14.109999656677246,14.270000457763672,0,-0.0091389117826961,-0.009138911782696102,8.351970857190164e-05,0.009138911782696102,0.0960874991772794,0.24808571947811048,0.18746104375872982
2013-09-16,14.380000114440918,14.380000114440918,14.489999771118164,13.869999885559082,14.100000381469728,0,0.0154172827616472,0.015417282761647222,0.0002376926077525846,0.015417282761647222,0.09630749275162397,0.2166407738972648,0.18517317071525008
2013-09-17,14.529999732971191,14.529999732971191,14.609999656677246,14.279999732971191,14.4399995803833,0,0.0103770989531946,0.010377098953194608,0.00010768418268439263,0.010377098953194608,0.06369630826924447,0.21547312580793915,0.17791522464493587
2013-09-18,13.59000015258789,13.59000015258789,14.68000030517578,13.229999542236328,14.68000030517578,0,-0.0668812198134287,-0.06688121981342876,0.004473097563732176,0.06688121981342876,0.07759150225234844,0.22010533200822655,0.18536570258582896
2013-09-19,13.15999984741211,13.15999984741211,13.390000343322754,13.020000457763672,13.020000457763672,0,-0.0321523250886595,-0.032152325088659506,0.0010337720086068434,0.032152325088659506,0.07704392300076561,0.22208058552771684,0.18198594693987222
2013-09-20,13.119999885559082,13.119999885559082,13.470000267028809,12.520000457763672,13.300000190734863,0,-0.0030441395090341,-0.0030441395090341494,9.266785350462672e-06,0.0030441395090341494,0.07656051951316985,0.21181802625504867,0.17248576394376938
2013-09-23,14.3100004196167,14.3100004196167,14.710000038146973,14.020000457763672,14.039999961853027,0,0.0868208480983661,0.0868208480983661,0.00753785966451956,0.0868208480983661,0.11472436622136309,0.2156141527208361,0.1732151353788861
2013-09-24,14.079999923706056,14.079999923706056,14.369999885559082,13.75,14.170000076293944,0,-0.0162032775803862,-0.0162032775803862,0.00026254620434704607,0.0162032775803862,0.11539732330758842,0.20929468465681492,0.17168884196795786
2013-09-25,14.010000228881836,14.010000228881836,14.619999885559082,13.890000343322754,14.239999771118164,0,-0.0049839686253432,-0.004983968625343227,2.4839943258405656e-05,0.004983968625343227,0.09417157005212518,0.1973911402373441,0.16820952757361268
2013-09-26,14.0600004196167,14.0600004196167,14.399999618530272,13.579999923706056,13.800000190734863,0,0.003562539541285,0.003562539541285048,1.269168798321948e-05,0.003562539541285048,0.088584447198471,0.16243537155611523,0.1650802116862899
2013-09-27,15.460000038146973,15.460000038146973,15.789999961853027,14.619999885559082,14.619999885559082,0,0.0949221293995048,0.09492212939950484,0.00901021064973634,0.09492212939950484,0.12980041660119807,0.1873818556710719,0.16749313597158372
2013-09-30,16.600000381469727,16.600000381469727,17.489999771118164,16.15999984741211,17.489999771118164,0,0.0711466727158627,0.07114667271586272,0.005061849038538085,0.07114667271586272,0.11988385013780255,0.1995104218628504,0.17031878659989072
2013-10-01,15.539999961853027,15.539999961853027,16.459999084472656,15.470000267028809,16.309999465942383,0,-0.0659853758578603,-0.06598537585786035,0.0043540698271031,0.06598537585786035,0.13588105514242652,0.2098060733226813,0.17000793799547412
2013-10-02,16.600000381469727,16.600000381469727,16.809999465942383,16.1299991607666,16.399999618530273,0,0.0659853758578603,0.06598537585786035,0.0043540698271031,0.06598537585786035,0.1509731467197523,0.21864671675060354,0.16574799848669594
2013-10-03,17.670000076293945,17.670000076293945,18.709999084472656,16.6299991607666,16.6299991607666,0,0.0624655723067144,0.062465572306714456,0.003901947723605372,0.062465572306714456,0.16334670815809543,0.2229087854432214,0.17439967843035542
2013-10-04,16.739999771118164,16.739999771118164,17.8700008392334,16.65999984741211,17.719999313354492,0,-0.0540672392607368,-0.054067239260736866,0.002923266361277766,0.054067239260736866,0.14351028805499425,0.22926682300097623,0.17845047156730065
2013-10-07,19.40999984741211,19.40999984741211,19.40999984741211,18.07999992370605,18.76000022888184,0,0.147987337931037,0.14798733793103702,0.02190025218791495,0.14798733793103702,0.1934776626047676,0.27283314271117626,0.17280357356553974
2013-10-08,20.34000015258789,20.34000015258789,21.01000022888184,18.979999542236328,19.01000022888184,0,0.0468010088026611,0.04680100880266114,0.0021903344249467652,0.04680100880266114,0.18780274365633734,0.2764649909858601,0.180661513039224
2013-10-09,19.600000381469727,19.600000381469727,21.34000015258789,19.040000915527344,20.190000534057617,0,-0.037059812423065,-0.037059812423065,0.0013734296968327627,0.037059812423065,0.1796920432144329,0.2692224420102948,0.19171739576185345
2013-10-10,16.479999542236328,16.479999542236328,17.920000076293945,16.290000915527344,17.65999984741211,0,-0.1733820889948085,-0.17338208899480856,0.030061348784203714,0.17338208899480856,0.24176151773013,0.31627866832447565,0.1963101816242032
2013-10-11,15.720000267028809,15.720000267028809,16.3799991607666,15.460000038146973,16.309999465942383,0,-0.0472136927167774,-0.047213692716777445,0.0022291327799542834,0.047213692716777445,0.24032165502478647,0.31802968675584803,0.19735197550937325
2013-10-14,16.06999969482422,16.06999969482422,17.739999771118164,15.800000190734863,17.079999923706055,0,0.0220203567713914,0.02202035677139147,0.0004848961123393661,0.02202035677139147,0.19062828173772353,0.3186600980069364,0.2084351664816834
2013-10-15,18.65999984741211,18.65999984741211,18.670000076293945,16.15999984741211,16.40999984741211,0,0.1494280264829082,0.1494280264829082,0.022328735098576715,0.1494280264829082,0.23765004201957726,0.351618117497683,0.2242182506709852
2013-10-16,14.710000038146973,14.710000038146973,17.149999618530273,14.670000076293944,17.139999389648438,0,-0.2378546500353118,-0.2378546500353118,0.05657483454342065,0.2378546500353118,0.3341840021881579,0.42438479109571153,0.24266174077824662
2013-10-17,13.479999542236328,13.479999542236328,14.59000015258789,12.890000343322754,14.520000457763672,0,-0.087320465681183,-0.08732046568118301,0.007624863726778661,0.08732046568118301,0.29873476908634133,0.428082021435609,0.24600637505674616
2013-10-18,13.039999961853027,13.039999961853027,13.529999732971191,12.34000015258789,12.859999656677246,0,-0.0331855179523055,-0.03318551795230551,0.0011012786017627913,0.03318551795230551,0.29684104851397863,0.42816086190770997,0.251580771773579
2013-10-21,13.15999984741211,13.15999984741211,13.630000114440918,13.06999969482422,13.34000015258789,0,0.0091603607292207,0.009160360729220773,8.391220868945014e-05,0.009160360729220773,0.2961648597981001,0.4282480228709668,0.24899483785064683
2013-10-22,13.329999923706056,13.329999923706056,13.920000076293944,12.93000030517578,12.989999771118164,0,0.0128352141647942,0.012835214164794273,0.00016474272265613554,0.012835214164794273,0.2560266232314673,0.4195512509229697,0.2512550390580938
2013-10-23,13.420000076293944,13.420000076293944,14.210000038146973,13.420000076293944,13.710000038146973,0,0.0067290087614879,0.0067290087614875205,4.5279558912175816e-05,0.0067290087614875205,0.09497408498532228,0.41929224355524847,0.2522054491076558
2013-10-24,13.199999809265137,13.199999809265137,13.619999885559082,13.149999618530272,13.5,0,-0.0165293220859141,-0.016529322085913734,0.00027321848861987556,0.016529322085913734,0.04084643902031651,0.4195883268764221,0.2512093088640265
2013-10-25,13.09000015258789,13.09000015258789,13.4399995803833,13.079999923706056,13.15999984741211,0,-0.0083682235640769,-0.00836822356407696,7.00271656183729e-05,0.00836822356407696,0.025242427468371915,0.419656644804524,0.24926328664529124
2013-10-28,13.3100004196167,13.3100004196167,13.720000267028809,13.220000267028809,13.619999885559082,0,0.0166670723548061,0.016667072354806134,0.0002777913008803429,0.016667072354806134,0.02882809804144057,0.40912012927712865,0.24595036000222753
2013-10-29,13.40999984741211,13.40999984741211,13.630000114440918,13.0600004196167,13.25,0,0.0074850219814788,0.007485021981478823,5.602555406322117e-05,0.007485021981478823,0.026876422159468984,0.402955899194018,0.24268018241337358
2013-10-30,13.649999618530272,13.649999618530272,14.350000381469728,13.640000343322754,13.720000267028809,0,0.0177388077695459,0.01773880776954595,0.00031466530108490375,0.01773880776954595,0.03149171018326447,0.39791211613777405,0.24173243621176546
2013-10-31,13.75,13.75,14.020000457763672,13.279999732971191,13.829999923706056,0,0.0072993304281121,0.00729933042811215,5.32802246987639e-05,0.00729933042811215,0.027781100524378287,0.3924707155531952,0.2426522565201909
2013-11-01,13.279999732971191,13.279999732971191,13.920000076293944,13.220000267028809,13.460000038146973,0,-0.0347797001718839,-0.03477970017188392,0.0012096275440461423,0.03477970017188392,0.04371944561374699,0.38902563204405677,0.2341602617437992
2013-11-04,12.93000030517578,12.93000030517578,13.670000076293944,12.90999984741211,13.350000381469728,0,-0.0267089075547821,-0.02670890755478217,0.0007133657427699,0.02670890755478217,0.04844547828913384,0.3861748849533977,0.23289086761908448
2013-11-05,13.270000457763672,13.270000457763672,13.640000343322754,12.859999656677246,13.220000267028809,0,0.0259556664543332,0.025955666454333226,0.0006736966210885992,0.025955666454333226,0.05444846585247665,0.35763736689829206,0.23167117808321147
2013-11-06,12.670000076293944,12.670000076293944,13.329999923706056,12.670000076293944,13.010000228881836,0,-0.0462688824855783,-0.046268882485578366,0.0021408094864642604,0.046268882485578366,0.06921545794884025,0.3575681211510068,0.22556055577672648
2013-11-07,13.90999984741211,13.90999984741211,14.140000343322754,12.93000030517578,12.989999771118164,0,0.0933709946110279,0.09337099461102794,0.008718142634652608,0.09337099461102794,0.11599845701138234,0.36769508318888483,0.22152472385375938
2013-11-08,12.899999618530272,12.899999618530272,13.800000190734863,12.84000015258789,13.760000228881836,0,-0.075380713169368,-0.07538071316936801,0.0056822519179225315,0.07538071316936801,0.13389647643944147,0.3328972474127711,0.2183302524485085
2013-11-11,12.529999732971191,12.529999732971191,12.93000030517578,12.399999618530272,12.850000381469728,0,-0.0291015341995102,-0.029101534199510226,0.0008468992927652633,0.029101534199510226,0.1343941961280072,0.33081466691761224,0.2170132350587559
2013-11-12,12.81999969482422,12.81999969482422,13.0600004196167,12.630000114440918,12.800000190734863,0,0.0228806800910414,0.022880680091041494,0.0005235255214285825,0.022880680091041494,0.13383433361149616,0.3308730470390418,0.20654660341813655
2013-11-13,12.520000457763672,12.520000457763672,13.350000381469728,12.460000038146973,13.350000381469728,0,-0.0236790254533145,-0.023679025453314573,0.0005606962464187194,0.023679025453314573,0.12779481841290635,0.29615694218562894,0.19198950756776414
2013-11-14,12.369999885559082,12.369999885559082,12.9399995803833,12.279999732971191,12.800000190734863,0,-0.012053225081638,-0.012053225081638086,0.00014528023486862945,0.012053225081638086,0.08808321754683882,0.176859775235043,0.17043856943275512
2013-11-15,12.1899995803833,12.1899995803833,12.449999809265137,11.989999771118164,12.119999885559082,0,-0.0146582680827549,-0.014658268082754944,0.0002148648231859123,0.014658268082754944,0.04786717161758269,0.15449718829997258,0.15500035312739788
2013-11-18,13.100000381469728,13.100000381469728,13.220000267028809,12.40999984741211,12.40999984741211,0,0.071996350256779,0.07199635025677908,0.005183474450296814,0.07199635025677908,0.08141155493048063,0.16718725143123564,0.14969991631322732
2013-11-19,13.390000343322754,13.390000343322754,13.68000030517578,12.880000114440918,13.029999732971191,0,0.0218959260163842,0.021895926016384237,0.0004794315761149721,0.021895926016384237,0.08114029412619266,0.1683659597678721,0.15193717538074467
2013-11-20,13.399999618530272,13.399999618530272,13.9399995803833,12.970000267028809,13.5600004196167,0,0.0007464931456588,0.0007464931456588886,5.572520165157026e-07,0.0007464931456588886,0.07761190847081942,0.16787766658468037,0.15165063832002298
2013-11-21,12.65999984741211,12.65999984741211,13.09000015258789,12.4399995803833,13.09000015258789,0,-0.0568072738257008,-0.05680727382570083,0.003227066359508155,0.05680727382570083,0.09542219061163067,0.17710081235983385,0.15084247650609
2013-11-22,12.260000228881836,12.260000228881836,12.90999984741211,12.239999771118164,12.6899995803833,0,-0.0321054554862172,-0.03210545548621724,0.0010307602719774765,0.03210545548621724,0.09960567207701548,0.17922678237883613,0.15275148805199057
2013-11-25,12.789999961853027,12.789999961853027,12.920000076293944,12.489999771118164,12.550000190734863,0,0.0423216634311316,0.04232166343113164,0.0017911231955779852,0.04232166343113164,0.08080184809269594,0.18396558251974823,0.15323303040107517
2013-11-26,12.8100004196167,12.8100004196167,12.989999771118164,12.489999771118164,12.84000015258789,0,0.0015625360574169,0.0015625360574169633,2.4415189307281477e-06,0.0015625360574169633,0.07779427098450674,0.18321568101524685,0.153424160370696
2013-11-27,12.979999542236328,12.979999542236328,12.979999542236328,12.4399995803833,12.8100004196167,0,0.0131835273434908,0.01318352734349082,0.0001738053932165701,0.01318352734349082,0.07889991596453651,0.18353682357781512,0.15340147510631727
2013-11-29,13.699999809265137,13.699999809265137,13.779999732971191,12.93000030517578,13.0600004196167,0,0.0539861429027301,0.05398614290273018,0.0029145036255140045,0.05398614290273018,0.07689365386829249,0.19048780520931816,0.15513011954321734
2013-12-02,14.229999542236328,14.229999542236328,14.3100004196167,13.779999732971191,13.90999984741211,0,0.0379565610210179,0.037956561021017965,0.0014407005245422604,0.037956561021017965,0.07951461662978421,0.19409539982520613,0.15335754429524573
2013-12-03,14.550000190734863,14.550000190734863,15.039999961853027,14.43000030517578,14.739999771118164,0,0.0222386267935821,0.022238626793582128,0.0004945565216642289,0.022238626793582128,0.07089434098620143,0.192244514124395,0.15223887317527712
2013-12-04,14.699999809265137,14.699999809265137,15.710000038146973,14.220000267028809,15.029999732971191,0,0.010256474083103,0.01025647408310304,0.00010519526061736434,0.01025647408310304,0.0716153707352998,0.19065618985171234,0.15993104445645034
2013-12-05,15.079999923706056,15.079999923706056,15.380000114440918,14.699999809265137,14.81999969482422,0,0.0255218767110001,0.025521876711000147,0.0006513661908514916,0.025521876711000147,0.07487537728245086,0.19059761881653997,0.15831886488938215
2013-12-06,13.789999961853027,13.789999961853027,14.09000015258789,13.619999885559082,13.970000267028809,0,-0.089425668481597,-0.08942566848159705,0.007996950183380501,0.08942566848159705,0.10338650144509125,0.2053864479352309,0.15668423315038485
2013-12-09,13.489999771118164,13.489999771118164,14.06999969482422,13.489999771118164,13.970000267028809,0,-0.0219950357860465,-0.021995035786046557,0.0004837815992294687,0.021995035786046557,0.09865013814355794,0.18425317354126677,0.14934106405578781
2013-12-10,13.90999984741211,13.90999984741211,14.220000267028809,13.6899995803833,14.140000343322754,0,0.0306593417128109,0.030659341712810928,0.0009399952342629081,0.030659341712810928,0.10088254788783708,0.17090048354632748,0.14473431452840654
2013-12-11,15.420000076293944,15.420000076293944,15.43000030517578,13.979999542236328,13.979999542236328,0,0.1030573781172132,0.10305737811721327,0.010620823184394269,0.10305737811721327,0.143850326353883,0.19743581024727394,0.15436576599708804
2013-12-12,15.539999961853027,15.539999961853027,16.09000015258789,15.210000038146973,15.4399995803833,0,0.0077519694018306,0.0077519694018306495,6.009302960691864e-05,0.0077519694018306495,0.14178026389760345,0.19625867286868087,0.15673388799862678
2013-12-13,15.760000228881836,15.760000228881836,15.800000190734863,15.0600004196167,15.170000076293944,0,0.0140577564679511,0.014057756467951155,0.00019762051691222252,0.014057756467951155,0.11091579492752958,0.1953314899002959,0.15387843189145556
2013-12-16,16.030000686645508,16.030000686645508,16.079999923706055,15.300000190734863,15.640000343322754,0,0.0169869105037969,0.01698691050379697,0.00028855512846400784,0.01698691050379697,0.1100322093463561,0.1956978943174013,0.15356374071177664
2013-12-17,16.209999084472656,16.209999084472656,16.670000076293945,15.8100004196167,16.040000915527344,0,0.0111662698119241,0.011166269811924145,0.00012468558151268848,0.011166269811924145,0.10626277542437011,0.1954673543039644,0.15518548051247208
2013-12-18,13.800000190734863,13.800000190734863,16.75,13.739999771118164,15.949999809265137,0,-0.1609596732838873,-0.16095967328388738,0.02590801642365577,0.16095967328388738,0.16303058203954132,0.24275919873807153,0.19181477491446103
2013-12-19,14.149999618530272,14.149999618530272,14.210000038146973,12.890000343322754,13.59000015258789,0,0.025045991145729,0.02504599114572903,0.000627301672471937,0.02504599114572903,0.16476097633546796,0.24306356919190394,0.19725992895406294
2013-12-20,13.789999961853027,13.789999961853027,13.869999885559082,13.119999885559082,13.609999656677246,0,-0.0257709080913222,-0.02577090809132221,0.0006641397038513765,0.02577090809132221,0.16617069088727948,0.24442479645106047,0.19532005541866937
2013-12-23,13.039999961853027,13.039999961853027,13.529999732971191,13.020000457763672,13.369999885559082,0,-0.0559221354658072,-0.055922135465807266,0.0031272852350560988,0.055922135465807266,0.17450337709210065,0.24422059699314938,0.19428534172027379
2013-12-24,12.479999542236328,12.479999542236328,12.890000343322754,12.479999542236328,12.850000381469728,0,-0.0438942273116258,-0.043894227311625844,0.0019267031912846802,0.043894227311625844,0.1795924447918672,0.24604805001258895,0.19261175962008842
2013-12-26,12.329999923706056,12.329999923706056,12.5,11.6899995803833,12.479999542236328,0,-0.0120920152729144,-0.01209201527291448,0.00014621683336039706,0.01209201527291448,0.08057075546390575,0.2426823779197408,0.19571633576537992
2013-12-27,12.460000038146973,12.460000038146973,12.59000015258789,12.199999809265137,12.210000038146973,0,0.0104882054322765,0.010488205432276576,0.00011000245318963588,0.010488205432276576,0.07729390284325277,0.24290388528600937,0.19520842273677685
2013-12-30,13.5600004196167,13.5600004196167,13.579999923706056,12.829999923706056,12.869999885559082,0,0.0846007970365714,0.08460079703657142,0.007157294859223152,0.08460079703657142,0.11165797137738968,0.25687698797877045,0.19651767609366239
2013-12-31,13.720000267028809,13.720000267028809,14.350000381469728,13.380000114440918,13.43000030517578,0,0.0117303283030469,0.011730328303046988,0.00013760060209726523,0.011730328303046988,0.09735408537475529,0.25141377036596196,0.19729142055589594
2014-01-02,14.229999542236328,14.229999542236328,14.59000015258789,14.0,14.31999969482422,0,0.0364977381723643,0.03649773817236435,0.0013320848916984615,0.03649773817236435,0.09425072752806167,0.2511976677773598,0.19754684873329162
2014-01-03,13.760000228881836,13.760000228881836,14.220000267028809,13.56999969482422,14.0600004196167,0,-0.0335865307937925,-0.03358653079379259,0.001128055050762378,0.03358653079379259,0.09932289694209942,0.2524554749374293,0.19797983906550667
2014-01-06,13.550000190734863,13.550000190734863,14.0,13.220000267028809,13.40999984741211,0,-0.0153792877369682,-0.015379287736968283,0.00023652249129646304,0.015379287736968283,0.09995778056298435,0.2527154408748347,0.19183304222118971
2014-01-07,12.920000076293944,12.920000076293944,13.279999732971191,12.15999984741211,12.380000114440918,0,-0.0476100571425237,-0.0476100571425242,0.0022667175411144195,0.0476100571425242,0.07142114936745976,0.2558914719306312,0.19713509930456058
2014-01-08,12.869999885559082,12.869999885559082,13.239999771118164,12.859999656677246,13.039999961853027,0,-0.003877491543593,-0.003877491543592626,1.5034940670632326e-05,0.003877491543592626,0.07055788344006901,0.23978851132636683,0.19685776627537807
2014-01-09,12.890000343322754,12.890000343322754,13.260000228881836,12.829999923706056,12.829999923706056,0,0.0015528308699428,0.001552830869942845,2.411283710647453e-06,0.001552830869942845,0.0604048119569505,0.23878266237019038,0.19622893417385887
2014-01-10,12.140000343322754,12.140000343322754,12.899999618530272,12.140000343322754,12.600000381469728,0,-0.0599460296742648,-0.05994602967426488,0.003593526473707845,0.05994602967426488,0.07819343150482665,0.24427585039876795,0.19828076996050786
2014-01-13,13.279999732971191,13.279999732971191,13.649999618530272,11.81999969482422,12.18000030517578,0,0.0897533100290517,0.08975331002905174,0.00805565666117108,0.08975331002905174,0.1180395988656969,0.23896762241947772,0.20802900129415908
2014-01-14,12.279999732971191,12.279999732971191,12.899999618530272,11.960000038146973,12.890000343322754,0,-0.078287222966717,-0.07828722296671708,0.006128889279840475,0.07828722296671708,0.13339984497405044,0.25134502345392007,0.210237265029702
2014-01-15,12.279999732971191,12.279999732971191,12.399999618530272,11.8100004196167,12.149999618530272,0,0.0,0.0,0.0,0.0,0.13334348014968733,0.25095158955093194,0.21030213755399402
2014-01-16,12.529999732971191,12.529999732971191,12.65999984741211,12.279999732971191,12.31999969482422,0,0.0201538466228394,0.020153846622839477,0.00040617753369693823,0.020153846622839477,0.13484898942304444,0.25118583300690417,0.20897423450410504
2014-01-17,12.4399995803833,12.4399995803833,12.93000030517578,12.039999961853027,12.34000015258789,0,-0.0072086940170317,-0.007208694017031725,5.196526943118898e-05,0.007208694017031725,0.12100697808035572,0.2510410372654058,0.2109328933302328
2014-01-21,12.869999885559082,12.869999885559082,13.420000076293944,12.609999656677246,12.630000114440918,0,0.0339819591361796,0.03398195913617963,0.0011547735467329822,0.03398195913617963,0.08798753110356941,0.195623003540913,0.1781524848982298
2014-01-22,12.84000015258789,12.84000015258789,13.119999885559082,12.550000190734863,12.56999969482422,0,-0.0023337025703598,-0.002333702570359808,5.446167686903974e-06,0.002333702570359808,0.04022887666276581,0.1940270703009841,0.17035736912035082
2014-01-23,13.770000457763672,13.770000457763672,14.65999984741211,13.670000076293944,13.670000076293944,0,0.0699270358385053,0.06992703583850535,0.004889790341159612,0.06992703583850535,0.08067312352145314,0.20462686687454132,0.172250570291176
2014-01-24,18.13999938964844,18.13999938964844,18.13999938964844,14.920000076293944,14.949999809265137,0,0.2756270650561543,0.2756270650561543,0.07597027899146952,0.2756270650561543,0.28648255499502967,0.33869624799118264,0.20714995944556805
2014-01-27,17.420000076293945,17.420000076293945,18.989999771118164,16.850000381469727,17.290000915527344,0,-0.0405004352362343,-0.04050043523623437,0.0016402852543244142,0.04050043523623437,0.2892413772290774,0.33827315954172954,0.21838060777591362
2014-01-28,15.800000190734863,15.800000190734863,17.280000686645508,15.800000190734863,17.270000457763672,0,-0.0976090236992841,-0.09760902369928415,0.009527521507527415,0.09760902369928415,0.30336994291156777,0.3518665018732409,0.22127569219327528
2014-01-29,17.350000381469727,17.350000381469727,18.040000915527344,16.709999084472656,17.950000762939453,0,0.0935825762748479,0.0935825762748479,0.008757698582237725,0.0935825762748479,0.3174674387661177,0.36394742926631524,0.22521370042615368
2014-01-30,17.290000915527344,17.290000915527344,17.389999389648438,15.960000038146973,16.3700008392334,0,-0.0034641757331348,-0.0034641757331348444,1.2000513510040337e-05,0.0034641757331348444,0.309689820383346,0.3539949673707896,0.22850131732433202
2014-01-31,18.40999984741211,18.40999984741211,18.989999771118164,17.270000457763672,18.709999084472656,0,0.0627656343102098,0.06276563431020987,0.003939524850362995,0.06276563431020987,0.15452194248055065,0.3593248685689764,0.23172654192694345
2014-02-03,21.440000534057617,21.440000534057617,21.479999542236328,18.34000015258789,18.56999969482422,0,0.1523643741553337,0.15236437415533377,0.02321490251174654,0.15236437415533377,0.21319392103290546,0.38858355445407133,0.2491802202532807
2014-02-04,19.11000061035156,19.11000061035156,20.06999969482422,18.440000534057617,19.989999771118164,0,-0.1150465709209664,-0.11504657092096693,0.013235713480673074,0.11504657092096693,0.22172018387717973,0.4038623988712875,0.2527626747338319
2014-02-05,19.950000762939453,19.950000762939453,20.71999931335449,19.1299991607666,19.59000015258789,0,0.0430173913874125,0.043017391387413006,0.0018504959617778748,0.043017391387413006,0.20555446314315468,0.40585565253246425,0.25495658730639814
2014-02-06,17.229999542236328,17.229999542236328,19.09000015258789,17.09000015258789,19.09000015258789,0,-0.1465771576064405,-0.14657715760644052,0.021484863131983306,0.14657715760644052,0.2524391014414047,0.42887871978383496,0.25810958845535165
2014-02-07,15.289999961853027,15.289999961853027,16.309999465942383,15.09000015258789,16.149999618530273,0,-0.1194530065259362,-0.11945300652593627,0.014269020768085372,0.11945300652593627,0.27213047579105537,0.44518641276529985,0.26171506762572394
2014-02-10,15.260000228881836,15.260000228881836,15.760000228881836,15.100000381469728,15.630000114440918,0,-0.0019639765909538,-0.00196397659095382,3.857204049814588e-06,0.00196397659095382,0.22548603182141783,0.4451880367116519,0.26222682044753715
2014-02-11,14.510000228881836,14.510000228881836,15.289999961853027,14.079999923706056,15.289999961853027,0,-0.0503969581849483,-0.05039695818494838,0.0025398533942954356,0.05039695818494838,0.20036988411483353,0.44400305736758466,0.26435686322146845
2014-02-12,14.300000190734863,14.300000190734863,14.640000343322754,14.020000457763672,14.3100004196167,0,-0.0145785320662081,-0.014578532066208183,0.00021253359720546023,0.014578532066208183,0.19623997578378213,0.4350811325348378,0.2511703488017822
2014-02-13,14.140000343322754,14.140000343322754,15.239999771118164,13.979999542236328,15.239999771118164,0,-0.0112518658552858,-0.011251865855285814,0.00012660448522534677,0.011251865855285814,0.13096514593150899,0.42812767615885566,0.25240412614622365
2014-02-14,13.56999969482422,13.56999969482422,14.220000267028809,13.4399995803833,14.210000038146973,0,-0.0411462333909042,-0.04114623339090384,0.0016930125222587302,0.04114623339090384,0.06764511218879603,0.43010035993409806,0.2529793492650557
2014-02-18,13.869999885559082,13.869999885559082,14.510000228881836,13.770000457763672,13.949999809265137,0,0.0218667747179992,0.021866774717998805,0.0004781558365677117,0.021866774717998805,0.07106447660788545,0.4301840279674636,0.2542672741162155
2014-02-19,15.5,15.5,15.729999542236328,14.119999885559082,14.850000381469728,0,0.111111797849428,0.11111179784942804,0.012345831621332161,0.11111179784942804,0.12188575824348563,0.44424336153758387,0.25888728178723186
2014-02-20,14.789999961853027,14.789999961853027,15.800000190734863,14.59000015258789,15.279999732971191,0,-0.0468887497817331,-0.046888749781733186,0.002198554856093984,0.046888749781733186,0.1297773451781086,0.445416597781867,0.2606035968387574
2014-02-21,14.68000030517578,14.68000030517578,14.789999961853027,14.1899995803833,14.739999771118164,0,-0.0074652301685573,-0.007465230168557824,5.572966146954587e-05,0.007465230168557824,0.12950399413810426,0.44547303967059115,0.26042515668305327
2014-02-24,14.229999542236328,14.229999542236328,14.829999923706056,13.970000267028809,14.829999923706056,0,-0.0311336640420658,-0.031133664042065412,0.0009693050366841969,0.031133664042065412,0.12667903146198906,0.44105072697919984,0.2595096185050973
2014-02-25,13.670000076293944,13.670000076293944,14.829999923706056,13.65999984741211,14.170000076293944,0,-0.0401487236158639,-0.04014872361586397,0.001611920007983033,0.04014872361586397,0.13107761511243227,0.3466516764497096,0.23665962328519233
2014-02-26,14.350000381469728,14.350000381469728,14.539999961853027,13.729999542236328,13.829999923706056,0,0.0485463124719052,0.04854631247190566,0.0023567444546199034,0.04854631247190566,0.08480715781613411,0.347683539998214,0.228116131422104
2014-02-27,14.039999961853027,14.039999961853027,14.6899995803833,13.920000076293944,14.5600004196167,0,-0.0218395729082416,-0.021839572908242122,0.00047696694481442326,0.021839572908242122,0.07396395139235813,0.33441484629570006,0.22403308287824952
2014-02-28,14.0,14.0,14.789999961853027,13.489999771118164,14.220000267028809,0,-0.0028530662653856,-0.0028530662653856176,8.139987114681435e-06,0.0028530662653856176,0.07364154011980094,0.321066552022869,0.22611575043435675
2014-03-03,16.0,16.0,16.780000686645508,15.380000114440918,16.469999313354492,0,0.1335313926245227,0.13353139262452274,0.017830632816244446,0.13353139262452274,0.14927961753292543,0.34771017116355407,0.22629636150202048
2014-03-04,14.100000381469728,14.100000381469728,14.539999961853027,14.0,14.529999732971191,0,-0.1264138978010685,-0.1264138978010685,0.015980473557258987,0.1264138978010685,0.19144962198983953,0.36461392161776274,0.22017167780802055
2014-03-05,13.890000343322754,13.890000343322754,14.31999969482422,13.8100004196167,14.130000114440918,0,-0.0150056429551996,-0.015005642955199683,0.00022516932049893387,0.015005642955199683,0.185799307388191,0.3315924888266265,0.19985424705949187
2014-03-06,14.210000038146973,14.210000038146973,14.420000076293944,13.729999542236328,13.81999969482422,0,0.0227767633100124,0.022776763310012438,0.0005187809468803287,0.022776763310012438,0.18591179797957252,0.31182791105422825,0.1955022212106372
2014-03-07,14.109999656677246,14.109999656677246,14.43000030517578,13.510000228881836,13.510000228881836,0,-0.0070622032606779,-0.007062203260677968,4.987471489513053e-05,0.007062203260677968,0.18602400747155687,0.3089272161295617,0.19361633691058983
2014-03-10,14.199999809265137,14.199999809265137,15.279999732971191,14.199999809265137,14.760000228881836,0,0.0063582096423346,0.006358209642334689,4.042682985587781e-05,0.006358209642334689,0.12967160587186877,0.2720139492074506,0.1871035181613698
2014-03-11,14.800000190734863,14.800000190734863,14.93000030517578,13.84000015258789,14.220000267028809,0,0.0413852424823781,0.04138524248237818,0.0017127382953252398,0.04138524248237818,0.05046771351523194,0.2478614655219189,0.1868167020167915
2014-03-12,14.470000267028809,14.470000267028809,15.640000343322754,14.43000030517578,15.369999885559082,0,-0.0225496345602076,-0.022549634560207643,0.0005084860187989109,0.022549634560207643,0.05320062786993685,0.24887734912085205,0.1912562301974397
2014-03-13,16.219999313354492,16.219999313354492,16.65999984741211,14.239999771118164,14.279999732971191,0,0.1141674472566514,0.1141674472566514,0.013034206013100279,0.1141674472566514,0.12387789097322997,0.26913618768985215,0.20739502464122017
2014-03-14,17.81999969482422,17.81999969482422,18.21999931335449,16.09000015258789,16.739999771118164,0,0.0940763985631942,0.09407639856319427,0.008850368766620981,0.09407639856319427,0.15539055931330353,0.2847316678798529,0.21888781665550286
2014-03-17,15.640000343322754,15.640000343322754,16.399999618530273,15.369999885559082,16.389999389648438,0,-0.1304896478484507,-0.13048964784845074,0.017027548195612686,0.13048964784845074,0.2028135776753078,0.31300649578567885,0.21620225454498634
2014-03-18,14.520000457763672,14.520000457763672,15.470000267028809,14.15999984741211,15.420000076293944,0,-0.0743047161456744,-0.07430471614567447,0.0055211908414892555,0.07430471614567447,0.2119948108695638,0.31906307326806205,0.22004377648051668
2014-03-19,15.119999885559082,15.119999885559082,15.949999809265137,13.890000343322754,14.5600004196167,0,0.04049132225947,0.04049132225947005,0.001639547178320255,0.04049132225947005,0.21464589675822707,0.3208779145796938,0.23308479877077234
2014-03-20,14.520000457763672,14.520000457763672,15.619999885559082,14.5,15.579999923706056,0,-0.04049132225947,-0.04049132225947005,0.001639547178320255,0.04049132225947005,0.18622084244349085,0.30373730693150186,0.22829810875326723
2014-03-21,15.0,15.0,15.170000076293944,13.770000457763672,13.960000038146973,0,0.0325231601791369,0.03252316017913692,0.0010577559480377976,0.03252316017913692,0.16396825711637072,0.3018535285762702,0.23067732846406536
2014-03-24,15.09000015258789,15.09000015258789,16.06999969482422,14.5600004196167,14.699999809265137,0,0.0059820817894022,0.005982081789402294,3.5785302535098546e-05,0.005982081789402294,0.099467715610155,0.3018204902835636,0.23686558782503175
2014-03-25,14.020000457763672,14.020000457763672,15.050000190734863,13.960000038146973,14.15999984741211,0,-0.0735473686344079,-0.07354736863440792,0.005409215433045489,0.07354736863440792,0.09890324079755378,0.3090882054549672,0.23844654454736758
2014-03-26,14.93000030517578,14.93000030517578,15.279999732971191,13.460000038146973,13.640000343322754,0,0.0628877177343349,0.06288771773433499,0.003954865041833392,0.06288771773433499,0.10998713062796049,0.31285534002989684,0.24540162817679995
2014-03-27,14.619999885559082,14.619999885559082,15.630000114440918,14.489999771118164,15.0,0,-0.0209821854976031,-0.020982185497603112,0.00044025210825582637,0.020982185497603112,0.1043928821026971,0.30977729329125836,0.24719544146690467
2014-03-28,14.40999984741211,14.40999984741211,14.859999656677246,13.729999542236328,14.149999618530272,0,-0.0144680470715337,-0.014468047071533707,0.00020932438606411507,0.014468047071533707,0.10024690654446118,0.30934499976580837,0.24963204929267305
2014-03-31,13.880000114440918,13.880000114440918,14.15999984741211,13.56999969482422,13.880000114440918,0,-0.0374734360987214,-0.03747343609872145,0.0014042584130449596,0.03747343609872145,0.10685464604893787,0.31159340061374574,0.24477855222312211
2014-04-01,13.100000381469728,13.100000381469728,13.5600004196167,13.0600004196167,13.43000030517578,0,-0.0578367039967493,-0.05783670399674934,0.0033450843292076008,0.05783670399674934,0.09671496408729056,0.2874106797232862,0.24018362839617943
2014-04-02,13.09000015258789,13.09000015258789,13.350000381469728,12.920000076293944,13.170000076293944,0,-0.0007636677482945,-0.0007636677482945053,5.831884297852e-07,0.0007636677482945053,0.0734813066364657,0.2581182063516098,0.2399128554136639
2014-04-03,13.369999885559082,13.369999885559082,13.699999809265137,13.020000457763672,13.020000457763672,0,0.0211647909756842,0.021164790975684245,0.00044794837704440523,0.021164790975684245,0.07353365687758821,0.25854939084576795,0.2408705741892104
2014-04-04,13.960000038146973,13.960000038146973,14.550000190734863,12.600000381469728,12.880000114440918,0,0.0431827175124959,0.043182717512495916,0.0018647470917640214,0.043182717512495916,0.08403940385016294,0.2611393376180643,0.25420352496784115
2014-04-07,15.56999969482422,15.56999969482422,16.010000228881836,14.56999969482422,14.960000038146973,0,0.1091498661788463,0.10914986617884637,0.01191369328686007,0.10914986617884637,0.1325596328951838,0.2829444684448988,0.25740609460752933
2014-04-08,14.890000343322754,14.890000343322754,16.200000762939453,14.8100004196167,15.59000015258789,0,-0.0446560964924764,-0.04465609649247648,0.0019941669539453705,0.04465609649247648,0.12736223497585014,0.28637617280014027,0.25927294574039755
2014-04-09,13.81999969482422,13.81999969482422,14.9399995803833,13.699999809265137,14.579999923706056,0,-0.0745730734958476,-0.07457307349584763,0.005561143290617092,0.07457307349584763,0.14758624258456807,0.29301828841037836,0.26049456734939663
2014-04-10,15.890000343322754,15.890000343322754,16.3799991607666,13.8100004196167,13.979999542236328,0,0.1395732058974994,0.13957320589749944,0.019480679804505772,0.13957320589749944,0.20202581624062885,0.32377756427623966,0.27572525666674363
2014-04-11,17.030000686645508,17.030000686645508,17.850000381469727,15.890000343322754,16.65999984741211,0,0.0692865328395169,0.06928653283951691,0.004800623632921455,0.06928653283951691,0.20916574042813457,0.31080271676495314,0.26836295964867213
2014-04-14,16.110000610351562,16.110000610351562,17.399999618530273,16.100000381469727,16.139999389648438,0,-0.055536299918971,-0.05553629991897102,0.0030842806086899006,0.05553629991897102,0.18687133084205185,0.3013838757972042,0.2619520371634139
2014-04-15,15.609999656677246,15.609999656677246,17.5,15.470000267028809,16.139999389648438,0,-0.0315285225418149,-0.03152852254181493,0.0009940477336697322,0.03152852254181493,0.1841759351012069,0.2734935833408193,0.26941515856650305
2014-04-16,14.18000030517578,14.18000030517578,15.270000457763672,14.050000190734863,14.890000343322754,0,-0.0960791699080245,-0.09607916990802501,0.009231206890215138,0.09607916990802501,0.19388356988151936,0.280194140155228,0.2688150894514112
2014-04-17,13.359999656677246,13.359999656677246,14.170000076293944,13.06999969482422,14.09000015258789,0,-0.0595674002148571,-0.059567400214856736,0.0035482751683569144,0.059567400214856736,0.1471680469186608,0.2835797668511705,0.26022906906736465
2014-04-21,13.25,13.25,14.109999656677246,13.170000076293944,14.100000381469728,0,-0.0082675899784572,-0.008267589978457224,6.835304405188631e-05,0.008267589978457224,0.13010058971804694,0.2807958155548188,0.25968599345056
2014-04-22,13.1899995803833,13.1899995803833,13.260000228881836,12.899999618530272,13.130000114440918,0,-0.0045386175162533,-0.004538617516253396,2.0599048958842145e-05,0.004538617516253396,0.11773904146566051,0.2789428850750936,0.25363073246726453
2014-04-23,13.270000457763672,13.270000457763672,13.75,13.270000457763672,13.350000381469728,0,0.0060469479242697,0.006046947924269741,3.656557919883013e-05,0.006046947924269741,0.1136001748712634,0.2789442837031808,0.24753194079594434
2014-04-24,13.31999969482422,13.31999969482422,14.079999923706056,13.09000015258789,13.359999656677246,0,0.0037607593609005,0.0037607593609005896,1.4143310970601412e-05,0.0037607593609005896,0.06072838011619516,0.2691000581356417,0.24728635647219793
2014-04-25,14.0600004196167,14.0600004196167,14.670000076293944,13.90999984741211,13.93000030517578,0,0.0540672740260856,0.05406727402608569,0.00292327012061184,0.05406727402608569,0.05534375397271144,0.2671764330314037,0.23742399439486972
2014-04-28,13.970000267028809,13.970000267028809,15.279999732971191,13.81999969482422,14.270000457763672,0,-0.0064217238439177,-0.006421723843917704,4.123853712754117e-05,0.006421723843917704,0.05509824495269943,0.26642866361609047,0.24070555883729505
2014-04-29,13.710000038146973,13.710000038146973,14.239999771118164,13.609999656677246,13.880000114440918,0,-0.0187866960266736,-0.0187866960266736,0.0003529399475986336,0.0187866960266736,0.05803582941173031,0.2666980471578118,0.23753228077236502
2014-04-30,13.40999984741211,13.40999984741211,14.18000030517578,13.34000015258789,14.050000190734863,0,-0.0221248104417202,-0.02212481044172021,0.0004895072370820517,0.02212481044172021,0.061815039864022425,0.26497754090078557,0.23898376203486787
2014-05-01,13.25,13.25,13.75,13.100000381469728,13.640000343322754,0,-0.0120031334826911,-0.012003133482691108,0.00014407521340330037,0.012003133482691108,0.06285722755438217,0.25886693119443277,0.23968723184412652
2014-05-02,12.90999984741211,12.90999984741211,13.5,12.829999923706056,13.149999618530272,0,-0.0259953593930366,-0.025995359393036654,0.000675758709973139,0.025995359393036654,0.04127371615428734,0.26016776046921447,0.24082759076896998
2014-05-05,13.289999961853027,13.289999961853027,14.199999809265137,13.079999923706056,13.949999809265137,0,0.0290096768156078,0.029009676815607843,0.0008415613489460152,0.029009676815607843,0.0500384098168912,0.26092312384966604,0.2439214166612807
2014-05-06,13.800000190734863,13.800000190734863,13.899999618530272,13.279999732971191,13.649999618530272,0,0.0376567361297235,0.037656736129723534,0.0014180297759436257,0.037656736129723534,0.059740541388140646,0.2600656825566337,0.22974042660576316
2014-05-07,13.399999618530272,13.399999618530272,14.489999771118164,13.390000343322754,13.640000343322754,0,-0.0294139274955509,-0.02941392749555094,0.0008651791307135276,0.02941392749555094,0.06280608393284541,0.23787737405541795,0.22765104024550775
2014-05-08,13.43000030517578,13.43000030517578,13.880000114440918,12.920000076293944,13.6899995803833,0,0.0022363547696095,0.00223635476960915,5.001282655553595e-06,0.00223635476960915,0.06168897995778399,0.23365889543565724,0.22533349495822108
2014-05-09,12.920000076293944,12.920000076293944,14.029999732971191,12.869999885559082,13.550000190734863,0,-0.0387145289990247,-0.03871452899902472,0.0014988147556163262,0.03871452899902472,0.0680337143912859,0.22479802241392302,0.22528539647369164
2014-05-12,12.229999542236328,12.229999542236328,12.579999923706056,11.880000114440918,12.460000038146973,0,-0.054884591990052,-0.05488459199005158,0.003012318437914434,0.05488459199005158,0.08245813108992636,0.1845691997994771,0.2035440187319821
2014-05-13,12.130000114440918,12.130000114440918,12.739999771118164,12.050000190734863,12.359999656677246,0,-0.008210179879013,-0.008210179879013069,6.740705364575105e-05,0.008210179879013069,0.07381545001248456,0.171267547817278,0.19408486042787618
2014-05-14,12.170000076293944,12.170000076293944,12.510000228881836,12.029999732971191,12.420000076293944,0,0.0032921808779589,0.0032921808779589057,1.083845493319827e-05,0.0032921808779589057,0.06778185586693003,0.16204669321398352,0.1898586186031303
2014-05-15,13.170000076293944,13.170000076293944,13.770000457763672,12.720000267028809,12.729999542236328,0,0.0789676082797461,0.07896760827974614,0.00623588315742343,0.07896760827974614,0.1040445186424213,0.17748511544729773,0.18119664536697702
2014-05-16,12.4399995803833,12.4399995803833,13.65999984741211,12.260000228881836,13.3100004196167,0,-0.0570244679684126,-0.05702446796841265,0.0032517899470805205,0.05702446796841265,0.11215273982831336,0.15975465333506245,0.1858722978134005
2014-05-19,12.420000076293944,12.420000076293944,13.210000038146973,12.279999732971191,13.170000076293944,0,-0.0016089709316244,-0.0016089709316249312,2.5887874588139992e-06,0.0016089709316249312,0.0978187476946098,0.14824258120158282,0.1847038413257158
2014-05-20,12.960000038146973,12.960000038146973,13.300000190734863,12.31999969482422,12.6899995803833,0,0.0425596112194051,0.042559611219405546,0.0018113205071469505,0.042559611219405546,0.10635986486472672,0.15400918915572193,0.18577993228195164
2014-05-21,11.90999984741211,11.90999984741211,12.460000038146973,11.800000190734863,12.380000114440918,0,-0.0844893233121046,-0.08448932331210468,0.007138445753737356,0.08448932331210468,0.1357940652342623,0.17560375009999488,0.18790752348783837
2014-05-22,12.029999732971191,12.029999732971191,12.09000015258789,11.68000030517578,11.93000030517578,0,0.0100251372342157,0.01002513723421572,0.00010050337656485841,0.01002513723421572,0.1109263195638822,0.17578570717367065,0.18783812989030388
2014-05-23,11.359999656677246,11.359999656677246,11.970000267028809,11.359999656677246,11.960000038146973,0,-0.0573051247187472,-0.05730512471874727,0.0032838773190311792,0.05730512471874727,0.11107085911227649,0.18485223518964564,0.18534503391138316
2014-05-27,11.510000228881836,11.510000228881836,11.84000015258789,11.5,11.6899995803833,0,0.0131178595483358,0.013117859548335886,0.000172078239129867,0.013117859548335886,0.11183123533078862,0.1772544977514706,0.1834074963815585
2014-05-28,11.68000030517578,11.68000030517578,11.859999656677246,11.5,11.600000381469728,0,0.0146617609088766,0.014661760908876609,0.00021496723294906224,0.014661760908876609,0.10445033231834323,0.1777438766004264,0.1741933548122567
2014-05-29,11.56999969482422,11.56999969482422,11.81999969482422,11.40999984741211,11.579999923706056,0,-0.0094624886990311,-0.009462488699031102,8.953869237929132e-05,0.009462488699031102,0.06213666276888607,0.17700136839507277,0.1733618290024697
2014-05-30,11.399999618530272,11.399999618530272,11.699999809265137,11.31999969482422,11.65999984741211,0,-0.0148021928909205,-0.014802192890920551,0.0002191049143800189,0.014802192890920551,0.06308380456083346,0.17623587061386292,0.17059475515508998
2014-06-02,11.579999923706056,11.579999923706056,12.170000076293944,11.289999961853027,11.6899995803833,0,0.0156661436182332,0.015666143618233264,0.0002454280558671108,0.015666143618233264,0.030677632482076646,0.17652318525760305,0.17403618213568772
2014-06-03,11.869999885559082,11.869999885559082,12.130000114440918,11.720000267028809,12.029999732971191,0,0.0247347334239615,0.024734733423961597,0.000611807037554443,0.024734733423961597,0.037159735374864285,0.17634194980511966,0.17257015803527845
2014-06-04,12.079999923706056,12.079999923706056,12.329999923706056,11.90999984741211,12.149999618530272,0,0.0175369872105579,0.017536987210557964,0.0003075459204232736,0.017536987210557964,0.03838521356725987,0.17482124536951624,0.16667082491054613
2014-06-05,11.68000030517578,11.68000030517578,12.34000015258789,11.4399995803833,12.09000015258789,0,-0.0336731826628011,-0.03367318266280117,0.0011338832306423733,0.03367318266280117,0.050177376962803,0.17400667023780253,0.17057753879121146
2014-06-06,10.729999542236328,10.729999542236328,11.390000343322754,10.729999542236328,11.31999969482422,0,-0.0848344895475761,-0.08483448954757611,0.0071968906167978,0.08483448954757611,0.09744513769955387,0.19133748397355818,0.16773100636879967
2014-06-09,11.149999618530272,11.149999618530272,11.510000228881836,10.989999771118164,11.229999542236328,0,0.0383959497130277,0.03839594971302773,0.0014742489543653544,0.03839594971302773,0.103558561982017,0.1951391309938666,0.16447426440714363
2014-06-10,10.989999771118164,10.989999771118164,11.65999984741211,10.93000030517578,11.300000190734863,0,-0.0144537161044384,-0.014453716104438463,0.00020890990922770378,0.014453716104438463,0.10159467816503244,0.19180556717325178,0.160851734895444
2014-06-11,11.600000381469728,11.600000381469728,11.869999885559082,11.1899995803833,11.420000076293944,0,0.0540193834084825,0.05401938340848256,0.002918093783832641,0.05401938340848256,0.11371906829932212,0.19155978425695463,0.16107857808917928
2014-06-12,12.5600004196167,12.5600004196167,12.8100004196167,11.710000038146973,11.8100004196167,0,0.0795120634513852,0.07951206345138528,0.0063221682342971194,0.07951206345138528,0.13461170639480297,0.2072436057523184,0.16653957752053727
2014-06-13,12.18000030517578,12.18000030517578,12.6899995803833,11.890000343322754,12.449999809265137,0,-0.0307219071117912,-0.03072190711179168,0.0009438355765855562,0.03072190711179168,0.10893693798849124,0.2094824795701892,0.1694480537116886
2014-06-16,12.649999618530272,12.649999618530272,12.869999885559082,12.279999732971191,12.649999618530272,0,0.0378618976805853,0.03786189768058579,0.0014335232959751475,0.03786189768058579,0.10874985425239972,0.19768801022172905,0.1650389331144731
2014-06-17,12.0600004196167,12.0600004196167,12.890000343322754,12.0600004196167,12.8100004196167,0,-0.0477629589246926,-0.04776295892469262,0.0022813002452418745,0.04776295892469262,0.11789368573393721,0.1952179799188277,0.1569030904597478
2014-06-18,10.609999656677246,10.609999656677246,11.90999984741211,10.56999969482422,11.800000190734863,0,-0.1280973058256473,-0.12809730582564738,0.016408919759789434,0.12809730582564738,0.16549848069359774,0.23348745288755546,0.16683753238328247
2014-06-19,10.619999885559082,10.619999885559082,10.81999969482422,10.420000076293944,10.529999732971191,0,0.0009420847703327,0.0009420847703327517,8.875237144929136e-07,0.0009420847703327517,0.14514980675600817,0.22957778131275242,0.16196783530680503
2014-06-20,10.850000381469728,10.850000381469728,11.020000457763672,10.34000015258789,10.399999618530272,0,0.0214261101071557,0.021426110107156227,0.0004590781943239822,0.021426110107156227,0.14347023739802253,0.2145380854605368,0.16318213248879368
2014-06-23,10.979999542236328,10.979999542236328,11.350000381469728,10.920000076293944,11.260000228881836,0,0.0119102792457357,0.011910279245735289,0.00014185475171139277,0.011910279245735289,0.1388957899822064,0.21463443686468192,0.16351481983911073
2014-06-24,12.130000114440918,12.130000114440918,12.270000457763672,10.869999885559082,11.020000457763672,0,0.0996063379997913,0.09960633799979135,0.009921422569728678,0.09960633799979135,0.1641102154019304,0.22957675565900967,0.17619345149379287
2014-06-25,11.59000015258789,11.59000015258789,12.329999923706056,11.369999885559082,12.3100004196167,0,-0.0455390618733564,-0.045539061873356435,0.002073806156305386,0.045539061873356435,0.11223657690692436,0.23368186633988558,0.18195508853995482
2014-06-26,11.630000114440918,11.630000114440918,12.510000228881836,11.5,11.510000228881836,0,0.0034453058535826,0.003445305853582603,1.1870132424730549e-05,0.003445305853582603,0.11228549240438046,0.2332469025637164,0.18793848952159437
2014-06-27,11.260000228881836,11.260000228881836,12.039999961853027,11.1899995803833,11.720000267028809,0,-0.032331333332193,-0.03233133333219307,0.0010453151150373785,0.03233133333219307,0.11486630805074036,0.23528683341450687,0.19184547168115673
2014-06-30,11.56999969482422,11.56999969482422,11.8100004196167,11.300000190734863,11.75,0,0.027158871790585,0.02715887179058507,0.0007376043169374376,0.02715887179058507,0.11743090858216854,0.23638611080345504,0.19265079241709293
2014-07-01,11.149999618530272,11.149999618530272,11.420000076293944,10.920000076293944,11.279999732971191,0,-0.0369760511355172,-0.036976051135517274,0.0013672283575763883,0.036976051135517274,0.07235899445322147,0.23874713334926684,0.1892231566537509
2014-07-02,10.81999969482422,10.81999969482422,11.18000030517578,10.5600004196167,11.18000030517578,0,-0.0300432184800465,-0.030043218480046097,0.0009025949766397833,0.030043218480046097,0.06375431670573947,0.23935534592228755,0.19118835380841734
2014-07-03,10.31999969482422,10.31999969482422,10.760000228881836,10.279999732971191,10.470000267028809,0,-0.0473125147314297,-0.04731251473142972,0.0022384740502117543,0.04731251473142972,0.07931719117822288,0.24335552130857113,0.19201800350010778
2014-07-07,11.329999923706056,11.329999923706056,11.539999961853027,11.010000228881836,11.149999618530272,0,0.0933703378239965,0.09337033782399606,0.00871801998536715,0.09337033782399606,0.11816903861305011,0.25846865671893604,0.18867877465838706
2014-07-08,11.979999542236328,11.979999542236328,12.510000228881836,11.720000267028809,11.720000267028809,0,0.0557844861705296,0.05578448617052967,0.003111908897310016,0.05578448617052967,0.12782107129540538,0.25044173930597796,0.1893390087743261
2014-07-09,11.649999618530272,11.649999618530272,12.050000190734863,11.5,11.739999771118164,0,-0.0279324072091191,-0.02793240720911916,0.000780219372496052,0.02793240720911916,0.12550385365408015,0.24905227404047953,0.18938213031393847
2014-07-10,12.59000015258789,12.59000015258789,13.229999542236328,12.050000190734863,13.220000267028809,0,0.0775967129084982,0.07759671290849823,0.006021249854203896,0.07759671290849823,0.1444640860545931,0.2604599300270779,0.19366424143295008
2014-07-11,12.079999923706056,12.079999923706056,12.68000030517578,12.06999969482422,12.5,0,-0.0413516739850794,-0.04135167398507944,0.0017099609413682958,0.04135167398507944,0.14262313644968486,0.2581302816549154,0.19268450874340398
2014-07-14,11.81999969482422,11.81999969482422,11.829999923706056,11.399999618530272,11.600000381469728,0,-0.0217582000315874,-0.021758200031587016,0.0004734192686145532,0.021758200031587016,0.10998526416749121,0.24654105812534227,0.1863179397093821
2014-07-15,11.960000038146973,11.960000038146973,12.470000267028809,11.460000038146973,11.529999732971191,0,0.011774765552674,0.01177476555267365,0.00013864510382043,0.01177476555267365,0.09551698561252464,0.24490263957090838,0.18909815007820435
2014-07-16,11.0,11.0,11.449999809265137,10.59000015258789,10.8100004196167,0,-0.0836724789136611,-0.08367247891366114,0.007001083727557068,0.08367247891366114,0.1238723491969223,0.25601731054829124,0.19277621220669053
2014-07-17,14.539999961853027,14.539999961853027,15.380000114440918,10.850000381469728,11.350000381469728,0,0.2790081966834146,0.2790081966834146,0.07784557381653096,0.2790081966834146,0.29524342983018487,0.37564496119563384,0.28190580963758094
2014-07-18,12.0600004196167,12.0600004196167,13.550000190734863,12.039999961853027,13.34000015258789,0,-0.1870092433886587,-0.18700924338865876,0.03497245711279861,0.18700924338865876,0.347031956783985,0.3995906333044838,0.2817224417453081
2014-07-21,12.8100004196167,12.8100004196167,13.619999885559082,12.460000038146973,12.850000381469728,0,0.0603319225724789,0.06033192257247899,0.0036399408812916,0.06033192257247899,0.3515646464620677,0.40411845736399565,0.2858560112110144
2014-07-22,12.239999771118164,12.239999771118164,12.239999771118164,11.6899995803833,11.970000267028809,0,-0.0455168902809219,-0.045516890280921984,0.0020717873008454903,0.045516890280921984,0.3543033203894987,0.40610889757400914,0.2846276510478315
2014-07-23,11.520000457763672,11.520000457763672,12.15999984741211,11.40999984741211,11.539999961853027,0,-0.0606245633805091,-0.060624563380509144,0.00367533768507737,0.060624563380509144,0.34957845585296593,0.41043625524817257,0.2862457801744173
2014-07-24,11.84000015258789,11.84000015258789,12.0600004196167,11.43000030517578,11.43000030517578,0,0.0273989473391762,0.02739894733917625,0.0007507023152949532,0.02739894733917625,0.21239167896908775,0.3991080046399838,0.27871331039379427
2014-07-25,12.6899995803833,12.6899995803833,12.75,12.029999732971191,12.029999732971191,0,0.0693306063162233,0.06933060631622334,0.004806732972175148,0.06933060631622334,0.12224770408758022,0.40251723712603793,0.27664065908446644
2014-07-28,12.5600004196167,12.5600004196167,13.640000343322754,12.539999961853027,12.93000030517578,0,-0.0102970542105489,-0.01029705421054894,0.00010602932541498364,0.01029705421054894,0.10682036134936054,0.4026341830701528,0.2766298916387116
2014-07-29,13.279999732971191,13.279999732971191,13.350000381469728,12.119999885559082,12.350000381469728,0,0.0557419294916714,0.05574192949167145,0.0031071627034544714,0.05574192949167145,0.11156148529585351,0.40518654094748313,0.27921421128545276
2014-07-30,13.329999923706056,13.329999923706056,14.06999969482422,12.529999732971191,12.630000114440918,0,0.003758004526444,0.0037580045264440365,1.4122598020773866e-05,0.0037580045264440365,0.09372699672111735,0.40429277911690403,0.28653829606665604
2014-07-31,16.950000762939453,16.950000762939453,17.110000610351562,14.260000228881836,14.350000381469728,0,0.2402507503704947,0.2402507503704947,0.05772042305358576,0.2402507503704947,0.25642634547302495,0.4688345613775494,0.30554069438904613
2014-08-01,17.030000686645508,17.030000686645508,17.56999969482422,15.520000457763672,16.670000076293945,0,0.0047086561567208,0.004708656156720892,2.217144280222556e-05,0.004708656156720892,0.24692085599089889,0.4678946702071328,0.3126219541344924
2014-08-04,15.119999885559082,15.119999885559082,16.799999237060547,14.6899995803833,16.639999389648438,0,-0.1189581718118129,-0.1189581718118129,0.014151046640808797,0.1189581718118129,0.2738885292206887,0.48045602816370053,0.32168013189899913
2014-08-05,16.8700008392334,16.8700008392334,17.139999389648438,15.100000381469728,15.539999961853027,0,0.1095185831224219,0.10951858312242191,0.011994320049142837,0.10951858312242191,0.289658564148137,0.48385358845689497,0.32935171889092735
2014-08-06,16.3700008392334,16.3700008392334,17.299999237060547,15.699999809265137,17.219999313354492,0,-0.0300865036553745,-0.030086503655374575,0.0009051977022048677,0.030086503655374575,0.29119264909771414,0.48156783932018254,0.3321665462316735
2014-08-07,16.65999984741211,16.65999984741211,17.25,15.4399995803833,15.5,0,0.0175601849301689,0.017560184930168976,0.0003083600947817336,0.017560184930168976,0.1654723418875205,0.48107767001784113,0.33760826325014254
2014-08-08,15.770000457763672,15.770000457763672,17.09000015258789,15.529999732971191,16.43000030517578,0,-0.0549011975773128,-0.05490119757731282,0.0030141414954231393,0.05490119757731282,0.17427870203315546,0.4779420636761469,0.33784031693643124
2014-08-11,14.229999542236328,14.229999542236328,15.15999984741211,13.720000267028809,15.15999984741211,0,-0.1027570500696022,-0.10275705006960223,0.01055901133900674,0.10275705006960223,0.1636491084013577,0.4871115546039249,0.3418363612559425
2014-08-12,14.130000114440918,14.130000114440918,14.739999771118164,13.760000228881836,14.420000076293944,0,-0.0070521751372636,-0.007052175137263639,4.973317416663942e-05,0.007052175137263639,0.12180494163039171,0.48667646392054403,0.3436056427965191
2014-08-13,12.899999618530272,12.899999618530272,13.93000030517578,12.84000015258789,13.56999969482422,0,-0.0910729229992517,-0.09107292299925174,0.008294277303627636,0.09107292299925174,0.1490822705991759,0.4949844570630595,0.3433456973826715
2014-08-14,12.420000076293944,12.420000076293944,13.130000114440918,12.420000076293944,13.050000190734863,0,-0.0379191991481664,-0.03791919914816688,0.00143786566403834,0.03791919914816688,0.15282352232644852,0.48933260127493355,0.341763203583013
2014-08-15,13.149999618530272,13.149999618530272,14.9399995803833,11.890000343322754,11.90999984741211,0,0.0571136469665058,0.05711364696650589,0.0032619686698146678,0.05711364696650589,0.15363221065471275,0.4060329906839798,0.30282349185084173
2014-08-18,12.31999969482422,12.31999969482422,12.850000381469728,12.260000228881836,12.850000381469728,0,-0.0651977962800565,-0.06519779628005606,0.0042507526397756925,0.06519779628005606,0.13150892536791178,0.3662527611510306,0.2957429309515011
2014-08-19,12.210000038146973,12.210000038146973,12.460000038146973,11.90999984741211,12.140000343322754,0,-0.0089686420877583,-0.008968642087758383,8.043654089831105e-05,0.008968642087758383,0.13162560851959873,0.3613607348763291,0.29213191359742424
2014-08-20,11.779999732971191,11.779999732971191,12.239999771118164,11.600000381469728,12.229999542236328,0,-0.0358521356913934,-0.03585213569139345,0.001285375633634088,0.03585213569139345,0.10156967632202592,0.3602709661395838,0.2926070959255477
2014-08-21,11.760000228881836,11.760000228881836,13.510000228881836,11.520000457763672,11.93000030517578,0,-0.0016991936222381,-0.0016991936222381376,2.887258965854763e-06,0.0016991936222381376,0.0942412900118023,0.355137605185705,0.3054750877869647
2014-08-22,11.470000267028809,11.470000267028809,12.479999542236328,11.470000267028809,11.880000114440918,0,-0.0249690075113147,-0.0249690075113147,0.0006234513361000899,0.0249690075113147,0.07901204597638294,0.35495840268662865,0.307970019924599
2014-08-25,11.699999809265137,11.699999809265137,11.770000457763672,11.239999771118164,11.579999923706056,0,0.019853871079678,0.019853871079678065,0.00039417619684847707,0.019853871079678065,0.048850045715913455,0.34868741139094217,0.30723371597139165
2014-08-26,11.630000114440918,11.630000114440918,11.93000030517578,11.329999923706056,11.329999923706056,0,-0.0060008491308645,-0.006000849130864516,3.601019029139742e-05,0.006000849130864516,0.04839318770074897,0.34858699305538143,0.3046358462285631
2014-08-27,11.779999732971191,11.779999732971191,11.93000030517578,11.539999961853027,11.6899995803833,0,0.0128151791847392,0.01281517918473929,0.00016422881753697514,0.01281517918473929,0.034939287338793965,0.34433988709046626,0.2997192726075983
2014-08-28,12.050000190734863,12.050000190734863,12.729999542236328,12.050000190734863,12.380000114440918,0,0.022661520209823,0.02266152020982304,0.000513544498220218,0.02266152020982304,0.041610227576849075,0.34506431247185576,0.2933805154148259
2014-08-29,12.09000015258789,12.09000015258789,12.4399995803833,11.779999732971191,11.859999656677246,0,0.0033140014824182,0.0033140014824182273,1.0982605825470208e-05,0.0033140014824182273,0.03345059504287707,0.24770938475139412,0.2741716955736475
2014-09-02,12.25,12.25,13.40999984741211,12.229999542236328,12.31999969482422,0,0.0131472597430346,0.013147259743034656,0.0001728504387508197,0.013147259743034656,0.02996024950872229,0.24801334296739522,0.26958986899339515
2014-09-03,12.359999656677246,12.359999656677246,12.550000190734863,11.90999984741211,12.029999732971191,0,0.0089394872618866,0.008939487261886647,7.991443250543363e-05,0.008939487261886647,0.03068421080684544,0.21780607448269076,0.2591719256472315
2014-09-04,12.640000343322754,12.640000343322754,12.989999771118164,11.699999809265137,12.399999618530272,0,0.0224009916276983,0.022400991627698374,0.0005018044259042126,0.022400991627698374,0.03576445723349046,0.18959686299704648,0.2555854108178738
2014-09-05,12.09000015258789,12.09000015258789,13.18000030517578,11.960000038146973,12.369999885559082,0,-0.0444877386326196,-0.04448773863261968,0.0019791588886442814,0.04448773863261968,0.05238998751317117,0.1924082421435221,0.25559733627606884
2014-09-08,12.65999984741211,12.65999984741211,13.09000015258789,12.399999618530272,12.640000343322754,0,0.0460687274155726,0.04606872741557266,0.0021223276456903365,0.04606872741557266,0.06968540615864342,0.1970657230359172,0.2489091176701237
2014-09-09,13.5,13.5,13.90999984741211,12.699999809265137,12.699999809265137,0,0.0642422807811096,0.0642422807811096,0.0041270706399589244,0.0642422807811096,0.0938630706545615,0.19986952829334595,0.24827058475870925
2014-09-10,12.880000114440918,12.880000114440918,14.0600004196167,12.859999656677246,13.359999656677246,0,-0.047013955883012,-0.04701395588301205,0.002210312047769803,0.04701395588301205,0.10459767515565331,0.17776143858825988,0.24681183855048597
2014-09-11,12.800000190734863,12.800000190734863,13.670000076293944,12.65999984741211,13.529999732971191,0,-0.0062305437346394,-0.006230543734639493,3.8819675229255446e-05,0.006230543734639493,0.10236058273228331,0.1777307389002541,0.24765666159157051
2014-09-12,13.3100004196167,13.3100004196167,14.270000457763672,12.850000381469728,12.850000381469728,0,0.0390704781067112,0.03907047810671127,0.0015265022594870047,0.03907047810671127,0.10012508311175246,0.15754504278424525,0.25080234699250203
2014-09-15,14.119999885559082,14.119999885559082,14.1899995803833,13.539999961853027,13.539999961853027,0,0.0590765600267713,0.05907656002677131,0.0034900399445967137,0.05907656002677131,0.10673680043472221,0.16392868811299638,0.25016026320866863
2014-09-16,12.729999542236328,12.729999542236328,14.529999732971191,12.720000267028809,14.479999542236328,0,-0.1036308473503404,-0.10363084735034045,0.010739352522549563,0.10363084735034045,0.13418280981419473,0.18533752625732042,0.2239597956362759
2014-09-17,12.649999618530272,12.649999618530272,14.529999732971191,11.729999542236328,13.0600004196167,0,-0.0063041915920551,-0.006304191592055197,3.974283162933944e-05,0.006304191592055197,0.12583503976830893,0.17360584330902168,0.25668809399516374
2014-09-18,12.029999732971191,12.029999732971191,12.579999923706056,11.979999542236328,12.550000190734863,0,-0.0502536772281403,-0.05025367722814034,0.0025254320749501106,0.05025367722814034,0.13535534578734873,0.18051034420522383,0.25693398377037086
2014-09-19,12.109999656677246,12.109999656677246,12.609999656677246,11.520000457763672,11.729999542236328,0,0.0066280214249703,0.006628021424970321,4.39306680098656e-05,0.006628021424970321,0.12976323840647477,0.17703824275976127,0.2606197967225512
2014-09-22,13.6899995803833,13.6899995803833,13.979999542236328,13.130000114440918,13.140000343322754,0,0.1226340794343783,0.12263407943437832,0.01503911743871741,0.12263407943437832,0.16848612861555193,0.21535730676997175,0.24532427180530206
2014-09-23,14.93000030517578,14.93000030517578,14.9399995803833,13.829999923706056,14.81999969482422,0,0.086707023342512,0.08670702334251201,0.007518107896918923,0.08670702334251201,0.15863899555350716,0.2308103683547049,0.24446865568719725
2014-09-24,13.270000457763672,13.270000457763672,14.93000030517578,13.239999771118164,14.619999885559082,0,-0.1178667491512919,-0.11786674915129192,0.013892570555493573,0.11786674915129192,0.19753267738298363,0.25840243903392174,0.25338550187375253
2014-09-25,15.640000343322754,15.640000343322754,16.690000534057617,14.029999732971191,14.109999656677246,0,0.1643258742285001,0.1643258742285001,0.02700299294096083,0.1643258742285001,0.25198555414963897,0.30616793308468654,0.2722405473786303
2014-09-26,14.850000381469728,14.850000381469728,15.979999542236328,14.3100004196167,15.770000457763672,0,-0.0518318661318422,-0.05183186613184221,0.0026865423467092114,0.05183186613184221,0.25717568154629233,0.31025975694330926,0.27948305884211655
2014-09-29,15.979999542236328,15.979999542236328,17.079999923706055,15.449999809265137,16.959999084472656,0,0.0733380207551857,0.0733380207551857,0.005378465288288048,0.0733380207551857,0.2376524332473173,0.3180032037080588,0.2839932897140224
2014-09-30,16.309999465942383,16.309999465942383,16.43000030517578,15.18000030517578,15.489999771118164,0,0.0204404721966482,0.02044047219664824,0.00041781290362194977,0.02044047219664824,0.22221247497625696,0.318642225491829,0.286074709192644
2014-10-01,16.709999084472656,16.709999084472656,17.559999465942383,16.079999923706055,16.440000534057617,0,0.0242289039293726,0.024228903929372603,0.0005870397856187671,0.024228903929372603,0.18992854778889565,0.31929149254756783,0.2856130852755273
2014-10-02,16.15999984741211,16.15999984741211,17.979999542236328,15.899999618530272,16.700000762939453,0,-0.0334682441674827,-0.03346824416748273,0.001120123367654242,0.03346824416748273,0.10094544908955644,0.32091629149733486,0.2933224894272336
2014-10-03,14.550000190734863,14.550000190734863,15.43000030517578,14.4399995803833,15.15999984741211,0,-0.1049480369242026,-0.10494803692420263,0.011014090454243798,0.10494803692420263,0.13607913800221846,0.3368969459296744,0.289272427759188
2014-10-06,15.460000038146973,15.460000038146973,15.770000457763672,14.050000190734863,14.460000038146973,0,0.060665038900312,0.06066503890031205,0.0036802469447763746,0.06066503890031205,0.12968929584169675,0.33941219812032986,0.2916951428324655
2014-10-07,17.200000762939453,17.200000762939453,17.459999084472656,15.970000267028809,16.18000030517578,0,0.1066533825496129,0.10665338254961299,0.011374944009274092,0.10665338254961299,0.16666266697004248,0.3527793313056447,0.29478497473412607
2014-10-08,15.109999656677246,15.109999656677246,18.030000686645508,14.970000267028809,17.350000381469727,0,-0.1295526746132624,-0.12955267461326248,0.016783895499449863,0.12955267461326248,0.2096981170048944,0.3702837850297374,0.3104632371629588
2014-10-09,18.76000022888184,18.76000022888184,19.3799991607666,15.34000015258789,15.640000343322754,0,0.2163702022155136,0.21637020221551406,0.046816064406782446,0.21637020221551406,0.2994482281038353,0.42628140214529814,0.3364943394088372
2014-10-10,21.239999771118164,21.239999771118164,22.059999465942383,18.13999938964844,19.11000061035156,0,0.1241592298191545,0.12415922981915406,0.015415514349285515,0.12415922981915406,0.3067094149346712,0.4439510428966438,0.35342501757626404
2014-10-13,24.63999938964844,24.63999938964844,24.63999938964844,20.520000457763672,21.15999984741211,0,0.1484849282968001,0.14848492829680016,0.022047773931305883,0.14848492829680016,0.33531804633228113,0.4664909432784698,0.364721198563038
2014-10-14,22.790000915527344,22.790000915527344,24.549999237060547,21.479999542236328,23.770000457763672,0,-0.078049230464638,-0.07804923046463808,0.006091682376122188,0.07804923046463808,0.32734527728828766,0.4692711823587317,0.3723777965644361
2014-10-15,25.270000457763672,25.270000457763672,31.059999465942383,24.63999938964844,26.36000061035156,0,0.1032960560850893,0.1032960560850893,0.010670075202733912,0.1032960560850893,0.31786964351166025,0.46919736281499536,0.3893829157209799
2014-10-16,25.200000762939453,25.200000762939453,29.40999984741211,24.61000061035156,29.26000022888184,0,-0.0027739147222565,-0.002773914722256521,7.694602886351471e-06,0.002773914722256521,0.2328792400844993,0.4691632093885915,0.3828086009369471
2014-10-17,21.989999771118164,21.989999771118164,23.07999992370605,20.229999542236328,21.68000030517578,0,-0.1362562306345336,-0.13625623063453363,0.01856576038673122,0.13625623063453363,0.23954746189383758,0.48595724642769195,0.38980300077039504
2014-10-20,18.56999969482422,18.56999969482422,22.15999984741211,18.51000022888184,22.11000061035156,0,-0.1690404352274104,-0.1690404352274104,0.028574668741872335,0.1690404352274104,0.25280403736955237,0.5144756392964073,0.4008509428511651
2014-10-21,16.079999923706055,16.079999923706055,17.75,16.030000686645508,17.719999313354492,0,-0.1439710999246362,-0.1439710999246362,0.02072767761350958,0.1439710999246362,0.28026037277455657,0.5199747528527122,0.4037438816278889
2014-10-22,17.8700008392334,17.8700008392334,18.43000030517578,15.5600004196167,16.059999465942383,0,0.1055471171284203,0.10554711712842035,0.011140193934120485,0.10554711712842035,0.28109783933555943,0.5234461095866897,0.413756400459329
2014-10-23,16.530000686645508,16.530000686645508,17.059999465942383,15.68000030517578,16.06999969482422,0,-0.0779464227623072,-0.07794642276230723,0.006075644821440327,0.07794642276230723,0.29169152455577785,0.5159252890752569,0.4105552142347425
2014-10-24,16.110000610351562,16.110000610351562,18.059999465942383,16.09000015258789,16.43000030517578,0,-0.0257367182968999,-0.02573671829689994,0.0006623786686939842,0.02573671829689994,0.2591921368013249,0.4897328757956939,0.4031080386021732
2014-10-27,16.040000915527344,16.040000915527344,17.8700008392334,16.0,17.239999771118164,0,-0.0043545755592537,-0.004354575559253782,1.8962328301250384e-05,0.004354575559253782,0.19653207719368773,0.4870017552501352,0.40312339295097227
2014-10-28,14.390000343322754,14.390000343322754,15.779999732971191,14.390000343322754,15.6899995803833,0,-0.1085521147584289,-0.10855211475842896,0.011783561618527132,0.10855211475842896,0.17228099538568725,0.4935339967489086,0.40242613796408894
2014-10-29,15.149999618530272,15.149999618530272,16.280000686645508,14.1899995803833,14.609999656677246,0,0.0514669620181553,0.05146696201815537,0.0026488481793782476,0.05146696201815537,0.1455657776276449,0.49578910962495737,0.4080410221035895
2014-10-30,14.520000457763672,14.520000457763672,15.75,14.06999969482422,15.3100004196167,0,-0.0424734658527845,-0.04247346585278455,0.0018039953015476554,0.04247346585278455,0.130068236308671,0.4970148858320411,0.41023189199565224
2014-10-31,14.029999732971191,14.029999732971191,14.829999923706056,13.720000267028809,13.84000015258789,0,-0.0343291658414059,-0.034329165841405995,0.0011784916273667562,0.034329165841405995,0.13203733962452083,0.49707360118834454,0.406228720646632
2014-11-03,14.729999542236328,14.729999542236328,14.989999771118164,14.229999542236328,14.40999984741211,0,0.0486883243159077,0.04868832431590775,0.002370552924691014,0.04868832431590775,0.1406607608806053,0.4883017790964893,0.4054777816054787
2014-11-04,14.890000343322754,14.890000343322754,15.93000030517578,14.829999923706056,15.050000190734863,0,0.0108036703556124,0.010803670355612471,0.0001167192931527397,0.010803670355612471,0.09010331473445594,0.48463914391758844,0.40180638563261345
2014-11-05,14.170000076293944,14.170000076293944,14.989999771118164,14.149999618530272,14.149999618530272,0,-0.0495628106664103,-0.04956281066641033,0.0024564722011544376,0.04956281066641033,0.08902938474409794,0.47534895393705595,0.3997224937314632
2014-11-06,13.670000076293944,13.670000076293944,15.079999923706056,13.670000076293944,14.460000038146973,0,-0.0359234027697965,-0.03592340276979655,0.0012904908665610268,0.03592340276979655,0.08609719457058974,0.45876270922576573,0.38830056887375364
2014-11-07,13.119999885559082,13.119999885559082,14.15999984741211,13.010000228881836,13.710000038146973,0,-0.0410658815236684,-0.04106588152366841,0.0016864066253159708,0.04106588152366841,0.0889979882406069,0.4066123037915823,0.3655864469471289
2014-11-10,12.670000076293944,12.670000076293944,13.25,12.380000114440918,13.15999984741211,0,-0.0349007744386429,-0.03490077443864292,0.0012180640564170312,0.03490077443864292,0.08226878534779287,0.3887622863676845,0.3485847563298968
2014-11-11,12.920000076293944,12.920000076293944,13.18000030517578,12.600000381469728,12.710000038146973,0,0.0195395039048906,0.019539503904890232,0.0003817922128492206,0.019539503904890232,0.08386433069128794,0.3598195847690518,0.33191419373437075
2014-11-12,13.020000457763672,13.020000457763672,13.760000228881836,12.989999771118164,13.760000228881836,0,0.0077101676793627,0.007710167679363167,5.94466856438964e-05,0.007710167679363167,0.0680896500709701,0.3513372993191793,0.3239235002089784
2014-11-13,13.789999961853027,13.789999961853027,14.3100004196167,12.869999885559082,13.329999923706056,0,0.0574570171000101,0.057457017100010166,0.0033013088140308607,0.057457017100010166,0.08152924870411228,0.3406892007448894,0.29940926358084574
2014-11-14,13.3100004196167,13.3100004196167,14.149999618530272,13.3100004196167,13.789999961853027,0,-0.0354280251054892,-0.03542802510548926,0.001255144962875177,0.03542802510548926,0.07884007059748362,0.34251508268130376,0.28203863572267657
2014-11-17,13.989999771118164,13.989999771118164,14.729999542236328,13.84000015258789,14.699999809265137,0,0.0498271083835577,0.04982710838355775,0.002482740729866811,0.04982710838355775,0.08648949881497742,0.31817222098623876,0.27327894842230427
2014-11-18,13.859999656677246,13.859999656677246,13.989999771118164,13.130000114440918,13.859999656677246,0,-0.0093358033260058,-0.00933580332600581,8.715722374186113e-05,0.00933580332600581,0.08476908880104009,0.2697147580114694,0.2538703754202178
2014-11-19,13.960000038146973,13.960000038146973,14.779999732971191,13.829999923706056,14.010000228881836,0,0.007189131075822,0.007189131075822086,5.1683605625350826e-05,0.007189131075822086,0.08472328685869118,0.22818864275266035,0.2495900743368168
2014-11-20,13.579999923706056,13.579999923706056,15.739999771118164,13.579999923706056,14.65999984741211,0,-0.0275979835543784,-0.027597983554378036,0.0007616486962677205,0.027597983554378036,0.06810561811170157,0.2041849931886486,0.2445784281790098
2014-11-21,12.899999618530272,12.899999618530272,13.800000190734863,12.899999618530272,13.15999984741211,0,-0.0513708347161099,-0.05137083471611037,0.0026389626594299303,0.05137083471611037,0.07760278935020111,0.19558841806568736,0.24267854617513432
2014-11-24,12.619999885559082,12.619999885559082,13.020000457763672,12.43000030517578,12.920000076293944,0,-0.0219444337514804,-0.021944433751480474,0.00048155817267311543,0.021944433751480474,0.06341143712090108,0.1951256230878385,0.2342155144950089
2014-11-25,12.25,12.25,13.020000457763672,12.229999542236328,12.550000190734863,0,-0.0297569110541124,-0.02975691105411249,0.000885473755482362,0.02975691105411249,0.06942137199363387,0.1973335253133596,0.227735339973164
2014-11-26,12.06999969482422,12.06999969482422,12.399999618530272,11.90999984741211,12.270000457763672,0,-0.0148029271651224,-0.014802927165122437,0.0002191266526559198,0.014802927165122437,0.07061706547647716,0.16545720064937372,0.2222228577567115
2014-11-28,13.329999923706056,13.329999923706056,13.489999771118164,12.359999656677246,12.640000343322754,0,0.0992941186415268,0.09929411864152682,0.009859321996797604,0.09929411864152682,0.11867789700293373,0.18597461940852703,0.21291848443116576
2014-12-01,14.15999984741211,14.15999984741211,14.75,13.9399995803833,14.15999984741211,0,0.0604039490224521,0.060403949022452164,0.0036486370575069997,0.060403949022452164,0.1228581199396931,0.190869591135167,0.20468528358261512
2014-12-02,12.850000381469728,12.850000381469728,14.170000076293944,12.850000381469728,14.100000381469728,0,-0.0970772364620042,-0.09707723646200428,0.009423989839099893,0.09707723646200428,0.15503725133509944,0.21136863303678471,0.2077539590838388
2014-12-03,12.5,12.5,12.880000114440918,12.210000038146973,12.75,0,-0.0276151967193327,-0.02761519671933277,0.0007625990898474473,0.02761519671933277,0.15464046894622338,0.20753010672429045,0.20788111008072482
2014-12-04,12.380000114440918,12.380000114440918,13.229999542236328,12.09000015258789,12.699999809265137,0,-0.0096463678077896,-0.009646367807789602,9.305241188315957e-05,0.009646367807789602,0.1542322936195112,0.20747307853243468,0.21046735954054926
2014-12-05,11.890000343322754,11.890000343322754,12.279999732971191,11.529999732971191,12.079999923706056,0,-0.0403845369228594,-0.04038453692285948,0.0016309108224738008,0.04038453692285948,0.12473647911020783,0.20547388383209478,0.21101997265574732
2014-12-08,14.210000038146973,14.210000038146973,14.670000076293944,12.550000190734863,13.050000190734863,0,0.1782482052159189,0.1782482052159189,0.03177242266269633,0.1782482052159189,0.2090047244107191,0.26963206176784776,0.223250076649023
2014-12-09,15.350000381469728,15.350000381469728,16.68000030517578,15.119999885559082,16.229999542236328,0,0.0771695540911281,0.07716955409112858,0.005955140078623619,0.07716955409112858,0.20053459817578703,0.2774350053372648,0.22523414988310925
2014-12-10,18.530000686645508,18.530000686645508,18.920000076293945,15.399999618530272,15.5600004196167,0,0.1882755784684966,0.18827557846849619,0.035447693447646866,0.18827557846849619,0.2736772175818144,0.33346635749010417,0.25367380539327955
2014-12-11,20.07999992370605,20.07999992370605,20.1299991607666,15.9399995803833,17.68000030517578,0,0.0803332136708787,0.08033321367087876,0.006453425218691061,0.08033321367087876,0.28506068166292536,0.34244918540355707,0.2885556742948869
2014-12-12,21.07999992370605,21.07999992370605,23.059999465942383,18.34000015258789,20.51000022888184,0,0.0486004290298751,0.04860042902987516,0.002362001701887932,0.04860042902987516,0.28634015280701697,0.34579473622338996,0.3177812165930855
2014-12-15,20.420000076293945,20.420000076293945,24.82999992370605,17.770000457763672,19.59000015258789,0,-0.0318099035811481,-0.0318099035811481,0.0010118699658419389,0.0318099035811481,0.22634073962212686,0.3424683353999533,0.370531463551807
2014-12-16,23.56999969482422,23.56999969482422,25.200000762939453,19.600000381469727,23.549999237060547,0,0.1434598875276478,0.14345988752764782,0.020580739329445364,0.14345988752764782,0.2566237122003989,0.36960811018994844,0.39839993180445116
2014-12-17,19.440000534057617,19.440000534057617,24.61000061035156,19.26000022888184,23.899999618530277,0,-0.1926418774960114,-0.19264187749601147,0.03711089296518829,0.19264187749601147,0.2598440478076313,0.4138095061178592,0.42307525791639766
2014-12-18,16.809999465942383,16.809999465942383,18.51000022888184,16.06999969482422,17.139999389648438,0,-0.1453589108541018,-0.1453589108541018,0.021129212964690714,0.1453589108541018,0.2866962101721163,0.4384978484490607,0.42982305967960743
2014-12-19,16.489999771118164,16.489999771118164,17.200000762939453,16.110000610351562,16.56999969482422,0,-0.0192197929588218,-0.019219792958821813,0.00036940044137997655,0.019219792958821813,0.2831997804846365,0.43885997758990286,0.42976962037562083
2014-12-22,15.25,15.25,16.8799991607666,15.029999732971191,16.31999969482422,0,-0.0781746196380481,-0.07817461963804817,0.006111271155553506,0.07817461963804817,0.29206423412711435,0.4449131402751506,0.42626710508190874
2014-12-23,14.800000190734863,14.800000190734863,15.210000038146973,14.31999969482422,14.470000267028809,0,-0.0299523093958602,-0.029952309395860244,0.0008971408381453378,0.029952309395860244,0.2561599468397779,0.44295132979618795,0.425880790476184
2014-12-24,14.369999885559082,14.369999885559082,14.539999961853027,14.010000228881836,14.520000457763672,0,-0.0294845015305043,-0.029484501530504303,0.0008693358305023106,0.029484501530504303,0.17139533608086266,0.44338883412422603,0.4255538794931397
2014-12-26,14.5,14.5,14.84000015258789,14.130000114440918,14.600000381469728,0,0.0090059572994727,0.009005957299472733,8.110726687992621e-05,0.009005957299472733,0.09125927641868015,0.442480837706491,0.42491157378788774
2014-12-29,15.0600004196167,15.0600004196167,16.139999389648438,15.0600004196167,16.040000915527344,0,0.0378936008082129,0.03789360080821291,0.0014359249822121943,0.03789360080821291,0.09692667369353644,0.44385368092085736,0.42625532884532763
2014-12-30,15.920000076293944,15.920000076293944,16.200000762939453,15.479999542236328,15.899999618530272,0,0.0555339349738286,0.055533934973828636,0.003084017933677427,0.055533934973828636,0.0797967847185412,0.4361545437157271,0.42388525367846647
2014-12-31,19.200000762939453,19.200000762939453,19.90999984741211,15.859999656677246,15.90999984741211,0,0.1873341335615945,0.18733413356159456,0.03509407759727335,0.18733413356159456,0.20140621542183157,0.47082504876401854,0.4440522976034724
2015-01-02,17.790000915527344,17.790000915527344,20.13999938964844,17.049999237060547,17.760000228881836,0,-0.0762737656293901,-0.07627376562939014,0.005817687323287138,0.07627376562939014,0.2133373270277146,0.4669795756002908,0.45137507591496934
2015-01-05,19.920000076293945,19.920000076293945,21.290000915527344,19.190000534057617,19.190000534057617,0,0.1130877028456947,0.1130877028456947,0.012788828534916143,0.1130877028456947,0.24128932088131513,0.4796833887814924,0.45453256792639796
2015-01-06,21.1200008392334,21.1200008392334,22.899999618530277,19.520000457763672,20.32999992370605,0,0.0584962425880202,0.05849624258802022,0.0034218103969165105,0.05849624258802022,0.24536996920175577,0.4831406746051607,0.4613780539079779
2015-01-07,19.309999465942383,19.309999465942383,20.71999931335449,19.040000915527344,20.149999618530277,0,-0.0895974297911159,-0.08959742979111596,0.008027699425173953,0.08959742979111596,0.2552451826725964,0.48971593813212766,0.46261874059376584
2015-01-08,17.010000228881836,17.010000228881836,18.09000015258789,16.989999771118164,17.93000030517578,0,-0.126821648919881,-0.126821648919881,0.016083730634757556,0.126821648919881,0.21480166739355475,0.47342687717607573,0.4545863676054239
2015-01-09,17.549999237060547,17.549999237060547,18.420000076293945,16.440000534057617,16.440000534057617,0,0.0312524865760477,0.03125248657604773,0.0009767179171860437,0.03125248657604773,0.2032210296916887,0.46813949403062927,0.455889846625465
2015-01-12,19.600000381469727,19.600000381469727,20.440000534057617,18.020000457763672,18.020000457763672,0,0.1104756792596717,0.11047567925967172,0.012204875707885861,0.11047567925967172,0.20177917157605724,0.44261921346852146,0.4452853870764299
2015-01-13,20.559999465942383,20.559999465942383,21.57999992370605,17.649999618530273,18.209999084472656,0,0.0478178289121871,0.04781782891218711,0.0022865447618751976,0.04781782891218711,0.19894614458912901,0.43788684345921686,0.43955741086272576
2015-01-14,21.479999542236328,21.479999542236328,23.34000015258789,21.31999969482422,22.8700008392334,0,0.0437748337181065,0.04377483371810653,0.0019162360670478766,0.04377483371810653,0.1829429011707001,0.43737755090977937,0.42101028163805987
2015-01-15,22.38999938964844,22.38999938964844,23.309999465942383,20.86000061035156,21.229999542236328,0,0.04149215502115,0.041492155021150445,0.0017215989282991801,0.041492155021150445,0.13822435886013065,0.43818814566609837,0.3759410665808733
2015-01-16,20.950000762939453,20.950000762939453,23.43000030517578,20.950000762939453,22.799999237060547,0,-0.0664757205653518,-0.06647572056535234,0.0044190214246828076,0.06647572056535234,0.1501608367377824,0.41934130859901136,0.35080820697811
2015-01-20,19.88999938964844,19.88999938964844,21.3700008392334,19.57999992370605,20.06999969482422,0,-0.0519216206057766,-0.05192162060577665,0.0026958546863302107,0.05192162060577665,0.1141895611176227,0.3760745867759123,0.3227311870058574
2015-01-21,18.850000381469727,18.850000381469727,21.280000686645508,18.63999938964844,20.920000076293945,0,-0.0537041280483867,-0.05370412804838676,0.002884133369437521,0.05370412804838676,0.1167769004375335,0.35098007810048143,0.3213667176970385
2015-01-22,16.399999618530273,16.399999618530273,19.229999542236328,16.06999969482422,17.979999542236328,0,-0.1392316225613372,-0.13923162256133725,0.019385444721062677,0.13923162256133725,0.17636908212555968,0.3770982093607748,0.3366806951072
2015-01-23,16.65999984741211,16.65999984741211,17.09000015258789,15.8100004196167,16.790000915527344,0,0.0157293160099563,0.015729316009956307,0.00024741138214106777,0.015729316009956307,0.1721390879017729,0.369241384096759,0.3326857631322709
2015-01-26,15.520000457763672,15.520000457763672,17.43000030517578,15.520000457763672,16.959999084472656,0,-0.0708810833296054,-0.07088108332960541,0.005024127973978466,0.07088108332960541,0.17388781479146248,0.3747881893356879,0.3379749652082003
2015-01-27,17.219999313354492,17.219999313354492,18.40999984741211,16.670000076293945,17.600000381469727,0,0.1039419148745457,0.10394191487454574,0.010803921667787313,0.10394191487454574,0.19581889366046132,0.3878153848196438,0.342468985102562
2015-01-28,20.440000534057617,20.440000534057617,20.440000534057617,16.920000076293945,16.969999313354492,0,0.1714223323388672,0.17142233233886728,0.029385616024497064,0.17142233233886728,0.25464980221760747,0.42391659729294107,0.3595850173176269
2015-01-29,18.76000022888184,18.76000022888184,21.559999465942383,18.65999984741211,20.459999084472656,0,-0.0857668356849643,-0.0857668356849639,0.007355950103411598,0.0857668356849639,0.2298195534583938,0.43084255428360946,0.36755661502677683
2015-01-30,20.96999931335449,20.96999931335449,22.18000030517578,19.239999771118164,20.229999542236328,0,0.1113658563910431,0.11136585639104224,0.012402353969710244,0.11136585639104224,0.25489599788812833,0.4415242265353712,0.3763581988075415
2015-02-02,19.43000030517578,19.43000030517578,22.809999465942383,19.350000381469727,20.88999938964844,0,-0.076274533073875,-0.07627453307387455,0.005817804395637583,0.07627453307387455,0.25644813542126565,0.40702256622455474,0.3643513230523229
2015-02-03,17.329999923706055,17.329999923706055,18.88999938964844,17.200000762939453,18.40999984741211,0,-0.1143791797706765,-0.11437917977067658,0.01308259676501275,0.11437917977067658,0.2608530644985204,0.41585127011679024,0.3548442489230709
2015-02-04,18.32999992370605,18.32999992370605,18.3799991607666,16.81999969482422,17.81999969482422,0,0.0560999583642747,0.05609995836427473,0.003147205328473358,0.05609995836427473,0.20446493724412887,0.40409238504493605,0.35335829948473496
2015-02-05,16.850000381469727,16.850000381469727,17.43000030517578,16.670000076293945,17.290000915527344,0,-0.0841883782518455,-0.08418837825184555,0.007087683032675821,0.08418837825184555,0.20380785924863098,0.40860314277678306,0.34114602226675667
2015-02-06,17.290000915527344,17.290000915527344,18.739999771118164,16.059999465942383,16.290000915527344,0,0.0257776732089376,0.025777673208937646,0.0006644884360667817,0.025777673208937646,0.17262612188735027,0.3994913231823152,0.34984581382286534
2015-02-09,18.549999237060547,18.549999237060547,19.280000686645508,18.209999084472656,19.15999984741211,0,0.0703413952781706,0.07034139527817063,0.004947911889679845,0.07034139527817063,0.1700878756758064,0.38530182786080747,0.3494974467169177
2015-02-10,17.229999542236328,17.229999542236328,18.36000061035156,16.969999313354492,17.719999313354492,0,-0.0738177239526214,-0.07381772395262143,0.005449056369545419,0.07381772395262143,0.1459326730257527,0.3910624464267039,0.3460052514693806
2015-02-11,16.959999084472656,16.959999084472656,17.809999465942383,16.81999969482422,17.43000030517578,0,-0.0157944475898199,-0.01579444758981996,0.0002494645746675695,0.01579444758981996,0.1356414549562023,0.3754656121031863,0.3393703643183295
2015-02-12,15.34000015258789,15.34000015258789,16.469999313354492,15.279999732971191,16.389999389648438,0,-0.1003937704960211,-0.10039377049602116,0.010078909154407768,0.10039377049602116,0.14625262535888853,0.3857029819233356,0.3203509006578116
2015-02-13,14.6899995803833,14.6899995803833,15.640000343322754,14.6899995803833,15.109999656677246,0,-0.0432968442651691,-0.04329684426516911,0.0018746167233223072,0.04329684426516911,0.15033282646056692,0.38564902556706576,0.3179394719058864
2015-02-17,15.800000190734863,15.800000190734863,16.329999923706055,15.529999732971191,15.850000381469728,0,0.0728429904837479,0.07284299048374798,0.005306101262615399,0.07284299048374798,0.15151946437523622,0.39026871928857376,0.3123263281067874
2015-02-18,15.449999809265137,15.449999809265137,16.739999771118164,15.4399995803833,16.739999771118164,0,-0.022400961106292,-0.022400961106292083,0.0005018030584856107,0.022400961106292083,0.13420467493160837,0.3852174124944852,0.3088531392239181
2015-02-19,15.289999961853027,15.289999961853027,16.219999313354492,15.100000381469728,16.110000610351562,0,-0.0104099735523819,-0.010409973552381935,0.00010836754936129136,0.010409973552381935,0.13367796283678324,0.381844166842938,0.30737045213508185
2015-02-20,14.300000190734863,14.300000190734863,16.290000915527344,14.270000457763672,15.729999542236328,0,-0.0669394668421103,-0.06693946684211038,0.004480892221105996,0.06693946684211038,0.11077807009914294,0.38392932501131755,0.307360211007674
2015-02-23,14.5600004196167,14.5600004196167,15.479999542236328,14.489999771118164,15.050000190734863,0,0.0180185209844041,0.01801852098440415,0.00032466709846541274,0.01801852098440415,0.10354627559711517,0.35824705020564884,0.29055539579638234
2015-02-24,13.6899995803833,13.6899995803833,14.630000114440918,13.529999732971191,14.5,0,-0.0616124629393404,-0.06161246293934042,0.0037960955894515967,0.06161246293934042,0.09597825543772885,0.3631661234040962,0.29058579709044885
2015-02-25,13.84000015258789,13.84000015258789,14.0600004196167,12.859999656677246,13.640000343322754,0,0.0108973525656326,0.010897352565632623,0.00011875229293969991,0.010897352565632623,0.09396155996642466,0.35634850568975374,0.28714476544838036
2015-02-26,13.90999984741211,13.90999984741211,14.56999969482422,13.550000190734863,13.550000190734863,0,0.005045033751037,0.0050450337510370424,2.545236554910289e-05,0.0050450337510370424,0.09351930050803325,0.3408897009372419,0.2842477234993857
2015-02-27,13.34000015258789,13.34000015258789,14.170000076293944,13.289999961853027,14.06999969482422,0,-0.0418409430398467,-0.041840943039846756,0.0017506645144637007,0.041840943039846756,0.07756050451660003,0.297608529271338,0.2634314584219035
2015-03-02,13.039999961853027,13.039999961853027,13.899999618530272,12.869999885559082,13.899999618530272,0,-0.0227454983527248,-0.02274549835272488,0.0005173576953138102,0.02274549835272488,0.07879290867659304,0.2858885172352172,0.2529969742838598
2015-03-03,13.859999656677246,13.859999656677246,14.6899995803833,13.25,13.350000381469728,0,0.0609854154178699,0.06098541541786995,0.0037192208936901697,0.06098541541786995,0.0783035616173141,0.27027599081481696,0.2460759489754967
2015-03-04,14.229999542236328,14.229999542236328,14.710000038146973,14.130000114440918,14.279999732971191,0,0.026345410941849,0.026345410941849057,0.0006940806776949,0.026345410941849057,0.08189490916236311,0.2606249939913444,0.22666346544162436
2015-03-05,14.039999961853027,14.039999961853027,14.579999923706056,13.880000114440918,14.010000228881836,0,-0.0134419840522004,-0.013441984052200429,0.00018068693525961067,0.013441984052200429,0.08283725439934747,0.23457083719685867,0.22154294566795285
2015-03-06,15.199999809265137,15.199999809265137,15.829999923706056,14.18000030517578,14.609999656677246,0,0.0793850194232401,0.07938501942324017,0.006301981308828218,0.07938501942324017,0.10683317607740926,0.24120168665162778,0.2249755890479007
2015-03-09,15.0600004196167,15.0600004196167,15.760000228881836,14.710000038146973,15.720000267028809,0,-0.0092531650691425,-0.009253165069142533,8.562106379679953e-05,0.009253165069142533,0.10479308602799003,0.22622155439902497,0.2271821074318443
2015-03-10,16.690000534057617,16.690000534057617,16.90999984741211,16.030000686645508,16.469999313354492,0,0.1027675194376604,0.10276751943766049,0.010561163051369928,0.10276751943766049,0.1335048052953506,0.24712925017086534,0.20988467162891192
2015-03-11,16.8700008392334,16.8700008392334,17.190000534057617,16.290000915527344,16.440000534057617,0,0.0107271766325629,0.010727176632562951,0.00011507231850620462,0.010727176632562951,0.13131840951580545,0.23714979805776878,0.20956804758402847
2015-03-12,15.420000076293944,15.420000076293944,16.450000762939453,15.300000190734863,16.450000762939453,0,-0.0898715732220547,-0.08987157322205475,0.008076899673407148,0.08987157322205475,0.1585583091985668,0.24262701832793118,0.2087526612584434
2015-03-13,16.0,16.0,16.739999771118164,15.31999969482422,15.470000267028809,0,0.0369233491568707,0.03692334915687079,0.0013633337129601907,0.03692334915687079,0.14213405580662325,0.2449116966602348,0.21267795806966136
2015-03-16,15.609999656677246,15.609999656677246,15.890000343322754,15.359999656677246,15.779999732971191,0,-0.024677009706211,-0.024677009706211006,0.0006089548080404322,0.024677009706211006,0.14396327158092764,0.22474826988127747,0.20885022000219858
2015-03-17,15.65999984741211,15.65999984741211,16.3700008392334,15.65999984741211,16.309999465942383,0,0.003197968285288,0.0031979682852880664,1.0227001153708296e-05,0.0031979682852880664,0.10086866467871827,0.2205615449085786,0.2071502229529706
2015-03-18,13.970000267028809,13.970000267028809,16.290000915527344,13.380000114440918,14.600000381469728,0,-0.1141974884355421,-0.11419748843554212,0.013041066364985775,0.11419748843554212,0.1519884257453418,0.23744970034689308,0.23657731584531203
2015-03-19,14.06999969482422,14.06999969482422,14.970000267028809,13.84000015258789,14.68000030517578,0,0.0071326570531602,0.007132657053160241,5.087479663799653e-05,0.007132657053160241,0.12277807900345292,0.236498270465096,0.23629121746604742
2015-03-20,13.020000457763672,13.020000457763672,13.529999732971191,12.539999961853027,13.520000457763672,0,-0.0775581774975537,-0.07755817749755378,0.006015270896742058,0.07755817749755378,0.14045068126413623,0.2486731494962061,0.23679014176670346
2015-03-23,13.40999984741211,13.40999984741211,13.529999732971191,12.890000343322754,13.520000457763672,0,0.0295140139759997,0.02951401397599973,0.0008710770209755074,0.02951401397599973,0.14138074862050726,0.24130586416461572,0.22493270268643015
2015-03-24,13.619999885559082,13.619999885559082,13.68000030517578,12.59000015258789,13.359999656677246,0,0.0155386064040272,0.015538606404027266,0.00024144828897927718,0.015538606404027266,0.14219612290185915,0.24113336822336687,0.22694919187402182
2015-03-25,15.4399995803833,15.4399995803833,15.550000190734863,13.199999809265137,13.260000228881836,0,0.1254222251004328,0.12542222510043288,0.015730734549143657,0.12542222510043288,0.15135853313400774,0.2647261608349993,0.24286730963979203
2015-03-26,15.800000190734863,15.800000190734863,17.190000534057617,15.229999542236328,16.639999389648438,0,0.0230484346853656,0.02304843468536566,0.0005312303414455669,0.02304843468536566,0.1529371148455668,0.2655040833564406,0.24779006707602416
2015-03-27,15.06999969482422,15.06999969482422,15.829999923706056,14.1899995803833,15.729999542236328,0,-0.0473039597168938,-0.047303959716893385,0.002237664604897472,0.047303959716893385,0.14004340329141357,0.26963796193839645,0.25261492832580906
2015-03-30,14.510000228881836,14.510000228881836,14.760000228881836,14.079999923706056,14.760000228881836,0,-0.0378679097176823,-0.037867909717682835,0.001433978586386578,0.037867909717682835,0.14203892554807845,0.26905007822005,0.2512648174872761
2015-03-31,15.289999961853027,15.289999961853027,15.739999771118164,14.329999923706056,14.970000267028809,0,0.0523609347759022,0.0523609347759022,0.0027416674906062845,0.0523609347759022,0.15058311848437586,0.27315243800029954,0.253323686628205
2015-04-01,15.109999656677246,15.109999656677246,16.65999984741211,15.079999923706056,15.31999969482422,0,-0.0118422638829849,-0.011842263882984927,0.00014023921387424924,0.011842263882984927,0.08417113660400562,0.26652067969613835,0.25281378948945665
2015-04-02,14.670000076293944,14.670000076293944,15.510000228881836,14.270000457763672,15.300000190734863,0,-0.0295521562075209,-0.02955215620752094,0.0008733299365137185,0.02955215620752094,0.08617934690097347,0.2668567442739838,0.25658403265174823
2015-04-06,14.739999771118164,14.739999771118164,15.760000228881836,14.039999961853027,15.75,0,0.0047602738776819,0.004760273877681964,2.2660207390541284e-05,0.004760273877681964,0.07219331987636665,0.26656049076455673,0.2641573631464882
2015-04-07,14.779999732971191,14.779999732971191,14.8100004196167,14.010000228881836,14.56999969482422,0,0.0027100262199035,0.002710026219903572,7.3442421125648424e-06,0.002710026219903572,0.06152431300305094,0.2544795830119298,0.2579171927760597
2015-04-08,13.979999542236328,13.979999542236328,14.770000457763672,13.75,14.59000015258789,0,-0.0556471933916724,-0.055647193391672456,0.0030966101323701947,0.055647193391672456,0.06434425951288346,0.2603283450538936,0.2581736507208689
2015-04-09,13.09000015258789,13.09000015258789,14.59000015258789,13.09000015258789,14.140000343322754,0,-0.0657791124828439,-0.06577911248284396,0.004326891639030638,0.06577911248284396,0.09125149948037939,0.24806566837464586,0.2643264532564337
2015-04-10,12.579999923706056,12.579999923706056,13.260000228881836,12.510000228881836,13.199999809265137,0,-0.0397403463710444,-0.039740346371043955,0.0015792951296905464,0.039740346371043955,0.09504105087063437,0.25099959887885104,0.2646660616210652
2015-04-13,13.9399995803833,13.9399995803833,14.3100004196167,12.710000038146973,13.170000076293944,0,0.102654130023156,0.1026541300231556,0.010537870410810935,0.1026541300231556,0.13981420369195294,0.25585497723270484,0.2706000327782171
2015-04-14,13.670000076293944,13.670000076293944,14.739999771118164,13.640000343322754,14.34000015258789,0,-0.0195587189137684,-0.01955871891376848,0.00038254348554780487,0.01955871891376848,0.1411496043120566,0.25393105195571397,0.2693695889620699
2015-04-15,12.84000015258789,12.84000015258789,13.579999923706056,12.829999923706056,13.579999923706056,0,-0.0626383461713735,-0.06263834617137354,0.003923562411084826,0.06263834617137354,0.1440491689533986,0.26037585669639174,0.2707563945881827
2015-04-16,12.600000381469728,12.600000381469728,13.350000381469728,12.5,13.270000457763672,0,-0.0188684659127997,-0.01886846591279978,0.0003560190059024873,0.01886846591279978,0.12953490048259822,0.26103903684148216,0.2723250088569738
2015-04-17,13.890000343322754,13.890000343322754,15.020000457763672,13.729999542236328,13.970000267028809,0,0.0974723372507058,0.09747233725070581,0.009500856529115332,0.09747233725070581,0.15716504650354482,0.25416760005802913,0.2512006058039459
2015-04-20,13.300000190734863,13.300000190734863,13.670000076293944,12.829999923706056,13.670000076293944,0,-0.043405131914838,-0.04340513191483808,0.0018840054765444953,0.04340513191483808,0.12667670231023134,0.2577485200717256,0.24966090374656275
2015-04-21,13.25,13.25,13.510000228881836,12.65999984741211,12.75,0,-0.0037664971364437,-0.003766497136443725,1.4186500678838781e-05,0.003766497136443725,0.12521433593373404,0.24583168063352112,0.2485379795498356
2015-04-22,12.710000038146973,12.710000038146973,13.800000190734863,12.56999969482422,12.970000267028809,0,-0.0416084642295331,-0.041608464229533126,0.0017312642955403378,0.041608464229533126,0.11613066695658608,0.24757504413342302,0.2531157539764864
2015-04-23,12.479999542236328,12.479999542236328,12.960000038146973,12.119999885559082,12.960000038146973,0,-0.0182617619411984,-0.01826176194119844,0.0003334919491970038,0.01826176194119844,0.11603363629170652,0.24776086482308718,0.2513972263918478
2015-04-24,12.289999961853027,12.289999961853027,13.020000457763672,12.15999984741211,12.210000038146973,0,-0.0153414057874594,-0.015341405787459461,0.00023535873153549466,0.015341405787459461,0.06479434353009679,0.2142196777149007,0.2349522682299759
2015-04-27,13.119999885559082,13.119999885559082,13.399999618530272,12.329999923706056,12.34000015258789,0,0.0653518543192719,0.06535185431927193,0.004270864862967341,0.06535185431927193,0.08114903782497387,0.22277725386986366,0.22894208012420647
2015-04-28,12.40999984741211,12.40999984741211,14.229999542236328,12.40999984741211,13.260000228881836,0,-0.0556351878723555,-0.05563518787235555,0.003095274129592298,0.05563518787235555,0.09831710923757116,0.22469382360557338,0.23421115756379093
2015-04-29,13.390000343322754,13.390000343322754,14.34000015258789,12.609999656677246,13.4399995803833,0,0.0760055984223595,0.07600559842235954,0.005776850991540984,0.07600559842235954,0.11709756899625691,0.23415846508646004,0.24497728096066848
2015-04-30,14.550000190734863,14.550000190734863,15.289999961853027,12.489999771118164,13.890000343322754,0,0.0830828213831105,0.08308282138311052,0.006902755208977846,0.08308282138311052,0.14241174082432245,0.24288119418764903,0.26756965972273183
2015-05-01,12.699999809265137,12.699999809265137,13.979999542236328,12.68000030517578,13.979999542236328,0,-0.1359890282803744,-0.1359890282803744,0.01849301581264047,0.1359890282803744,0.19631291604405188,0.27810798458293984,0.2672983898751383
2015-05-04,12.850000381469728,12.850000381469728,13.18000030517578,12.100000381469728,13.119999885559082,0,0.0117418625815362,0.0117418625815362,0.00013787133688367996,0.0117418625815362,0.18548791734136028,0.2767825725893064,0.2675453805985787
2015-05-05,14.3100004196167,14.3100004196167,14.40999984741211,12.970000267028809,13.210000038146973,0,0.1076147818640897,0.10761478186408979,0.01158094127565563,0.10761478186408979,0.20710247373148066,0.29692907159357057,0.266010490571219
2015-05-06,15.149999618530272,15.149999618530272,16.360000610351562,13.890000343322754,13.93000030517578,0,0.0570418838841795,0.05704188388417952,0.0032537765170562198,0.05704188388417952,0.2009187899406471,0.302346334246611,0.2816222054242472
2015-05-07,15.130000114440918,15.130000114440918,15.970000267028809,14.8100004196167,15.479999542236328,0,-0.0013209714117521,-0.0013209714117521365,1.7449654706664325e-06,0.0013209714117521365,0.18294083717887236,0.2971841864323603,0.28198430335563274
2015-05-08,12.859999656677246,12.859999656677246,13.420000076293944,12.699999809265137,13.359999656677246,0,-0.162557843251581,-0.16255784325158107,0.026425052402605603,0.16255784325158107,0.2034683918884499,0.33228993579258287,0.27634566561771556
2015-05-11,13.850000381469728,13.850000381469728,13.850000381469728,13.0,13.350000381469728,0,0.0741635680637631,0.07416356806376356,0.005500234827948491,0.07416356806376356,0.21624465308704546,0.33813834613556737,0.2767509074173791
2015-05-12,13.859999656677246,13.859999656677246,15.130000114440918,13.729999542236328,14.729999542236328,0,0.0007217088147077,0.0007217088147073447,5.208636132262804e-07,0.0007217088147073447,0.18756686694801464,0.32218037118995796,0.27371659149685224
2015-05-13,13.760000228881836,13.760000228881836,14.039999961853027,13.0600004196167,13.630000114440918,0,-0.0072411198519435,-0.007241119851943534,5.243381671021074e-05,0.007241119851943534,0.17882949106998045,0.32166765754620325,0.2732023092297421
2015-05-14,12.739999771118164,12.739999771118164,13.289999961853027,12.720000267028809,13.140000343322754,0,-0.0770192169606418,-0.07701921696064185,0.00593195978123042,0.07701921696064185,0.1947054228626105,0.3247745052823683,0.27233888868953915
2015-05-15,12.380000114440918,12.380000114440918,13.09000015258789,12.350000381469728,12.460000038146973,0,-0.028664355677944,-0.02866435567794401,0.000821645286431681,0.02866435567794401,0.1109359931489057,0.32549056140222604,0.271714623960699
2015-05-18,12.729999542236328,12.729999542236328,13.220000267028809,12.550000190734863,13.079999923706056,0,0.0278791001094083,0.027879100109408306,0.0007772442229104103,0.027879100109408306,0.08708503873166717,0.3118020097044459,0.26813434275264497
2015-05-19,12.850000381469728,12.850000381469728,13.130000114440918,12.550000190734863,12.949999809265137,0,0.009382464417714,0.009382464417714065,8.803063854967052e-05,0.009382464417714065,0.08758603624912145,0.30890859233394036,0.2667989189476456
2015-05-20,12.880000114440918,12.880000114440918,13.270000457763672,12.619999885559082,12.899999618530272,0,0.0023318885337832,0.0023318885337832995,5.437704133990027e-06,0.0023318885337832995,0.08731733867483706,0.30889443119161547,0.2656470801123439
2015-05-21,12.109999656677246,12.109999656677246,13.09000015258789,12.09000015258789,13.029999732971191,0,-0.0616442003467225,-0.06164420034672258,0.0038000074363868717,0.06164420034672258,0.07411049378065597,0.3122250995068113,0.26401292674736854
2015-05-22,12.130000114440918,12.130000114440918,12.369999885559082,11.81999969482422,12.369999885559082,0,0.0016502031758456,0.0016502031758456326,2.7231705215710117e-06,0.0016502031758456326,0.06836258605774462,0.31169495341336984,0.26235340735810597
2015-05-26,14.0600004196167,14.0600004196167,14.630000114440918,13.34000015258789,13.449999809265137,0,0.147652183836739,0.14765218383673906,0.021801167391758188,0.14765218383673906,0.16030398105271845,0.3445570383022026,0.2649872702587805
2015-05-27,13.270000457763672,13.270000457763672,14.40999984741211,13.050000190734863,14.15999984741211,0,-0.0578280333869862,-0.05782803338698628,0.0033440814454063997,0.05782803338698628,0.1701570367284499,0.3432095121438573,0.2669550110412126
2015-05-28,13.3100004196167,13.3100004196167,13.989999771118164,13.3100004196167,13.489999771118164,0,0.0030097810931959,0.00300978109319594,9.058782228959748e-06,0.00300978109319594,0.17016767679645278,0.3386835600950557,0.2557455523730446
2015-05-29,13.84000015258789,13.84000015258789,14.43000030517578,13.399999618530272,13.59000015258789,0,0.0390472972812165,0.039047297281216586,0.0015246914249677041,0.039047297281216586,0.16334540769450132,0.3323467982576151,0.24783544566824128
2015-06-01,13.970000267028809,13.970000267028809,14.859999656677246,13.470000267028809,13.920000076293944,0,0.009349231168656,0.009349231168656047,8.740812344496971e-05,0.009349231168656047,0.16360442282470924,0.3219301899893128,0.22392997647494225
2015-06-02,14.239999771118164,14.239999771118164,15.050000190734863,13.59000015258789,14.720000267028809,0,0.0191426975273509,0.019142697527350983,0.00036644286862364943,0.019142697527350983,0.07301837196672976,0.2924251601393735,0.22464303102491068
2015-06-03,13.65999984741211,13.65999984741211,14.199999809265137,13.399999618530272,13.729999542236328,0,-0.0415830469384399,-0.04158304693843995,0.0017291497926845,0.04158304693843995,0.06096516211698126,0.29513344903338057,0.22145192322509122
2015-06-04,14.710000038146973,14.710000038146973,15.489999771118164,13.989999771118164,14.56999969482422,0,0.0740556942343868,0.07405569423438685,0.005484245848536997,0.07405569423438685,0.09587459547897892,0.28461738757711275,0.22087234313220236
2015-06-05,14.210000038146973,14.210000038146973,15.649999618530272,14.210000038146973,15.010000228881836,0,-0.0345815924130885,-0.03458159241308856,0.0011958865338249842,0.03458159241308856,0.09414421472992976,0.2809789446346277,0.20611479700682728
2015-06-08,15.289999961853027,15.289999961853027,15.5,14.670000076293944,14.84000015258789,0,0.0732530726525486,0.07325307265254866,0.005366012653039572,0.07325307265254866,0.11891903841147441,0.2903677582231851,0.20377624625103685
2015-06-09,14.470000267028809,14.470000267028809,15.739999771118164,14.470000267028809,15.18000030517578,0,-0.0551214583487214,-0.0551214583487214,0.003038375170489828,0.0551214583487214,0.12966753640975795,0.2468334616364692,0.20731774976707854
2015-06-10,13.220000267028809,13.220000267028809,14.369999885559082,12.960000038146973,14.239999771118164,0,-0.0903467044749617,-0.09034670447496174,0.008162527009486071,0.09034670447496174,0.1524698239501098,0.25216869346724996,0.21302740831386763
2015-06-11,12.850000381469728,12.850000381469728,13.220000267028809,12.5600004196167,13.039999961853027,0,-0.0283870135948025,-0.028387013594802557,0.0008058225408315052,0.028387013594802557,0.13626673808260029,0.2537604217410551,0.20718673107269428
2015-06-12,13.779999732971191,13.779999732971191,14.020000457763672,13.300000190734863,13.3100004196167,0,0.0698744051799264,0.06987440517992649,0.004882432499248538,0.06987440517992649,0.1491816673492274,0.2631052077111673,0.20503792308773544
2015-06-15,15.390000343322754,15.390000343322754,15.56999969482422,14.90999984741211,15.479999542236328,0,0.110499723951444,0.11049972395144403,0.012210188993345333,0.11049972395144403,0.1705853047990984,0.2747773271884917,0.2049978733222464
2015-06-16,14.8100004196167,14.8100004196167,15.619999885559082,14.8100004196167,15.619999885559082,0,-0.0384153135459164,-0.03841531354591643,0.0014757363148310703,0.03841531354591643,0.16594187945706335,0.27596498068641023,0.20451270733223811
2015-06-17,14.5,14.5,15.489999771118164,14.06999969482422,14.65999984741211,0,-0.0211540071865137,-0.021154007186513724,0.00044749202004707426,0.021154007186513724,0.1407894611407528,0.2753668795668561,0.21020027187723606
2015-06-18,13.1899995803833,13.1899995803833,14.029999732971191,12.539999961853027,14.029999732971191,0,-0.0946897145105509,-0.09468971451055097,0.008966142034089648,0.09468971451055097,0.16727818704649355,0.2910412853152065,0.21907635793001332
2015-06-19,13.960000038146973,13.960000038146973,14.0,12.960000038146973,13.350000381469728,0,0.0567371651508397,0.05673716515083971,0.00321910590935366,0.05673716515083971,0.16223028469329273,0.29651087326293296,0.22188664844698483
2015-06-22,12.739999771118164,12.739999771118164,13.460000038146973,12.43000030517578,13.420000076293944,0,-0.0914494678884074,-0.09144946788840747,0.008363005177072868,0.09144946788840747,0.1499049080430469,0.3041080329485446,0.22190468151465353
2015-06-23,12.109999656677246,12.109999656677246,12.68000030517578,11.93000030517578,12.5,0,-0.0507151029637609,-0.050715102963760916,0.0025720216686248715,0.050715102963760916,0.15351796901075832,0.3083034125693979,0.2232405757512709
2015-06-24,13.260000228881836,13.260000228881836,13.329999923706056,12.010000228881836,12.56999969482422,0,0.0907204728041408,0.09072047280414086,0.00823020418580686,0.09072047280414086,0.1770606646744215,0.2854470721447061,0.2251334806030689
2015-06-25,14.010000228881836,14.010000228881836,14.15999984741211,12.920000076293944,12.960000038146973,0,0.0550193746671587,0.05501937466715878,0.0030271315887651935,0.05501937466715878,0.15940975042206007,0.2848913497095759,0.22398599839699682
2015-06-26,14.020000457763672,14.020000457763672,14.90999984741211,13.640000343322754,14.130000114440918,0,0.0007135375712556,0.0007135375712556957,5.09135865593477e-07,0.0007135375712556957,0.14897272151684485,0.2848763442144337,0.22832607919161044
2015-06-29,18.850000381469727,18.850000381469727,19.5,15.81999969482422,16.700000762939453,0,0.296028019873936,0.296028019873936,0.08763258855048345,0.296028019873936,0.3185317176193699,0.4089772959694661,0.25676927257270055
2015-06-30,18.229999542236328,18.229999542236328,19.799999237060547,17.489999771118164,17.600000381469727,0,-0.0334443705510283,-0.033444370551028335,0.0011185259215544913,0.033444370551028335,0.31624193172708076,0.41023596431396137,0.2607724224335778
2015-07-01,16.09000015258789,16.09000015258789,17.260000228881836,15.649999618530272,16.6299991607666,0,-0.1248705930924214,-0.12487059309242143,0.015592665019253087,0.12487059309242143,0.3276757852144736,0.428392073417839,0.2602016533790534
2015-07-02,16.790000915527344,16.790000915527344,17.479999542236328,15.390000343322754,15.43000030517578,0,0.0425855551298894,0.042585555129889485,0.0018135295057208566,0.042585555129889485,0.32581868904787753,0.42849054631376826,0.26896201472742876
2015-07-06,17.010000228881836,17.010000228881836,18.950000762939453,16.56999969482422,18.649999618530277,0,0.0130178942459124,0.013017894245912487,0.00016946557059776144,0.013017894245912487,0.326077865804488,0.42224325690569925,0.2740357547984227
2015-07-07,16.09000015258789,16.09000015258789,19.200000762939453,15.93000030517578,17.219999313354492,0,-0.0556034493758019,-0.05560344937580197,0.0030917435824873727,0.05560344937580197,0.14760057452331815,0.4244823024002234,0.2903583495541926
2015-07-08,19.65999984741211,19.65999984741211,19.76000022888184,16.940000534057617,17.3799991607666,0,0.2003881364699924,0.20038813646999243,0.04015540523791631,0.20038813646999243,0.24662280696637814,0.4636535534597696,0.30293112192111377
2015-07-09,19.96999931335449,19.96999931335449,20.049999237060547,17.200000762939453,17.459999084472656,0,0.015645006086189,0.015645006086188573,0.0002447662154368775,0.015645006086188573,0.2132484703629998,0.46063109825631454,0.31255869913640616
2015-07-10,16.829999923706055,16.829999923706055,18.170000076293945,16.600000381469727,17.450000762939453,0,-0.1710681093743686,-0.17106810937436823,0.02926429804492081,0.17106810937436823,0.2700475488712296,0.48299356073994737,0.3111134305301341
2015-07-13,13.899999618530272,13.899999618530272,15.359999656677246,13.81999969482422,15.289999961853027,0,-0.1912741909767228,-0.19127419097672327,0.036585816133800006,0.19127419097672327,0.3306690629837654,0.5187126114807907,0.3160243393925581
2015-07-14,13.369999885559082,13.369999885559082,13.949999809265137,12.899999618530272,13.90999984741211,0,-0.038875430138459,-0.03887543013845862,0.001511299068450177,0.03887543013845862,0.3282705967651142,0.5154528493261274,0.31792679505292676
2015-07-15,13.229999542236328,13.229999542236328,13.970000267028809,12.8100004196167,13.350000381469728,0,-0.0105264390278865,-0.010526439027886525,0.00011080591860781261,0.010526439027886525,0.2602248746396388,0.5035794443816048,0.32110911386543084
2015-07-16,12.109999656677246,12.109999656677246,12.609999656677246,11.869999885559082,12.59000015258789,0,-0.0884554143117859,-0.08845541431178594,0.007824360321069704,0.08845541431178594,0.27440222208803,0.5098439769281623,0.3215703275967003
2015-07-17,11.949999809265137,11.949999809265137,12.220000267028809,11.770000457763672,11.770000457763672,0,-0.0133002667982058,-0.01330026679820584,0.0001768970969034566,0.01330026679820584,0.21496320275533484,0.5095785375060266,0.31714486326427654
2015-07-20,12.25,12.25,12.369999885559082,11.710000038146973,12.25,0,0.0247946745742928,0.024794674574292852,0.0006147758872450844,0.024794674574292852,0.10118368589983402,0.5013171847642333,0.3116387723587112
2015-07-21,12.220000267028809,12.220000267028809,12.789999961853027,12.210000038146973,12.420000076293944,0,-0.002451961395502,-0.002451961395502078,6.012114685032498e-06,0.002451961395502078,0.09344972626236593,0.4981022243930132,0.30942937543852045
2015-07-22,12.119999885559082,12.119999885559082,12.829999923706056,12.050000190734863,12.770000457763672,0,-0.0082170043963856,-0.008217004396385619,6.751916125022059e-05,0.008217004396385619,0.0932178340295114,0.48970433930019963,0.30802531993152493
2015-07-23,12.640000343322754,12.640000343322754,13.079999923706056,11.729999542236328,12.0600004196167,0,0.0420094446814727,0.04200944468147272,0.0017647934424457165,0.04200944468147272,0.051283503220134495,0.48887944495884245,0.3127601262001062
2015-07-24,13.739999771118164,13.739999771118164,14.729999542236328,12.859999656677246,12.869999885559082,0,0.0834448542558154,0.08344485425581549,0.006963043701774289,0.08344485425581549,0.09703681933884878,0.48758173798783044,0.3170882283542171
2015-07-27,15.600000381469728,15.600000381469728,16.270000457763672,15.029999732971191,15.600000381469728,0,0.126959668572542,0.12695966857254204,0.016118757444049718,0.12695966857254204,0.15786109674078985,0.500826893321952,0.3158835129914769
2015-07-28,13.4399995803833,13.4399995803833,15.619999885559082,13.31999969482422,14.869999885559082,0,-0.1490356348351564,-0.14903563483515647,0.022211620450718107,0.14903563483515647,0.21708462451366306,0.522531040598901,0.32569131203791574
2015-07-29,12.5,12.5,13.59000015258789,11.850000381469728,13.56999969482422,0,-0.0725066595652665,-0.07250665956526658,0.005257215681313464,0.07250665956526658,0.22872566694689367,0.43665010651573233,0.3115594820947865
2015-07-30,12.130000114440918,12.130000114440918,13.420000076293944,12.09000015258789,12.720000267028809,0,-0.0300469119177608,-0.030046911917760877,0.0009028169157936807,0.030046911917760877,0.2268335385115025,0.4364030322012435,0.3089458628044945
2015-07-31,12.119999885559082,12.119999885559082,12.630000114440918,11.81999969482422,12.029999732971191,0,-0.0008247611916463,-0.0008247611916463171,6.802310232458531e-07,0.0008247611916463171,0.21092911302828316,0.41815741261660033,0.3058983144905222
2015-08-03,12.5600004196167,12.5600004196167,13.550000190734863,12.31999969482422,12.850000381469728,0,0.0356602232501765,0.03566022325017659,0.0012716515222524353,0.03566022325017659,0.1721742861204918,0.41750897444574925,0.3016480972362504
2015-08-04,13.0,13.0,13.220000267028809,12.289999961853027,12.65999984741211,0,0.0344321630125117,0.03443216301251173,0.0011855738497201808,0.03443216301251173,0.09283285086704512,0.4187240762385938,0.29396278406635035
2015-08-05,12.510000228881836,12.510000228881836,12.720000267028809,10.880000114440918,12.020000457763672,0,-0.0384210146868069,-0.03842101468680692,0.0014761743695638331,0.03842101468680692,0.06954780290097891,0.416790454316003,0.28748348990338474
2015-08-06,13.770000457763672,13.770000457763672,14.25,12.15999984741211,12.199999809265137,0,0.0959640032093824,0.09596400320938248,0.009209089911970371,0.09596400320938248,0.11464366482510101,0.37784648666223464,0.288388574085062
2015-08-07,13.390000343322754,13.390000343322754,14.579999923706056,13.289999961853027,13.56999969482422,0,-0.0279841606407962,-0.02798416064079623,0.0007831132467698888,0.02798416064079623,0.11800679175486783,0.37855820492274006,0.2788994885120252
2015-08-10,12.229999542236328,12.229999542236328,12.779999732971191,12.18000030517578,12.729999542236328,0,-0.0906162730738082,-0.09061627307380826,0.00821130894578699,0.09061627307380826,0.1444481232962592,0.3496474301567129,0.275088038306988
2015-08-11,13.710000038146973,13.710000038146973,14.329999923706056,13.020000457763672,13.239999771118164,0,0.1142335840871346,0.11423358408713469,0.013049311733392471,0.11423358408713469,0.18091157565917,0.314192331247575,0.2737927993441296
2015-08-12,13.609999656677246,13.609999656677246,16.280000686645508,13.449999809265137,15.1899995803833,0,-0.00732070491904,-0.007320704919040022,5.359272051165677e-05,0.007320704919040022,0.17693619346654718,0.3118639361433883,0.2930971517248073
2015-08-13,13.489999771118164,13.489999771118164,14.329999923706056,13.0600004196167,13.869999885559082,0,-0.0088561381847163,-0.008856138184716311,7.843118354679032e-05,0.008856138184716311,0.14891527064075005,0.31181202659901747,0.2937716888723856
2015-08-14,12.829999923706056,12.829999923706056,13.869999885559082,12.800000190734863,13.6899995803833,0,-0.0501624805718687,-0.05016248057186834,0.0025162744571230688,0.05016248057186834,0.1546250918847294,0.303180893309324,0.295478212659717
2015-08-17,13.020000457763672,13.020000457763672,14.520000457763672,13.010000228881836,14.31999969482422,0,0.0147004992579051,0.014700499257904731,0.00021610467843165756,0.014700499257904731,0.12614957301951393,0.30324554679231136,0.30190830384537803
2015-08-18,13.789999961853027,13.789999961853027,13.9399995803833,13.170000076293944,13.40999984741211,0,0.0574570171000101,0.057457017100010166,0.0033013088140308607,0.057457017100010166,0.07852204692724248,0.3076432911281403,0.3020409827728414
2015-08-19,15.25,15.25,15.960000038146973,13.729999542236328,14.84000015258789,0,0.1006358140144878,0.10063581401448785,0.010127567062358588,0.10063581401448785,0.12743502734919862,0.32367568571616134,0.31404071838864805
2015-08-20,19.13999938964844,19.13999938964844,19.239999771118164,16.1299991607666,16.549999237060547,0,0.2272008510825904,0.22720085108259092,0.05162022673265365,0.22720085108259092,0.26034876943169494,0.395371543102473,0.32926339675962446
2015-08-21,28.030000686645508,28.030000686645508,28.3799991607666,20.799999237060547,22.549999237060547,0,0.3814950355374926,0.3814950355374922,0.14553846213975244,0.3814950355374922,0.45913360738158476,0.5478068325537182,0.37277192998422326
2015-08-24,40.7400016784668,40.7400016784668,53.290000915527344,28.030000686645508,28.030000686645508,0,0.3739350623246347,0.3739350623246347,0.13982743083572843,0.3739350623246347,0.5919586096886539,0.6579944626868006,0.5302706777727462
2015-08-25,36.02000045776367,36.02000045776367,38.060001373291016,28.07999992370605,31.1299991607666,0,-0.1231360995417314,-0.12313609954173144,0.015162499010351193,0.12313609954173144,0.6018938326489517,0.6572674147504903,0.5588163269420672
2015-08-26,30.31999969482422,30.31999969482422,35.619998931884766,28.670000076293945,31.1299991607666,0,-0.1722668017474005,-0.1722668017474005,0.029675850984278187,0.1722668017474005,0.6179194686225414,0.6629213264229422,0.5657890491297736
2015-08-27,26.100000381469727,26.100000381469727,29.899999618530277,24.489999771118164,27.11000061035156,0,-0.1498722217646602,-0.1498722217646602,0.022461682856675484,0.1498722217646602,0.5938568226658558,0.6757730034573112,0.5724644229148133
2015-08-28,26.049999237060547,26.049999237060547,29.200000762939453,25.770000457763672,26.690000534057617,0,-0.0019175900324737,-0.001917590032473715,3.677151532642543e-06,0.001917590032473715,0.4551166233379813,0.6751074080747849,0.5739499681179073
2015-08-31,28.43000030517578,28.43000030517578,29.3700008392334,26.6299991607666,27.030000686645508,0,0.0874271974853231,0.08742719748532313,0.007643514860137691,0.08742719748532313,0.2737649080195912,0.6807443331138119,0.5755808931215205
2015-09-01,31.399999618530277,31.399999618530277,33.81999969482422,29.90999984741211,31.90999984741211,0,0.0993629443682948,0.09936294436829485,0.009872994713536858,0.09936294436829485,0.2639274911148153,0.6870328887745134,0.5774697405588304
2015-09-02,26.09000015258789,26.09000015258789,30.450000762939453,24.770000457763672,29.13999938964844,0,-0.1852557757683333,-0.1852557757683333,0.034319702455526985,0.1852557757683333,0.27258314701648323,0.710737869304612,0.5890034580823228
2015-09-03,25.61000061035156,25.61000061035156,26.309999465942383,23.450000762939453,25.209999084472656,0,-0.0185691809531753,-0.01856918095317539,0.0003448144812717717,0.01856918095317539,0.22843971559692938,0.7099415179966359,0.5855732800959765
2015-09-04,27.799999237060547,27.799999237060547,29.46999931335449,25.68000030517578,27.43000030517578,0,0.0820530692087442,0.08205306920874422,0.006732706166574969,0.08205306920874422,0.2427215125963257,0.7081952945550911,0.5836591568146366
2015-09-08,24.899999618530277,24.899999618530277,26.25,24.1299991607666,25.049999237060547,0,-0.1101682051021333,-0.11016820510213332,0.012137033415425715,0.11016820510213332,0.2518079649898635,0.7161665277005259,0.5831984121965796
2015-09-09,26.229999542236328,26.229999542236328,26.81999969482422,21.51000022888184,22.38999938964844,0,0.0520359882762768,0.05203598827627687,0.0027077440758888236,0.05203598827627687,0.2371539596858722,0.7123137865637096,0.597363480947223
2015-09-10,24.3700008392334,24.3700008392334,27.21999931335449,23.530000686645508,26.8700008392334,0,-0.0735508743526032,-0.07355087435260321,0.005409731118032425,0.07355087435260321,0.1653240129478889,0.7069309371596139,0.600984412761245
2015-09-11,23.200000762939453,23.200000762939453,25.809999465942383,23.149999618530277,25.3799991607666,0,-0.0492005905166812,-0.04920059051668124,0.002420698107190144,0.04920059051668124,0.17148735487817202,0.7086031719517267,0.5935462497178267
2015-09-14,24.25,24.25,25.31999969482422,23.63999938964844,24.030000686645508,0,0.0442643058259069,0.0442643058259069,0.0019593287702494157,0.0442643058259069,0.15695392791130316,0.7099291182130446,0.5923605521403663
2015-09-15,22.540000915527344,22.540000915527344,23.770000457763672,22.1299991607666,23.280000686645508,0,-0.0731250681539683,-0.07312506815396835,0.005347275592522517,0.07312506815396835,0.1335843466274524,0.7119201879579975,0.5919541345063356
2015-09-16,21.350000381469727,21.350000381469727,22.940000534057617,21.09000015258789,22.56999969482422,0,-0.0542397916874555,-0.05423979168745552,0.002941955002298569,0.05423979168745552,0.13445812950615182,0.713832056121058,0.5904326061382443
2015-09-17,21.13999938964844,21.13999938964844,23.32999992370605,17.8700008392334,21.540000915527344,0,-0.0098848059718577,-0.009884805971857702,9.770938910127368e-05,0.009884805971857702,0.11299100345320395,0.7115845732736817,0.6108064260894904
2015-09-18,22.280000686645508,22.280000686645508,23.989999771118164,20.979999542236328,23.06999969482422,0,0.0525224943077908,0.05252249430779088,0.002758612408311925,0.05252249430779088,0.11447655289396047,0.7063877478177556,0.6094240402448331
2015-09-21,20.13999938964844,20.13999938964844,22.479999542236328,20.049999237060547,21.96999931335449,0,-0.1009815888930258,-0.10098158889302544,0.01019728129536,0.10098158889302544,0.14609186728765675,0.6764323357363599,0.6040744773773001
2015-09-22,22.440000534057617,22.440000534057617,26.290000915527344,22.25,22.96999931335449,0,0.1081372474688788,0.10813724746887843,0.011693664290145454,0.10813724746887843,0.16640078841525136,0.5689603738224135,0.5831996063941898
2015-09-23,22.1299991607666,22.1299991607666,23.200000762939453,21.13999938964844,22.09000015258789,0,-0.0139109883137793,-0.013910988313779349,0.00019351559586610562,0.013910988313779349,0.15792651132341518,0.4290477732610649,0.44086760712177864
2015-09-24,23.46999931335449,23.46999931335449,25.299999237060547,21.809999465942383,23.530000686645508,0,0.0587888644665506,0.05878886446655063,0.003456130585266459,0.05878886446655063,0.16822367305153568,0.4151814342130358,0.4110422056924966
2015-09-25,23.6200008392334,23.6200008392334,24.290000915527344,20.809999465942383,21.1200008392334,0,0.0063708656932166,0.006370865693216654,4.058792968100492e-05,0.006370865693216654,0.15994117573757877,0.3778099525695376,0.40073328273190567
2015-09-28,27.6299991607666,27.6299991607666,28.32999992370605,24.940000534057617,25.020000457763672,0,0.1568082622614905,0.15680826226149058,0.02458883111346841,0.15680826226149058,0.19993181216211559,0.3806146456948145,0.3899708162876555
2015-09-29,26.82999992370605,26.82999992370605,28.200000762939453,25.76000022888184,26.56999969482422,0,-0.029381446967406,-0.029381446967406077,0.0008632694258984958,0.029381446967406077,0.17071126105263384,0.3817421915268929,0.386522280525057
2015-09-30,24.5,24.5,25.8799991607666,23.25,24.63999938964844,0,-0.0908475440432452,-0.09084754404324524,0.008253276258689385,0.09084754404324524,0.19287844698929887,0.38254001384209035,0.38740450442079094
2015-10-01,22.549999237060547,22.549999237060547,25.229999542236328,22.549999237060547,23.13999938964844,0,-0.0829380854352299,-0.08293808543522996,0.006878726015661503,0.08293808543522996,0.20155567653479478,0.37860611919570364,0.38624672890265876
2015-10-02,20.940000534057617,20.940000534057617,24.46999931335449,20.350000381469727,23.989999771118164,0,-0.0740738011688768,-0.07407380116887685,0.005486928019606301,0.07407380116887685,0.21464163350413668,0.3383929949873529,0.3821954357237901
2015-10-05,19.540000915527344,19.540000915527344,20.420000076293945,19.13999938964844,20.309999465942383,0,-0.0691975374779301,-0.06919753747793012,0.004788299193009543,0.06919753747793012,0.16208176613322442,0.3448960767655214,0.3778999128612862
2015-10-06,19.399999618530277,19.399999618530277,20.31999969482422,18.81999969482422,19.540000915527344,0,-0.00719064706275,-0.007190647062750077,5.170540518103631e-05,0.007190647062750077,0.15955856257859619,0.33507059406467543,0.371610616405673
2015-10-07,18.399999618530277,18.399999618530277,19.729999542236328,18.32999992370605,18.959999084472656,0,-0.0529224025230048,-0.05292240252300484,0.002800780688806949,0.05292240252300484,0.14144412084729913,0.32083648526973324,0.37079726004844504
2015-10-08,17.420000076293945,17.420000076293945,19.020000457763672,16.34000015258789,18.6200008392334,0,-0.0547316680788574,-0.05473166807885743,0.0029955554906942214,0.05473166807885743,0.1269774342050511,0.3212847050437371,0.35812455197347604
2015-10-09,17.079999923706055,17.079999923706055,18.200000762939453,16.889999389648438,17.149999618530273,0,-0.0197107919104668,-0.019710791910466874,0.00038851531773772635,0.019710791910466874,0.10499931473790439,0.3133730139861224,0.35015964046210113
2015-10-12,16.170000076293945,16.170000076293945,17.809999465942383,16.149999618530273,17.68000030517578,0,-0.0547505055863095,-0.05475050558630956,0.0029976178619565146,0.05475050558630956,0.09609461360750911,0.3142921660644961,0.34899499078012003
2015-10-13,17.670000076293945,17.670000076293945,17.700000762939453,16.139999389648438,17.079999923706055,0,0.08871061234206,0.08871061234206001,0.00786957274210325,0.08871061234206001,0.1305834679478941,0.3235580467572498,0.3509526821862095
2015-10-14,18.030000686645508,18.030000686645508,18.780000686645508,17.299999237060547,17.670000076293945,0,0.0201687846494094,0.02016878464940941,0.00040677987423425266,0.02016878464940941,0.12107039806131799,0.3158311477721575,0.3517878622480864
2015-10-15,16.049999237060547,16.049999237060547,17.850000381469727,16.040000915527344,17.6200008392334,0,-0.1163282732578698,-0.11632827325786987,0.013532267159157643,0.11632827325786987,0.1587285511657856,0.3321740899888753,0.354016614516495
2015-10-16,15.050000190734863,15.050000190734863,16.860000610351562,15.050000190734863,15.640000343322754,0,-0.0643307981725578,-0.06433079817255782,0.0041384515935183695,0.06433079817255782,0.170131388141548,0.33820166803898905,0.3230188143001621
2015-10-19,14.979999542236328,14.979999542236328,16.229999542236328,14.81999969482422,15.68000030517578,0,-0.0046620563375472,-0.004662056337547238,2.1734769294464366e-05,0.004662056337547238,0.16114839787695068,0.33413094832017143,0.31754918524963316
2015-10-20,15.75,15.75,16.34000015258789,14.720000267028809,15.170000076293944,0,0.0501244177408919,0.050124417740891936,0.002512457253863442,0.050124417740891936,0.14356772147689814,0.32242621882198186,0.3163056479706936
2015-10-21,16.700000762939453,16.700000762939453,16.700000762939453,14.40999984741211,14.979999542236328,0,0.0585683998360631,0.0585683998360631,0.003430257459356956,0.0585683998360631,0.15373733520258148,0.3093465043491716,0.3128168047913439
2015-10-22,14.449999809265137,14.449999809265137,15.920000076293944,14.449999809265137,15.020000457763672,0,-0.1447143637489087,-0.14471436374890878,0.020942247075251483,0.14471436374890878,0.17619633410285454,0.3412389063873541,0.3132430060556621
2015-10-23,14.460000038146973,14.460000038146973,15.119999885559082,13.239999771118164,13.460000038146973,0,0.0006918180099253,0.000691818009925349,4.786121588570703e-07,0.000691818009925349,0.16403406710170065,0.336137381526259,0.3106973721387009
2015-10-26,15.289999961853027,15.289999961853027,15.43000030517578,14.68000030517578,14.760000228881836,0,0.0558127980773521,0.05581279807735218,0.003115068429223287,0.05581279807735218,0.17320654961592546,0.340679937417618,0.29800056784351153
2015-10-27,15.43000030517578,15.43000030517578,15.989999771118164,14.779999732971191,15.75,0,0.0091146687070757,0.00911466870707578,8.307718563974646e-05,0.00911466870707578,0.16604556230634518,0.30258398145150284,0.291854656011853
2015-10-28,14.329999923706056,14.329999923706056,15.729999542236328,12.800000190734863,15.140000343322754,0,-0.073958449637141,-0.07395844963714104,0.005469852272729528,0.07395844963714104,0.17207766727557336,0.3101026421652587,0.31232875156908707
2015-10-29,14.609999656677246,14.609999656677246,15.460000038146973,14.329999923706056,14.800000190734863,0,0.0193509657474373,0.019350965747437332,0.0003744598753584929,0.019350965747437332,0.09509435511695707,0.2971276363695299,0.30900638129209534
2015-10-30,15.06999969482422,15.06999969482422,15.390000343322754,14.0,14.600000381469728,0,0.0309997901244081,0.030999790124408566,0.0009609869877573789,0.030999790124408566,0.1000172222705093,0.28699667814565283,0.3068686252972643
2015-11-02,14.149999618530272,14.149999618530272,15.510000228881836,13.670000076293944,15.40999984741211,0,-0.0629913952575993,-0.06299139525759978,0.003967915876499164,0.06299139525759978,0.1041935324191686,0.2843379698941601,0.29607480327778696
2015-11-03,14.539999961853027,14.539999961853027,14.729999542236328,13.8100004196167,14.329999923706056,0,0.0271888723515303,0.027188872351530335,0.0007392347797478107,0.027188872351530335,0.10729608470066558,0.27712635513474815,0.29605581265577524
2015-11-04,15.510000228881836,15.510000228881836,15.880000114440918,13.960000038146973,14.039999961853027,0,0.0645815224637114,0.0645815224637114,0.004170773043730861,0.0645815224637114,0.10106122185632695,0.2844610418823998,0.302518429225282
2015-11-05,15.050000190734863,15.050000190734863,16.389999389648438,15.0,15.390000343322754,0,-0.0301069880771991,-0.030106988077199137,0.000906430731080611,0.030106988077199137,0.10365973865882479,0.28111160486734454,0.30396744177761786
2015-11-06,14.329999923706056,14.329999923706056,16.0,14.31999969482422,14.90999984741211,0,-0.0490227673522887,-0.04902276735228872,0.002403231718876625,0.04902276735228872,0.11039740101078059,0.28005608477459737,0.2975151859786493
2015-11-09,16.520000457763672,16.520000457763672,17.09000015258789,15.140000343322754,15.34000015258789,0,0.1422165592864881,0.14221655928648813,0.020225549735287195,0.14221655928648813,0.16865710779188386,0.31347798174166225,0.3029797102944264
2015-11-10,15.289999961853027,15.289999961853027,16.959999084472656,15.239999771118164,16.690000534057617,0,-0.0773727783564228,-0.07737277835642287,0.005986546830592139,0.07737277835642287,0.18355525614802606,0.3182096384546853,0.3040861014738559
2015-11-11,16.059999465942383,16.059999465942383,16.149999618530273,15.020000457763672,15.06999969482422,0,0.0491326578186419,0.049132657818641956,0.0024140180643237585,0.049132657818641956,0.17870583952451122,0.30951868978735686,0.30215196602666555
2015-11-12,18.3700008392334,18.3700008392334,18.5,16.649999618530273,17.059999465942383,0,0.1343872696473145,0.1343872696473145,0.01805993824326002,0.1343872696473145,0.22156101776336867,0.3368307849599081,0.3047446968908909
2015-11-13,20.07999992370605,20.07999992370605,20.670000076293945,18.200000762939453,18.68000030517578,0,0.0890053461119984,0.0890053461119984,0.007921951636516628,0.0890053461119984,0.23368355635341517,0.32839711048373554,0.30755100928683204
2015-11-16,18.15999984741211,18.15999984741211,20.549999237060547,17.25,20.51000022888184,0,-0.1005029262532986,-0.1005029262532986,0.010100838185475976,0.1005029262532986,0.21091062789762052,0.3373530031969842,0.3177856508439612
2015-11-17,18.84000015258789,18.84000015258789,19.59000015258789,16.860000610351562,17.81999969482422,0,0.0367609124766317,0.03676091247663171,0.0013513646861145771,0.03676091247663171,0.1996199158793806,0.339317961037792,0.3257789284962148
2015-11-18,16.850000381469727,16.850000381469727,19.450000762939453,16.799999237060547,19.01000022888184,0,-0.1116315978098385,-0.11163159780983856,0.012461613629577553,0.11163159780983856,0.22337346839082026,0.35367475886548455,0.3315684532628849
2015-11-19,16.989999771118164,16.989999771118164,18.26000022888184,16.0,16.25,0,0.008274242774755,0.00827424277475508,6.846309349558665e-05,0.00827424277475508,0.17861755577540622,0.348889725690937,0.3292239196051664
2015-11-20,15.470000267028809,15.470000267028809,16.3799991607666,15.470000267028809,16.1299991607666,0,-0.0937222403662301,-0.09372224036623011,0.008783858339265413,0.09372224036623011,0.1810141926312109,0.33100702705035007,0.325854914345551
2015-11-23,15.619999885559082,15.619999885559082,16.739999771118164,15.380000114440918,16.149999618530273,0,0.0096494552389279,0.009649455238927906,9.311198640807322e-05,0.009649455238927906,0.15085891334243803,0.33114692408500557,0.3200195043465344
2015-11-24,15.93000030517578,15.93000030517578,17.209999084472656,15.479999542236328,16.530000686645508,0,0.0196520059942804,0.019652005994279964,0.00038620133959921564,0.019652005994279964,0.14762536498971263,0.3270006395121214,0.3249078019417436
2015-11-25,15.1899995803833,15.1899995803833,15.890000343322754,15.050000190734863,15.550000190734863,0,-0.0475668540961113,-0.047566854096110944,0.0022626056086007067,0.047566854096110944,0.10767655439959538,0.3303164341420168,0.3231032924106429
2015-11-27,15.119999885559082,15.119999885559082,16.09000015258789,15.119999885559082,15.3100004196167,0,-0.0046189258006021,-0.004618925800602192,2.1334475551468595e-05,0.004618925800602192,0.10745748810308615,0.32196339678155844,0.3007759196041465
2015-11-30,16.1299991607666,16.1299991607666,16.56999969482422,15.520000457763672,15.550000190734863,0,0.0646624769252239,0.06466247692522398,0.004181235922105123,0.06466247692522398,0.08333360265981912,0.32782191036272407,0.2998900287298695
2015-12-01,14.670000076293944,14.670000076293944,16.34000015258789,14.630000114440918,15.609999656677246,0,-0.0948762427521989,-0.09487624275219897,0.009001501438774187,0.09487624275219897,0.12590821571538027,0.3398642660899829,0.301843366723267
2015-12-02,15.90999984741211,15.90999984741211,16.489999771118164,14.710000038146973,15.039999961853027,0,0.0811432354034367,0.08114323540343671,0.006584224651737545,0.08114323540343671,0.14849546153593063,0.34369176327069734,0.30010619784344605
2015-12-03,18.11000061035156,18.11000061035156,19.350000381469727,15.859999656677246,15.869999885559082,0,0.1295164728387772,0.12951647283877676,0.0167745167365976,0.12951647283877676,0.19121405080371565,0.36627764072759184,0.32067293454101803
2015-12-04,14.8100004196167,14.8100004196167,17.649999618530273,14.6899995803833,17.43000030517578,0,-0.2011616489847396,-0.2011616489847392,0.04046600902225943,0.2011616489847392,0.27750223020991,0.41286141267439785,0.33014478555825744
2015-12-07,15.84000015258789,15.84000015258789,17.18000030517578,15.579999923706056,15.649999618530272,0,0.0672357394063114,0.06723573940631145,0.004520644653513422,0.06723573940631145,0.2781131002000485,0.4172154838904379,0.3310736624540673
2015-12-08,17.600000381469727,17.600000381469727,18.32999992370605,16.520000457763672,17.690000534057617,0,0.1053605276991684,0.10536052769916848,0.011100840797047248,0.10536052769916848,0.2818620865976041,0.4275118350129068,0.33025744025025194
2015-12-09,19.61000061035156,19.61000061035156,20.1299991607666,15.720000267028809,18.049999237060547,0,0.1081407476142377,0.10814074761423775,0.011694421294566269,0.10814074761423775,0.29078588773182235,0.4174149501819286,0.3547249163216854
2015-12-10,19.34000015258789,19.34000015258789,19.71999931335449,18.1299991607666,19.25,0,-0.0138641734178555,-0.013864173417855508,0.00019221530456037126,0.013864173417855508,0.26071849008451004,0.4104155322467099,0.3524973422471422
2015-12-11,24.38999938964844,24.38999938964844,25.270000457763672,20.8799991607666,21.36000061035156,0,0.2319976892882596,0.2319976892882596,0.053822927835091836,0.2319976892882596,0.28518599174009085,0.4688814550396702,0.36809025793726646
2015-12-14,22.729999542236328,22.729999542236328,26.809999465942383,21.46999931335449,24.700000762939453,0,-0.0704875694778977,-0.0704875694778977,0.004968497450901455,0.0704875694778977,0.2859701080220924,0.4547069144930168,0.3863690705489262
2015-12-15,20.950000762939453,20.950000762939453,21.6200008392334,20.020000457763672,20.76000022888184,0,-0.0815469349399626,-0.08154693493996268,0.006649902598102506,0.08154693493996268,0.27807906156922796,0.45330599935291566,0.381538876602575
2015-12-16,17.860000610351562,17.860000610351562,20.239999771118164,17.1200008392334,19.25,0,-0.1595750731627321,-0.15957507316273212,0.025464203974891308,0.15957507316273212,0.30182403344257974,0.46994648082389223,0.38030095752276294
2015-12-17,18.940000534057617,18.940000534057617,19.049999237060547,16.1299991607666,16.18000030517578,0,0.0587125063327,0.05871250633270009,0.0034471583998673476,0.05871250633270009,0.30716883022021374,0.47217103739271604,0.3827408285567666
2015-12-18,20.700000762939453,20.700000762939453,23.299999237060547,18.75,19.34000015258789,0,0.0888576211730294,0.08885762117302942,0.007895676840529607,0.08885762117302942,0.22005780891459462,0.4673109797163616,0.3946865178311079
2015-12-21,18.700000762939453,18.700000762939453,20.209999084472656,18.700000762939453,19.63999938964844,0,-0.10161017246886,-0.10161017246886006,0.010324627149151487,0.10161017246886006,0.2319085357690447,0.4781586722199249,0.3894305453311254
2015-12-22,16.600000381469727,16.600000381469727,18.21999931335449,16.600000381469727,17.610000610351562,0,-0.1191208463168398,-0.11912084631683983,0.014189776027240175,0.11912084631683983,0.24763166677886725,0.4837784963256391,0.39192490516056394
2015-12-23,15.56999969482422,15.56999969482422,16.25,15.329999923706056,15.859999656677246,0,-0.0640567520969375,-0.06405675209693751,0.004103267489208508,0.06405675209693751,0.19990124038133716,0.48790551237908436,0.3901803487767679
2015-12-24,15.739999771118164,15.739999771118164,15.880000114440918,14.449999809265137,15.4399995803833,0,0.0108592622021808,0.010859262202180808,0.00011792357557571277,0.010859262202180808,0.19139297552863718,0.4876305068859754,0.3891071991725135
2015-12-28,16.90999984741211,16.90999984741211,18.1299991607666,16.8799991607666,17.649999618530273,0,0.0716999254391144,0.07169992543911441,0.005140879307974565,0.07169992543911441,0.1840556262360661,0.4905729150139122,0.3901040698561707
2015-12-29,16.079999923706055,16.079999923706055,16.479999542236328,15.630000114440918,15.90999984741211,0,-0.0503288948807871,-0.05032889488078718,0.002532997659921326,0.05032889488078718,0.16150803094558583,0.49312619898928206,0.38961280415210714
2015-12-30,17.290000915527344,17.290000915527344,17.420000076293945,16.5,16.5,0,0.0725520936402892,0.07255209364028925,0.0052638062915893,0.07255209364028925,0.13099188648259644,0.4942226406176686,0.3889913445407039
2015-12-31,18.209999084472656,18.209999084472656,20.38999938964844,17.510000228881836,17.969999313354492,0,0.0518424908169778,0.05184249081697789,0.002687643854108437,0.05184249081697789,0.125472111200734,0.48779315382079264,0.39404303176385774
2016-01-04,20.700000762939453,20.700000762939453,23.36000061035156,20.670000076293945,22.479999542236328,0,0.1281628936648622,0.12816289366486222,0.01642572731255078,0.12816289366486222,0.17902808278631718,0.49777872953276003,0.39492066812299764
2016-01-05,19.34000015258789,19.34000015258789,21.059999465942383,19.25,20.75,0,-0.0679582392133966,-0.06795823921339661,0.004618322276985237,0.06795823921339661,0.17756265765964166,0.4854147392855272,0.3802728211819491
2016-01-06,20.59000015258789,20.59000015258789,21.86000061035156,19.799999237060547,21.670000076293945,0,0.06263003053557,0.06263003053557004,0.003922520724886435,0.06263003053557004,0.18143323967818084,0.4461882795617376,0.36876402533503233
2016-01-07,24.989999771118164,24.989999771118164,25.86000061035156,22.399999618530277,23.21999931335449,0,0.1936702072374494,0.19367020723744943,0.03750814917139661,0.19367020723744943,0.2552691977891722,0.4817379841118474,0.37414075555194676
2016-01-08,27.01000022888184,27.01000022888184,27.07999992370605,22.479999542236328,22.959999084472656,0,0.0777314405905666,0.07773144059056669,0.006042176856284799,0.07773144059056669,0.26175732337817004,0.4764586250613836,0.38546507872717306
2016-01-11,24.299999237060547,24.299999237060547,27.38999938964844,23.82999992370605,25.57999992370605,0,-0.1057308573286741,-0.10573085732867415,0.011179014191456449,0.10573085732867415,0.25153565000017303,0.47591744482869536,0.365405878998156
2016-01-12,22.46999931335449,22.46999931335449,23.93000030517578,21.90999984741211,22.96999931335449,0,-0.0782952633109017,-0.07829526331090175,0.0061301482569234384,0.07829526331090175,0.2545231015074029,0.48211549160407335,0.36575633787866846
2016-01-13,25.21999931335449,25.21999931335449,26.11000061035156,21.440000534057617,21.71999931335449,0,0.1154562476716285,0.11545624767162854,0.01333014512641243,0.11545624767162854,0.27237774065160636,0.4381125021452343,0.36694660885055047
2016-01-14,23.950000762939453,23.950000762939453,26.280000686645508,23.06999969482422,24.75,0,-0.05166894759811,-0.05166894759811003,0.0026696801458962398,0.05166894759811003,0.19837127961722023,0.43548105266584525,0.3506802351825498
2016-01-15,27.020000457763672,27.020000457763672,30.950000762939453,26.670000076293945,28.959999084472656,0,0.1206089937612802,0.1206089937612802,0.014546529376108527,0.1206089937612802,0.21875903889164697,0.4444551428535379,0.35893441416153465
2016-01-19,26.049999237060547,26.049999237060547,27.59000015258789,25.209999084472656,25.399999618530277,0,-0.036559610561841,-0.036559610561841094,0.0013366051244334829,0.036559610561841094,0.1949695053842373,0.4164285955100837,0.34879865463794796
2016-01-20,27.59000015258789,27.59000015258789,32.09000015258789,26.59000015258789,27.780000686645508,0,0.0574356548478727,0.05743565484787272,0.003298854447803965,0.05743565484787272,0.18756815886672945,0.4162504909383742,0.3527384039867836
2016-01-21,26.690000534057617,26.690000534057617,28.43000030517578,25.01000022888184,27.790000915527344,0,-0.0331644103336605,-0.03316441033366058,0.0010998781127794124,0.03316441033366058,0.151497680533471,0.4080057260366419,0.33663759285433953
2016-01-22,22.34000015258789,22.34000015258789,24.549999237060547,22.21999931335449,24.209999084472656,0,-0.1779101829547751,-0.17791018295477512,0.031652033199001554,0.17791018295477512,0.22789010566526788,0.4333544490697394,0.3387277076865243
2016-01-25,24.149999618530277,24.149999618530277,24.309999465942383,22.3799991607666,23.299999237060547,0,0.0779055638314241,0.07790556383142455,0.006069276875892165,0.07790556383142455,0.2084625811984266,0.42388156291255386,0.33775298855925207
2016-01-26,22.5,22.5,24.020000457763672,22.32999992370605,23.75,0,-0.0707690550923594,-0.07076905509235987,0.005008259158665466,0.07076905509235987,0.21709053824186483,0.42494772742849957,0.3387796964565425
2016-01-27,23.11000061035156,23.11000061035156,27.21999931335449,20.420000076293945,22.8799991607666,0,0.0267501414866271,0.026750141486627133,0.00071557006955457,0.026750141486627133,0.2110569056342227,0.4256503465764185,0.37597713813262384
2016-01-28,22.420000076293945,22.420000076293945,23.809999465942383,21.899999618530277,22.149999618530277,0,-0.0303120296500458,-0.03031202965004587,0.0009188191415052598,0.03031202965004587,0.21062753486811508,0.4206615710689008,0.37688194977405287
2016-01-29,20.200000762939453,20.200000762939453,21.739999771118164,19.5,21.59000015258789,0,-0.1042707788705175,-0.1042707788705175,0.01087239532626436,0.1042707788705175,0.15357187428654323,0.43045970199369293,0.381173553244701
2016-02-01,19.979999542236328,19.979999542236328,23.65999984741211,19.61000061035156,21.31999969482422,0,-0.0109508918671257,-0.010950891867125723,0.0001199220326854803,0.010950891867125723,0.13279670827499887,0.42444277680459486,0.3961624808690271
2016-02-02,21.979999542236328,21.979999542236328,22.420000076293945,21.059999465942383,21.34000015258789,0,0.0954011778397898,0.09540117783978985,0.00910138473321921,0.09540117783978985,0.14740451588478862,0.43193218409920076,0.3872908585484288
2016-02-03,21.649999618530277,21.649999618530277,27.700000762939453,21.420000076293945,21.489999771118164,0,-0.0151274913204524,-0.015127491320451991,0.00022884099365035033,0.015127491320451991,0.14574416704391527,0.4127572232460692,0.41041182842577933
2016-02-04,21.84000015258789,21.84000015258789,23.13999938964844,21.239999771118164,22.290000915527344,0,0.0087377210346795,0.008737721034679069,7.634776887987307e-05,0.008737721034679069,0.14282468573289175,0.4072180630002801,0.41008867295105833
2016-02-05,23.3799991607666,23.3799991607666,24.11000061035156,21.90999984741211,22.09000015258789,0,0.0681377622852377,0.06813776228523771,0.004642754649239563,0.06813776228523771,0.11903465956465999,0.40810143929916887,0.409806685140329
2016-02-08,26.0,26.0,27.71999931335449,25.559999465942383,25.88999938964844,0,0.1062156178729152,0.10621561787291522,0.011281757480125148,0.10621561787291522,0.1591574240339236,0.3745936372481275,0.40357654141147264
2016-02-09,26.540000915527344,26.540000915527344,28.309999465942383,25.989999771118164,28.299999237060547,0,0.0205565253787107,0.020556525378710777,0.00042257073564558025,0.020556525378710777,0.12904368108334685,0.367016058158417,0.3911652160888354
2016-02-10,26.290000915527344,26.290000915527344,26.600000381469727,24.46999931335449,25.75,0,-0.0094643898342368,-0.009464389834236808,8.957467493440504e-05,0.009464389834236808,0.128502938911235,0.35158405457247416,0.38539694078403774
2016-02-11,28.13999938964844,28.13999938964844,30.899999618530277,26.670000076293945,29.01000022888184,0,0.0680033564304656,0.06800335643046562,0.00462445648580895,0.06800335643046562,0.14512447769330186,0.3494361968349959,0.3918449868327485
2016-02-12,25.399999618530277,25.399999618530277,27.56999969482422,24.920000076293945,27.15999984741211,0,-0.1024428709904241,-0.1024428709904237,0.010494541816760595,0.1024428709904237,0.1640515199358869,0.345354965722015,0.3784441787247602
2016-02-16,24.11000061035156,24.11000061035156,25.520000457763672,23.31999969482422,24.959999084472656,0,-0.0521224414976315,-0.05212244149763201,0.0027167489076740715,0.05212244149763201,0.1354543931396233,0.34542310448293984,0.37420590110623964
2016-02-17,22.309999465942383,22.309999465942383,24.15999984741211,21.82999992370605,23.399999618530277,0,-0.0775917330019626,-0.07759173300196265,0.0060204770302478595,0.07759173300196265,0.15474430172198878,0.3328529236235898,0.3684426725153345
2016-02-18,21.63999938964844,21.63999938964844,22.530000686645508,21.290000915527344,22.15999984741211,0,-0.0304915587329088,-0.03049155873290843,0.0009297351539624044,0.03049155873290843,0.1574355722016276,0.3322411756454944,0.3660199177828382
2016-02-19,20.530000686645508,20.530000686645508,23.440000534057617,20.520000457763672,22.38999938964844,0,-0.0526561612966953,-0.052656161296695814,0.002772671322503646,0.052656161296695814,0.1514403322472207,0.33144836048621495,0.3572196066966639
2016-02-22,19.3799991607666,19.3799991607666,20.350000381469727,19.020000457763672,20.13999938964844,0,-0.0576457013182767,-0.05764570131827673,0.003323026880475972,0.05764570131827673,0.12554942968752975,0.33478525122337227,0.3511817688293007
2016-02-23,20.979999542236328,20.979999542236328,21.15999984741211,19.540000915527344,19.75,0,0.0793280179905786,0.07932801799057865,0.0062929344383135695,0.07932801799057865,0.13906417520520328,0.29448610438526385,0.3493282542205441
2016-02-24,20.71999931335449,20.71999931335449,22.8700008392334,20.26000022888184,22.280000686645508,0,-0.0124701968970812,-0.012470196897081287,0.00015550581065197576,0.012470196897081287,0.11607701583822522,0.2842679978660424,0.35335309412936144
2016-02-25,19.11000061035156,19.11000061035156,21.26000022888184,19.100000381469727,20.540000915527344,0,-0.0808875940609814,-0.0808875940609819,0.006542802872974193,0.0808875940609819,0.13815549690446405,0.286954418549492,0.3564811334838799
2016-02-26,19.809999465942383,19.809999465942383,20.1299991607666,18.459999084472656,18.88999938964844,0,0.0359750435604295,0.03597504356043002,0.0012942037591748374,0.03597504356043002,0.13269692446168663,0.2879608862583551,0.3162042026562822
2016-02-29,20.549999237060547,20.549999237060547,20.809999465942383,18.3799991607666,20.489999771118164,0,0.0366740700647678,0.03667407006476786,0.001344987415115502,0.03667407006476786,0.12502173529522817,0.28869991390422606,0.32097383241498095
2016-03-01,17.700000762939453,17.700000762939453,20.170000076293945,17.65999984741211,19.84000015258789,0,-0.1492962211325292,-0.14929622113252927,0.02228936164445308,0.14929622113252927,0.17783942617532708,0.30783860480208824,0.3242365035629658
2016-03-02,17.09000015258789,17.09000015258789,18.40999984741211,16.780000686645508,17.979999542236328,0,-0.0350711766277171,-0.03507117662771719,0.0012299874300525366,0.03507117662771719,0.18083512690229783,0.30963635446094395,0.3090563811422752
2016-03-03,16.700000762939453,16.700000762939453,17.559999465942383,16.31999969482422,17.25,0,-0.0230847409482839,-0.023084740948283944,0.0005329052646493775,0.023084740948283944,0.16337516798291393,0.2954762131463267,0.3098995440772573
2016-03-04,16.860000610351562,16.860000610351562,17.350000381469727,16.049999237060547,16.479999542236328,0,0.0095352236671635,0.009535223667163528,9.092049038283548e-05,0.009535223667163528,0.15965012447428079,0.2952427340884547,0.2727333471135668
2016-03-07,17.350000381469727,17.350000381469727,18.040000915527344,16.8700008392334,17.979999542236328,0,0.0286485396047271,0.02864853960472713,0.0008207388214836189,0.02864853960472713,0.15799972674350252,0.29650069660058087,0.2708462130016034
2016-03-08,18.670000076293945,18.670000076293945,18.88999938964844,17.81999969482422,18.3799991607666,0,0.0733254332604809,0.07332543326048091,0.00537661916283724,0.07332543326048091,0.0897283186591927,0.2977356673262836,0.2669867814732115
2016-03-09,18.34000015258789,18.34000015258789,19.11000061035156,18.309999465942383,18.559999465942383,0,-0.0178334864918077,-0.017833486491807715,0.00031803324045348824,0.017833486491807715,0.08449388723337671,0.27871634928463696,0.2637571228478671
2016-03-10,18.049999237060547,18.049999237060547,19.59000015258789,17.059999465942383,18.170000076293945,0,-0.0159388326374938,-0.01593883263749385,0.00025404638584603916,0.01593883263749385,0.08282727872508695,0.27841386281713093,0.27171280626530697
2016-03-11,16.5,16.5,17.270000457763672,16.280000686645508,17.09000015258789,0,-0.0897852616042405,-0.0897852616042405,0.008061393201341903,0.0897852616042405,0.12178189853981711,0.292380056664547,0.2693924253498527
2016-03-14,16.920000076293945,16.920000076293945,17.670000076293945,16.690000534057617,17.010000228881836,0,0.0251359777806405,0.025135977780640584,0.0006318173789888571,0.025135977780640584,0.12100375766672516,0.2854705911794481,0.2567678071341081
2016-03-15,16.84000015258789,16.84000015258789,17.850000381469727,16.84000015258789,17.600000381469727,0,-0.0047393408119562,-0.004739340811956261,2.2461351331874228e-05,0.004739340811956261,0.0963729814728287,0.26649836390288567,0.25193238009181096
2016-03-16,14.989999771118164,14.989999771118164,16.329999923706055,14.890000343322754,15.960000038146973,0,-0.1163737210296811,-0.11637372102968113,0.013542842946294048,0.11637372102968113,0.15004186503707137,0.28608997186468255,0.2522147215013925
2016-03-17,14.4399995803833,14.4399995803833,15.380000114440918,13.81999969482422,15.34000015258789,0,-0.0373811924401867,-0.03738119244018678,0.0013973535482502775,0.03738119244018678,0.15380464370820207,0.27789269245436676,0.2530384422579456
2016-03-18,14.020000457763672,14.020000457763672,14.359999656677246,13.75,14.050000190734863,0,-0.0295171901481468,-0.0295171901481468,0.0008712645142418545,0.0295171901481468,0.12831889860463633,0.27778746890350675,0.2520955898216474
2016-03-21,13.789999961853027,13.789999961853027,14.729999542236328,13.789999961853027,14.56999969482422,0,-0.0165412252182717,-0.016541225218271727,0.00027361213172158856,0.016541225218271727,0.12691546198883596,0.27325229859789774,0.2423558759337509
2016-03-22,14.170000076293944,14.170000076293944,14.760000228881836,13.75,14.56999969482422,0,0.0271833700478443,0.027183370047844324,0.0007389356071580399,0.027183370047844324,0.12970739665749917,0.26848226648275436,0.2426948527477167
2016-03-23,14.9399995803833,14.9399995803833,15.029999732971191,14.329999923706056,14.56999969482422,0,0.0529150925311001,0.05291509253110016,0.002800007017574892,0.05291509253110016,0.07798187493864632,0.2618965444502429,0.23965202000481586
2016-03-24,14.739999771118164,14.739999771118164,16.440000534057617,14.710000038146973,16.299999237060547,0,-0.013477280384627,-0.013477280384627033,0.00018163708656585259,0.013477280384627033,0.06975282329241053,0.2619464282461052,0.2378992169944511
2016-03-28,15.239999771118164,15.239999771118164,16.040000915527344,14.890000343322754,15.649999618530272,0,0.0333586640067569,0.03335866400675691,0.0011128004643156991,0.03335866400675691,0.07146322346029525,0.2513681142512579,0.23334990665664615
2016-03-29,13.81999969482422,13.81999969482422,15.890000343322754,13.789999961853027,15.739999771118164,0,-0.0978067389826673,-0.09780673898266734,0.00956615819042362,0.09780673898266734,0.11999807650974297,0.2673160737656496,0.24288605218890072
2016-03-30,13.5600004196167,13.5600004196167,13.890000343322754,13.0600004196167,13.6899995803833,0,-0.0189924827999066,-0.018992482799906618,0.0003607144029047487,0.018992482799906618,0.1184116428472506,0.2654686615803671,0.2340980894112671
2016-03-31,13.949999809265137,13.949999809265137,14.279999732971191,13.489999771118164,13.729999542236328,0,0.0283551811371913,0.028355181137191376,0.0008040162973229336,0.028355181137191376,0.10966004943247507,0.22133292781269875,0.22271122740272015
2016-04-01,13.100000381469728,13.100000381469728,15.279999732971191,13.0,15.229999542236328,0,-0.0628672352676926,-0.06286723526769267,0.003952289270203421,0.06286723526769267,0.12568205371161964,0.22739957514096681,0.23647156350902038
2016-04-04,14.119999885559082,14.119999885559082,14.239999771118164,13.65999984741211,13.880000114440918,0,0.0749799646332829,0.07497996463328294,0.00562199509640836,0.07497996463328294,0.14249622190522493,0.23832678533066987,0.23368393332487383
2016-04-05,15.420000076293944,15.420000076293944,15.720000267028809,14.93000030517578,15.390000343322754,0,0.0880731491226956,0.0880731491226956,0.007756879596388575,0.0880731491226956,0.13599961273190472,0.25390079895907564,0.2310394980166088
2016-04-06,14.09000015258789,14.09000015258789,15.979999542236328,14.0,15.609999656677246,0,-0.090200036342805,-0.09020003634280505,0.008136046556243351,0.09020003634280505,0.16208401160067165,0.2679196212426717,0.24097441508101602
2016-04-07,16.15999984741211,16.15999984741211,16.770000457763672,14.68000030517578,15.140000343322754,0,0.1370737069105239,0.1370737069105239,0.018789201126192208,0.1370737069105239,0.21037207905384198,0.2918792651254481,0.25146052333185004
2016-04-08,15.359999656677246,15.359999656677246,15.93000030517578,14.84000015258789,15.34000015258789,0,-0.0507723382828451,-0.05077233828284511,0.002577830334707659,0.05077233828284511,0.20707958062044693,0.2957250454466544,0.25374140983165216
2016-04-11,16.260000228881836,16.260000228881836,16.260000228881836,14.829999923706056,15.34000015258789,0,0.0569414128282539,0.056941412828253934,0.003242324494877642,0.056941412828253934,0.20125178783903874,0.3007350671495717,0.24605754744884933
2016-04-12,14.850000381469728,14.850000381469728,16.56999969482422,14.84000015258789,15.979999542236328,0,-0.0907082272591326,-0.09070822725913263,0.008227982492494453,0.09070822725913263,0.20241883559717297,0.30101190990492377,0.252334685684542
2016-04-13,13.84000015258789,13.84000015258789,14.529999732971191,13.600000381469728,14.489999771118164,0,-0.0704369297222453,-0.07043692972224536,0.004961361068696531,0.07043692972224536,0.19441887644199704,0.30811964168861034,0.25313354847017416
2016-04-14,13.720000267028809,13.720000267028809,14.119999885559082,13.380000114440918,13.899999618530272,0,-0.0087083194541799,-0.008708319454179936,7.583482771604873e-05,0.008708319454179936,0.13814967686712973,0.3082062411287315,0.25278075387047205
2016-04-15,13.619999885559082,13.619999885559082,14.1899995803833,13.579999923706056,13.770000457763672,0,-0.0073153494415305,-0.007315349441530561,5.3514337451701486e-05,0.007315349441530561,0.12868961582519547,0.28548512826740985,0.24803393192761014
2016-04-18,13.350000381469728,13.350000381469728,14.9399995803833,13.229999542236328,14.869999885559082,0,-0.0200228788981799,-0.020022878898179997,0.00040091567937118177,0.020022878898179997,0.11713073211471847,0.2837345953403997,0.25044847993833974
2016-04-19,13.239999771118164,13.239999771118164,13.880000114440918,12.979999542236328,13.18000030517578,0,-0.0082738801990553,-0.008273880199055395,6.845709354832093e-05,0.008273880199055395,0.07456596413098814,0.28231633529125943,0.2523208526841961
2016-04-20,13.279999732971191,13.279999732971191,13.5,12.5,13.390000343322754,0,0.0030165907189823,0.003016590718982304,9.099819565850173e-06,0.003016590718982304,0.024654041406088522,0.2818474780091727,0.25344373138512805
2016-04-21,13.949999809265137,13.949999809265137,14.140000343322754,13.15999984741211,13.199999809265137,0,0.049220370653928,0.049220370653928036,0.0024226448873100603,0.049220370653928036,0.05435652506596737,0.28481873207407393,0.25353954562922765
2016-04-22,13.220000267028809,13.220000267028809,14.1899995803833,13.149999618530272,13.699999809265137,0,-0.0537486399722335,-0.05374863997223356,0.0028889162988647832,0.05374863997223356,0.07609227147785917,0.28497476979826303,0.2560302863972205
2016-04-25,14.079999923706056,14.079999923706056,14.760000228881836,13.859999656677246,14.06999969482422,0,0.063024490688901,0.06302449068890104,0.003972086426595373,0.06302449068890104,0.09675331790633546,0.29154942764753033,0.2500400600108162
2016-04-26,13.960000038146973,13.960000038146973,14.43000030517578,13.65999984741211,14.010000228881836,0,-0.0085592452444744,-0.00855924524447449,7.326067915505916e-05,0.00855924524447449,0.09677813860315329,0.28976115850203576,0.24821039679206197
2016-04-27,13.770000457763672,13.770000457763672,14.949999809265137,13.5,14.149999618530272,0,-0.0137037540827051,-0.013703754082705188,0.00018779287595925911,0.013703754082705188,0.09769698648312833,0.2730991828292013,0.24107214068590807
2016-04-28,15.220000267028809,15.220000267028809,15.609999656677246,13.300000190734863,14.529999732971191,0,0.1001180239940269,0.10011802399402692,0.01002361872846855,0.10011802399402692,0.1309414946036704,0.2902517321008461,0.2568984425557165
2016-04-29,15.699999809265137,15.699999809265137,17.09000015258789,14.90999984741211,15.210000038146973,0,0.0310503302274058,0.031050330227405887,0.0009641230072309557,0.031050330227405887,0.12337293754065039,0.29052740782488895,0.2674789484249524
2016-05-02,14.68000030517578,14.68000030517578,16.5,14.479999542236328,16.329999923706055,0,-0.0671746562306347,-0.06717465623063523,0.004512434439704021,0.06717465623063523,0.12554373632530566,0.29148982806772167,0.2613000511868565
2016-05-03,15.600000381469728,15.600000381469728,16.420000076293945,14.90999984741211,14.920000076293944,0,0.0607848947337683,0.0607848947337688,0.0036948034277953542,0.0607848947337688,0.1392220258405909,0.2881651057958561,0.26647798066142464
2016-05-04,16.049999237060547,16.049999237060547,16.850000381469727,15.390000343322754,15.470000267028809,0,0.0284378633321766,0.028437863332176683,0.0008087120708995591,0.028437863332176683,0.14143440767401141,0.2758459002284571,0.27021162351337424
2016-05-05,15.90999984741211,15.90999984741211,16.450000762939453,15.220000267028809,15.539999961853027,0,-0.0087609692818504,-0.00876096928185044,7.6754582757527e-05,0.00876096928185044,0.10028373511386302,0.26082881109908485,0.2624529263880085
2016-05-06,14.720000267028809,14.720000267028809,16.579999923706055,14.710000038146973,16.200000762939453,0,-0.0777407013177309,-0.07774070131773092,0.00604361664137265,0.07774070131773092,0.12302975722372671,0.23512993049491285,0.26010880676786013
2016-05-09,14.56999969482422,14.56999969482422,15.390000343322754,14.170000076293944,15.199999809265137,0,-0.0102425321796499,-0.010242532179649988,0.00010490946545116553,0.010242532179649988,0.10357990243418981,0.22981114713017306,0.2613521230601491
2016-05-10,13.630000114440918,13.630000114440918,14.350000381469728,13.550000190734863,13.979999542236328,0,-0.0666913451569306,-0.06669134515693065,0.004447735518840857,0.06669134515693065,0.10715282674442976,0.23241896301560522,0.257750447173252
2016-05-11,14.6899995803833,14.6899995803833,14.6899995803833,13.289999961853027,13.920000076293944,0,0.0748937075163067,0.07489370751630675,0.005609067425538103,0.07489370751630675,0.12760126815185,0.2267149295972652,0.25625732706342436
2016-05-12,14.40999984741211,14.40999984741211,15.420000076293944,13.949999809265137,14.550000190734863,0,-0.0192445621985974,-0.019244562198597492,0.0003703531742156875,0.019244562198597492,0.12874658141255046,0.2163530711772127,0.2602113367948989
2016-05-13,15.039999961853027,15.039999961853027,15.470000267028809,13.970000267028809,15.149999618530272,0,0.0427909165629234,0.04279091656292344,0.0018310625402950759,0.04279091656292344,0.11118960438971313,0.22037213780419496,0.26536113441981507
2016-05-16,14.68000030517578,14.68000030517578,15.979999542236328,14.279999732971191,15.720000267028809,0,-0.0242272720104157,-0.02422727201041619,0.0005869607090666957,0.02422727201041619,0.11333657559656743,0.22157916303661337,0.2725494102787672
2016-05-17,15.56999969482422,15.56999969482422,16.1200008392334,14.479999542236328,14.56999969482422,0,0.0588599222707535,0.058859922270753984,0.003464490449719201,0.058859922270753984,0.10891250754084578,0.22838760969534688,0.27038110339532634
2016-05-18,15.949999809265137,15.949999809265137,16.469999313354492,14.859999656677246,15.720000267028809,0,0.0241128510268913,0.024112851026891313,0.0005814295846450535,0.024112851026891313,0.08266980378555243,0.22950789257332926,0.2744112349891127
2016-05-19,16.329999923706055,16.329999923706055,17.649999618530273,16.280000686645508,16.3700008392334,0,0.0235450850378073,0.02354508503780739,0.0005543710294375814,0.02354508503780739,0.08377538011351325,0.23069274796430547,0.27480878448930285
2016-05-20,15.199999809265137,15.199999809265137,16.299999237060547,15.109999656677246,16.1299991607666,0,-0.0717084870064783,-0.07170848700647836,0.005142107108758276,0.07170848700647836,0.10163345355554357,0.23651343764101604,0.2751943479054897
2016-05-23,15.81999969482422,15.81999969482422,16.469999313354492,15.399999618530272,16.329999923706055,0,0.0399795277451189,0.03997952774511937,0.0015983626387227694,0.03997952774511937,0.10649300827417217,0.2337692292082702,0.2743533583737774
2016-05-24,14.420000076293944,14.420000076293944,16.059999465942383,14.359999656677246,16.030000686645508,0,-0.0926588059013582,-0.09265880590135867,0.00858565431106566,0.09265880590135867,0.12830403217603634,0.24343709743812478,0.2799235238198062
2016-05-25,13.899999618530272,13.899999618530272,14.329999923706056,13.640000343322754,14.1899995803833,0,-0.0367273244548642,-0.03672732445486471,0.001348896361612903,0.03672732445486471,0.1312607765084346,0.2460431996450154,0.27955485733246693
2016-05-26,13.43000030517578,13.43000030517578,14.109999656677246,13.43000030517578,13.800000190734863,0,-0.034397779434196,-0.034397779434196085,0.001183207230003603,0.034397779434196085,0.13363467981838859,0.24805779658297628,0.2743661657249488
2016-05-27,13.119999885559082,13.119999885559082,13.760000228881836,13.039999961853027,13.489999771118164,0,-0.0233532584652724,-0.02335325846527203,0.0005453746809457998,0.02335325846527203,0.11515856556223145,0.22815439158183762,0.2589754467721823
2016-05-31,14.1899995803833,14.1899995803833,15.0,13.449999809265137,13.9399995803833,0,0.0783996868073422,0.07839968680734222,0.006146510891489349,0.07839968680734222,0.13345277619861393,0.239242166606008,0.25424924312160857
2016-06-01,14.199999809265137,14.199999809265137,15.25,14.18000030517578,14.449999809265137,0,0.0007044895745278,0.0007044895745278446,4.963055606184235e-07,0.0007044895745278446,0.09604418498593394,0.22961898037443135,0.24576488006715977
2016-06-02,13.630000114440918,13.630000114440918,14.920000076293944,13.619999885559082,14.420000076293944,0,-0.0409686970704887,-0.04096869707048878,0.001678434139653476,0.04096869707048878,0.0977446839866643,0.22518549433756077,0.24503344435892652
2016-06-03,13.470000267028809,13.470000267028809,14.65999984741211,12.899999618530272,13.779999732971191,0,-0.0118082438584563,-0.011808243858456358,0.00013943462302077228,0.011808243858456358,0.09225101972699294,0.22369450018311318,0.25095484845983607
2016-06-06,13.649999618530272,13.649999618530272,14.270000457763672,13.420000076293944,13.84000015258789,0,0.0132744834382312,0.013274483438231233,0.00017621191055187528,0.013274483438231233,0.09022797720372609,0.22391669598305342,0.249319695176747
2016-06-07,14.050000190734863,14.050000190734863,14.050000190734863,12.720000267028809,12.770000457763672,0,0.0288829156707213,0.02888291567072132,0.0008342228176419993,0.02888291567072132,0.05318646252975249,0.21196531064359686,0.24609370858811355
2016-06-08,14.079999923706056,14.079999923706056,14.270000457763672,13.699999809265137,13.84000015258789,0,0.0021329359561024,0.002132935956102422,4.5494157928345525e-06,0.002132935956102422,0.053224551728135595,0.21172844132656857,0.24228327819409215
2016-06-09,14.640000343322754,14.640000343322754,14.850000381469728,13.989999771118164,14.010000228881836,0,0.0390021866728811,0.039002186672881134,0.0015211705652662668,0.039002186672881134,0.051726099140315736,0.20470067882887832,0.24248298044096095
2016-06-10,17.030000686645508,17.030000686645508,17.329999923706055,14.850000381469728,14.890000343322754,0,0.1512190030101829,0.15121900301018298,0.02286718687139373,0.15121900301018298,0.1593842576311937,0.24322928968127838,0.25255229371834736
2016-06-13,20.96999931335449,20.96999931335449,21.01000022888184,17.889999389648438,18.239999771118164,0,0.2081162771752898,0.20811627717528935,0.043312384825301864,0.20811627717528935,0.2618005242458401,0.3195348478803922,0.26359682870303836
2016-06-14,20.5,20.5,22.15999984741211,20.270000457763672,21.280000686645508,0,-0.0226679260252833,-0.022667926025282892,0.0005138348702876974,0.022667926025282892,0.26118791424574456,0.31746699252038474,0.26191195435276315
2016-06-15,20.13999938964844,20.13999938964844,20.450000762939453,18.6299991607666,20.25,0,-0.0177170291593871,-0.017717029159386666,0.00031389312223455737,0.017717029159386666,0.26177943054121755,0.3170366284092516,0.2591687447700417
2016-06-16,19.3700008392334,19.3700008392334,22.88999938964844,19.239999771118164,20.799999237060547,0,-0.0389823362396186,-0.03898233623961911,0.0015196225386987213,0.03898233623961911,0.2617764737861609,0.3139543849703097,0.27184500366707337
2016-06-17,19.40999984741211,19.40999984741211,20.030000686645508,18.709999084472656,19.420000076293945,0,0.0020628685742591,0.0020628685742591912,4.2554267546661484e-06,0.0020628685742591912,0.21369134466158787,0.31303383472748597,0.2678794768519373
2016-06-20,18.3700008392334,18.3700008392334,18.549999237060547,16.59000015258789,17.420000076293945,0,-0.0550694444075854,-0.05506944440758543,0.0030326437073601425,0.05506944440758543,0.07337744657138058,0.316967591974507,0.27185003421996823
2016-06-21,18.479999542236328,18.479999542236328,18.959999084472656,16.90999984741211,17.670000076293945,0,0.005970096530746,0.005970096530746094,3.564205258642655e-05,0.005970096530746094,0.07004324983633,0.30880736601633346,0.27668054276481857
2016-06-22,21.170000076293945,21.170000076293945,21.21999931335449,17.829999923706055,18.26000022888184,0,0.135896047307868,0.13589604730786808,0.018467735673902322,0.13589604730786808,0.15185486294255546,0.3350094958969451,0.2930054375870108
2016-06-23,17.25,17.25,19.790000915527344,17.25,19.540000915527344,0,-0.2047729452732758,-0.20477294527327583,0.041931959115892016,0.20477294527327583,0.25193696826090367,0.3815464154542035,0.2968884326481846
2016-06-24,25.76000022888184,25.76000022888184,26.239999771118164,19.479999542236328,26.059999465942383,0,0.4010107666439482,0.40101076664394864,0.16080963496436743,0.40101076664394864,0.4735795767493657,0.5523028206959532,0.34535701311866646
2016-06-27,23.850000381469727,23.850000381469727,26.71999931335449,22.93000030517578,24.3799991607666,0,-0.0770386767924291,-0.0770386767924296,0.0059349577219284305,0.0770386767924296,0.4766339575908085,0.5565879591229324,0.35613317173644593
2016-06-28,18.75,18.75,22.06999969482422,18.75,21.76000022888184,0,-0.2405904809124681,-0.24059048091246815,0.0578837795056927,0.24059048091246815,0.5338801990913158,0.6059113475297998,0.367933122160704
2016-06-29,16.639999389648438,16.639999389648438,18.270000457763672,16.479999542236328,18.1200008392334,0,-0.1193843537031393,-0.11938435370313938,0.01425262390911629,0.11938435370313938,0.5299178759175773,0.6125640163142174,0.36731295277518905
2016-06-30,15.630000114440918,15.630000114440918,16.989999771118164,15.289999961853027,16.90999984741211,0,-0.0626172469580192,-0.06261724695801929,0.003920919616601576,0.06261724695801929,0.49274934370093937,0.6157557124331415,0.3701605444371851
2016-07-01,14.770000457763672,14.770000457763672,15.859999656677246,14.609999656677246,15.59000015258789,0,-0.056594024219172,-0.056594024219172034,0.003202883577320231,0.056594024219172034,0.2918821069038992,0.6169923393622586,0.36939422428394225
2016-07-05,15.579999923706056,15.579999923706056,16.6200008392334,15.489999771118164,16.049999237060547,0,0.0533899080095974,0.05338990800959742,0.0028504822772732748,0.05338990800959742,0.2865496272655124,0.6191854281925286,0.3637865365399458
2016-07-06,14.960000038146973,14.960000038146973,17.040000915527344,14.960000038146973,15.869999885559082,0,-0.0406080604494238,-0.04060806044942389,0.0016490145734640647,0.04060806044942389,0.16085995136694362,0.6203735948191841,0.37026064340221637
2016-07-07,14.760000228881836,14.760000228881836,15.979999542236328,14.329999923706056,14.800000190734863,0,-0.0134591404170367,-0.013459140417036775,0.00018114846076551283,0.013459140417036775,0.10864827888846047,0.6198470156353104,0.37122742583271573
2016-07-08,13.199999809265137,13.199999809265137,14.75,13.1899995803833,14.640000343322754,0,-0.1117040195365115,-0.11170401953651155,0.012477787980613353,0.11170401953651155,0.14269308627062652,0.6298281998742365,0.37645364758353617
2016-07-11,13.539999961853027,13.539999961853027,13.670000076293944,13.0,13.25,0,0.0254314495240608,0.025431449524060845,0.0006467586248948546,0.025431449524060845,0.1334360967542557,0.6291336498840686,0.3759582432313472
2016-07-12,13.550000190734863,13.550000190734863,13.93000030517578,12.75,12.93000030517578,0,0.0007382967353084,0.0007382967353084524,5.450820693671191e-07,0.0007382967353084524,0.1222916788739413,0.6106901895618805,0.36819526476786646
2016-07-13,13.039999961853027,13.039999961853027,13.789999961853027,12.920000076293944,13.31999969482422,0,-0.0383650078289581,-0.03836500782895813,0.0014718738257160186,0.03836500782895813,0.12156526631426895,0.575414630182045,0.35746141498678835
2016-07-14,12.81999969482422,12.81999969482422,13.369999885559082,12.140000343322754,12.5,0,-0.0170151258852651,-0.017015125885265103,0.0002895145088914186,0.017015125885265103,0.12201016360199277,0.5752196765290138,0.35815016473349137
2016-07-15,12.670000076293944,12.670000076293944,13.220000267028809,12.270000457763672,13.119999885559082,0,-0.0117694273331911,-0.011769427333191196,0.000138519419751268,0.011769427333191196,0.05046990649211622,0.5750672156919224,0.35657224885981703
2016-07-18,12.4399995803833,12.4399995803833,13.119999885559082,12.329999923706056,12.75,0,-0.018319946774882,-0.018319946774882023,0.00033562044983451026,0.018319946774882023,0.047287136583457984,0.5740368459208832,0.34300373347924207
2016-07-19,11.970000267028809,11.970000267028809,12.829999923706056,11.9399995803833,12.529999732971191,0,-0.0385135117017343,-0.03851351170173434,0.0014832905835996278,0.03851351170173434,0.06098211859055793,0.5753236790117723,0.3432774932803628
2016-07-20,11.770000457763672,11.770000457763672,11.970000267028809,11.399999618530272,11.9399995803833,0,-0.0168495817134575,-0.016849581713457518,0.000283908403918482,0.016849581713457518,0.050307587558889505,0.5729298389228816,0.3379354606879337
2016-07-21,12.739999771118164,12.739999771118164,13.0600004196167,11.6899995803833,11.800000190734863,0,0.0791926720138147,0.07919267201381475,0.006271479300687637,0.07919267201381475,0.0922649346056862,0.578346295549907,0.3375017510401701
2016-07-22,12.020000457763672,12.020000457763672,12.880000114440918,11.970000267028809,12.800000190734863,0,-0.0581746649878489,-0.058174664987848956,0.003384291646448459,0.058174664987848956,0.10843703419260757,0.5651557250429712,0.3239078898152914
2016-07-25,12.869999885559082,12.869999885559082,13.720000267028809,12.390000343322754,12.640000343322754,0,0.0683270455254057,0.0683270455254057,0.004668585150230862,0.0683270455254057,0.12685249341217184,0.5311662824231084,0.31915610401332506
2016-07-26,13.050000190734863,13.050000190734863,13.5,12.800000190734863,12.880000114440918,0,0.013889135668434,0.013889135668434083,0.00019290808961616788,0.013889135668434083,0.1216600698294294,0.34859846917109966,0.2662255691855423
2016-07-27,12.829999923706056,12.829999923706056,13.739999771118164,12.5,12.609999656677246,0,-0.0170019757033834,-0.01700197570338302,0.0002890671778184266,0.01700197570338302,0.12168126957260751,0.34040417471635703,0.2562485353727603
2016-07-28,12.720000267028809,12.720000267028809,13.520000457763672,12.359999656677246,12.510000228881836,0,-0.0086105937762108,-0.008610593776211317,7.414232517892907e-05,0.008610593776211317,0.09278466677901512,0.24096756002377234,0.24285776498357026
2016-07-29,11.869999885559082,11.869999885559082,12.899999618530272,11.770000457763672,12.850000381469728,0,-0.0691613799244192,-0.06916137992441929,0.004783296473049867,0.06916137992441929,0.10003998808423699,0.22044508964307621,0.2411974601362673
2016-08-01,12.4399995803833,12.4399995803833,12.979999542236328,11.859999656677246,11.890000343322754,0,0.0469028545993999,0.04690285459939991,0.0021998777695724494,0.04690285459939991,0.08682909555693798,0.2165063410173355,0.23896529435209915
2016-08-02,13.369999885559082,13.369999885559082,14.239999771118164,12.350000381469728,12.390000343322754,0,0.0720963289745344,0.07209632897453444,0.005197880651604294,0.07209632897453444,0.11200118033853033,0.22106558478198013,0.24897230956920713
2016-08-03,12.859999656677246,12.859999656677246,13.90999984741211,12.729999542236328,13.529999732971191,0,-0.038891690441797,-0.03889169044179708,0.00151256358542057,0.03889169044179708,0.11733610188184256,0.21801851775284167,0.2510643130135724
2016-08-04,12.420000076293944,12.420000076293944,12.979999542236328,11.789999961853027,12.729999542236328,0,-0.0348136094643618,-0.034813609464362294,0.0012119874039371358,0.034813609464362294,0.1220885165917923,0.21701393253341872,0.245470142310575
2016-08-05,11.390000343322754,11.390000343322754,12.260000228881836,11.18000030517578,12.079999923706056,0,-0.0865722750466004,-0.08657227504660003,0.007494758806744167,0.08657227504660003,0.13272930428989163,0.23325663390265639,0.2429791055871358
2016-08-08,11.5,11.5,11.779999732971191,11.40999984741211,11.65999984741211,0,0.0096112277676421,0.009611227767642117,9.237569920149486e-05,0.009611227767642117,0.12453740862450804,0.204995719414299,0.23430599808173236
2016-08-09,11.65999984741211,11.65999984741211,11.920000076293944,11.020000457763672,11.399999618530272,0,0.013817132466702,0.01381713246670202,0.00019091314960239104,0.01381713246670202,0.10248218696390991,0.20388084633651476,0.23708925055834623
2016-08-10,12.050000190734863,12.050000190734863,12.5,11.369999885559082,11.550000190734863,0,0.0329005079293769,0.03290050792937693,0.0010824434220109943,0.03290050792937693,0.10036173813508917,0.20651706428969777,0.23795704708708443
2016-08-11,11.68000030517578,11.68000030517578,12.109999656677246,11.380000114440918,11.93000030517578,0,-0.0311866722371392,-0.031186672237139224,0.0009726085252267505,0.031186672237139224,0.09916198668232613,0.20530473093025864,0.23766801942484625
2016-08-12,11.550000190734863,11.550000190734863,12.0,11.279999732971191,11.609999656677246,0,-0.0111925500465006,-0.01119255004650066,0.00012527317654342194,0.01119255004650066,0.049634806059710566,0.2049043464887895,0.23346892847240544
2016-08-15,11.8100004196167,11.8100004196167,12.170000076293944,11.579999923706056,11.8100004196167,0,0.0222612122582535,0.022261212258253504,0.0004955615712070161,0.022261212258253504,0.053542505027226746,0.20577374312932556,0.2310685041496697
2016-08-16,12.640000343322754,12.640000343322754,12.779999732971191,11.869999885559082,12.039999961853027,0,0.0679197501404242,0.06791975014042428,0.004613092459137665,0.06791975014042428,0.08537551847061238,0.2159173577338256,0.232313593960689
2016-08-17,12.1899995803833,12.1899995803833,13.710000038146973,12.140000343322754,12.56999969482422,0,-0.0362505068101683,-0.03625050681016839,0.001314099243994065,0.03625050681016839,0.0867215946354133,0.2155252050947899,0.23966711033624097
2016-08-18,11.43000030517578,11.43000030517578,12.529999732971191,11.420000076293944,12.199999809265137,0,-0.0643744045638903,-0.06437440456389076,0.00414406396295548,0.06437440456389076,0.10340256483200828,0.22430173782248822,0.24430534531071044
2016-08-19,11.34000015258789,11.34000015258789,12.279999732971191,11.329999923706056,11.670000076293944,0,-0.0079051927509339,-0.007905192750933487,6.249207242941136e-05,0.007905192750933487,0.10309854174392413,0.21000543412476264,0.23998729063096838
2016-08-22,12.270000457763672,12.270000457763672,13.020000457763672,11.9399995803833,12.529999732971191,0,0.0788209842750435,0.07882098427504358,0.006212747562086667,0.07882098427504358,0.12785341333184388,0.21663503474177076,0.2415821634916797
2016-08-23,12.380000114440918,12.380000114440918,12.4399995803833,11.720000267028809,12.149999618530272,0,0.0089249804700939,0.008924980470093935,7.965527639155815e-05,0.008924980470093935,0.10868789315216856,0.20577125261738802,0.23641936085704882
2016-08-24,13.449999809265137,13.449999809265137,14.010000228881836,12.300000190734863,12.699999809265137,0,0.0828968153663511,0.08289681536635118,0.006871881997882918,0.08289681536635118,0.13179848584769882,0.22140637369325136,0.2469476630645928
2016-08-25,13.630000114440918,13.630000114440918,14.09000015258789,13.289999961853027,13.619999885559082,0,0.0132941622378761,0.013294162237876161,0.0001767347496069725,0.013294162237876161,0.11577353608833738,0.2211525488973261,0.2428764284867011
2016-08-26,13.649999618530272,13.649999618530272,14.93000030517578,12.130000114440918,13.539999961853027,0,0.0014662395797748,0.001466239579774875,2.149858505298402e-06,0.001466239579774875,0.11551263759638355,0.22098972242416745,0.26766488310666997
2016-08-29,12.9399995803833,12.9399995803833,14.43000030517578,12.899999618530272,14.09000015258789,0,-0.0534162370395892,-0.0534162370395892,0.002853294379469581,0.0534162370395892,0.09991854813725205,0.21657898172151954,0.2704520588214944
2016-08-30,13.119999885559082,13.119999885559082,13.600000381469728,12.699999809265137,12.9399995803833,0,0.013814518148433,0.013814518148433041,0.00019084091167338588,0.013814518148433041,0.10047338899996447,0.21189010940964478,0.2681383030088295
2016-08-31,13.420000076293944,13.420000076293944,14.34000015258789,12.970000267028809,13.140000343322754,0,0.0226083624353163,0.022608362435315943,0.000511138052006605,0.022608362435315943,0.06110775688291848,0.20052599798039544,0.2611920135474516
2016-09-01,13.479999542236328,13.479999542236328,14.609999656677246,12.989999771118164,13.06999969482422,0,0.0044609342968024,0.004460934296802943,1.9899934800392767e-05,0.004460934296802943,0.059810727603459984,0.1967689310216767,0.26527118611022266
2016-09-02,11.979999542236328,11.979999542236328,13.899999618530272,11.899999618530272,13.470000267028809,0,-0.1179685170487854,-0.11796851704878542,0.013916571014689575,0.11796851704878542,0.1322563582314271,0.22676550845789095,0.27520592118058335
2016-09-06,12.020000457763672,12.020000457763672,12.93000030517578,11.850000381469728,12.420000076293944,0,0.0033334127139155,0.003333412713915518,1.1111640321293619e-05,0.003333412713915518,0.12103537314971718,0.20961619369634335,0.2746181907728982
2016-09-07,11.9399995803833,11.9399995803833,12.449999809265137,11.770000457763672,11.890000343322754,0,-0.0066778943698828,-0.006677894369882864,4.4594273215313255e-05,0.006677894369882864,0.1204297094368047,0.20950218909060772,0.2760174648209659
2016-09-08,12.510000228881836,12.510000228881836,12.600000381469728,11.649999618530272,11.739999771118164,0,0.0466342699540516,0.04663426995405162,0.0021747551341473616,0.04663426995405162,0.12714925087146195,0.21418452142557295,0.2760056631561304
2016-09-09,17.5,17.5,17.540000915527344,12.520000457763672,12.520000457763672,0,0.3356725381547387,0.33567253815473874,0.11267605287124453,0.33567253815473874,0.3589193292839188,0.39682315792747686,0.3375508492263914
2016-09-12,15.15999984741211,15.15999984741211,20.51000022888184,14.760000228881836,20.1299991607666,0,-0.1435405107804075,-0.14354051078040753,0.02060387823510029,0.14354051078040753,0.36811736192962813,0.4208323756288349,0.3893380012943858
2016-09-13,17.850000381469727,17.850000381469727,18.96999931335449,15.829999923706056,15.979999542236328,0,0.1633431594474395,0.1633431594474395,0.02668098773827164,0.1633431594474395,0.4027161137227801,0.4512821766247112,0.40250834281491343
2016-09-14,18.13999938964844,18.13999938964844,18.13999938964844,16.34000015258789,17.6299991607666,0,0.016115881443766,0.016115881443766078,0.0002597216347095238,0.016115881443766078,0.4029831207550428,0.45102080107533793,0.4062772030851201
2016-09-15,16.299999237060547,16.299999237060547,18.06999969482422,15.739999771118164,17.969999313354492,0,-0.1069543500336527,-0.10695435003365272,0.011439232991121111,0.10695435003365272,0.4143185652012798,0.45852579375060565,0.4122700974658387
2016-09-16,15.369999885559082,15.369999885559082,17.100000381469727,15.279999732971191,16.40999984741211,0,-0.0587475109018424,-0.05874751090184249,0.0034512700371621026,0.05874751090184249,0.24987014754941153,0.4608503817160088,0.41133842095018586
2016-09-19,15.529999732971191,15.529999732971191,15.960000038146973,14.600000381469728,15.140000343322754,0,0.0103560698614386,0.010356069861438666,0.00010724818297499827,0.010356069861438666,0.20478881948055513,0.4564496232310971,0.4110437319438284
2016-09-20,15.920000076293944,15.920000076293944,16.09000015258789,14.6899995803833,14.979999542236328,0,0.0248025652423602,0.02480256524236024,0.0006151672426015363,0.02480256524236024,0.1259866663126273,0.4570546288114613,0.41183423007770137
2016-09-21,13.300000190734863,13.300000190734863,15.649999618530272,12.979999542236328,15.06999969482422,0,-0.1798121356398954,-0.1798121356398954,0.03233240412338014,0.1798121356398954,0.21896420387186558,0.484787159771457,0.42370232541729025
2016-09-22,12.020000457763672,12.020000457763672,13.390000343322754,11.760000228881836,13.390000343322754,0,-0.1011920823781138,-0.10119208237811383,0.010239837536018976,0.10119208237811383,0.21620806442438215,0.4951553014347151,0.4293234916111913
2016-09-23,12.289999961853027,12.289999961853027,12.579999923706056,11.93000030517578,12.0,0,0.022213953283479,0.022213953283479082,0.0004934597204805911,0.022213953283479082,0.20925610338878115,0.4886720272959168,0.423346484093279
2016-09-26,14.5,14.5,14.630000114440918,13.260000228881836,13.260000228881836,0,0.1653627289524886,0.1653627289524886,0.02734483212661421,0.1653627289524886,0.2665064741222912,0.5157212887195064,0.42600072696475294
2016-09-27,13.100000381469728,13.100000381469728,14.760000228881836,12.970000267028809,13.359999656677246,0,-0.1015363900995969,-0.10153639009959692,0.010309638514457523,0.10153639009959692,0.28411295644681794,0.5256195737360441,0.41466492206215755
2016-09-28,12.390000343322754,12.390000343322754,13.56999969482422,12.239999771118164,12.899999618530272,0,-0.0557225359762156,-0.05572253597621568,0.003105001015620651,0.05572253597621568,0.22692018181112047,0.5258589572600354,0.4138281933655938
2016-09-29,14.020000457763672,14.020000457763672,15.6899995803833,12.140000343322754,12.529999732971191,0,0.1235951909064883,0.1235951909064883,0.015275771215211287,0.1235951909064883,0.2377576551709414,0.5400116417579807,0.43965419238189063
2016-09-30,13.289999961853027,13.289999961853027,15.199999809265137,12.529999732971191,14.90999984741211,0,-0.053473044402402,-0.05347304440240208,0.0028593664776612646,0.05347304440240208,0.242682115842031,0.5421815209501374,0.45068561840541194
2016-10-03,13.56999969482422,13.56999969482422,14.420000076293944,13.420000076293944,13.75,0,0.0208495815029712,0.02084958150297167,0.0004347050488490584,0.02084958150297167,0.17884205957156668,0.542563919528246,0.4472121695917212
2016-10-04,13.630000114440918,13.630000114440918,14.56999969482422,12.920000076293944,13.399999618530272,0,0.0044118027469197,0.004411802746919324,1.9464003477724895e-05,0.004411802746919324,0.14728987664065718,0.529602208985802,0.4432880634094912
2016-10-05,12.989999771118164,12.989999771118164,13.68000030517578,12.699999809265137,13.5600004196167,0,-0.0480934410420341,-0.04809344104203417,0.0023129790712636167,0.04809344104203417,0.14457622839340833,0.5317709724999884,0.44244012053986825
2016-10-06,12.84000015258789,12.84000015258789,13.84000015258789,12.800000190734863,13.109999656677246,0,-0.0116145029170522,-0.011614502917052238,0.00013489667801021497,0.011614502917052238,0.07590396089310425,0.5318558729565542,0.4436399625147837
2016-10-07,13.479999542236328,13.479999542236328,14.149999618530272,12.210000038146973,13.520000457763672,0,0.048641761379824,0.04864176137982401,0.002366020950131739,0.04864176137982401,0.0725814421993141,0.5320356523902912,0.44993623860653853
2016-10-10,13.380000114440918,13.380000114440918,14.359999656677246,13.289999961853027,14.1899995803833,0,-0.007446008272216,-0.007446008272216087,5.5443039189910395e-05,0.007446008272216087,0.069919980993084,0.4128454015516076,0.4044821630736056
2016-10-11,15.359999656677246,15.359999656677246,16.469999313354492,13.6899995803833,13.710000038146973,0,0.1380056421145692,0.13800564211456923,0.019045557255454565,0.13800564211456923,0.15464442115398172,0.4109537742893504,0.3699938644893046
2016-10-12,15.90999984741211,15.90999984741211,16.34000015258789,15.260000228881836,15.529999732971191,0,0.0351811273912208,0.03518112739122081,0.0012377117245173073,0.03518112739122081,0.15112785860755043,0.37873437735292537,0.3560508504762542
2016-10-13,16.690000534057617,16.690000534057617,17.950000762939453,16.139999389648438,16.8799991607666,0,0.0478619369133972,0.04786193691339724,0.0022907650051020175,0.04786193691339724,0.15809964571242896,0.3814063082321798,0.3562415049986266
2016-10-14,16.1200008392334,16.1200008392334,16.5,15.25,16.489999771118164,0,-0.0347489805322962,-0.03474898053229625,0.0012074916480339037,0.03474898053229625,0.15439225586893185,0.36774859702820534,0.34967566262494065
2016-10-17,16.209999084472656,16.209999084472656,17.110000610351562,16.1299991607666,17.010000228881836,0,0.0055674901283073,0.005567490128307373,3.099694632880005e-05,0.005567490128307373,0.15431306678125678,0.3630685300675068,0.3449062284366709
2016-10-18,15.279999732971191,15.279999732971191,15.850000381469728,15.029999732971191,15.81999969482422,0,-0.0590835130057465,-0.059083513005746546,0.0034908615091002212,0.059083513005746546,0.09087258570703417,0.3676987501359031,0.3422237186202027
2016-10-19,14.40999984741211,14.40999984741211,15.68000030517578,13.869999885559082,15.449999809265137,0,-0.0586223668402641,-0.05862236684026412,0.003436581893954498,0.05862236684026412,0.10225799236499541,0.3715155252514466,0.3457667026572911
2016-10-20,13.75,13.75,14.720000267028809,13.739999771118164,14.43000030517578,0,-0.0468835753098222,-0.046883575309822234,0.002198069633831773,0.046883575309822234,0.10180374075273078,0.3284652965129039,0.3296148378872576
2016-10-21,13.34000015258789,13.34000015258789,14.529999732971191,13.270000457763672,14.039999961853027,0,-0.03027177218673,-0.03027177218673005,0.000916380191325283,0.03027177218673005,0.10036378915993854,0.313952215581633,0.324863980195143
2016-10-24,13.020000457763672,13.020000457763672,13.260000228881836,12.829999923706056,13.1899995803833,0,-0.0242803799869277,-0.02428037998692778,0.0005895368523096031,0.02428037998692778,0.1031088263948407,0.31410519066141707,0.3239034507211848
2016-10-25,13.460000038146973,13.460000038146973,13.859999656677246,12.729999542236328,12.90999984741211,0,0.033235655111758,0.03323565511175808,0.001104608770707731,0.03323565511175808,0.09080295888421758,0.26911307557333347,0.3225451640282276
2016-10-26,14.239999771118164,14.239999771118164,14.800000190734863,13.65999984741211,13.65999984741211,0,0.0563325628599864,0.056332562859986446,0.0031733576383743242,0.056332562859986446,0.08934177682668246,0.25551040403172526,0.31674034133603646
2016-10-27,15.359999656677246,15.359999656677246,15.43000030517578,13.600000381469728,14.369999885559082,0,0.075711815457117,0.07571181545711703,0.005732278999812545,0.07571181545711703,0.10731338431216074,0.2606009296849253,0.31974205656506155
2016-10-28,16.190000534057617,16.190000534057617,17.350000381469727,14.649999618530272,15.670000076293944,0,0.0526270953086407,0.05262709530864074,0.0027696111606247556,0.05262709530864074,0.115626093170309,0.23538624534594382,0.2980300872921823
2016-10-31,17.059999465942383,17.059999465942383,17.6299991607666,16.25,16.309999465942383,0,0.0523427100824407,0.052342710082440735,0.002739759298774443,0.052342710082440735,0.12457775029391813,0.23513204230639012,0.2788544087493773
2016-11-01,18.559999465942383,18.559999465942383,20.43000030517578,16.510000228881836,16.540000915527344,0,0.0842721878245322,0.08427218782453227,0.007101801640733246,0.08427218782453227,0.14668608910976982,0.24890595394859125,0.30375329548326885
2016-11-02,19.31999969482422,19.31999969482422,19.81999969482422,18.559999465942383,19.09000015258789,0,0.040132114405126,0.040132114405126096,0.0016105866066261295,0.040132114405126096,0.1412587615214403,0.25208192421156783,0.2976778428552888
2016-11-03,22.07999992370605,22.07999992370605,22.56999969482422,18.84000015258789,19.850000381469727,0,0.1335314049650291,0.13353140496502913,0.017830636111934608,0.13353140496502913,0.1790318262731328,0.2811813534978406,0.3136689674235695
2016-11-04,22.51000022888184,22.51000022888184,23.01000022888184,19.200000762939453,21.86000061035156,0,0.0192874471330943,0.019287447133094826,0.0003720056169119278,0.019287447133094826,0.17220565982272584,0.28160266776751125,0.3286422239580088
2016-11-07,18.709999084472656,18.709999084472656,19.86000061035156,18.38999938964844,19.780000686645508,0,-0.1849015737331649,-0.1849015737331654,0.0341885919690012,0.1849015737331654,0.24719146818854232,0.33335061648757874,0.31983754309357276
2016-11-08,18.739999771118164,18.739999771118164,19.90999984741211,17.700000762939453,18.920000076293945,0,0.0016021732432482,0.001602173243248295,2.56695910138076e-06,0.001602173243248295,0.23238844046891677,0.33327129704275504,0.3242318803846811
2016-11-09,14.380000114440918,14.380000114440918,21.479999542236328,14.329999923706056,20.700000762939453,0,-0.2648219043454909,-0.2648219043454909,0.07013064102117234,0.2648219043454909,0.35003491494152617,0.4026845430337227,0.38973120107034326
2016-11-10,14.739999771118164,14.739999771118164,16.299999237060547,13.260000228881836,14.010000228881836,0,0.0247265109820102,0.024726510982010286,0.0006114003453434753,0.024726510982010286,0.32450763613747263,0.401906120653946,0.40690404585395445
2016-11-11,14.170000076293944,14.170000076293944,16.0,14.149999618530272,14.829999923706056,0,-0.0394378121464731,-0.03943781214647313,0.0015553410269005033,0.03943781214647313,0.32632582080111117,0.4009901567880472,0.40858496564056906
2016-11-14,14.479999542236328,14.479999542236328,15.5600004196167,14.390000343322754,14.6899995803833,0,0.0216412962572793,0.021641296257279397,0.00046834570369533524,0.021641296257279397,0.2697559916965943,0.40006744418480755,0.40854264598629053
2016-11-15,13.369999885559082,13.369999885559082,14.649999618530272,13.300000190734863,14.15999984741211,0,-0.0797549727897348,-0.07975497278973487,0.006360855684691349,0.07975497278973487,0.28129447876167607,0.4079017266878466,0.4111244422403499
2016-11-16,13.720000267028809,13.720000267028809,14.489999771118164,13.510000228881836,13.510000228881836,0,0.0258412592061585,0.02584125920615854,0.0006677706773598735,0.02584125920615854,0.09830418830340121,0.4044264182804906,0.4120367393695431
2016-11-17,13.350000381469728,13.350000381469728,13.550000190734863,12.970000267028809,13.369999885559082,0,-0.0273382283397105,-0.027338228339710557,0.0007473787287541534,0.027338228339710557,0.09899339281690088,0.40108792631789103,0.40624898131097215
2016-11-18,12.850000381469728,12.850000381469728,13.739999771118164,12.850000381469728,13.5600004196167,0,-0.0381725723931811,-0.03817257239318117,0.0014571452831126572,0.03817257239318117,0.09849617290846074,0.400163217059323,0.40613265955500516
2016-11-21,12.420000076293944,12.420000076293944,13.4399995803833,12.15999984741211,13.270000457763672,0,-0.0340357583794257,-0.034035758379426184,0.0011584328484626797,0.034035758379426184,0.10193911527171863,0.40046554526501316,0.40692602586434073
2016-11-22,12.40999984741211,12.40999984741211,12.829999923706056,12.199999809265137,12.260000228881836,0,-0.0008054957272061,-0.000805495727205674,6.488233665465976e-07,0.000805495727205674,0.06349312058054746,0.3997296147591034,0.40756740614441583
2016-11-23,12.43000030517578,12.43000030517578,13.010000228881836,12.1899995803833,12.34000015258789,0,0.0016103431532141,0.0016103431532141776,2.5932050711037805e-06,0.0016103431532141776,0.0580189528410085,0.3983487785218182,0.4062402960875049
2016-11-25,12.34000015258789,12.34000015258789,12.739999771118164,12.3100004196167,12.520000457763672,0,-0.0072668992316216,-0.007266899231621604,5.280782444254266e-05,0.007266899231621604,0.05168779337963227,0.39441247385940115,0.40390479010221214
2016-11-28,13.149999618530272,13.149999618530272,13.5,12.739999771118164,13.399999618530272,0,0.0635756987721194,0.063575698772119,0.004041869474363213,0.063575698772119,0.07250070465661775,0.39226367408981866,0.39824836682976705
2016-11-29,12.899999618530272,12.899999618530272,13.550000190734863,12.619999885559082,13.06999969482422,0,-0.0191944478183394,-0.01919444781833901,0.0003684268270509392,0.01919444781833901,0.06683072762056667,0.38919096299486405,0.38743446600259734
2016-11-30,13.329999923706056,13.329999923706056,13.420000076293944,12.229999542236328,12.600000381469728,0,0.0327898466708114,0.03278984667081142,0.0010751740446953227,0.03278984667081142,0.07443702959967673,0.3870465352161036,0.3883541480697615
2016-12-01,14.06999969482422,14.06999969482422,14.720000267028809,13.050000190734863,13.399999618530272,0,0.0540277209693358,0.054027720969335835,0.002918994633140411,0.054027720969335835,0.09196343188296344,0.381604786939574,0.3737374845832937
2016-12-02,14.119999885559082,14.119999885559082,14.479999542236328,12.390000343322754,14.15999984741211,0,0.0035473745237384,0.0035473745237384335,1.2583866011668479e-05,0.0035473745237384335,0.09174447582967371,0.3795052182442071,0.3832588960678831
2016-12-05,12.140000343322754,12.140000343322754,13.770000457763672,12.140000343322754,13.75,0,-0.15108641004857,-0.15108641004857004,0.022827103301364646,0.15108641004857004,0.16493114524632094,0.3860319648215848,0.3752908584126925
2016-12-06,11.789999961853027,11.789999961853027,12.300000190734863,11.539999961853027,12.1899995803833,0,-0.0292541025979011,-0.029254102597901177,0.0008558025188085284,0.029254102597901177,0.16640209843634968,0.38665808509057437,0.3612366937209132
2016-12-07,12.220000267028809,12.220000267028809,12.239999771118164,11.329999923706056,11.59000015258789,0,0.0358222642814904,0.03582226428149049,0.0012832346182529493,0.03582226428149049,0.16702610256357606,0.3414661292356266,0.3612639747125892
2016-12-08,12.640000343322754,12.640000343322754,13.399999618530272,11.300000190734863,12.100000381469728,0,0.0337924402850871,0.0337924402850871,0.0011419290204211774,0.0337924402850871,0.1616188520094701,0.34313041176276027,0.3687786882276317
2016-12-09,11.75,11.75,12.720000267028809,11.670000076293944,12.59000015258789,0,-0.073013175290153,-0.07301317529015305,0.005330923765950617,0.07301317529015305,0.17731044307879315,0.23008425026772192,0.2821052416120809
2016-12-12,12.640000343322754,12.640000343322754,12.779999732971191,12.06999969482422,12.229999542236328,0,0.073013175290153,0.07301317529015305,0.005330923765950617,0.07301317529015305,0.11807969211250476,0.24012139771762706,0.2557239259429446
2016-12-13,12.720000267028809,12.720000267028809,13.420000076293944,12.34000015258789,12.460000038146973,0,0.0063091630244853,0.006309163024485365,3.9805538069533315e-05,0.006309163024485365,0.11457232086610152,0.23694461410430046,0.2499762396475137
2016-12-14,13.1899995803833,13.1899995803833,13.390000343322754,12.479999542236328,12.880000114440918,0,0.0362833560111712,0.036283356011171275,0.0013164819234333987,0.036283356011171275,0.11471732220473668,0.23872764057137147,0.24914010245304816
2016-12-15,12.789999961853027,12.789999961853027,13.239999771118164,12.460000038146973,13.06999969482422,0,-0.0307953223077892,-0.030795322307789252,0.0009483518760406224,0.030795322307789252,0.11387048287174695,0.22710874611983398,0.2450093006919751
2016-12-16,12.199999809265137,12.199999809265137,12.949999809265137,12.149999618530272,12.880000114440918,0,-0.0472276765029828,-0.047227676502982874,0.0022304534278704004,0.047227676502982874,0.09932782355092958,0.23052345935855145,0.24439185498174923
2016-12-19,11.710000038146973,11.710000038146973,12.520000457763672,11.670000076293944,12.5,0,-0.0409927552379389,-0.040992755237938994,0.0016804059819975749,0.040992755237938994,0.07883843445561028,0.23253836794790908,0.2466168852925907
2016-12-20,11.449999809265137,11.449999809265137,11.75,11.380000114440918,11.649999618530272,0,-0.0224534675250849,-0.022453467525084925,0.0005041582039000433,0.022453467525084925,0.08173035796594842,0.23048016289621226,0.24407300221383754
2016-12-21,11.270000457763672,11.270000457763672,11.489999771118164,10.93000030517578,11.4399995803833,0,-0.015845344672603,-0.015845344672603012,0.0002510749477935887,0.015845344672603012,0.07492959653970024,0.2285032769743039,0.23845192513927788
2016-12-22,11.43000030517578,11.43000030517578,11.670000076293944,11.140000343322754,11.31999969482422,0,0.0140971358366837,0.014097135836683261,0.00019872923879789948,0.014097135836683261,0.06974827453320645,0.22893629682386932,0.23816827818536282
2016-12-23,11.4399995803833,11.4399995803833,11.8100004196167,11.350000381469728,11.380000114440918,0,0.000874444765607,0.0008744447656074961,7.646536480983487e-07,0.0008744447656074961,0.051333546790936165,0.22893230320774696,0.23614563063962687
2016-12-27,11.989999771118164,11.989999771118164,12.329999923706056,11.84000015258789,12.260000228881836,0,0.0469570006781592,0.04695700067815922,0.002204959912688646,0.04695700067815922,0.05621109282720185,0.23358542664355134,0.23650090364966564
2016-12-28,12.949999809265137,12.949999809265137,13.039999961853027,11.850000381469728,11.890000343322754,0,0.0770228234669567,0.07702282346695677,0.005932515334821986,0.07702282346695677,0.09267170057655275,0.2375979743194556,0.2408828371185703
2016-12-29,13.369999885559082,13.369999885559082,13.710000038146973,12.949999809265137,13.149999618530272,0,0.0319176091373361,0.0319176091373361,0.001018733773043761,0.0319176091373361,0.0967248825949167,0.23896255846199313,0.23952895574851282
2016-12-30,14.039999961853027,14.039999961853027,14.68000030517578,13.050000190734863,13.199999809265137,0,0.0488970133263224,0.04889701332632246,0.002390917912234556,0.04889701332632246,0.1074611166256757,0.24169991355861245,0.24343533950115667
2017-01-03,12.850000381469728,12.850000381469728,14.06999969482422,12.850000381469728,14.06999969482422,0,-0.0885665548530556,-0.08856655485305565,0.007844034638539315,0.08856655485305565,0.1392521510474014,0.25168211740137525,0.23874227993276603
2017-01-04,11.850000381469728,11.850000381469728,12.800000190734863,11.630000114440918,12.779999732971191,0,-0.0810159412549103,-0.0810159412549103,0.0065635827374190756,0.0810159412549103,0.15410965056108175,0.264376411752348,0.22704241988572685
2017-01-05,11.670000076293944,11.670000076293944,12.09000015258789,11.399999618530272,11.960000038146973,0,-0.0153064469366004,-0.015306446936600437,0.00023428731782296493,0.015306446936600437,0.13435608054367953,0.21749039313842197,0.21695383540677993
2017-01-06,11.31999969482422,11.31999969482422,11.739999771118164,10.979999542236328,11.699999809265137,0,-0.0304504070200324,-0.03045040702003199,0.0009272272876856134,0.03045040702003199,0.13401511069167368,0.21765453332375698,0.2172954084796719
2017-01-09,11.5600004196167,11.5600004196167,12.079999923706056,11.460000038146973,11.710000038146973,0,0.0209798537272076,0.02097985372720723,0.00044015426241501116,0.02097985372720723,0.12652780818413797,0.21570909929936777,0.21462972659956842
2017-01-10,11.489999771118164,11.489999771118164,11.789999961853027,11.3100004196167,11.59000015258789,0,-0.006073827602679,-0.006073827602679049,3.689138174706593e-05,0.006073827602679049,0.09056568327512225,0.21313230135732683,0.19028939276078616
2017-01-11,11.260000228881836,11.260000228881836,12.229999542236328,11.210000038146973,11.5600004196167,0,-0.020220428902046,-0.020220428902046006,0.00040886574498269745,0.020220428902046006,0.045248491628488374,0.20125436606668307,0.19044227160490845
2017-01-12,11.539999961853027,11.539999961853027,12.600000381469728,11.31999969482422,11.479999542236328,0,0.0245626147357951,0.02456261473579513,0.0006033220426591001,0.02456261473579513,0.049157509288912486,0.18914470158482088,0.19806306142292424
2017-01-13,11.229999542236328,11.229999542236328,11.619999885559082,10.9399995803833,11.449999809265137,0,-0.0272305297865429,-0.027230529786542945,0.0007415017524558026,0.027230529786542945,0.04723065936719184,0.19099061325624678,0.1949400934351085
2017-01-17,11.869999885559082,11.869999885559082,12.75,11.789999961853027,12.199999809265137,0,0.0554254709926071,0.055425470992607195,0.0030719828347523415,0.055425470992607195,0.06973208556035763,0.1955323892947564,0.19602334528924165
2017-01-18,12.479999542236328,12.479999542236328,12.8100004196167,11.6899995803833,11.789999961853027,0,0.0501131272811123,0.05011312728111239,0.002511325525892971,0.05011312728111239,0.08565627764935237,0.19948906965838634,0.20028622050272213
2017-01-19,12.779999732971191,12.779999732971191,13.279999732971191,12.170000076293944,12.579999923706056,0,0.0237541017936155,0.02375410179361559,0.0005642573520214514,0.02375410179361559,0.08655859002884518,0.1952682586528583,0.2034597562325031
2017-01-20,11.539999961853027,11.539999961853027,12.59000015258789,11.529999732971191,12.579999923706056,0,-0.1020621702807922,-0.10206217028079223,0.010416686602425429,0.10206217028079223,0.13155133624387105,0.21648550403606107,0.205919906557593
2017-01-23,11.770000457763672,11.770000457763672,12.619999885559082,11.59000015258789,12.300000190734863,0,0.0197347023902723,0.019734702390272307,0.0003894584784326195,0.019734702390272307,0.13020641609968706,0.2162204285729727,0.21130131284937995
2017-01-24,11.06999969482422,11.06999969482422,11.890000343322754,11.039999961853027,11.81999969482422,0,-0.0613152410118713,-0.06131524101187091,0.003759558780343817,0.06131524101187091,0.13282050571774043,0.22418688089366476,0.2138505895534284
2017-01-25,10.8100004196167,10.8100004196167,11.050000190734863,10.510000228881836,10.789999961853027,0,-0.0237670486841521,-0.02376704868415258,0.0005648726031548789,0.02376704868415258,0.12527902384828127,0.22500200205595328,0.21414555225984916
2017-01-26,10.630000114440918,10.630000114440918,11.010000228881836,10.600000381469728,10.609999656677246,0,-0.0167914673488716,-0.016791467348871603,0.00028195337572822115,0.016791467348871603,0.12414721035965727,0.22562599506986628,0.2140291501523823
2017-01-27,10.579999923706056,10.579999923706056,10.81999969482422,10.300000190734863,10.56999969482422,0,-0.0047147839006949,-0.004714783900694908,2.2229187230251888e-05,0.004714783900694908,0.0708383541938251,0.2207359484221112,0.21468649495758796
2017-01-30,11.880000114440918,11.880000114440918,12.899999618530272,11.100000381469728,11.100000381469728,0,0.1158909043485674,0.11589090434856741,0.013430701710728802,0.11589090434856741,0.13438495323951263,0.23711293786235232,0.22568389074345974
2017-01-31,11.989999771118164,11.989999771118164,12.989999771118164,11.789999961853027,12.289999961853027,0,0.009216626382456,0.009216626382456017,8.494620187378429e-05,0.009216626382456017,0.11993624589220711,0.23513561561478893,0.23054005631522406
2017-02-01,11.8100004196167,11.8100004196167,12.050000190734863,9.970000267028809,11.789999961853027,0,-0.0151262842101318,-0.015126284210131846,0.000228804474005684,0.015126284210131846,0.11852693765371132,0.23049217837557284,0.24718835892610322
2017-02-02,11.93000030517578,11.93000030517578,12.470000267028809,11.619999885559082,12.369999885559082,0,0.0101095959504626,0.010109595950462236,0.00010220393028160244,0.010109595950462236,0.11776623244427985,0.21303711785522067,0.2448112900866567
2017-02-03,10.970000267028809,10.970000267028809,11.84000015258789,10.720000267028809,11.84000015258789,0,-0.0838919630614878,-0.08389196306148738,0.007037861466309964,0.08389196306148738,0.14451476666140337,0.21414736120940195,0.24531630908666563
2017-02-06,11.369999885559082,11.369999885559082,11.84000015258789,11.09000015258789,11.369999885559082,0,0.0358139990684089,0.035813999068408986,0.0012826425292719998,0.035813999068408986,0.09346902482503529,0.21658127233073293,0.24592497127094584
2017-02-07,11.289999961853027,11.289999961853027,11.670000076293944,11.0600004196167,11.390000343322754,0,-0.0070609229145381,-0.007060922914538192,4.985663240505052e-05,0.007060922914538192,0.0932811290255126,0.2145462115002699,0.2447511540550281
2017-02-08,11.449999809265137,11.449999809265137,11.81999969482422,11.149999618530272,11.1899995803833,0,0.0140723385594392,0.014072338559439235,0.00019803071253148032,0.014072338559439235,0.09311603122341569,0.21398119851808245,0.2452142172119739
2017-02-09,10.880000114440918,10.880000114440918,11.529999732971191,10.739999771118164,11.4399995803833,0,-0.0510634613959184,-0.05106346139591844,0.0026074770897324528,0.05106346139591844,0.10571598001367143,0.21990575032777201,0.24763663735863806
2017-02-10,10.850000381469728,10.850000381469728,10.949999809265137,10.550000190734863,10.850000381469728,0,-0.0027611368012956,-0.0027611368012951942,7.623876435466657e-06,0.0027611368012951942,0.06438657344801381,0.21899154586118882,0.24308036538536112
2017-02-13,11.06999969482422,11.06999969482422,11.399999618530272,11.06999969482422,11.359999656677246,0,0.0200736040077562,0.020073604007756263,0.0004029495778602083,0.020073604007756263,0.05714838483251024,0.21853357795513778,0.23507489952936236
2017-02-14,10.739999771118164,10.739999771118164,11.34000015258789,10.729999542236328,11.170000076293944,0,-0.0302636513831635,-0.030263651383164003,0.0009158885950416844,0.030263651383164003,0.06428040021345013,0.21893220762706467,0.23463027387740948
2017-02-15,11.970000267028809,11.970000267028809,12.010000228881836,10.800000190734863,10.84000015258789,0,0.1084284741084924,0.10842847410849243,0.011756733997496015,0.10842847410849243,0.12526241709533573,0.23794130095299518,0.23855525203928976
2017-02-16,11.760000228881836,11.760000228881836,12.859999656677246,11.6899995803833,12.020000457763672,0,-0.0176995799448307,-0.017699579944830734,0.0003132751302234544,0.017699579944830734,0.115743125830681,0.23327668615516278,0.23910495389646516
2017-02-17,11.489999771118164,11.489999771118164,12.260000228881836,11.369999885559082,11.84000015258789,0,-0.0232268899926482,-0.023226889992648214,0.0005394884187305818,0.023226889992648214,0.11801837026222642,0.23322359093848857,0.23763800715433828
2017-02-21,11.56999969482422,11.56999969482422,12.09000015258789,11.5,12.050000190734863,0,0.006938442888539,0.006938442888539065,4.814198971751832e-05,0.006938442888539065,0.11650548541253017,0.2098206347277015,0.23363374978845786
2017-02-22,11.739999771118164,11.739999771118164,12.06999969482422,11.4399995803833,11.479999542236328,0,0.0145862800749401,0.014586280074940117,0.00021275956642459505,0.014586280074940117,0.11344778139122948,0.20939914003053478,0.23023191223186937
2017-02-23,11.710000038146973,11.710000038146973,12.460000038146973,11.539999961853027,11.65999984741211,0,-0.0025586140367863,-0.0025586140367863663,6.546505789240225e-06,0.0025586140367863663,0.03346956245434675,0.2002373281158459,0.23053089604505236
2017-02-24,11.470000267028809,11.470000267028809,12.59000015258789,11.34000015258789,11.8100004196167,0,-0.0207082264453593,-0.0207082264453593,0.0004288306425122783,0.0207082264453593,0.03515347953153772,0.1998973376769444,0.23702900232749302
2017-02-27,12.09000015258789,12.09000015258789,12.140000343322754,11.529999732971191,11.779999732971191,0,0.0526437228257941,0.052643722825794104,0.0027713615529590353,0.052643722825794104,0.05888667300334342,0.20602998273931186,0.23795355029489565
2017-02-28,12.920000076293944,12.920000076293944,12.960000038146973,12.130000114440918,12.1899995803833,0,0.0663978270118583,0.06639782701185792,0.00440867143189661,0.06639782701185792,0.08847694445211016,0.21641348394272364,0.23943043524270347
2017-03-01,12.539999961853027,12.539999961853027,12.579999923706056,11.779999732971191,12.3100004196167,0,-0.0298529720968083,-0.029852972096807928,0.0008911999430127927,0.029852972096807928,0.09223128577749518,0.1851898870470834,0.22525164339650772
2017-03-02,11.8100004196167,11.8100004196167,12.710000038146973,11.31999969482422,12.43000030517578,0,-0.0599768664228546,-0.0599768664228546,0.003597224505904944,0.0599768664228546,0.10998767238325251,0.19444169452188656,0.2284464157454316
2017-03-03,10.960000038146973,10.960000038146973,11.970000267028809,10.9399995803833,11.960000038146973,0,-0.074694380739464,-0.074694380739464,0.00557925051405201,0.074694380739464,0.13133052938226292,0.2077450808288586,0.20532431276422597
2017-03-06,11.239999771118164,11.239999771118164,11.720000267028809,11.0600004196167,11.59000015258789,0,0.0252265391019594,0.02522653910195949,0.000636378275062691,0.02522653910195949,0.12293382231887641,0.20902677568524583,0.20389250376930956
2017-03-07,11.449999809265137,11.449999809265137,11.579999923706056,11.039999961853027,11.270000457763672,0,0.0185108892397893,0.018510889239789385,0.0003426530204477504,0.018510889239789385,0.105103312309747,0.1923460020575106,0.19706103627300153
2017-03-08,11.859999656677246,11.859999656677246,11.859999656677246,11.09000015258789,11.489999771118164,0,0.0351816512794416,0.03518165127944162,0.001237748586748236,0.03518165127944162,0.1067391910322336,0.19222926563087134,0.19726567884821417
2017-03-09,12.300000190734863,12.300000190734863,12.43000030517578,11.619999885559082,11.75,0,0.036427913263648,0.036427913263648026,0.001326992864743864,0.036427913263648026,0.09551451858777585,0.19552295721301605,0.1987760977780788
2017-03-10,11.65999984741211,11.65999984741211,12.09000015258789,11.460000038146973,11.970000267028809,0,-0.053435110049365,-0.053435110049365075,0.0028553109859877565,0.053435110049365075,0.07999427312620776,0.20220412228928267,0.19828451605585093
2017-03-13,11.350000381469728,11.350000381469728,12.229999542236328,11.289999961853027,12.15999984741211,0,-0.0269463902988276,-0.026946390298827172,0.0007261079501367271,0.026946390298827172,0.08055317130978991,0.19749718461584068,0.1995159169242115
2017-03-14,12.300000190734863,12.300000190734863,12.539999961853027,11.279999732971191,11.390000343322754,0,0.0803815003481926,0.08038150034819225,0.0064611855982264306,0.08038150034819225,0.11228243845696904,0.21321045859191434,0.20821004447877786
2017-03-15,11.630000114440918,11.630000114440918,12.25,10.600000381469728,12.119999885559082,0,-0.0560113015145504,-0.05601130151455047,0.003137265897353884,0.05601130151455047,0.12044444070378961,0.2195290777379345,0.22492019897661267
2017-03-16,11.210000038146973,11.210000038146973,11.550000190734863,11.15999984741211,11.289999961853027,0,-0.0367817358837108,-0.03678173588371081,0.0013528960946190592,0.03678173588371081,0.12055192460646941,0.22052216095450697,0.22340985949287126
2017-03-17,11.279999732971191,11.279999732971191,11.380000114440918,10.779999732971191,11.380000114440918,0,0.0062249819101358,0.006224981910135874,3.875039978151887e-05,0.006224981910135874,0.10824142432598366,0.192125063108203,0.2165705043514234
2017-03-20,11.34000015258789,11.34000015258789,11.720000267028809,11.029999732971191,11.710000038146973,0,0.0053050893581825,0.005305089358182524,2.8143973098301466e-05,0.005305089358182524,0.10496781393874612,0.19138157883455195,0.21201178841242774
2017-03-21,12.470000267028809,12.470000267028809,12.850000381469728,10.920000076293944,11.149999618530272,0,0.0949894693503141,0.09498946935031416,0.009022999287454272,0.09498946935031416,0.1165334958383514,0.21239213635615023,0.22902751988913916
2017-03-22,12.8100004196167,12.8100004196167,13.15999984741211,11.989999771118164,12.949999809265137,0,0.0269003675599628,0.026900367559962834,0.0007236297748611008,0.026900367559962834,0.10567128053456284,0.21397641779194523,0.233832333966623
2017-03-23,13.119999885559082,13.119999885559082,13.170000076293944,12.18000030517578,12.649999618530272,0,0.0239116261277065,0.023911626127706587,0.0005717658640712203,0.023911626127706587,0.10190823960439334,0.21481367197811158,0.23631263374340497
2017-03-24,12.960000038146973,12.960000038146973,14.15999984741211,12.270000457763672,12.859999656677246,0,-0.0122700809257443,-0.012270080925744331,0.00015055488592431485,0.012270080925744331,0.10245532580305056,0.2151486045710146,0.247233237592572
2017-03-27,12.5,12.5,15.109999656677246,12.479999542236328,14.779999732971191,0,-0.0361390495593121,-0.03613904955931213,0.0013060309030504184,0.03613904955931213,0.10851258321209276,0.21717762847354452,0.26527339932978045
2017-03-28,11.529999732971191,11.529999732971191,12.670000076293944,11.34000015258789,12.4399995803833,0,-0.0807763331867685,-0.08077633318676858,0.006524816003099851,0.08077633318676858,0.09631613276604772,0.2256536655131792,0.27174860426115827
2017-03-29,11.420000076293944,11.420000076293944,11.699999809265137,11.029999732971191,11.539999961853027,0,-0.0095861002128923,-0.009586100212892301,9.189331729161382e-05,0.009586100212892301,0.09297882002605456,0.21587681358804783,0.2711486173962868
2017-03-30,11.539999961853027,11.539999961853027,11.640000343322754,11.119999885559082,11.369999885559082,0,0.0104530468657282,0.010453046865728233,0.00010926618877711083,0.010453046865728233,0.09045751101010538,0.2140580876554144,0.26966242352498393
2017-03-31,12.369999885559082,12.369999885559082,12.539999961853027,11.5,11.609999656677246,0,0.0694549193785847,0.06945491937858472,0.004823985825885704,0.06945491937858472,0.11338426803619948,0.21690464773875603,0.2656750583594997
2017-04-03,12.380000114440918,12.380000114440918,13.59000015258789,12.270000457763672,12.59000015258789,0,0.0008080993475583,0.000808099347558322,6.530245555241858e-07,0.000808099347558322,0.10747378452259804,0.20363945767256736,0.2672614852037694
2017-04-04,11.789999961853027,11.789999961853027,13.06999969482422,11.699999809265137,12.710000038146973,0,-0.0488305651867224,-0.04883056518672246,0.0023844240964547517,0.04883056518672246,0.08608264896577435,0.20788716781602803,0.2732019708822583
2017-04-05,12.890000343322754,12.890000343322754,12.890000343322754,10.899999618530272,11.890000343322754,0,0.089200132272166,0.08920013227216606,0.00795666359737192,0.08920013227216606,0.12359204154412629,0.22545750180354074,0.2897564815185545
2017-04-06,12.390000343322754,12.390000343322754,13.220000267028809,11.699999809265137,13.109999656677246,0,-0.0395621202351934,-0.039562120235193454,0.0015651613575039035,0.039562120235193454,0.12934793350406426,0.22618244381527328,0.29616609936152644
2017-04-07,12.869999885559082,12.869999885559082,13.43000030517578,12.229999542236328,13.170000076293944,0,0.0380092893652506,0.03800928936525061,0.001444706078051353,0.03800928936525061,0.11554915903604612,0.22644251169680293,0.2987246443735695
2017-04-10,14.050000190734863,14.050000190734863,14.109999656677246,12.9399995803833,13.239999771118164,0,0.0877233966392228,0.0877233966392228,0.007695394317922405,0.0877233966392228,0.14507360010458265,0.23688878072946254,0.3015060284198745
2017-04-11,15.06999969482422,15.06999969482422,15.880000114440918,14.170000076293944,14.31999969482422,0,0.0700835830326647,0.07008358303266515,0.004911708610696471,0.07008358303266515,0.15353707683014575,0.24556444183971574,0.30541919326127154
2017-04-12,15.770000457763672,15.770000457763672,16.15999984741211,14.84000015258789,15.15999984741211,0,0.0454034376145924,0.04540343761459198,0.002061472147222146,0.04540343761459198,0.13296030426934313,0.2364364219934121,0.3030767478315489
2017-04-13,15.960000038146973,15.960000038146973,16.219999313354492,14.970000267028809,15.890000343322754,0,0.0119761644093774,0.011976164409377432,0.0001434285139604387,0.011976164409377432,0.12750180260628804,0.2300181389839797,0.2943234794522447
2017-04-17,14.65999984741211,14.65999984741211,16.280000686645508,14.600000381469728,16.190000534057617,0,-0.0849629083617697,-0.08496290836176978,0.00721869579729049,0.08496290836176978,0.14842742127751185,0.24243379295041528,0.3007977833883437
2017-04-18,14.420000076293944,14.420000076293944,15.5,14.289999961853027,14.5,0,-0.0165065489024094,-0.016506548902409435,0.0002724661566676341,0.016506548902409435,0.12086261301923439,0.24291533447110938,0.3029916166752971
2017-04-19,14.93000030517578,14.93000030517578,15.149999618530272,13.460000038146973,14.0,0,0.0347564948438945,0.034756494843894536,0.0012080139338336675,0.034756494843894536,0.10442258639286044,0.2453318766119607,0.3090658697564991
2017-04-20,14.149999618530272,14.149999618530272,14.8100004196167,13.829999923706056,14.59000015258789,0,-0.0536580348612845,-0.05365803486128451,0.002879184705174824,0.05365803486128451,0.1082672115967114,0.23247347181918815,0.2960728182182385
2017-04-21,14.630000114440918,14.630000114440918,15.329999923706056,13.850000381469728,13.850000381469728,0,0.0333596257241235,0.03335962572412354,0.0011128646284536052,0.03335962572412354,0.11265533818430552,0.23330912959689204,0.2970690468495586
2017-04-24,10.84000015258789,10.84000015258789,12.010000228881836,10.81999969482422,11.5600004196167,0,-0.299831212766505,-0.29983121276650504,0.08989875614903321,0.29983121276650504,0.3088224175366208,0.3791571445169158,0.29995715765722025
2017-04-25,10.760000228881836,10.760000228881836,11.149999618530272,10.220000267028809,10.8100004196167,0,-0.0074074340826895,-0.007407434082689512,5.487007968939022e-05,0.007407434082689512,0.3084699166793818,0.37903094257855313,0.2920743292855269
2017-04-26,10.850000381469728,10.850000381469728,10.890000343322754,10.390000343322754,10.609999656677246,0,0.0083295391397837,0.008329539139784181,6.93812222811966e-05,0.008329539139784181,0.306618748260168,0.37739608603060154,0.27002742853788386
2017-04-27,10.359999656677246,10.359999656677246,11.079999923706056,10.329999923706056,10.720000267028809,0,-0.0462129114528933,-0.046212911452893746,0.002135633184952998,0.046212911452893746,0.3054038396359981,0.3715354935037437,0.2650485190707859
2017-04-28,10.81999969482422,10.81999969482422,11.15999984741211,10.289999961853027,10.390000343322754,0,0.0434440415214747,0.043444041521475185,0.0018873847437196598,0.043444041521475185,0.3066692442676254,0.3739439989617408,0.267156181267633
2017-05-01,10.109999656677246,10.109999656677246,11.039999961853027,9.899999618530272,10.920000076293944,0,-0.0678712461398989,-0.06787124613989937,0.004606506052582804,0.06787124613989937,0.09356161223079729,0.3799096658724335,0.27368502538365785
2017-05-02,10.59000015258789,10.59000015258789,10.59000015258789,10.039999961853027,10.149999618530272,0,0.0463851749483419,0.046385174948341934,0.002151584454988288,0.046385174948341934,0.10416568368961523,0.3763760790119461,0.2706029798879334
2017-05-03,10.68000030517578,10.68000030517578,11.149999618530272,10.399999618530272,10.5600004196167,0,0.0084626880845677,0.008462688084567294,7.161708961667725e-05,0.008462688084567294,0.10417641540128195,0.3764703400235772,0.2668507936033676
2017-05-04,10.460000038146973,10.460000038146973,11.239999771118164,10.270000457763672,10.710000038146973,0,-0.0208143998228447,-0.020814399822844276,0.0004332392399852198,0.020814399822844276,0.09565736553393407,0.37386994003396196,0.264054629826904
2017-05-05,10.56999969482422,10.56999969482422,10.979999542236328,9.989999771118164,10.510000228881836,0,0.0104613087265499,0.010461308726549934,0.0001094389802721898,0.010461308726549934,0.08586259847829675,0.36322377048301585,0.2506054987726669
2017-05-08,9.770000457763672,9.770000457763672,10.550000190734863,9.670000076293944,10.529999732971191,0,-0.0787032581015654,-0.07870325810156542,0.0061942028358016234,0.07870325810156542,0.09465771284297982,0.3695409976202861,0.24527210820946224
2017-05-09,9.960000038146973,9.960000038146973,10.140000343322754,9.5600004196167,9.869999885559082,0,0.0192605625178248,0.01926056251782482,0.00037096926850303834,0.01926056251782482,0.0847317379390909,0.3680853326507971,0.24135012354615046
2017-05-10,10.210000038146973,10.210000038146973,10.239999771118164,9.619999885559082,9.75,0,0.0247905604862861,0.02479056048628614,0.0006145718892242117,0.02479056048628614,0.08787731341925692,0.3583378150348491,0.2386512412832357
2017-05-11,10.600000381469728,10.600000381469728,11.229999542236328,10.31999969482422,10.34000015258789,0,0.0374864011929201,0.03748640119292057,0.0014052302743965967,0.03748640119292057,0.0932438375883237,0.3534112496053994,0.23419688097050598
2017-05-12,10.399999618530272,10.399999618530272,10.869999885559082,10.279999732971191,10.720000267028809,0,-0.0190482676381855,-0.019048267638186456,0.0003628365000159814,0.019048267638186456,0.09459286848352512,0.3509998229350604,0.23098163452213452
2017-05-15,10.420000076293944,10.420000076293944,10.880000114440918,10.25,10.539999961853027,0,0.0019212741795513,0.0019212741795517907,3.6912944730124064e-06,0.0019212741795517907,0.05250999168361073,0.3508007104909514,0.22872711252672565
2017-05-16,10.649999618530272,10.649999618530272,10.670000076293944,10.18000030517578,10.460000038146973,0,0.0218328126895834,0.021832812689583037,0.0004766717099384181,0.021832812689583037,0.05350702447387864,0.34105588162880907,0.22098561831488536
2017-05-17,15.59000015258789,15.59000015258789,15.59000015258789,11.529999732971191,11.890000343322754,0,0.3810698365205542,0.3810698365205547,0.14521422030580228,0.3810698365205547,0.3840086588667322,0.511136839351987,0.2815608606549554
2017-05-18,14.65999984741211,14.65999984741211,16.299999237060547,14.029999732971191,14.0600004196167,0,-0.0615070068071799,-0.06150700680717991,0.003783111886378476,0.06150700680717991,0.38709240718026,0.5136496534558197,0.2869536547311799
2017-05-19,12.039999961853027,12.039999961853027,14.229999542236328,11.720000267028809,14.229999542236328,0,-0.1968882493377326,-0.19688824933773263,0.03876498272727717,0.19688824933773263,0.43386942497008174,0.547468505502724,0.30697552976088366
2017-05-22,10.93000030517578,10.93000030517578,12.520000457763672,10.890000343322754,12.289999961853027,0,-0.0967231066029432,-0.09672310660294325,0.009355359350924325,0.09672310660294325,0.4445158557130675,0.5549452758965129,0.31230325553764465
2017-05-23,10.720000267028809,10.720000267028809,11.0,10.5600004196167,11.0,0,-0.019400149557319,-0.019400149557319057,0.00037636580284634684,0.019400149557319057,0.44440301537369054,0.46737765125610137,0.30693241784649256
2017-05-24,10.020000457763672,10.020000457763672,10.899999618530272,9.880000114440918,10.609999656677246,0,-0.0675280392103441,-0.06752803921034412,0.0045600360795937725,0.06752803921034412,0.2384111068029762,0.4721726748696649,0.3081450337969363
2017-05-25,9.989999771118164,9.989999771118164,10.289999961853027,9.720000267028809,9.81999969482422,0,-0.0029985715923479,-0.002998571592347954,8.991431594436143e-06,0.002998571592347954,0.2303600125721391,0.47210872169754237,0.30875214279754426
2017-05-26,9.8100004196167,9.8100004196167,10.479999542236328,9.649999618530272,9.93000030517578,0,-0.0181822533977129,-0.018182253397712955,0.00033059433861864433,0.018182253397712955,0.12096010500812883,0.4701931584535798,0.3098572951767487
2017-05-30,10.380000114440918,10.380000114440918,10.84000015258789,10.140000343322754,10.609999656677246,0,0.0564785724112248,0.05647857241122489,0.0031898291416099737,0.05647857241122489,0.09200987335206587,0.471576134525957,0.30861440379758354
2017-05-31,10.40999984741211,10.40999984741211,11.300000190734863,9.93000030517578,10.100000381469728,0,0.0028859792061797,0.002885979206179723,8.328875978501743e-06,0.002885979206179723,0.08998766508469568,0.4666753405504079,0.3114209056033623
2017-06-01,9.890000343322754,9.890000343322754,10.539999961853027,9.6899995803833,10.420000076293944,0,-0.051242687620308,-0.051242687620308036,0.0026258130345524705,0.051242687620308036,0.07850832326800805,0.46718315686398987,0.3138582954773573
2017-06-02,9.75,9.75,10.300000190734863,9.579999923706056,10.079999923706056,0,-0.0142568953389949,-0.01425689533899499,0.00020325906470705708,0.01425689533899499,0.07973596713821608,0.467324024668638,0.31408948910588136
2017-06-05,10.06999969482422,10.06999969482422,10.279999732971191,9.600000381469728,10.079999923706056,0,0.0322933914152745,0.032293391415274986,0.0010428631291001561,0.032293391415274986,0.08408384652207691,0.467975819804409,0.3120955738134709
2017-06-06,10.449999809265137,10.449999809265137,10.770000457763672,9.859999656677246,10.1899995803833,0,0.0370412837336493,0.0370412837336489,0.0013720567006366825,0.0370412837336489,0.07247289703727108,0.46932290125453413,0.3114387961691039
2017-06-07,10.390000343322754,10.390000343322754,10.93000030517578,10.119999885559082,10.479999542236328,0,-0.0057581220039684,-0.005758122003968413,3.3155969012585216e-05,0.005758122003968413,0.07264398046644319,0.4627125876558624,0.31047763804830286
2017-06-08,10.15999984741211,10.15999984741211,10.529999732971191,9.729999542236328,10.270000457763672,0,-0.0223854110228689,-0.02238541102286895,0.0005011066266627827,0.02238541102286895,0.05614660711137665,0.4628531906915452,0.31208474519064855
2017-06-09,10.699999809265137,10.699999809265137,12.109999656677246,9.369999885559082,9.93000030517578,0,0.0517852965103298,0.051785296510329815,0.002681716934662777,0.051785296510329815,0.07503931876073378,0.4650808759546908,0.34600994190058354
2017-06-12,11.460000038146973,11.460000038146973,12.369999885559082,11.1899995803833,11.1899995803833,0,0.0686189909731274,0.0686189909731274,0.00470856592217014,0.0686189909731274,0.09641888898522423,0.46861877558048826,0.34752314354534025
2017-06-13,10.420000076293944,10.420000076293944,11.140000343322754,10.260000228881836,11.119999885559082,0,-0.0951356709682031,-0.09513567096820319,0.009050795890570219,0.09513567096820319,0.13028945215587687,0.4777986147082369,0.34941577822494163
2017-06-14,10.640000343322754,10.640000343322754,11.260000228881836,10.010000228881836,10.329999923706056,0,0.0208934725335772,0.020893472533577206,0.00043653719451134515,0.020893472533577206,0.1318283830158638,0.4782513587196053,0.35468615800797265
2017-06-15,10.899999618530272,10.899999618530272,12.010000228881836,10.739999771118164,11.0600004196167,0,0.0241422380572013,0.02414223805720095,0.0005828476584105618,0.02414223805720095,0.13213804751215705,0.4783623501757017,0.3598756184239008
2017-06-16,10.380000114440918,10.380000114440918,11.350000381469728,10.260000228881836,10.630000114440918,0,-0.0488818654749958,-0.0488818654749954,0.0023894367723155474,0.0488818654749954,0.13102741483360586,0.2932673772040354,0.3168003982403716
2017-06-19,10.369999885559082,10.369999885559082,10.600000381469728,10.010000228881836,10.56999969482422,0,-0.0009638775572118,-0.0009638775572118341,9.290599452966525e-07,0.0009638775572118341,0.11162681835362412,0.28674652867245104,0.30566945519663147
2017-06-20,10.859999656677246,10.859999656677246,11.149999618530272,10.239999771118164,10.279999732971191,0,0.0461692716866077,0.04616927168660778,0.002131601648071803,0.04616927168660778,0.07444026016380235,0.21351859550515834,0.2871690235940934
2017-06-21,10.75,10.75,11.399999618530272,10.399999618530272,11.029999732971191,0,-0.0101805283186036,-0.01018052831860361,0.00010364315684589005,0.01018052831860361,0.07216964940741451,0.19062653129199247,0.28015888098587355
2017-06-22,10.479999542236328,10.479999542236328,11.010000228881836,10.239999771118164,10.8100004196167,0,-0.0254371193605158,-0.025437119360515847,0.0006470470413611301,0.025437119360515847,0.07261306823526806,0.19133519193010934,0.2824603970915638
2017-06-23,10.020000457763672,10.020000457763672,10.6899995803833,9.850000381469728,10.25,0,-0.0448854938714404,-0.044885493871440474,0.00201470756008312,0.044885493871440474,0.06998520176656824,0.1845638836593474,0.28056693132615207
2017-06-26,9.899999618530272,9.899999618530272,10.4399995803833,9.68000030517578,10.130000114440918,0,-0.0120484227334674,-0.012048422733467401,0.00014516449036433408,0.012048422733467401,0.07100819598276177,0.18493242065736074,0.28214702653792384
2017-06-27,11.0600004196167,11.0600004196167,11.3100004196167,9.800000190734863,10.039999961853027,0,0.1108003154259673,0.11080031542596736,0.01227670989849386,0.11080031542596736,0.12323665098966444,0.21481646996928852,0.29078922478434877
2017-06-28,10.029999732971191,10.029999732971191,11.489999771118164,9.760000228881836,11.170000076293944,0,-0.0977544586833829,-0.09775445868338295,0.009555934192481224,0.09775445868338295,0.15696994356495034,0.229155451213663,0.3042295076974637
2017-06-29,11.4399995803833,11.4399995803833,15.15999984741211,9.729999542236328,9.789999961853027,0,0.1315353739210372,0.1315353739210372,0.017301554592547074,0.1315353739210372,0.20320942580000967,0.26420720379563095,0.3968068609956992
2017-06-30,11.18000030517578,11.18000030517578,11.850000381469728,10.399999618530272,11.739999771118164,0,-0.0229894542483353,-0.022989454248335317,0.0005285150066363027,0.022989454248335317,0.19951911733095357,0.26020789478720646,0.40131057472003434
2017-07-03,11.220000267028809,11.220000267028809,11.449999809265137,10.279999732971191,11.06999969482422,0,0.0035714288703747,0.00357142887037476,1.2755104176146333e-05,0.00357142887037476,0.19918701964318516,0.25984157586702517,0.40416167605843795
2017-07-05,11.06999969482422,11.06999969482422,12.029999732971191,10.789999961853027,11.199999809265137,0,-0.013459204741185,-0.01345920474118456,0.00018115019226512495,0.01345920474118456,0.16607199971128758,0.2581781005666901,0.40733962868368384
2017-07-06,12.539999961853027,12.539999961853027,13.050000190734863,11.18000030517578,11.199999809265137,0,0.1246848130100275,0.1246848130100271,0.015546302595345422,0.1246848130100271,0.18322193507047704,0.28430648516509904,0.41441792111087433
2017-07-07,11.1899995803833,11.1899995803833,12.56999969482422,10.979999542236328,12.479999542236328,0,-0.1139030473381765,-0.11390304733817658,0.012973904192922894,0.11390304733817658,0.1710047575108538,0.306220387516643,0.419762248870604
2017-07-10,11.109999656677246,11.109999656677246,11.729999542236328,10.609999656677246,11.260000228881836,0,-0.0071749120751745,-0.007174912075174511,5.147936328648501e-05,0.007174912075174511,0.16960422001824157,0.3054853490226114,0.42140334794211404
2017-07-11,10.890000343322754,10.890000343322754,12.140000343322754,10.68000030517578,10.789999961853027,0,-0.020000604278108,-0.020000604278108014,0.0004000241714894726,0.020000604278108014,0.17074208770923888,0.301727701254448,0.39971163547657496
2017-07-12,10.300000190734863,10.300000190734863,10.850000381469728,10.079999923706056,10.850000381469728,0,-0.0557010547177547,-0.05570105471775477,0.003102607496670311,0.05570105471775477,0.17909304235428747,0.29905458912846256,0.3976162920895786
2017-07-13,9.899999618530272,9.899999618530272,10.399999618530272,9.899999618530272,10.06999969482422,0,-0.0396091951452897,-0.03960919514528971,0.001568888340057642,0.03960919514528971,0.1345247321663449,0.2862721427737617,0.39564122836763144
2017-07-14,9.510000228881836,9.510000228881836,10.140000343322754,9.5,10.09000015258789,0,-0.0401908179834582,-0.04019081798345825,0.001615301850179471,0.04019081798345825,0.0820871562528719,0.28832361052114536,0.39124276291981397
2017-07-17,9.81999969482422,9.81999969482422,10.029999732971191,9.710000038146973,9.770000457763672,0,0.0320771906646211,0.032077190664621114,0.0010289461609344558,0.032077190664621114,0.08783944455272572,0.2890961827601205,0.3859336677198768
2017-07-18,9.890000343322754,9.890000343322754,10.350000381469728,9.65999984741211,9.859999656677246,0,0.0071030890593402,0.007103089059340206,5.045387418491854e-05,0.007103089059340206,0.08582655604197818,0.28502213947050214,0.383386142332227
2017-07-19,9.789999961853027,9.789999961853027,9.9399995803833,9.579999923706056,9.6899995803833,0,-0.0101627277028559,-0.010162727702855978,0.00010328103436239634,0.010162727702855978,0.06608230670700674,0.2852016338711254,0.38248243870803683
2017-07-20,9.579999923706056,9.579999923706056,10.279999732971191,9.5,9.65999984741211,0,-0.0216838686270031,-0.021683868627002667,0.00047019015863311055,0.021683868627002667,0.057167937502540504,0.2822739103660145,0.3820003114558025
2017-07-21,9.359999656677246,9.359999656677246,9.979999542236328,9.300000190734863,9.520000457763672,0,-0.023232330209173,-0.02323233020917348,0.0005397411669480747,0.02323233020917348,0.046825339241301604,0.28304532937927623,0.38036874712341884
2017-07-24,9.43000030517578,9.43000030517578,9.970000267028809,9.260000228881836,9.9399995803833,0,0.0074508751978714,0.007450875197871465,5.551554121425614e-05,0.007450875197871465,0.034916783576709645,0.281998452093759,0.3804641018213067
2017-07-25,9.43000030517578,9.43000030517578,9.520000457763672,9.039999961853027,9.399999618530272,0,0.0,0.0,0.0,0.0,0.03418666262093833,0.2784033394612805,0.3785535063362953
2017-07-26,9.600000381469728,9.600000381469728,9.65999984741211,8.84000015258789,9.25,0,0.0178670092026296,0.017867009202629625,0.0003192300178468517,0.017867009202629625,0.03721124674936755,0.2787157780798846,0.37957927439404027
2017-07-27,10.109999656677246,10.109999656677246,11.5,9.15999984741211,9.329999923706056,0,0.0517618608634302,0.051761860863430265,0.0026792902400451135,0.051761860863430265,0.05994811895342772,0.2609311504827025,0.394132953938762
2017-07-28,10.289999961853027,10.289999961853027,11.300000190734863,10.260000228881836,10.619999885559082,0,0.0176475470651191,0.017647547065119173,0.00031143591741559633,0.017647547065119173,0.05801268582406646,0.24257074641671267,0.3861327212262949
2017-07-31,10.260000228881836,10.260000228881836,10.84000015258789,10.229999542236328,10.529999732971191,0,-0.002919684087975,-0.0029196840879750496,8.524555173574698e-06,0.0029196840879750496,0.05760625600124661,0.20383212940993287,0.28175122164226823
2017-08-01,10.09000015258789,10.09000015258789,10.5600004196167,9.949999809265137,10.1899995803833,0,-0.0167080125625918,-0.0167080125625918,0.00027915768379172543,0.0167080125625918,0.05998031689040069,0.20321953561836284,0.27297657807184295
2017-08-02,10.279999732971191,10.279999732971191,10.8100004196167,9.800000190734863,10.079999923706056,0,0.0186553845632513,0.01865538456325133,0.00034802337320279607,0.01865538456325133,0.0602198619197091,0.20404276004301083,0.27165404873969135
2017-08-03,10.4399995803833,10.4399995803833,10.600000381469728,9.899999618530272,10.470000267028809,0,0.0154443082098678,0.015444308209867863,0.00023852665608139188,0.015444308209867863,0.03443353286645314,0.20418331075233834,0.26685426770457527
2017-08-04,10.029999732971191,10.029999732971191,10.5,9.68000030517578,10.479999542236328,0,-0.0400639669104894,-0.04006396691048941,0.0016051214446047906,0.04006396691048941,0.04979310909005686,0.16658224166772798,0.2548892410271375
2017-08-07,9.93000030517578,9.93000030517578,10.31999969482422,9.760000228881836,10.1899995803833,0,-0.0100200665610441,-0.010020066561044594,0.00010040173388776404,0.010020066561044594,0.05070730609654285,0.12196778582892369,0.24391544759966724
2017-08-08,10.960000038146973,10.960000038146973,11.520000457763672,9.520000457763672,10.039999961853027,0,0.0986917762106447,0.09869177621064518,0.00974006669161207,0.09869177621064518,0.10969111130528689,0.15673138839535553,0.2626357863818038
2017-08-09,11.109999656677246,11.109999656677246,12.630000114440918,11.109999656677246,11.489999771118164,0,0.0135932877489675,0.013593287748967509,0.00018477747182623017,0.013593287748967509,0.10894445372763255,0.156043203660629,0.26265275872711497
2017-08-10,16.040000915527344,16.040000915527344,16.170000076293945,11.5600004196167,11.56999969482422,0,0.3672400867667309,0.3672400867667309,0.13486528132843606,0.3672400867667309,0.38274749988780715,0.39511030768690186,0.328108916523876
2017-08-11,15.510000228881836,15.510000228881836,17.280000686645508,14.5,16.170000076293945,0,-0.0336006675706346,-0.033600667570634624,0.0011290048611922972,0.033600667570634624,0.38212502154001177,0.39455325592570256,0.34333104759905897
2017-08-14,12.329999923706056,12.329999923706056,14.050000190734863,12.0600004196167,14.050000190734863,0,-0.2294496809569115,-0.22944968095691154,0.05264715609122849,0.22944968095691154,0.44560777197474366,0.45464725447606297,0.35320841742079534
2017-08-15,12.039999961853027,12.039999961853027,12.369999885559082,11.449999809265137,11.779999732971191,0,-0.0238008742762634,-0.02380087427626343,0.0005664816163144982,0.02380087427626343,0.4351927175045529,0.4541383725892385,0.3557123296427749
2017-08-16,11.739999771118164,11.739999771118164,12.539999961853027,11.25,11.59000015258789,0,-0.0252326418082686,-0.025232641808268674,0.0006366862126243883,0.025232641808268674,0.4357116134667468,0.45478334819608496,0.3592557930773621
2017-08-17,15.550000190734863,15.550000190734863,15.770000457763672,11.539999961853027,11.8100004196167,0,0.2810588559870974,0.28105885598709746,0.07899408052877599,0.28105885598709746,0.36602378243788436,0.5345266067193055,0.40465871210884347
2017-08-18,14.260000228881836,14.260000228881836,16.040000915527344,13.31999969482422,15.380000114440918,0,-0.0866022198543809,-0.08660221985438099,0.007499944483706541,0.08660221985438099,0.3746256116880557,0.5410623324681996,0.4170809536809398
2017-08-21,13.1899995803833,13.1899995803833,14.739999771118164,13.06999969482422,14.59000015258789,0,-0.0779994961207917,-0.07799949612079171,0.006083921395097401,0.07799949612079171,0.3062370229683518,0.5461617231590638,0.4211595360995866
2017-08-22,11.350000381469728,11.350000381469728,12.9399995803833,11.350000381469728,12.600000381469728,0,-0.1502411573788991,-0.15024115737889865,0.022572405370550993,0.15024115737889865,0.34027494470024583,0.5664004922962325,0.42615300545648294
2017-08-23,12.25,12.25,12.59000015258789,11.390000343322754,11.510000228881836,0,0.0763081594536574,0.07630815945365699,0.00582293519920474,0.07630815945365699,0.34781214322869136,0.5715176750308072,0.4292549451036311
2017-08-24,12.229999542236328,12.229999542236328,12.829999923706056,11.550000190734863,12.0600004196167,0,-0.0016340247212283,-0.001634024721228311,2.6700367895852593e-06,0.001634024721228311,0.2048947936999603,0.5712406610978967,0.4305877005631943
2017-08-25,11.279999732971191,11.279999732971191,12.449999809265137,11.100000381469728,12.199999809265137,0,-0.0808606898723618,-0.08086068987236184,0.00653845116663428,0.08086068987236184,0.20253489370544778,0.5746086092447199,0.4141132763077174
2017-08-28,11.31999969482422,11.31999969482422,12.109999656677246,11.229999542236328,12.09000015258789,0,0.0035398234188992,0.00353982341889969,1.2530349836990692e-05,0.00353982341889969,0.18694649534831248,0.5743484554262965,0.4125293504028565
2017-08-29,11.699999809265137,11.699999809265137,14.34000015258789,11.479999542236328,13.329999923706056,0,0.0330177796855402,0.03301777968553976,0.0010901737753628421,0.03301777968553976,0.11604637231653761,0.5752893163189822,0.4322239994227641
2017-08-30,11.220000267028809,11.220000267028809,11.979999542236328,10.960000038146973,11.399999618530272,0,-0.0418909016076765,-0.0418909016076765,0.0017548476375040336,0.0418909016076765,0.09694675325212165,0.5765704531316829,0.43404687775099476
2017-08-31,10.59000015258789,10.59000015258789,11.220000267028809,10.34000015258789,11.06999969482422,0,-0.0577877498719168,-0.057787749871916816,0.003339424035259222,0.057787749871916816,0.11285134897110179,0.5791587762319851,0.4328193985122133
2017-09-01,10.130000114440918,10.130000114440918,10.460000038146973,10.020000457763672,10.329999923706056,0,-0.0444088444641721,-0.04440884446417215,0.001972145466643033,0.04440884446417215,0.09038319127252671,0.5806535170797574,0.43164255686947856
2017-09-05,12.229999542236328,12.229999542236328,14.0600004196167,11.40999984741211,11.75,0,0.1883905827116878,0.18839058271168785,0.0354910116544493,0.18839058271168785,0.20892008656234676,0.6091341372037334,0.4468351137352256
2017-09-06,11.630000114440918,11.630000114440918,12.59000015258789,11.350000381469728,12.270000457763672,0,-0.0503039358987869,-0.0503039358987869,0.0025304859669092613,0.0503039358987869,0.21233915032505163,0.6111255855713769,0.44990712211150574
2017-09-07,11.550000190734863,11.550000190734863,12.06999969482422,11.31999969482422,11.93000030517578,0,-0.0069025228890775,-0.006902522889077556,4.764482223423957e-05,0.006902522889077556,0.20828036860322455,0.6031434816613542,0.43679025496663265
2017-09-08,12.119999885559082,12.119999885559082,12.600000381469728,11.84000015258789,11.869999885559082,0,0.048171517717205,0.04817151771720507,0.002320495119179002,0.04817151771720507,0.205819782891283,0.6049113795573143,0.4315683397742426
2017-09-11,10.729999542236328,10.729999542236328,11.390000343322754,10.510000228881836,11.380000114440918,0,-0.1218134572182805,-0.12181345721828052,0.014838518359469859,0.12181345721828052,0.23500671463224554,0.49587399019203154,0.3846554421235903
2017-09-12,10.579999923706056,10.579999923706056,10.949999809265137,10.289999961853027,10.65999984741211,0,-0.0140780947615626,-0.014078094761562632,0.00019819275211553722,0.014078094761562632,0.14119255299026195,0.49493454318716756,0.3718297745719694
2017-09-13,10.5,10.5,10.859999656677246,10.329999923706056,10.720000267028809,0,-0.0075901620555276,-0.0075901620555276494,5.761056002917171e-05,0.0075901620555276494,0.13214560761912536,0.4386007940128368,0.361589896562033
2017-09-14,10.4399995803833,10.4399995803833,11.039999961853027,10.279999732971191,10.56999969482422,0,-0.0057307149021559,-0.005730714902155931,3.284109328979206e-05,0.005730714902155931,0.1320895827992631,0.4379920273083361,0.36114791802507196
2017-09-15,10.170000076293944,10.170000076293944,10.739999771118164,10.0,10.510000228881836,0,-0.0262023246989899,-0.02620232469899042,0.0006865618196313235,0.02620232469899042,0.1257526325153303,0.43804896026891005,0.3577928503867433
2017-09-18,10.149999618530272,10.149999618530272,10.420000076293944,9.880000114440918,10.18000030517578,0,-0.0019685496577603,-0.0019685496577599437,3.8751877550667914e-06,0.0019685496577599437,0.0312902766497984,0.3360010212062639,0.30636956641375346
2017-09-19,10.18000030517578,10.18000030517578,10.300000190734863,9.850000381469728,10.15999984741211,0,0.0029513731957795,0.0029513731957795386,8.710603740765928e-06,0.0029513731957795386,0.028099808975260807,0.32466205871904164,0.28658067305982343
2017-09-20,9.779999732971191,9.779999732971191,10.670000076293944,9.670000076293944,10.039999961853027,0,-0.0400855843571843,-0.040085584357184345,0.0016068540732569422,0.040085584357184345,0.0483615836969171,0.31769228043791997,0.2835600725366649
2017-09-21,9.670000076293944,9.670000076293944,10.210000038146973,9.539999961853027,9.739999771118164,0,-0.0113111393882072,-0.01131113938820727,0.00012794187425945393,0.01131113938820727,0.04933501351619942,0.28014981983494913,0.27544220658004614
2017-09-22,9.59000015258789,9.59000015258789,10.199999809265137,9.5,9.899999618530272,0,-0.0083074125484663,-0.008307412548466342,6.901310325041604e-05,0.008307412548466342,0.04261918396992923,0.26968500043124405,0.27216297081117885
2017-09-25,10.210000038146973,10.210000038146973,11.210000038146973,9.789999961853027,10.079999923706056,0,0.0626467311063176,0.06264673110631769,0.003924612918307272,0.06264673110631769,0.07574386161805376,0.27686087180950253,0.27695719365915283
2017-09-26,10.170000076293944,10.170000076293944,10.68000030517578,9.9399995803833,10.420000076293944,0,-0.0039254183504788,-0.003925418350479326,1.5408909226279833e-05,0.003925418350479326,0.07578806554003335,0.2648186173245941,0.2716866748599444
2017-09-27,9.869999885559082,9.869999885559082,10.420000076293944,9.630000114440918,9.899999618530272,0,-0.0299423757117658,-0.02994237571176539,0.0008965458632645179,0.02994237571176539,0.07094732319339446,0.26648248646981915,0.2720347504477889
2017-09-28,9.550000190734863,9.550000190734863,10.130000114440918,9.550000190734863,9.739999771118164,0,-0.03295866738569,-0.03295866738569009,0.0010862737558405514,0.03295866738569009,0.07740707041277989,0.26647516877865945,0.23960320700059004
2017-09-29,9.510000228881836,9.510000228881836,9.829999923706056,9.359999656677246,9.59000015258789,0,-0.0041972738400861,-0.004197273840086169,1.761710768867169e-05,0.004197273840086169,0.0770743702817436,0.26319533629188735,0.23541332894455322
2017-10-02,9.449999809265137,9.449999809265137,10.039999961853027,9.369999885559082,9.59000015258789,0,-0.006329179302722,-0.006329179302722032,4.005851064600495e-05,0.006329179302722032,0.045342079205370076,0.25685096753017395,0.23395219131644096
2017-10-03,9.510000228881836,9.510000228881836,9.75,9.300000190734863,9.300000190734863,0,0.006329179302722,0.006329179302722032,4.005851064600495e-05,0.006329179302722032,0.04561308746495657,0.25306191448969445,0.23424950726757335
2017-10-04,9.630000114440918,9.630000114440918,9.880000114440918,9.529999732971191,9.529999732971191,0,0.0125393370690365,0.012539337069036538,0.00015723497413091384,0.012539337069036538,0.036622982660512164,0.1694300914385371,0.19902508097737592
2017-10-05,9.1899995803833,9.1899995803833,9.619999885559082,9.130000114440918,9.479999542236328,0,-0.0467673469863729,-0.04676734698637297,0.002187184744143809,0.04676734698637297,0.049418153013396124,0.16841393844366206,0.19162270988017605
2017-10-06,9.649999618530272,9.649999618530272,10.270000457763672,9.109999656677246,9.229999542236328,0,0.0488419851128991,0.04884198511289872,0.0023855395097686204,0.04884198511289872,0.06935471324528263,0.1752174344910916,0.20103737278081066
2017-10-09,10.329999923706056,10.329999923706056,10.529999732971191,9.880000114440918,9.920000076293944,0,0.0680943999255272,0.06809439992552768,0.004636847301217705,0.06809439992552768,0.09698899442672392,0.18170718624115745,0.20120703554347366
2017-10-10,10.079999923706056,10.079999923706056,10.65999984741211,9.9399995803833,10.149999618530272,0,-0.0244990206715005,-0.02449902067150056,0.0006002020138626118,0.02449902067150056,0.09983490643619439,0.13703716717033898,0.19979028988050893
2017-10-11,9.850000381469728,9.850000381469728,10.380000114440918,9.720000267028809,9.949999809265137,0,-0.0230817611624911,-0.02308176116249072,0.000532767698362265,0.02308176116249072,0.10169828546910238,0.1382525230595021,0.2001970907612367
2017-10-12,9.90999984741211,9.90999984741211,10.329999923706056,9.649999618530272,9.9399995803833,0,0.0060728390326434,0.006072839032642996,3.687937391639232e-05,0.006072839032642996,0.0905109711423296,0.13817752692172985,0.20210975467493678
2017-10-13,9.609999656677246,9.609999656677246,9.979999542236328,9.4399995803833,9.949999809265137,0,-0.0307401456879032,-0.030740145687903286,0.000944956556913519,0.030740145687903286,0.0821684425084991,0.14143954330324002,0.20032369651708098
2017-10-16,9.90999984741211,9.90999984741211,10.020000457763672,9.75,9.949999809265137,0,0.0307401456879032,0.030740145687903286,0.000944956556913519,0.030740145687903286,0.055315117282424116,0.1423500584724548,0.1963683227546206
2017-10-17,10.3100004196167,10.3100004196167,10.460000038146973,9.779999732971191,9.850000381469728,0,0.0395700057843071,0.03957000578430714,0.0015657853577701003,0.03957000578430714,0.06344561091104588,0.14773438772718536,0.1979111770071414
2017-10-18,10.06999969482422,10.06999969482422,10.40999984741211,9.869999885559082,10.34000015258789,0,-0.0235536623038079,-0.02355366230380751,0.0005547750079218029,0.02355366230380751,0.06361880895957862,0.14957109921808884,0.19867670088462122
2017-10-19,10.050000190734863,10.050000190734863,11.770000457763672,9.989999771118164,10.220000267028809,0,-0.0019880229413522,-0.001988022941352696,3.952235215344626e-06,0.001988022941352696,0.06335949585290522,0.1441131912187978,0.2137210712944615
2017-10-20,9.970000267028809,9.970000267028809,10.039999961853027,9.289999961853027,9.920000076293944,0,-0.007992042726701,-0.007992042726701065,6.387274694541539e-05,0.007992042726701065,0.055976261975646514,0.14389073200158423,0.21491663029698083
2017-10-23,11.06999969482422,11.06999969482422,11.079999923706056,9.9399995803833,10.25,0,0.1046581083957467,0.10465810839574718,0.010953319652975968,0.10465810839574718,0.1146372757912044,0.1777325218008153,0.22049461752342364
2017-10-24,11.15999984741211,11.15999984741211,11.15999984741211,10.390000343322754,10.890000343322754,0,0.0080972241276908,0.008097224127690428,6.5565038574052e-05,0.008097224127690428,0.10789571206323545,0.1665226754107202,0.2093911619313443
2017-10-25,11.229999542236328,11.229999542236328,13.199999809265137,10.989999771118164,11.34000015258789,0,0.0062527847073652,0.006252784707365233,3.9097316596660524e-05,0.006252784707365233,0.105478940980214,0.16659378689889504,0.23258142533474713
2017-10-26,11.300000190734863,11.300000190734863,11.8100004196167,10.600000381469728,11.170000076293944,0,0.0062140146097062,0.006214014609706275,3.861397756964304e-05,0.006214014609706275,0.10564311966551237,0.16399865227379026,0.2367829485747332
2017-10-27,9.800000190734863,9.800000190734863,11.119999885559082,9.739999771118164,11.119999885559082,0,-0.1424203374582191,-0.14242033745821914,0.020283552521713016,0.14242033745821914,0.17714442838381728,0.214692423512084,0.24727481317156721
2017-10-30,10.5,10.5,10.890000343322754,10.100000381469728,10.279999732971191,0,0.0689928520242104,0.06899285202421046,0.004760013630434602,0.06899285202421046,0.15870363097575305,0.22546670094769644,0.2496490502028087
2017-10-31,10.18000030517578,10.18000030517578,10.369999885559082,9.899999618530272,10.34000015258789,0,-0.0309502160631267,-0.030950216063126756,0.0009579158743542295,0.030950216063126756,0.16149053631921648,0.2274930561576467,0.24775030947716092
2017-11-01,10.199999809265137,10.199999809265137,10.489999771118164,9.739999771118164,9.789999961853027,0,0.0019626604903781,0.0019626604903781875,3.852036200491547e-06,0.0019626604903781875,0.1613813745147562,0.22741346513674313,0.25011923348093457
2017-11-02,9.93000030517578,9.93000030517578,10.890000343322754,9.670000076293944,10.4399995803833,0,-0.0268271928009409,-0.02682719280094137,0.0007196982735788804,0.02682719280094137,0.16347792614381076,0.22864677435937872,0.25919531067153917
2017-11-03,9.140000343322754,9.140000343322754,9.90999984741211,8.989999771118164,9.829999923706056,0,-0.0829000857610657,-0.08290008576106533,0.006872424219191988,0.08290008576106533,0.1153858918315416,0.23867255162669382,0.26385660992072607
2017-11-06,9.399999618530272,9.399999618530272,9.739999771118164,9.380000114440918,9.630000114440918,0,0.0280492256653492,0.028049225665348843,0.0007867590604256642,0.028049225665348843,0.09664703546281843,0.2352993974719312,0.2548544197232544
2017-11-07,9.890000343322754,9.890000343322754,10.3100004196167,9.289999961853027,9.3100004196167,0,0.0508145316546793,0.05081453165467975,0.0025821166272844503,0.05081453165467975,0.10471318072086963,0.23089191362349745,0.25961662930025375
2017-11-08,9.779999732971191,9.779999732971191,10.270000457763672,9.5,9.789999961853027,0,-0.0111847236055844,-0.011184723605584423,0.00012509804213331742,0.011184723605584423,0.10529053244529789,0.22986076612808745,0.26043742494191296
2017-11-09,10.5,10.5,12.1899995803833,9.789999961853027,9.9399995803833,0,0.0710358004203111,0.0710358004203111,0.005046084941354271,0.0710358004203111,0.12414702127070838,0.23947711591712334,0.28915312280109184
2017-11-10,11.289999961853027,11.289999961853027,11.579999923706056,10.5,10.779999732971191,0,0.0725421176192648,0.07254211761926488,0.00526235882868726,0.07254211761926488,0.11748369035693845,0.2501494923096071,0.2922229999005878
2017-11-13,11.5,11.5,12.18000030517578,11.0,11.43000030517578,0,0.0184296605864617,0.018429660586461782,0.00033965238933218283,0.018429660586461782,0.1155651800015537,0.24893666731755862,0.2966872401267592
2017-11-14,11.59000015258789,11.59000015258789,12.609999656677246,11.449999809265137,11.529999732971191,0,0.007795635147934,0.007795635147934021,6.077192735970429e-05,0.007795635147934021,0.10408633978033219,0.24715436412416236,0.3018491548503113
2017-11-15,13.130000114440918,13.130000114440918,14.510000228881836,12.329999923706056,12.520000457763672,0,0.1247570265135538,0.1247570265135538,0.015564315664503567,0.1247570265135538,0.16209004827945797,0.27401425147672975,0.3147106782498584
2017-11-16,11.760000228881836,11.760000228881836,12.520000457763672,11.380000114440918,12.470000267028809,0,-0.11019573509747,-0.11019573509747005,0.012143100033671793,0.11019573509747005,0.18267511829352823,0.2944013162981825,0.31828730718992915
2017-11-17,11.43000030517578,11.43000030517578,12.010000228881836,11.15999984741211,11.75,0,-0.0284624574269596,-0.028462457426960075,0.0008101114827815147,0.028462457426960075,0.1700527903259714,0.2957672975257215,0.30586450812445465
2017-11-20,10.649999618530272,10.649999618530272,12.079999923706056,10.4399995803833,11.960000038146973,0,-0.0706816481695824,-0.07068164816958245,0.0049958953879686374,0.07068164816958245,0.18323262399552445,0.3039906526962497,0.31473376126009533
2017-11-21,9.729999542236328,9.729999542236328,10.779999732971191,9.670000076293944,10.739999771118164,0,-0.0903460071853934,-0.09034600718539298,0.00816240101434308,0.09034600718539298,0.20414657377303352,0.2993649917543115,0.3147449048986574
2017-11-22,9.880000114440918,9.880000114440918,9.880000114440918,9.31999969482422,9.600000381469728,0,0.015298674191579,0.015298674191579043,0.00023404943202008668,0.015298674191579043,0.16231314595800655,0.2996462625855778,0.31376567515526743
2017-11-24,9.670000076293944,9.670000076293944,9.960000038146973,8.5600004196167,9.81999969482422,0,-0.0214842059879063,-0.021484205987906346,0.0004615711069307909,0.021484205987906346,0.12109512138828772,0.30035038949839765,0.3075963535662506
2017-11-27,9.869999885559082,9.869999885559082,10.260000228881836,9.789999961853027,10.06999969482422,0,0.0204715244956066,0.02047152449560663,0.0004190833151742223,0.02047152449560663,0.11946966249402752,0.3009830988767372,0.30198418769297347
2017-11-28,10.029999732971191,10.029999732971191,10.3100004196167,9.529999732971191,9.720000267028809,0,0.0160807335002663,0.016080733500266398,0.00025858998990659,0.016080733500266398,0.09765088252737297,0.2656423597200517,0.29511717967939244
2017-11-29,10.699999809265137,10.699999809265137,10.93000030517578,9.8100004196167,9.90999984741211,0,0.06466314829134,0.06466314829134001,0.004181322746947829,0.06466314829134001,0.07452930021796493,0.26455088809934196,0.29877077574660954
2017-11-30,11.279999732971191,11.279999732971191,12.050000190734863,10.25,10.489999771118164,0,0.0527874987549736,0.05278749875497368,0.002786520024806348,0.05278749875497368,0.09003936463439649,0.2679846572932911,0.3129356116735536
2017-12-01,11.43000030517578,11.43000030517578,14.579999923706056,10.539999961853027,11.1899995803833,0,0.0132102821091164,0.013210282109116012,0.0001745115534024306,0.013210282109116012,0.08843092010285457,0.26830288120295054,0.3659463313946232
2017-12-04,11.68000030517578,11.68000030517578,11.859999656677246,10.260000228881836,11.050000190734863,0,0.0216364990218815,0.021636499021882027,0.0004681380899239019,0.021636499021882027,0.08870784860984472,0.26783367203947606,0.3693231469864908
2017-12-05,11.329999923706056,11.329999923706056,11.670000076293944,10.649999618530272,11.380000114440918,0,-0.0304239352220281,-0.03042393522202813,0.0009256158343941639,0.03042393522202813,0.09239106152369234,0.25649184683601894,0.36877210298541696
2017-12-06,11.020000457763672,11.020000457763672,11.68000030517578,10.859999656677246,11.630000114440918,0,-0.027742223041995,-0.02774222304199503,0.0007696309393117999,0.02774222304199503,0.07158502945336179,0.25645845545085455,0.370664770080137
2017-12-07,10.15999984741211,10.15999984741211,11.31999969482422,10.119999885559082,10.899999618530272,0,-0.0812534181322783,-0.08125341813227838,0.006602117958178865,0.08125341813227838,0.0945516492463838,0.26417975074394395,0.371493008200734
2017-12-08,9.579999923706056,9.579999923706056,10.0600004196167,9.43000030517578,10.0,0,-0.0587808431129506,-0.058780843112950176,0.003455187517069262,0.058780843112950176,0.11054723125830887,0.27040900535682666,0.37057363612202465
2017-12-11,9.34000015258789,9.34000015258789,10.079999923706056,9.279999732971191,9.739999771118164,0,-0.0253713154411072,-0.02537131544110771,0.0006437036472121906,0.02537131544110771,0.1113384744648781,0.2621424209927234,0.3499322562685808
2017-12-12,9.920000076293944,9.920000076293944,9.920000076293944,9.210000038146973,9.359999656677246,0,0.0602466604099189,0.06024666040991855,0.003629660090548047,0.06024666040991855,0.12288327857084623,0.2590095560897068,0.34782834688856923
2017-12-13,10.18000030517578,10.18000030517578,10.210000038146973,9.649999618530272,9.779999732971191,0,0.0258721121126472,0.025872112112647727,0.0006693661851694132,0.025872112112647727,0.1224746316515294,0.2596452655867698,0.34407433511589763
2017-12-14,10.489999771118164,10.489999771118164,10.539999961853027,9.779999732971191,9.979999542236328,0,0.0299973594888047,0.029997359488804776,0.0008998415763005859,0.029997359488804776,0.09642488795067136,0.26125606900235854,0.34212347891435285
2017-12-15,9.420000076293944,9.420000076293944,10.199999809265137,9.220000267028809,10.119999885559082,0,-0.1075873039017389,-0.10758730390173943,0.011575027960845237,0.10758730390173943,0.13197575330368644,0.2535063034461013,0.3334202503176873
2017-12-18,9.529999732971191,9.529999732971191,9.890000343322754,9.239999771118164,9.460000038146973,0,0.0116095929588819,0.01160959295888242,0.00013478264867093225,0.01160959295888242,0.13003337441416432,0.22859818131801907,0.3309812466474159
2017-12-19,10.029999732971191,10.029999732971191,10.149999618530272,9.18000030517578,9.399999618530272,0,0.0511358857045336,0.051135885704533646,0.0026148788067871286,0.051135885704533646,0.12607100054244563,0.23251214124408975,0.3335329821404991
2017-12-20,9.720000267028809,9.720000267028809,9.850000381469728,8.899999618530273,9.6899995803833,0,-0.0313949294063853,-0.03139492940638533,0.0009856415924319184,0.03139492940638533,0.12731917603030515,0.22372224303894064,0.32752995642035376
2017-12-21,9.619999885559082,9.619999885559082,9.859999656677246,9.199999809265137,9.59000015258789,0,-0.0103413931629772,-0.01034139316297722,0.00010694441255127198,0.01034139316297722,0.12416632160649085,0.20492970850655842,0.3236484725060575
2017-12-22,9.899999618530272,9.899999618530272,10.18000030517578,9.350000381469728,9.369999885559082,0,0.0286904658267781,0.028690465826778144,0.0008231428293575245,0.028690465826778144,0.06830366234543214,0.20636200916331582,0.3257747609902029
2017-12-26,10.25,10.25,10.460000038146973,10.130000114440918,10.1899995803833,0,0.0347429869761692,0.03474298697616929,0.0012070751440262687,0.03474298697616929,0.07574749358991453,0.20816047382492175,0.3134072458184015
2017-12-27,10.470000267028809,10.470000267028809,10.789999961853027,9.710000038146973,10.039999961853027,0,0.0212363448022121,0.021236344802212148,0.00045098234055844294,0.021236344802212148,0.059781153542947434,0.20823708096398236,0.31850064646392556
2017-12-28,10.18000030517578,10.18000030517578,10.4399995803833,10.06999969482422,10.289999961853027,0,-0.0280890092862784,-0.028089009286278444,0.0007889924426846366,0.028089009286278444,0.05811314110576174,0.2095067644282117,0.3157215491976269
2017-12-29,11.039999961853027,11.039999961853027,11.0600004196167,9.949999809265137,10.029999732971191,0,0.0810999962932568,0.08109999629325682,0.006577209398766269,0.08109999629325682,0.099234077591285,0.2151487183159515,0.31543476627164213
2018-01-02,9.770000457763672,9.770000457763672,11.06999969482422,9.520000457763672,10.949999809265137,0,-0.122208524484908,-0.12220852448490804,0.014934923456778368,0.12220852448490804,0.15478754078676363,0.2417382353393204,0.3134727537222825
2018-01-03,9.149999618530272,9.149999618530272,9.649999618530272,8.9399995803833,9.5600004196167,0,-0.0655626753119511,-0.06556267531195115,0.004298464394060329,0.06556267531195115,0.16447058105584741,0.2501226244577378,0.24979767168890507
2018-01-04,9.220000267028809,9.220000267028809,9.3100004196167,8.920000076293945,9.010000228881836,0,0.0076212289336634,0.00762122893366346,5.808313045930908e-05,0.00762122893366346,0.16327177595270084,0.24930156900060207,0.2355519453309286
2018-01-05,9.220000267028809,9.220000267028809,9.539999961853027,9.0,9.100000381469728,0,0.0,0.0,0.0,0.0,0.1608374346352997,0.2474381871736208,0.23171574255588964
2018-01-08,9.520000457763672,9.520000457763672,9.890000343322754,9.31999969482422,9.609999656677246,0,0.0320198303572802,0.03201983035728029,0.0010252695361090082,0.03201983035728029,0.14253680408023411,0.2479542197030835,0.23033030250685474
2018-01-09,10.079999923706056,10.079999923706056,10.09000015258789,9.369999885559082,9.40999984741211,0,0.0571583581866868,0.0571583581866868,0.003267077910597586,0.0571583581866868,0.09299943532745918,0.24113534585577398,0.22472174809639353
2018-01-10,9.81999969482422,9.81999969482422,10.850000381469728,9.81999969482422,10.109999656677246,0,-0.0261321637849683,-0.0261321637849683,0.0006828899840844087,0.0261321637849683,0.07094589883319784,0.23531671740018575,0.22930263246904767
2018-01-11,9.880000114440918,9.880000114440918,10.020000457763672,9.619999885559082,9.6899995803833,0,0.0060914320534548,0.006091432053454859,3.7105544461857284e-05,0.006091432053454859,0.07079790233653036,0.23402427093198802,0.2251933224290255
2018-01-12,10.15999984741211,10.15999984741211,10.3100004196167,9.539999961853027,9.739999771118164,0,0.0279459037889768,0.027945903788976878,0.0007809735385827522,0.027945903788976878,0.07611383917419777,0.22785669363282537,0.22560136002496842
2018-01-16,11.65999984741211,11.65999984741211,12.40999984741211,10.399999618530272,10.420000076293944,0,0.1377057407040638,0.13770574070406383,0.018962871022854863,0.13770574070406383,0.15404842745247838,0.2649758058219065,0.24700032230283311
2018-01-17,11.90999984741211,11.90999984741211,12.8100004196167,11.18000030517578,11.350000381469728,0,0.0212142027195567,0.021214202719556763,0.00045004239702644953,0.021214202719556763,0.1446163285628921,0.26412568692138705,0.25626143204619856
2018-01-18,12.220000267028809,12.220000267028809,12.399999618530272,11.619999885559082,12.010000228881836,0,0.0256956050397709,0.025695605039770975,0.0006602641183599035,0.025695605039770975,0.1445380801771141,0.24258527294378204,0.25201616485666317
2018-01-19,11.270000457763672,11.270000457763672,12.329999923706056,11.18000030517578,12.300000190734863,0,-0.0809296069256553,-0.08092960692565532,0.006549601277141077,0.08092960692565532,0.1655407875841029,0.25546513123649456,0.25554398218916585
2018-01-22,11.029999732971191,11.029999732971191,11.619999885559082,10.84000015258789,11.59000015258789,0,-0.0215255596134884,-0.021525559613488454,0.0004633497166738452,0.021525559613488454,0.16457863935534334,0.25121883724666444,0.25180368003136777
2018-01-23,11.100000381469728,11.100000381469728,11.56999969482422,10.760000228881836,10.770000457763672,0,0.0063263336288397,0.00632633362883972,4.0022497183388336e-05,0.00632633362883972,0.09035087164153255,0.24932967150405014,0.24818370698710865
2018-01-24,11.470000267028809,11.470000267028809,12.1899995803833,10.890000343322754,11.0,0,0.0327898117369773,0.03278981173697737,0.001075171753746419,0.03278981173697737,0.0937465165385075,0.2512638303328052,0.2538713798121348
2018-01-25,11.579999923706056,11.579999923706056,12.010000228881836,11.199999809265137,11.270000457763672,0,0.0095445111345182,0.009544511134518263,9.10976927969431e-05,0.009544511134518263,0.09066004046735088,0.24980285686307138,0.252191090884389
2018-01-26,11.079999923706056,11.079999923706056,11.600000381469728,11.079999923706056,11.399999618530272,0,-0.0441377911230227,-0.04413779112302274,0.0019481446052195851,0.04413779112302274,0.06014803625738922,0.2512817875576052,0.25295920230503277
2018-01-29,13.84000015258789,13.84000015258789,13.84000015258789,11.68000030517578,11.710000038146973,0,0.2224212867812571,0.22242128678125717,0.049471228813430246,0.22242128678125717,0.2294028451488268,0.33490712627684893,0.26525765036551685
2018-01-30,14.789999961853027,14.789999961853027,15.420000076293944,13.880000114440918,13.93000030517578,0,0.0663883129288076,0.06638831292880765,0.0044074080935332886,0.06638831292880765,0.23873217411720296,0.34026636460553356,0.2718176664089631
2018-01-31,13.539999961853027,13.539999961853027,14.4399995803833,13.40999984741211,14.229999542236328,0,-0.0883030094766925,-0.08830300947669256,0.007797421482640857,0.08830300947669256,0.25241889922828864,0.3420546900215527,0.26800294411992115
2018-02-01,13.470000267028809,13.470000267028809,14.300000190734863,12.5,13.050000190734863,0,-0.0051832544205381,-0.00518325442053813,2.6866126388028068e-05,0.00518325442053813,0.2522916350599283,0.3195205058135552,0.2648519127305053
2018-02-02,17.309999465942383,17.309999465942383,17.860000610351562,13.640000343322754,13.640000343322754,0,0.250819328089332,0.25081932808933205,0.06291033534318399,0.25081932808933205,0.3530060337433008,0.40088056149490936,0.3069966785999275
2018-02-05,37.31999969482422,37.31999969482422,38.79999923706055,16.799999237060547,18.440000534057617,0,0.7682450294663021,0.7682450294663021,0.5902004252996794,0.7682450294663021,0.8156852679467893,0.8665146085056465,0.5884626735966138
2018-02-06,29.979999542236328,29.979999542236328,50.29999923706055,22.420000076293945,37.31999969482422,0,-0.2189988903963877,-0.21899889039638776,0.04796051399484906,0.21899889039638776,0.8419593590231903,0.8937606395162762,0.7619479960869342
2018-02-07,27.729999542236328,27.729999542236328,31.63999938964844,21.170000076293945,31.3799991607666,0,-0.0780156342856823,-0.07801563428568237,0.006086439192997338,0.07801563428568237,0.8409426734071104,0.8965875586943147,0.7984565626192314
2018-02-08,33.459999084472656,33.459999084472656,36.16999816894531,24.40999984741211,27.290000915527344,0,0.1878358250770313,0.18783582507703134,0.03528229718236912,0.18783582507703134,0.8616495871368355,0.9142671763096403,0.8314620129662477
2018-02-09,29.059999465942383,29.059999465942383,41.060001373291016,27.729999542236328,32.18000030517578,0,-0.1409880284324525,-0.1409880284324525,0.019877624161270036,0.1409880284324525,0.8363057454251794,0.9247049279929185,0.8621544986414549
2018-02-12,25.61000061035156,25.61000061035156,29.700000762939453,24.420000076293945,27.25,0,-0.126379715720398,-0.12637971572039808,0.015971832545568634,0.12637971572039808,0.3538060303005791,0.9332812710300659,0.8697881017435563
2018-02-13,24.96999931335449,24.96999931335449,27.81999969482422,24.46999931335449,26.940000534057617,0,-0.0253078472511192,-0.02530784725111923,0.0006404871324859833,0.02530784725111923,0.2790316831735981,0.933206003221903,0.8719495240980252
2018-02-14,19.26000022888184,19.26000022888184,25.71999931335449,18.989999771118164,23.479999542236328,0,-0.259644658539091,-0.2596446585390906,0.06741534870788095,0.2596446585390906,0.3730785302447393,0.9588148528962328,0.8844354883858185
2018-02-15,19.1299991607666,19.1299991607666,20.65999984741211,17.600000381469727,18.38999938964844,0,-0.0067726786716266,-0.006772678671627119,4.586917638911288e-05,0.006772678671627119,0.32241458050713967,0.9586040626420207,0.8858968892063622
2018-02-16,19.459999084472656,19.459999084472656,20.989999771118164,17.440000534057617,18.739999771118164,0,0.017103290129087,0.017103290129087068,0.00029252253323972714,0.017103290129087068,0.2904583620685838,0.9584122324598465,0.8920046686045408
2018-02-20,20.600000381469727,20.600000381469727,21.61000061035156,19.75,20.530000686645508,0,0.056930064602251,0.05693006460225103,0.0032410322556164755,0.05693006460225103,0.2676476411359016,0.9566846075416613,0.8917042638883187
2018-02-21,20.020000457763672,20.020000457763672,21.040000915527344,16.969999313354492,20.76000022888184,0,-0.0285592975610904,-0.028559297561090435,0.0008156334771829061,0.028559297561090435,0.26797463713999,0.9568687068076015,0.9000355042094395
2018-02-22,18.71999931335449,18.71999931335449,20.61000061035156,18.06999969482422,20.56999969482422,0,-0.0671393623827287,-0.06713936238272922,0.004507693981159435,0.06713936238272922,0.09435439270954886,0.9592003928020607,0.9024428010431191
2018-02-23,16.489999771118164,16.489999771118164,18.799999237060547,16.469999313354492,17.959999084472656,0,-0.126838311678195,-0.1268383116781946,0.016087957309374835,0.1268383116781946,0.1579393540463348,0.9669944048996644,0.9033995537893796
2018-02-26,15.800000190734863,15.800000190734863,16.940000534057617,15.800000190734863,16.530000686645508,0,-0.0427441705867206,-0.04274417058672064,0.001827064119146674,0.04274417058672064,0.16272486331990094,0.9678915980282119,0.9033951506605389
2018-02-27,18.59000015258789,18.59000015258789,18.979999542236328,15.289999961853027,15.829999923706056,0,0.1626138578366673,0.16261385783666737,0.026443266760523866,0.16261385783666737,0.22289373173642146,0.980463802334849,0.912261389143716
2018-02-28,19.850000381469727,19.850000381469727,20.440000534057617,15.649999618530272,18.07999992370605,0,0.0655802164094021,0.06558021640940215,0.004300764784304019,0.06558021640940215,0.2305791555074069,0.9571514005943802,0.9206261185730333
2018-03-01,22.46999931335449,22.46999931335449,25.299999237060547,19.56999969482422,19.959999084472656,0,0.1239770292880972,0.12397702928809728,0.015370303791101731,0.12397702928809728,0.25304022756164923,0.9628612046174424,0.9313140795811728
2018-03-02,19.59000015258789,19.59000015258789,26.21999931335449,19.36000061035156,22.46999931335449,0,-0.1371618158933953,-0.13716181589339538,0.01881336373917369,0.13716181589339538,0.25836943161730663,0.9685647327948118,0.947920043137566
2018-03-05,18.729999542236328,18.729999542236328,21.56999969482422,17.940000534057617,21.549999237060547,0,-0.044892747729655,-0.044892747729655014,0.002015358798718445,0.044892747729655014,0.2587335654178287,0.9695907045172285,0.9509319843504568
2018-03-06,18.36000061035156,18.36000061035156,19.63999938964844,17.68000030517578,18.25,0,-0.0199520735799714,-0.01995207357997142,0.0003980852401405935,0.01995207357997142,0.2022322337151983,0.9367998100892058,0.9391758853174146
2018-03-07,17.760000228881836,17.760000228881836,20.489999771118164,17.520000457763672,20.11000061035156,0,-0.0332256679843787,-0.03322566798437876,0.0011039450130081716,0.03322566798437876,0.19416759920785637,0.5371195433946718,0.7988703327811134
2018-03-08,16.540000915527344,16.540000915527344,17.68000030517578,14.90999984741211,17.559999465942383,0,-0.0711670055036526,-0.07116700550365263,0.005064742672356923,0.07116700550365263,0.1655158465627927,0.4955821148649421,0.6427796017610367
2018-03-09,14.640000343322754,14.640000343322754,16.75,13.3100004196167,16.40999984741211,0,-0.1220242129636886,-0.1220242129636886,0.014889908549407627,0.1220242129636886,0.15320587545401732,0.5043858661088938,0.6115445278521908
2018-03-12,15.779999732971191,15.779999732971191,16.350000381469727,15.18000030517578,15.279999732971191,0,0.0749857665115771,0.07498576651157718,0.005622865179328769,0.07498576651157718,0.16455864199197257,0.47407348578820413,0.5658640629466871
2018-03-13,16.350000381469727,16.350000381469727,16.979999542236328,15.029999732971191,15.699999809265137,0,0.0354846221789935,0.03548462217899351,0.001259158411185918,0.03548462217899351,0.1671544789267925,0.4540123392346231,0.5196150018787073
2018-03-14,17.229999542236328,17.229999542236328,17.59000015258789,14.9399995803833,16.59000015258789,0,0.0524241032972665,0.052424103297266544,0.002748286606522473,0.052424103297266544,0.17200279479939218,0.43920798972496883,0.5155549204407004
2018-03-15,16.59000015258789,16.59000015258789,17.40999984741211,15.960000038146973,16.989999771118164,0,-0.0378519105720749,-0.03785191057207493,0.0014327671339563579,0.03785191057207493,0.16109930440694414,0.44010900722402707,0.512432008710288
2018-03-16,15.800000190734863,15.800000190734863,16.719999313354492,15.229999542236328,16.600000381469727,0,-0.0487901612951873,-0.04879016129518732,0.0023804798392103948,0.04879016129518732,0.11594635470856347,0.3586935591435232,0.4822216750079294
2018-03-19,19.020000457763672,19.020000457763672,21.8700008392334,16.559999465942383,16.6299991607666,0,0.1854811290799864,0.18548112907998648,0.034403249244786605,0.18548112907998648,0.205484649635105,0.40375543270579733,0.5011679478483949
2018-03-20,18.200000762939453,18.200000762939453,19.309999465942383,18.09000015258789,18.3799991607666,0,-0.0440694451822358,-0.04406944518223588,0.0019421159986700931,0.04406944518223588,0.2071398050186058,0.4057931035698808,0.49022866181587904
2018-03-21,17.860000610351562,17.860000610351562,18.3700008392334,16.260000228881836,17.760000228881836,0,-0.0188580263799269,-0.01885802637992695,0.00035562515894602077,0.01885802637992695,0.2012814879107604,0.40222212247489014,0.49271871156320884
2018-03-22,23.34000015258789,23.34000015258789,23.809999465942383,18.1200008392334,18.1299991607666,0,0.2676050237734513,0.2676050237734513,0.07161244874878944,0.2676050237734513,0.33270695663061006,0.48226491794428933,0.5029922231414092
2018-03-23,24.8700008392334,24.8700008392334,26.01000022888184,21.6299991607666,24.020000457763672,0,0.0634936581640985,0.06349365816409858,0.004031444627059402,0.06349365816409858,0.3351788832522891,0.4817709017009143,0.5089461725405502
2018-03-26,21.030000686645508,21.030000686645508,24.540000915527344,20.709999084472656,23.40999984741211,0,-0.1677122691947525,-0.16771226919475257,0.028127405238453154,0.16771226919475257,0.3256824216501686,0.4941079332036578,0.5129297207974689
2018-03-27,22.5,22.5,24.059999465942383,19.84000015258789,20.32999992370605,0,0.0675652868450051,0.06756528684500518,0.00456506798644783,0.06756528684500518,0.3296846853581403,0.4968708620175785,0.5241758059637217
2018-03-28,22.8700008392334,22.8700008392334,24.940000534057617,21.709999084472656,22.520000457763672,0,0.0163107355201348,0.016310735520134845,0.0002660400932077885,0.016310735520134845,0.3295487925845848,0.4697908330893393,0.5146281201406386
2018-03-29,19.96999931335449,19.96999931335449,23.049999237060547,19.600000381469727,22.8700008392334,0,-0.1355949316866369,-0.1355949316866374,0.01838598549910386,0.1355949316866374,0.23532093711412957,0.4845499433181014,0.49860511331656
2018-04-02,23.6200008392334,23.6200008392334,25.71999931335449,20.440000534057617,21.06999969482422,0,0.1678627332559701,0.16786273325597056,0.028177897216165124,0.16786273325597056,0.2819971560732091,0.4975904349911066,0.4938249710206244
2018-04-03,21.100000381469727,21.100000381469727,23.3799991607666,20.920000076293945,23.030000686645508,0,-0.1128207877386877,-0.11282078773868776,0.012728530145978037,0.11282078773868776,0.2532262248285172,0.49143810129195625,0.4638312088217429
2018-04-04,20.059999465942383,20.059999465942383,24.51000022888184,19.86000061035156,21.68000030517578,0,-0.0505453026503772,-0.050545302650377266,0.002554827620018235,0.050545302650377266,0.24922536101784093,0.49198666264721325,0.4678192245826219
2018-04-05,18.940000534057617,18.940000534057617,20.209999084472656,18.56999969482422,19.76000022888184,0,-0.0574516399555053,-0.057451639955505396,0.003300690933577024,0.057451639955505396,0.2552409281734463,0.4949277542391205,0.46631691643829926
2018-04-06,21.489999771118164,21.489999771118164,23.1200008392334,18.600000381469727,20.32999992370605,0,0.1263115840485267,0.12631158404852671,0.015954616264848027,0.12631158404852671,0.250432749816366,0.5097098715622634,0.4750526336010831
2018-04-09,21.770000457763672,21.770000457763672,22.020000457763672,20.34000015258789,21.270000457763672,0,0.0129451962699271,0.012945196269927184,0.00016757810646693668,0.012945196269927184,0.18629611662857698,0.5048831435115745,0.4663408736914234
2018-04-10,20.46999931335449,20.46999931335449,21.68000030517578,20.239999771118164,20.51000022888184,0,-0.0615725301445193,-0.0615725301445198,0.0037911764683977995,0.0615725301445198,0.16052691174163952,0.4937694366008485,0.4473447952780506
2018-04-11,20.239999771118164,20.239999771118164,21.65999984741211,19.63999938964844,20.950000762939453,0,-0.0112995330183327,-0.011299533018332308,0.00012767944643238204,0.011299533018332308,0.15278004195483869,0.48817319753159627,0.4489830369746444
2018-04-12,18.489999771118164,18.489999771118164,19.920000076293945,18.15999984741211,19.82999992370605,0,-0.0904308000905222,-0.09043080009052229,0.008177729605012006,0.09043080009052229,0.1679844632433525,0.4952086852853542,0.4464356234064686
2018-04-13,17.40999984741211,17.40999984741211,18.450000762939453,17.260000228881836,18.270000457763672,0,-0.0601852880046354,-0.06018528800463541,0.0036222688922009105,0.06018528800463541,0.12604139208414883,0.49609033881716286,0.437368686747167
2018-04-16,16.559999465942383,16.559999465942383,17.65999984741211,16.3799991607666,17.59000015258789,0,-0.0500546283084588,-0.05005462830845886,0.002505465815097971,0.05005462830845886,0.13499748229926795,0.4971703158364033,0.43658429804971094
2018-04-17,15.25,15.25,16.270000457763672,14.56999969482422,16.15999984741211,0,-0.0824106136538365,-0.0824106136538365,0.006791509242801904,0.0824106136538365,0.14568683194285362,0.5015868343093353,0.43801400689326947
2018-04-18,15.600000381469728,15.600000381469728,16.899999618530273,14.949999809265137,15.300000190734863,0,0.0226914356552581,0.022691435655258108,0.0005149012520967189,0.022691435655258108,0.14700977793061795,0.4665844021822533,0.4115557560836574
2018-04-19,15.960000038146973,15.960000038146973,16.920000076293945,15.15999984741211,15.550000190734863,0,0.0228146557031454,0.022814655703145448,0.0005205085148530671,0.022814655703145448,0.11812981722262449,0.4650584875861892,0.41496150388205144
2018-04-20,16.8799991607666,16.8799991607666,17.5,15.1899995803833,16.15999984741211,0,0.0560438450383671,0.056043845038367124,0.003140912566684507,0.056043845038367124,0.11607453377694121,0.46804346409675684,0.4171951835088623
2018-04-23,16.34000015258789,16.34000015258789,17.559999465942383,15.789999961853027,17.290000915527344,0,-0.0325133406800302,-0.0325133406800302,0.0010571173221757067,0.0325133406800302,0.1096583279947857,0.38536911248448336,0.38887658431502914
2018-04-24,18.020000457763672,18.020000457763672,19.65999984741211,15.369999885559082,16.15999984741211,0,0.0978661788131196,0.09786617881311965,0.00957778895548151,0.09786617881311965,0.12170139116415887,0.3924992957770759,0.40102038267516604
2018-04-25,17.84000015258789,17.84000015258789,19.84000015258789,17.75,18.13999938964844,0,-0.0100391418782845,-0.010039141878284585,0.00010078436965232736,0.010039141878284585,0.1199879649333516,0.3550057412447011,0.3935749054647894
2018-04-26,16.239999771118164,16.239999771118164,18.1200008392334,16.239999771118164,18.06999969482422,0,-0.0939658150651734,-0.09396581506517343,0.008829574400862374,0.09396581506517343,0.15068569147353214,0.36096202394589133,0.38185719240094806
2018-04-27,15.40999984741211,15.40999984741211,16.770000457763672,15.25,16.219999313354492,0,-0.052460681209673,-0.052460681209673066,0.0027521230729829448,0.052460681209673066,0.1493900536219027,0.364389442370233,0.3770043677937507
2018-04-30,15.93000030517578,15.93000030517578,16.350000381469727,15.130000114440918,15.3100004196167,0,0.0331875036491071,0.03318750364910672,0.001101410398459472,0.03318750364910672,0.1495382265423752,0.33984568646702723,0.3671782356349152
2018-05-01,15.489999771118164,15.489999771118164,16.81999969482422,15.420000076293944,16.0,0,-0.0280095034265825,-0.02800950342658215,0.0007845322822037172,0.02800950342658215,0.11648358049167673,0.2968193485544424,0.3442403011891612
2018-05-02,15.970000267028809,15.970000267028809,15.970000267028809,14.75,15.479999542236328,0,0.0305173392948985,0.030517339294898527,0.0009313079976399577,0.030517339294898527,0.11999561722058254,0.2762326981512969,0.34105900232856523
2018-05-03,15.899999618530272,15.899999618530272,18.65999984741211,15.43000030517578,15.779999732971191,0,-0.0043928937131938,-0.004392893713193846,1.9297515175418017e-05,0.004392893713193846,0.07475741613018475,0.2716044429369716,0.33673225461727346
2018-05-04,14.770000457763672,14.770000457763672,16.920000076293945,10.90999984741211,15.9399995803833,0,-0.0737209576982897,-0.07372095769828979,0.005434779603953032,0.07372095769828979,0.09094684050274476,0.27550510357065744,0.4245664922376385
2018-05-07,14.75,14.75,15.270000457763672,14.510000228881836,15.050000190734863,0,-0.0013550447502601,-0.0013550447502601592,1.8361462752076174e-06,0.0013550447502601592,0.0846862063458237,0.2448474667520697,0.40512823696681705
2018-05-08,14.710000038146973,14.710000038146973,15.5600004196167,14.520000457763672,14.529999732971191,0,-0.0027155455792149,-0.0027155455792149397,7.374187792793802e-06,0.0027155455792149397,0.07996621443357506,0.24452009744851594,0.4044542314689739
2018-05-09,13.420000076293944,13.420000076293944,14.630000114440918,13.380000114440918,14.539999961853027,0,-0.0917813999779855,-0.09178139997798596,0.008423825381919041,0.09178139997798596,0.11784359479885019,0.25381632526248776,0.40590212969855705
2018-05-10,13.229999542236328,13.229999542236328,13.630000114440918,12.920000076293944,13.359999656677246,0,-0.0142591937021934,-0.014259193702192974,0.00020332460503665978,0.014259193702192974,0.11862183578488757,0.25396529709461735,0.40290443035352214
2018-05-11,12.649999618530272,12.649999618530272,13.4399995803833,12.649999618530272,13.220000267028809,0,-0.0448297585086159,-0.044829758508615924,0.002009707247940822,0.044829758508615924,0.10317978275304045,0.2415167691306052,0.4007110427441603
2018-05-14,12.93000030517578,12.93000030517578,13.279999732971191,12.8100004196167,13.09000015258789,0,0.0218930313680951,0.021893031368095173,0.00047930482248439917,0.021893031368095173,0.1054681764570423,0.23491995594578496,0.39929230447736136
2018-05-15,14.630000114440918,14.630000114440918,15.010000228881836,12.5,13.130000114440918,0,0.1235240064684641,0.12352400646846418,0.015258180174021179,0.12352400646846418,0.16240179257447312,0.26065321801292374,0.411666744197932
2018-05-16,13.420000076293944,13.420000076293944,14.90999984741211,13.210000038146973,14.380000114440918,0,-0.08632808562575,-0.08632808562575045,0.007452538367806901,0.08632808562575045,0.15938335928599967,0.2619181726904373,0.4127500005095451
2018-05-17,13.43000030517578,13.43000030517578,13.859999656677246,12.649999618530272,13.539999961853027,0,0.000744896029956,0.0007448960299560881,5.548700954443412e-07,0.0007448960299560881,0.15874597784620825,0.2609344415815905,0.4098181328021462
2018-05-18,13.420000076293944,13.420000076293944,13.869999885559082,13.0600004196167,13.18000030517578,0,-0.000744896029956,-0.0007448960299560881,5.548700954443412e-07,0.0007448960299560881,0.1522863523251623,0.25993620209339613,0.4060858581123147
2018-05-21,13.079999923706056,13.079999923706056,13.59000015258789,12.779999732971191,12.989999771118164,0,-0.0256617970324462,-0.025661797032445754,0.0006585278269344417,0.025661797032445754,0.15287366061213262,0.25511653105784576,0.3987979404910222
2018-05-22,13.220000267028809,13.220000267028809,13.420000076293944,12.770000457763672,13.029999732971191,0,0.0106465144262086,0.010646514426208675,0.00011334826942746944,0.010646514426208675,0.09069467572222638,0.2532600943027554,0.3947877812148753
2018-05-23,12.579999923706056,12.579999923706056,14.600000381469728,12.489999771118164,13.5,0,-0.049622609414798,-0.04962260941479757,0.0024624033651335564,0.04962260941479757,0.05688048172867786,0.2387996854602045,0.37787404132752844
2018-05-24,12.529999732971191,12.529999732971191,14.239999771118164,12.529999732971191,12.729999542236328,0,-0.003982497610774,-0.003982497610774516,1.5860287219824727e-05,0.003982497610774516,0.057014863139455446,0.2386218047317975,0.379766300332625
2018-05-25,13.220000267028809,13.220000267028809,13.520000457763672,12.289999961853027,12.4399995803833,0,0.053605107025572,0.053605107025572085,0.002873507499223038,0.053605107025572085,0.07825373631935047,0.22579703007750293,0.3783863798571982
2018-05-29,17.020000457763672,17.020000457763672,18.780000686645508,14.390000343322754,14.390000343322754,0,0.2526582954184699,0.25265829541846996,0.06383621424376684,0.25265829541846996,0.2632514646963447,0.3347661720703044,0.4068044852347067
2018-05-30,14.9399995803833,14.9399995803833,16.639999389648438,14.649999618530272,16.600000381469727,0,-0.1303469984229837,-0.1303469984229837,0.016990339997881312,0.1303469984229837,0.29356145079561224,0.35771122370150266,0.411305306965305
2018-05-31,15.43000030517578,15.43000030517578,16.290000915527344,14.199999809265137,14.93000030517578,0,0.0322715345352726,0.03227153453527265,0.0010414519412612953,0.03227153453527265,0.29113119717638025,0.3580701596350694,0.4162310568751323
2018-06-01,13.460000038146973,13.460000038146973,14.93000030517578,13.369999885559082,14.920000076293944,0,-0.1365913591024692,-0.13659135910246922,0.018657199381459703,0.13659135910246922,0.3215567027191196,0.38202111277376255,0.41876393420934255
2018-06-04,12.739999771118164,12.739999771118164,13.90999984741211,12.6899995803833,13.90999984741211,0,-0.0549756948722706,-0.05497569487227061,0.003022327026689001,0.05497569487227061,0.3217880243126805,0.38593154848550204,0.4066602880861247
2018-06-05,12.399999618530272,12.399999618530272,13.34000015258789,12.300000190734863,12.90999984741211,0,-0.0270501903311068,-0.027050190331106894,0.0007317127969491088,0.027050190331106894,0.20110452790586422,0.3797895381779407,0.31352424114234834
2018-06-06,11.640000343322754,11.640000343322754,12.5600004196167,11.619999885559082,12.100000381469728,0,-0.0632489700489298,-0.06324897004892982,0.004000432212250421,0.06324897004892982,0.1656898408430934,0.3850177779991317,0.3154994922083104
2018-06-07,12.130000114440918,12.130000114440918,13.279999732971191,11.220000267028809,11.65999984741211,0,0.0412342605921214,0.04123426059212143,0.0017002642465789783,0.04123426059212143,0.16766614346351297,0.38720999397507144,0.3287274631219373
2018-06-08,12.18000030517578,12.18000030517578,13.3100004196167,12.09000015258789,12.539999961853027,0,0.004113554946739,0.004113554946738596,1.692133429983757e-05,0.004113554946738596,0.09732244148585384,0.37619765467976496,0.3294209622104751
2018-06-11,12.350000381469728,12.350000381469728,12.6899995803833,12.140000343322754,12.520000457763672,0,0.0138608066249892,0.013860806624989674,0.00019212196029535765,0.013860806624989674,0.08149510752415633,0.3761827650781125,0.3289286328545117
2018-06-12,12.34000015258789,12.34000015258789,12.600000381469728,11.880000114440918,12.289999961853027,0,-0.0008100631196739,-0.0008100631196739094,6.562022578558265e-07,0.0008100631196739094,0.07687909960244428,0.37350290721242235,0.3288148493071863
2018-06-13,12.9399995803833,12.9399995803833,12.949999809265137,11.979999542236328,12.130000114440918,0,0.0474772258023299,0.047477225802329936,0.0022540869698854235,0.047477225802329936,0.06452945616784284,0.3758712596668338,0.3314170003774556
2018-06-14,12.119999885559082,12.119999885559082,13.06999969482422,11.880000114440918,12.979999542236328,0,-0.0654662854460306,-0.06546628544603061,0.00428583453010116,0.06546628544603061,0.08215607705361626,0.36098041248745394,0.31787907345358035
2018-06-15,11.979999542236328,11.979999542236328,13.15999984741211,11.93000030517578,12.1899995803833,0,-0.0116184167222028,-0.011618416722202873,0.00013498760713076335,0.011618416722202873,0.08287151060328668,0.35069831399500095,0.3150146291314547
2018-06-18,12.3100004196167,12.3100004196167,13.739999771118164,12.279999732971191,12.789999961853027,0,0.0271734198071813,0.027173419807181354,0.0007383947440173159,0.027173419807181354,0.08610435560058861,0.3517486990919201,0.317452710537498
2018-06-19,13.350000381469728,13.350000381469728,14.68000030517578,13.210000038146973,14.609999656677246,0,0.0811044391369426,0.08110443913694265,0.006577930047718035,0.08110443913694265,0.11828454632306282,0.36097717724321676,0.32169169955611876
2018-06-20,12.789999961853027,12.789999961853027,13.020000457763672,12.25,12.899999618530272,0,-0.042852800812581,-0.04285280081258103,0.0018363625374827452,0.04285280081258103,0.11650540531001176,0.36260496025430905,0.3216579296776247
2018-06-21,14.640000343322754,14.640000343322754,15.18000030517578,12.18000030517578,12.539999961853027,0,0.1350939193759845,0.13509391937598458,0.018250367052365022,0.13509391937598458,0.16594590078912458,0.3868066390122675,0.346497553249366
2018-06-22,13.770000457763672,13.770000457763672,14.600000381469728,13.109999656677246,14.600000381469728,0,-0.0612651860000608,-0.06126518600006081,0.003753423015622047,0.06126518600006081,0.17651197522322745,0.38847187238518965,0.3397824137347612
2018-06-25,17.329999923706055,17.329999923706055,19.61000061035156,14.5600004196167,15.06999969482422,0,0.229946753340982,0.22994675334098202,0.05287550937205843,0.22994675334098202,0.28860629242143415,0.4514089550721094,0.3762012714778928
2018-06-26,15.920000076293944,15.920000076293944,17.540000915527344,15.100000381469728,16.709999084472656,0,-0.084862914116524,-0.08486291411652402,0.007201714192348533,0.08486291411652402,0.2896849602065611,0.4561778725589605,0.38254190563601215
2018-06-27,17.90999984741211,17.90999984741211,18.190000534057617,14.760000228881836,16.520000457763672,0,0.1177830223443465,0.11778302234434657,0.013872840352568843,0.11778302234434657,0.3097641909339473,0.39766176270949305,0.3694807101496979
2018-06-28,16.850000381469727,16.850000381469727,18.989999771118164,16.399999618530273,17.540000915527344,0,-0.0610085281153933,-0.06100852811539337,0.003722040502806743,0.06100852811539337,0.2853515856542674,0.3806134233394122,0.37204780323795966
2018-06-29,16.09000015258789,16.09000015258789,16.510000228881836,14.65999984741211,15.729999542236328,0,-0.0461527089498328,-0.04615270894983281,0.0021300725434079777,0.04615270894983281,0.28249279099331126,0.38204083371845643,0.3697479437026208
2018-07-02,15.600000381469728,15.600000381469728,18.07999992370605,15.539999961853027,17.700000762939453,0,-0.030927031779012,-0.030927031779012015,0.0009564812946600191,0.030927031779012015,0.1669824807750568,0.3581263471758167,0.37494931142401944
2018-07-03,16.139999389648438,16.139999389648438,16.450000762939453,14.68000030517578,15.369999885559082,0,0.0340296863170412,0.034029686317041286,0.0011580195508362268,0.034029686317041286,0.147781779134912,0.3555139562178127,0.37712337664389983
2018-07-05,14.970000267028809,14.970000267028809,16.219999313354492,14.470000267028809,15.619999885559082,0,-0.0752524087565875,-0.07525240875658756,0.005662925023668537,0.07525240875658756,0.11674561625765484,0.36238292632567587,0.38019329783414374
2018-07-06,13.369999885559082,13.369999885559082,15.449999809265137,13.34000015258789,14.989999771118164,0,-0.1130348337148108,-0.11303483371481082,0.012776873632934933,0.11303483371481082,0.15061331961519137,0.3742964422927965,0.3874809451391343
2018-07-09,12.6899995803833,12.6899995803833,13.220000267028809,12.600000381469728,13.020000457763672,0,-0.0521991338947476,-0.05219913389474762,0.0027247495793617897,0.05219913389474762,0.15257473277532424,0.37566249752381137,0.37513447402286393
2018-07-10,12.640000343322754,12.640000343322754,13.210000038146973,11.93000030517578,12.520000457763672,0,-0.0039478327792528,-0.003947832779252813,1.5585383652942993e-05,0.003947832779252813,0.149459536900308,0.37566071939341844,0.3756844683787487
2018-07-11,13.630000114440918,13.630000114440918,14.149999618530272,13.09000015258789,14.050000190734863,0,0.0754068382243722,0.07540683822437222,0.005686191250996643,0.07540683822437222,0.16390950207542862,0.38290344133460325,0.377647372545372
2018-07-12,12.579999923706056,12.579999923706056,13.329999923706056,12.420000076293944,13.06999969482422,0,-0.0801650088971004,-0.08016500889709999,0.00642642865147212,0.08016500889709999,0.16622222624672828,0.3912043172500736,0.3783808879457088
2018-07-13,12.18000030517578,12.18000030517578,12.970000267028809,11.619999885559082,12.390000343322754,0,-0.0323129578703591,-0.03231295787036004,0.0010441272463316627,0.03231295787036004,0.1260836314190516,0.3896547935179836,0.3812386375962078
2018-07-16,12.829999923706056,12.829999923706056,12.970000267028809,12.460000038146973,12.770000457763672,0,0.0519908853437836,0.05199088534378449,0.0027030521588305447,0.05199088534378449,0.12599755827508724,0.3876184667173016,0.3776723651568173
2018-07-17,12.0600004196167,12.0600004196167,13.18000030517578,11.850000381469728,12.90999984741211,0,-0.0618919465878908,-0.06189194658789132,0.0038306130524383922,0.06189194658789132,0.1403225297664971,0.3923565995183202,0.3784768035091156
2018-07-18,12.100000381469728,12.100000381469728,12.470000267028809,11.4399995803833,11.869999885559082,0,0.0033112580359921,0.003311258035992193,1.0964429780922873e-05,0.003311258035992193,0.11838574888411925,0.3914285003309584,0.37599669649354767
2018-07-19,12.869999885559082,12.869999885559082,13.09000015258789,11.789999961853027,12.199999809265137,0,0.061693528586848,0.06169352858684807,0.00380609146949624,0.06169352858684807,0.10674665501493646,0.38787166987693406,0.37590447350316414
2018-07-20,12.859999656677246,12.859999656677246,13.579999923706056,12.489999771118164,13.0,0,-0.0007773206034422,-0.0007773206034422664,6.042273205358492e-07,0.0007773206034422664,0.10174146321862455,0.38549795587390484,0.3774768595311217
2018-07-23,12.619999885559082,12.619999885559082,13.550000190734863,12.579999923706056,13.470000267028809,0,-0.0188388440676758,-0.018838844067675886,0.0003549020458062069,0.018838844067675886,0.08946046738555748,0.36154281762524376,0.3563607297093978
2018-07-24,12.40999984741211,12.40999984741211,13.210000038146973,11.65999984741211,12.609999656677246,0,-0.016780261123892,-0.016780261123892082,0.000281577163386004,0.016780261123892082,0.0667393387425288,0.356709073509722,0.3583740875770278
2018-07-25,12.289999961853027,12.289999961853027,12.81999969482422,11.800000190734863,12.369999885559082,0,-0.0097166664469163,-0.009716666446916378,9.441360684063054e-05,0.009716666446916378,0.06736162492732575,0.27287408700524574,0.3145362456616269
2018-07-26,12.140000343322754,12.140000343322754,12.529999732971191,11.779999732971191,12.449999809265137,0,-0.0122801065623954,-0.01228010656239542,0.00015080101718378708,0.01228010656239542,0.029703502496124284,0.25963311457474314,0.3036687778881239
2018-07-27,13.029999732971191,13.029999732971191,14.260000228881836,11.600000381469728,12.170000076293944,0,0.0707485567317238,0.07074855673172387,0.00500535827962195,0.07074855673172387,0.07672712762014929,0.24195427690130794,0.3030519418739237
2018-07-30,14.260000228881836,14.260000228881836,14.460000038146973,12.979999542236328,13.630000114440918,0,0.0902040603934009,0.0902040603934009,0.008136772511456317,0.0902040603934009,0.11691416756958409,0.2509115464052708,0.29713769432183706
2018-07-31,12.829999923706056,12.829999923706056,14.119999885559082,12.8100004196167,13.979999542236328,0,-0.1056722583557521,-0.10567225835575167,0.011166626186004728,0.10567225835575167,0.15669706953580054,0.2683154072394672,0.2943059095428052
2018-08-01,13.149999618530272,13.149999618530272,13.630000114440918,12.449999809265137,13.09000015258789,0,0.0246355569336511,0.02463555693365027,0.0006069106654311239,0.02463555693365027,0.15832393583946175,0.2676631971953788,0.2851442887468654
2018-08-02,12.1899995803833,12.1899995803833,14.529999732971191,12.170000076293944,13.56999969482422,0,-0.0758058205445157,-0.07580582054451535,0.005746522428427265,0.07580582054451535,0.17510622510619514,0.2761015936398109,0.2965864959810806
2018-08-03,11.640000343322754,11.640000343322754,12.460000038146973,11.06999969482422,12.43000030517578,0,-0.0461684372717794,-0.04616843727177944,0.002131524600118233,0.04616843727177944,0.166698399486731,0.26963065401933245,0.29716787487252727
2018-08-06,11.270000457763672,11.270000457763672,12.149999618530272,11.170000076293944,11.90999984741211,0,-0.0323031031287945,-0.032303103128794586,0.0010434904717495385,0.032303103128794586,0.143857826869903,0.24691558562737098,0.28824039355525377
2018-08-07,10.93000030517578,10.93000030517578,11.239999771118164,10.520000457763672,11.119999885559082,0,-0.0306330385602002,-0.030633038560200276,0.000938383051430717,0.030633038560200276,0.10230753255336077,0.24327132978996208,0.2895358572043153
2018-08-08,10.850000381469728,10.850000381469728,11.18000030517578,10.520000457763672,10.93000030517578,0,-0.0073462149644107,-0.007346214964410347,5.396687430332651e-05,0.007346214964410347,0.09956850619562983,0.24335020318139633,0.28534190337670884
2018-08-09,11.270000457763672,11.270000457763672,11.3100004196167,10.170000076293944,10.9399995803833,0,0.037979253524611,0.03797925352461062,0.0014424236982866485,0.03797925352461062,0.0748985226549133,0.23446866280105938,0.28862517080271893
2018-08-10,13.15999984741211,13.15999984741211,13.81999969482422,12.300000190734863,12.34000015258789,0,0.1550375456327675,0.1550375456327675,0.024036640555832465,0.1550375456327675,0.16587617264575039,0.26941745626458063,0.293935078582918
2018-08-13,14.779999732971191,14.779999732971191,15.020000457763672,12.949999809265137,14.5,0,0.1160929831508075,0.11609298315080752,0.013477580736853678,0.11609298315080752,0.19987244661710363,0.29158055358785373,0.29995261700066567
2018-08-14,13.3100004196167,13.3100004196167,14.220000267028809,13.109999656677246,13.93000030517578,0,-0.1047592335197102,-0.10475923351971028,0.010974497007637191,0.10475923351971028,0.2235734976979906,0.30543520438778154,0.30294155242215026
2018-08-15,14.640000343322754,14.640000343322754,16.860000610351562,13.4399995803833,13.520000457763672,0,0.0952418680507296,0.09524186805072965,0.009071013429792597,0.09524186805072965,0.24290359286845198,0.31389658242287394,0.32592943532752316
2018-08-16,13.449999809265137,13.449999809265137,14.359999656677246,12.81999969482422,14.18000030517578,0,-0.0847784401173559,-0.08477844011735591,0.007187383908732103,0.08477844011735591,0.25445454532951095,0.32512687359815595,0.32892371202834886
2018-08-17,12.640000343322754,12.640000343322754,13.960000038146973,12.399999618530272,13.18000030517578,0,-0.062112675986496,-0.06211267598649606,0.003857984518203444,0.06211267598649606,0.2111124335543009,0.32520666811186155,0.3306198667655342
2018-08-20,12.489999771118164,12.489999771118164,12.789999961853027,12.260000228881836,12.56999969482422,0,-0.011938110068042,-0.011938110068042018,0.0001425184719966862,0.011938110068042018,0.17672972963359085,0.3254247858247657,0.3277660160648184
2018-08-21,12.859999656677246,12.859999656677246,12.890000343322754,12.09000015258789,12.470000267028809,0,0.0291933863002453,0.029193386300245372,0.0008522538036753542,0.029193386300245372,0.14529677949768977,0.3261880485041777,0.3269882671690275
2018-08-22,12.25,12.25,13.289999961853027,11.970000267028809,13.09000015258789,0,-0.0485957551217883,-0.048595755121788375,0.002361547415856821,0.048595755121788375,0.12000703362080285,0.32936091638115567,0.3244221636056256
2018-08-23,12.40999984741211,12.40999984741211,12.68000030517578,11.649999618530272,12.029999732971191,0,0.0129766499302204,0.012976649930220407,0.0001683934434114893,0.012976649930220407,0.08592262596745918,0.32947320539917274,0.3245910478094926
2018-08-24,11.989999771118164,11.989999771118164,12.170000076293944,11.829999923706056,12.130000114440918,0,-0.0344296369709278,-0.034429636970927824,0.00118539990194988,0.034429636970927824,0.06863026327277441,0.33103956253108413,0.3229162076775929
2018-08-27,12.15999984741211,12.15999984741211,12.479999542236328,12.020000457763672,12.369999885559082,0,0.0140789140396462,0.014078914039646229,0.00019821582053574768,0.014078914039646229,0.0690348490650149,0.3236974660106028,0.29901603328328213
2018-08-28,12.5,12.5,12.5,11.869999885559082,12.010000228881836,0,0.0275767803185806,0.027576780318580685,0.000760478812739259,0.027576780318580685,0.06836691739791471,0.31209574781302013,0.29354743518945425
2018-08-29,12.25,12.25,12.550000190734863,12.09000015258789,12.34000015258789,0,-0.0202027073175194,-0.020202707317519497,0.00040814938295735583,0.020202707317519497,0.05215972930905441,0.2943557014904262,0.2885373234161239
2018-08-30,13.529999732971191,13.529999732971191,13.949999809265137,12.239999771118164,12.25,0,0.0993834854559065,0.09938348545590658,0.009877077181364395,0.09938348545590658,0.11148686514359768,0.30970218842600095,0.29404790499604316
2018-08-31,12.859999656677246,12.859999656677246,14.029999732971191,12.81999969482422,13.539999961853027,0,-0.0507877303341182,-0.05078773033411821,0.0025793935524911107,0.05078773033411821,0.11757259353305075,0.30454608294955626,0.2794059065522497
2018-09-04,13.15999984741211,13.15999984741211,14.350000381469728,13.119999885559082,13.130000114440918,0,0.0230602221898217,0.023060222189821733,0.0005317738474439466,0.023060222189821733,0.1189826574631621,0.3019082077175838,0.2755316735040175
2018-09-05,13.90999984741211,13.90999984741211,14.300000190734863,13.229999542236328,13.6899995803833,0,0.0554260806633508,0.05542608066335086,0.0030720504177002765,0.05542608066335086,0.12832943692682977,0.30524928473821933,0.27486076508971086
2018-09-06,14.649999618530272,14.649999618530272,15.40999984741211,13.720000267028809,14.210000038146973,0,0.0518323144584895,0.05183231445848957,0.002686588822123747,0.05183231445848957,0.13691926022705342,0.3080995482046144,0.2807749501759853
2018-09-07,14.880000114440918,14.880000114440918,15.630000114440918,14.3100004196167,14.720000267028809,0,0.015577727671681,0.015577727671681085,0.0002426655994130586,0.015577727671681085,0.09545927005363196,0.3084056262927076,0.2833850317447684
2018-09-10,14.15999984741211,14.15999984741211,15.199999809265137,13.93000030517578,15.09000015258789,0,-0.049596959606275,-0.04959695960627508,0.002459858402186482,0.04959695960627508,0.09483109768882572,0.31005074589959797,0.281036424783225
2018-09-11,13.220000267028809,13.220000267028809,14.920000076293944,13.210000038146973,13.960000038146973,0,-0.0686902228672017,-0.06869022286720172,0.004718346717545842,0.06869022286720172,0.11480204684137606,0.2771518919195943,0.2818319447107071
2018-09-12,13.140000343322754,13.140000343322754,13.859999656677246,12.90999984741211,13.06999969482422,0,-0.0060698154378635,-0.006069815437863557,3.684265944972676e-05,0.006069815437863557,0.1007189267254122,0.25173881924964714,0.270770730915259
2018-09-13,12.369999885559082,12.369999885559082,12.90999984741211,12.300000190734863,12.90999984741211,0,-0.0603868620316196,-0.06038686203161969,0.003646573106025872,0.06038686203161969,0.10537687832072593,0.23673721552724908,0.26791670937180184
2018-09-14,12.06999969482422,12.06999969482422,13.149999618530272,11.93000030517578,12.130000114440918,0,-0.024551167327294,-0.02455116732729401,0.0006027598171327889,0.02455116732729401,0.10707184831850437,0.2181198193721409,0.23803587050048847
2018-09-17,13.68000030517578,13.68000030517578,13.75,12.31999969482422,12.720000267028809,0,0.1252119246769614,0.1252119246769614,0.015678026081309058,0.1252119246769614,0.15710680564973428,0.23678449648469876,0.23742191300997786
2018-09-18,12.789999961853027,12.789999961853027,13.479999542236328,12.5600004196167,13.479999542236328,0,-0.0672713218943865,-0.06727132189438656,0.004525430749418173,0.06727132189438656,0.15649163687985282,0.23818972271432506,0.23044919362424304
2018-09-19,11.75,11.75,12.770000457763672,11.65999984741211,12.609999656677246,0,-0.0848103720180204,-0.08481037201802044,0.007192799201835025,0.08481037201802044,0.17789207108727756,0.25255618134697355,0.2354639326186368
2018-09-20,11.800000190734863,11.800000190734863,11.960000038146973,11.3100004196167,11.81999969482422,0,0.0042463070454226,0.004246307045422615,1.8031123524005736e-05,0.004246307045422615,0.16738293513144986,0.2508991870381689,0.2347100591317987
2018-09-21,11.68000030517578,11.68000030517578,12.029999732971191,11.100000381469728,11.760000228881836,0,-0.0102215441074466,-0.01022154410744669,0.00010447996394047814,0.01022154410744669,0.1658878148630177,0.2463601725208393,0.2312505853588935
2018-09-24,12.199999809265137,12.199999809265137,12.920000076293944,12.18000030517578,12.460000038146973,0,0.0435579325770616,0.04355793257706164,0.001897293490387848,0.04355793257706164,0.11720936195161898,0.2498444208932312,0.22834802788452224
2018-09-25,12.420000076293944,12.420000076293944,12.600000381469728,11.800000190734863,12.279999732971191,0,0.0178721465429569,0.017872146542956546,0.00031941362205291363,0.017872146542956546,0.09763205109870614,0.2481053170965449,0.23109570109142039
2018-09-26,12.890000343322754,12.890000343322754,13.130000114440918,11.550000190734863,12.210000038146973,0,0.0371437609377469,0.037143760937747405,0.00137965897660053,0.037143760937747405,0.06098259732502276,0.25047493193459874,0.24253990201872772
2018-09-27,12.40999984741211,12.40999984741211,13.0,11.9399995803833,12.770000457763672,0,-0.037949256664953,-0.03794925666495308,0.0014401460814224857,0.03794925666495308,0.07170071223080252,0.251828034174762,0.24590706122849618
2018-09-28,12.119999885559082,12.119999885559082,13.220000267028809,12.09000015258789,12.59000015258789,0,-0.0236456157221081,-0.023645615722108104,0.000559115142877606,0.023645615722108104,0.07480392578829992,0.25212759578484334,0.2506928429834834
2018-10-01,12.0,12.0,12.399999618530272,11.56999969482422,11.989999771118164,0,-0.009950321410848,-0.009950321410848062,9.900889617918137e-05,0.009950321410848062,0.06162258286645257,0.23192726504458278,0.2416821275448533
2018-10-02,12.050000190734863,12.050000190734863,12.6899995803833,11.609999656677246,12.470000267028809,0,0.0041580259772828,0.004158025977282875,1.728918002775921e-05,0.004158025977282875,0.05912037108398136,0.2263363689259788,0.24151579103477844
2018-10-03,11.609999656677246,11.609999656677246,12.140000343322754,11.34000015258789,11.65999984741211,0,-0.0371979096267804,-0.03719790962678049,0.0013836844806021287,0.03719790962678049,0.059154406269603096,0.22821056621408872,0.23897619686154967
2018-10-04,14.220000267028809,14.220000267028809,15.84000015258789,12.420000076293944,12.84000015258789,0,0.2027826770149889,0.20278267701498898,0.04112081409736534,0.20278267701498898,0.207797766583407,0.3002146335730822,0.27616276756411634
2018-10-05,14.81999969482422,14.81999969482422,17.360000610351562,11.720000267028809,14.289999961853027,0,0.0413281561222911,0.041328156122291126,0.0017080164884684696,0.041328156122291126,0.2105440883583364,0.2985803976783552,0.3564666693397202
2018-10-08,15.6899995803833,15.6899995803833,18.3799991607666,15.6899995803833,16.049999237060547,0,0.0570459407249455,0.05704594072494551,0.0032542393531939965,0.05704594072494551,0.2179083376093209,0.3035816655062451,0.3650914481596602
2018-10-09,15.949999809265137,15.949999809265137,17.489999771118164,15.270000457763672,16.1200008392334,0,0.0164352772718268,0.01643527727182681,0.0002701183390018269,0.01643527727182681,0.21848769475334726,0.29995347567308006,0.37039374962109556
2018-10-10,22.959999084472656,22.959999084472656,22.959999084472656,15.829999923706056,16.030000686645508,0,0.3642947143039254,0.36429471430392546,0.13271063886977869,0.36429471430392546,0.4231593401401042,0.46686655451059444,0.42628332050987083
2018-10-11,24.979999542236328,24.979999542236328,28.84000015258789,20.649999618530277,23.06999969482422,0,0.0843219547957438,0.08432195479574389,0.0071101920605754765,0.08432195479574389,0.3808585106191255,0.47438141734443984,0.46919714387395417
2018-10-12,21.309999465942383,21.309999465942383,26.799999237060547,20.8799991607666,21.6299991607666,0,-0.1588990653230606,-0.15889906532306064,0.025248912960542293,0.15889906532306064,0.4106021207727651,0.49662870333503284,0.49170399239067875
2018-10-15,21.299999237060547,21.299999237060547,22.88999938964844,19.46999931335449,21.96999931335449,0,-0.0004693841525384,-0.00046938415253849897,2.2032148265428486e-07,0.00046938415253849897,0.4066203174355421,0.4960217026306267,0.49779387022292815
2018-10-16,17.6200008392334,17.6200008392334,20.559999465942383,17.549999237060547,20.280000686645508,0,-0.1896723687590014,-0.1896723687590014,0.03597560747065061,0.1896723687590014,0.4483810563382778,0.5160766521263362,0.5024804506285911
2018-10-17,17.399999618530273,17.399999618530273,19.549999237060547,17.059999465942383,17.059999465942383,0,-0.0125644838406882,-0.012564483840688201,0.00015786625418291492,0.012564483840688201,0.26171128952995903,0.5118276529992222,0.5073251014632835
2018-10-18,20.059999465942383,20.059999465942383,21.56999969482422,17.510000228881836,18.020000457763672,0,0.1422575716138414,0.14225757161384145,0.02023721668146723,0.14225757161384145,0.2856918334295291,0.5244158310485338,0.5196925249777399
2018-10-19,19.88999938964844,19.88999938964844,21.07999992370605,18.38999938964844,19.239999771118164,0,-0.00851069373125,-0.008510693731250019,7.243190778713836e-05,0.008510693731250019,0.23757807692539867,0.524467696468131,0.525048550889169
2018-10-22,19.63999938964844,19.63999938964844,20.88999938964844,18.81999969482422,19.3799991607666,0,-0.0126487903301715,-0.012648790330171522,0.0001599918968166406,0.012648790330171522,0.23791408997977537,0.5245206159642,0.5265629331582428
2018-10-23,20.709999084472656,20.709999084472656,24.65999984741211,20.18000030517578,22.18000030517578,0,0.0530483593511181,0.05304835935111818,0.0028141284298453676,0.05304835935111818,0.15310661373728895,0.5253938632216036,0.5389912914838128
2018-10-24,25.229999542236328,25.229999542236328,26.3799991607666,20.399999618530277,21.600000381469727,0,0.1974171133088664,0.19741711330886647,0.03897351662720582,0.19741711330886647,0.24951409888646034,0.5609748786853777,0.5592807701759593
2018-10-25,24.21999931335449,24.21999931335449,24.780000686645508,22.059999465942383,24.780000686645508,0,-0.0408550347347458,-0.04085503473474583,0.0016691338631772885,0.04085503473474583,0.2090196228224335,0.5612328299401692,0.5583384497824909
2018-10-26,24.15999984741211,24.15999984741211,27.520000457763672,23.32999992370605,24.51000022888184,0,-0.0024803430237039,-0.0024803430237039237,6.152101515236723e-06,0.0024803430237039237,0.20886101340020466,0.5599538332958741,0.5647765081804096
2018-10-29,24.700000762939453,24.700000762939453,27.86000061035156,22.01000022888184,24.479999542236328,0,0.0221049077712778,0.022104907771277826,0.0004886269475766989,0.022104907771277826,0.20964626867492903,0.5598908886805024,0.5797664735770544
2018-10-30,23.350000381469727,23.350000381469727,25.549999237060547,23.11000061035156,23.940000534057617,0,-0.0562062740702287,-0.05620627407022871,0.0031591452448576644,0.05620627407022871,0.21046751479582976,0.5626170487784041,0.5814048459091676
2018-10-31,21.229999542236328,21.229999542236328,22.799999237060547,20.38999938964844,22.71999931335449,0,-0.0951817462988886,-0.09518174629888865,0.009059564828506003,0.09518174629888865,0.11992757391706463,0.5705963715487503,0.5828202471856103
2018-11-01,19.34000015258789,19.34000015258789,21.209999084472656,19.030000686645508,20.959999084472656,0,-0.0932397562381464,-0.0932397562381464,0.00869365214334896,0.0932397562381464,0.14631179469135314,0.5769663654731931,0.5850178284710237
2018-11-02,19.51000022888184,19.51000022888184,21.61000061035156,18.049999237060547,18.520000457763672,0,0.0087516684516288,0.008751668451628891,7.659170068723644e-05,0.008751668451628891,0.1465523144306383,0.5402276968933268,0.5767107118036479
2018-11-05,19.959999084472656,19.959999084472656,20.8700008392334,19.63999938964844,20.57999992370605,0,0.0228030586486798,0.02280305864867982,0.0005199794837351315,0.02280305864867982,0.14665924246748005,0.5391270049681567,0.527500416663224
2018-11-06,19.90999984741211,19.90999984741211,20.600000381469727,19.690000534057617,19.84000015258789,0,-0.0025081146029908,-0.0025081146029908297,6.290638861735847e-06,0.0025081146029908297,0.13548460722583647,0.536106312937651,0.5195784192154201
2018-11-07,16.360000610351562,16.360000610351562,18.049999237060547,16.329999923706055,18.030000686645508,0,-0.1963827419300696,-0.19638274193006966,0.03856618132797234,0.19638274193006966,0.21877544490779927,0.5707066161878388,0.516655832310648
2018-11-08,16.719999313354492,16.719999313354492,17.200000762939453,16.09000015258789,16.18000030517578,0,0.0217661981070866,0.021766198107086687,0.00047376738003694407,0.021766198107086687,0.19910502387256204,0.4398513047278948,0.4676195664552989
2018-11-09,17.360000610351562,17.360000610351562,18.40999984741211,16.84000015258789,16.8700008392334,0,0.0375631778014642,0.03756317780146423,0.0014109923265444152,0.03756317780146423,0.20242828645510658,0.4333243248847222,0.4257779520438895
2018-11-12,20.450000762939453,20.450000762939453,20.709999084472656,17.25,17.260000228881836,0,0.1638141754056592,0.16381417540565923,0.02683508406383609,0.16381417540565923,0.2594076246706169,0.43515071140938527,0.41336160303258646
2018-11-13,20.020000457763672,20.020000457763672,21.25,19.11000061035156,19.450000762939453,0,-0.0212511230439704,-0.021251123043970477,0.00045161023062997304,0.021251123043970477,0.26026454873651134,0.4356690619601551,0.40680010723558446
2018-11-14,21.25,21.25,22.36000061035156,19.299999237060547,20.520000457763672,0,0.0596250986180333,0.059625098618033334,0.0035551523852102008,0.059625098618033334,0.1809049650680095,0.396720400866657,0.4052908511707861
2018-11-15,19.979999542236328,19.979999542236328,22.96999931335449,19.940000534057617,20.40999984741211,0,-0.0616251450611136,-0.061625145061113606,0.003797658503803295,0.061625145061113606,0.18986968560047726,0.40128153298329267,0.40593564848291935
2018-11-16,18.13999938964844,18.13999938964844,21.36000061035156,18.100000381469727,20.040000915527344,0,-0.0966123392690456,-0.09661233926904567,0.009333944099037183,0.09661233926904567,0.20969847229418925,0.3874578636845448,0.39873750374510686
2018-11-19,20.100000381469727,20.100000381469727,20.989999771118164,18.520000457763672,18.780000686645508,0,0.1026004230033565,0.10260042300335659,0.010526846800467704,0.10260042300335659,0.16632862657747302,0.40072186242289287,0.39739501895678725
2018-11-20,22.479999542236328,22.479999542236328,23.809999465942383,20.3700008392334,20.76000022888184,0,0.1119061706187145,0.11190617061871455,0.012522991022544852,0.11190617061871455,0.19934039432855385,0.41586176807852887,0.4034569927803855
2018-11-21,20.799999237060547,20.799999237060547,22.309999465942383,20.11000061035156,21.65999984741211,0,-0.0776730546348472,-0.0776730546348472,0.0060331034163079575,0.0776730546348472,0.2054617819502233,0.4197141707589377,0.39008606254692024
2018-11-23,21.520000457763672,21.520000457763672,22.649999618530277,20.649999618530277,21.229999542236328,0,0.0340298065376387,0.03402980653763876,0.001158027732989122,0.03402980653763876,0.19893444415522146,0.3719468997607669,0.3625108309034748
2018-11-26,18.899999618530277,18.899999618530277,20.799999237060547,18.670000076293945,20.780000686645508,0,-0.1298208546831163,-0.12982085468311588,0.01685345431065469,0.12982085468311588,0.2170124956839224,0.39182753436827716,0.3615906605456659
2018-11-27,19.020000457763672,19.020000457763672,19.93000030517578,18.700000762939453,19.40999984741211,0,0.0063291793027215,0.006329179302721144,4.0058510645993706e-05,0.006329179302721144,0.19133121803078224,0.3918707989864187,0.3498163638566605
2018-11-28,18.489999771118164,18.489999771118164,19.3799991607666,18.18000030517578,18.8700008392334,0,-0.0282610481643832,-0.02826104816438324,0.0007986868433495893,0.02826104816438324,0.15774451120069904,0.39226621444374615,0.3221938563999825
2018-11-29,18.790000915527344,18.790000915527344,20.479999542236328,18.59000015258789,18.649999618530277,0,0.0160948291292015,0.01609482912920157,0.0002590435246981954,0.01609482912920157,0.13823628656158882,0.388552031617218,0.3218021358936818
2018-11-30,18.06999969482422,18.06999969482422,19.90999984741211,18.030000686645508,19.18000030517578,0,-0.0390717744339483,-0.03907177443394838,0.0015266035574173424,0.03907177443394838,0.1395630565255932,0.37873436601763366,0.32031770574219565
2018-12-03,16.440000534057617,16.440000534057617,17.280000686645508,15.9399995803833,16.040000915527344,0,-0.0945356656023146,-0.09453566560231463,0.008936992070872654,0.09453566560231463,0.10752387877575793,0.3790554839733923,0.3173497670016242
2018-12-04,20.739999771118164,20.739999771118164,21.940000534057617,16.260000228881836,16.84000015258789,0,0.2323467696523229,0.23234676965232293,0.05398502136786961,0.23234676965232293,0.25594207814309766,0.4445126427870022,0.34842292531730773
2018-12-06,21.190000534057617,21.190000534057617,25.940000534057617,20.940000534057617,23.530000686645508,0,0.0214652057178801,0.02146520571788013,0.00046075505651091387,0.02146520571788013,0.25528105213150626,0.444446020535971,0.36960032419897404
2018-12-07,23.229999542236328,23.229999542236328,24.709999084472656,19.899999618530277,22.420000076293945,0,0.0919151295931133,0.09191512959311332,0.008448391048118816,0.09191512959311332,0.27084638284605067,0.45384398814958193,0.3908605043591026
2018-12-10,22.63999938964844,22.63999938964844,25.940000534057617,22.5,23.950000762939453,0,-0.0257263007006161,-0.025726300700615656,0.0006618425477384976,0.025726300700615656,0.26924524525255894,0.4099634456866661,0.3955443899847238
2018-12-11,21.76000022888184,21.76000022888184,23.600000381469727,21.38999938964844,22.959999084472656,0,-0.0396447938697819,-0.039644793869781925,0.0015717096809774985,0.039644793869781925,0.25520133169953374,0.411300339290189,0.39791583754486404
2018-12-12,21.459999084472656,21.459999084472656,21.90999984741211,20.5,21.90999984741211,0,-0.0138827379656949,-0.013882737965695391,0.0001927304134241602,0.013882737965695391,0.10646797052057486,0.409816675096444,0.39631702253113343
2018-12-13,20.649999618530277,20.649999618530277,21.56999969482422,20.34000015258789,21.0,0,-0.038475393606582,-0.03847539360658159,0.0014803559131813793,0.03847539360658159,0.11115318080667086,0.3776175036150332,0.38243658140496367
2018-12-14,21.6299991607666,21.6299991607666,22.46999931335449,20.950000762939453,21.56999969482422,0,0.0463659002315255,0.04636590023152509,0.0021497967042797385,0.04636590023152509,0.07782310235143151,0.37985940229261056,0.3794252855838017
2018-12-17,24.520000457763672,24.520000457763672,25.8799991607666,21.96999931335449,22.36000061035156,0,0.1254079285715454,0.12540792857154548,0.01572714854860585,0.12540792857154548,0.1453332077003351,0.3955567742732957,0.3818743470923525
2018-12-18,25.57999992370605,25.57999992370605,26.13999938964844,23.63999938964844,24.68000030517578,0,0.0423216634311316,0.04232166343113164,0.0017911231955779852,0.04232166343113164,0.1460861210898189,0.39301224709322957,0.3771674626398148
2018-12-19,25.57999992370605,25.57999992370605,26.63999938964844,22.5,25.149999618530277,0,0.0,0.0,0.0,0.0,0.1454249784653416,0.380952335950618,0.377693364894181
2018-12-20,28.3799991607666,28.3799991607666,30.299999237060547,24.68000030517578,26.09000015258789,0,0.1038738489924657,0.10387384899246577,0.010789776504509581,0.10387384899246577,0.17452176068609115,0.38129727506274474,0.3901016948858227
2018-12-21,30.11000061035156,30.11000061035156,31.350000381469727,25.709999084472656,28.239999771118164,0,0.0591727206037688,0.059172720603768436,0.0035014108636516415,0.059172720603768436,0.17835206506330442,0.3692777163753334,0.39696958074602645
2018-12-24,36.06999969482422,36.06999969482422,36.09999847412109,29.15999984741211,29.290000915527344,0,0.1806041236904252,0.18060412369042567,0.03261784949398657,0.18060412369042567,0.22068112755223515,0.4036716213570875,0.4124766664874908
2018-12-26,30.40999984741211,30.40999984741211,36.20000076293945,29.59000015258789,35.5,0,-0.1706899897832086,-0.1706899897832086,0.029135072612191854,0.1706899897832086,0.2757609643773748,0.4369528839225833,0.4262824028780197
2018-12-27,29.959999084472656,29.959999084472656,33.79999923706055,29.65999984741211,31.200000762939453,0,-0.0149083685808895,-0.014908368580889508,0.00022225945374365345,0.014908368580889508,0.27616366330146225,0.41748847638150627,0.42856112028271953
2018-12-28,28.34000015258789,28.34000015258789,31.049999237060547,27.43000030517578,29.96999931335449,0,-0.0555888884439732,-0.05558888844397325,0.0030901245184365026,0.05558888844397325,0.2618524717126236,0.42112550851158614,0.43329353376686874
2018-12-31,25.420000076293945,25.420000076293945,27.63999938964844,25.32999992370605,27.59000015258789,0,-0.108737970884079,-0.108737970884079,0.011823946311986811,0.108737970884079,0.27728911336427453,0.43401837908984825,0.43476071281324763
2019-01-02,23.21999931335449,23.21999931335449,28.530000686645508,23.049999237060547,27.540000915527344,0,-0.0905223220641953,-0.0905223220641953,0.0081942907918939,0.0905223220641953,0.2290539100042888,0.4430656843572688,0.4494926023348038
2019-01-03,25.450000762939453,25.450000762939453,26.600000381469727,24.049999237060547,25.68000030517578,0,0.0917018262760578,0.09170182627605783,0.00840922494236429,0.09170182627605783,0.17815680177423837,0.45076581729310605,0.44962024013425367
2019-01-04,21.3799991607666,21.3799991607666,24.479999542236328,21.190000534057617,24.36000061035156,0,-0.1742599066308066,-0.1742599066308066,0.03036651505897743,0.1742599066308066,0.24876515355583675,0.4739402336033803,0.4553255536809111
2019-01-07,21.399999618530277,21.399999618530277,22.709999084472656,20.90999984741211,22.059999465942383,0,0.0009350378584183,0.0009350378584183083,8.742957966754964e-07,0.0009350378584183083,0.24247649659507045,0.4130801350294562,0.4211958778883754
2019-01-08,20.46999931335449,20.46999931335449,22.030000686645508,20.09000015258789,20.959999084472656,0,-0.0444305380729113,-0.04443053807291175,0.001974072713448461,0.04443053807291175,0.22123511882718996,0.414907839902901,0.4048878301059424
2019-01-09,19.979999542236328,19.979999542236328,22.799999237060547,19.479999542236328,20.440000534057617,0,-0.0242286158198941,-0.024228615819893662,0.0005870258245480014,0.024228615819893662,0.20331677952184607,0.4053235132450626,0.394921319961589
2019-01-10,19.5,19.5,21.31999969482422,19.290000915527344,20.979999542236328,0,-0.0243172847396113,-0.024317284739611367,0.0005913303371073359,0.024317284739611367,0.1830841834508869,0.4052365212794736,0.3902222739126387
2019-01-11,18.190000534057617,18.190000534057617,20.15999984741211,18.1200008392334,19.68000030517578,0,-0.0695424436797136,-0.06954244367971363,0.004836151472946142,0.06954244367971363,0.08938374932753,0.4092445234461396,0.391013594457783
2019-01-14,19.06999969482422,19.06999969482422,20.270000457763672,18.700000762939453,19.84000015258789,0,0.0472443817194148,0.04724438171941481,0.002232031604049776,0.04724438171941481,0.10109704225198589,0.41172852847632935,0.39196926284212474
2019-01-15,18.600000381469727,18.600000381469727,19.200000762939453,17.979999542236328,18.530000686645508,0,-0.0249548023811216,-0.024954802381121688,0.0006227421618808367,0.024954802381121688,0.09417686234172487,0.4106857282764803,0.39236593762972477
2019-01-16,19.040000915527344,19.040000915527344,19.040000915527344,17.760000228881836,18.07999992370605,0,0.0233804762193567,0.023380476219356794,0.0005466466682439086,0.023380476219356794,0.09396223839515586,0.40872927149146926,0.3923371174712529
2019-01-17,18.059999465942383,18.059999465942383,19.71999931335449,17.850000381469727,19.51000022888184,0,-0.0528425590300951,-0.05284255903009516,0.0027923360448490913,0.05284255903009516,0.10502336859942105,0.39258732133143376,0.38448970879997135
2019-01-18,17.799999237060547,17.799999237060547,18.18000030517578,17.170000076293945,17.799999237060547,0,-0.0145011039812708,-0.014501103981270802,0.0002102820166756279,0.014501103981270802,0.08002523661757799,0.390568769477653,0.3812687640081999
2019-01-22,20.799999237060547,20.799999237060547,21.149999618530277,18.200000762939453,18.530000686645508,0,0.1557545355912193,0.15575453559121932,0.024259475357236406,0.15575453559121932,0.16861637598076284,0.4204800102841091,0.3784386706820067
2019-01-23,19.520000457763672,19.520000457763672,22.020000457763672,19.46999931335449,20.850000381469727,0,-0.0635133455915366,-0.06351334559153665,0.004033945068229968,0.06351334559153665,0.1784451880977324,0.4123682912303574,0.36537524819508777
2019-01-24,18.88999938964844,18.88999938964844,20.25,18.6299991607666,19.690000534057617,0,-0.0328069552333656,-0.03280695523336519,0.0010762963116840274,0.03280695523336519,0.1799231358071419,0.40941726033507336,0.34902580979699976
2019-01-25,17.420000076293945,17.420000076293945,18.459999084472656,17.309999465942383,18.43000030517578,0,-0.081013673398556,-0.08101367339855647,0.006563215277527977,0.08101367339855647,0.19011368712261123,0.37625504494135176,0.3269123611080305
2019-01-28,18.8700008392334,18.8700008392334,20.420000076293945,18.420000076293945,18.559999465942383,0,0.0799544280509034,0.07995442805090347,0.0063927105649471,0.07995442805090347,0.20573196781158146,0.3447107436628193,0.30990621062363827
2019-01-29,19.1299991607666,19.1299991607666,19.93000030517578,18.420000076293945,19.450000762939453,0,0.0136843357272091,0.013684335727209174,0.00018726104429497343,0.013684335727209174,0.13510524884949565,0.3446599750291948,0.30351812295734804
2019-01-30,17.65999984741211,17.65999984741211,19.309999465942383,17.540000915527344,19.149999618530277,0,-0.0799555530466418,-0.07995555304664181,0.006392890462994353,0.07995555304664181,0.14357010016521035,0.349418465928295,0.29985760178780557
2019-01-31,16.56999969482422,16.56999969482422,17.719999313354492,16.540000915527344,17.389999389648438,0,-0.0637083735143995,-0.06370837351439951,0.004058756855850241,0.06370837351439951,0.1536061008085771,0.3381243482441726,0.29812780010569406
2019-02-01,16.139999389648438,16.139999389648438,16.829999923706055,16.079999923706055,16.6299991607666,0,-0.0262931879953836,-0.026293187995383605,0.0006913317349605845,0.026293187995383605,0.133127572887991,0.3268411170869008,0.27059500060029196
2019-02-04,15.729999542236328,15.729999542236328,16.729999542236328,15.600000381469728,16.719999313354492,0,-0.0257309370568479,-0.025730937056847925,0.0006620811218234697,0.025730937056847925,0.10950945721682545,0.31476653570237156,0.26706291557364714
2019-02-05,15.56999969482422,15.56999969482422,15.9399995803833,15.039999961853027,15.789999961853027,0,-0.0102237217232081,-0.010223721723208179,0.00010452448587359882,0.010223721723208179,0.10913104352796389,0.26232800350890584,0.25500573017159217
2019-02-06,15.380000114440918,15.380000114440918,15.869999885559082,15.09000015258789,15.4399995803833,0,-0.0122779947272739,-0.012277994727273978,0.0001507491545229676,0.012277994727273978,0.07528242393169182,0.2626135112359888,0.251961423926269
2019-02-07,16.3700008392334,16.3700008392334,17.889999389648438,15.510000228881836,15.65999984741211,0,0.0623824711312006,0.062382471131200656,0.0038915727044350834,0.062382471131200656,0.0741637323873051,0.26623928386825535,0.2603267544136179
2019-02-08,15.720000267028809,15.720000267028809,17.6299991607666,15.619999885559082,16.809999465942383,0,-0.0405166386619644,-0.04051663866196442,0.00164159800846419,0.04051663866196442,0.08031516341961469,0.2682124688723431,0.25322428662195234
2019-02-11,15.970000267028809,15.970000267028809,16.5,15.34000015258789,16.170000076293945,0,0.0157781749599466,0.0157781749599466,0.0002489508050666859,0.0157781749599466,0.07770067669179355,0.26757344585469794,0.24985626578165832
2019-02-12,15.43000030517578,15.43000030517578,15.649999618530272,14.949999809265137,15.229999542236328,0,-0.0343982927944228,-0.03439829279442286,0.0011832425471708435,0.03439829279442286,0.08435705791254146,0.26065809022699005,0.24306043854172998
2019-02-13,15.649999618530272,15.649999618530272,15.90999984741211,15.0,15.460000038146973,0,0.0141572064579498,0.014157206457949822,0.00020042649469301615,0.014157206457949822,0.0846509926688986,0.25673144507719525,0.24080156064597188
2019-02-14,16.219999313354492,16.219999313354492,17.270000457763672,15.300000190734863,15.609999656677246,0,0.0357741137429044,0.0357741137429044,0.0012797872140902615,0.0357741137429044,0.06748336883621847,0.25800790674635216,0.2484387982414211
2019-02-15,14.90999984741211,14.90999984741211,16.81999969482422,14.789999961853027,16.81999969482422,0,-0.0842128878112866,-0.08421288781128666,0.007091810473516354,0.08421288781128666,0.10002108544970538,0.2703946074700951,0.25679063265605595
2019-02-19,14.880000114440918,14.880000114440918,16.15999984741211,14.640000343322754,15.649999618530272,0,-0.0020140814468496,-0.0020140814468496693,4.056524074544057e-06,0.0020140814468496693,0.0987892871395736,0.26518854467742803,0.25667240816723896
2019-02-20,14.020000457763672,14.020000457763672,15.1899995803833,13.989999771118164,14.920000076293944,0,-0.0595331228386633,-0.0595331228386633,0.003544192714923374,0.0595331228386633,0.11009211334740401,0.271401685562894,0.25912351396880895
2019-02-21,14.460000038146973,14.460000038146973,15.170000076293944,13.850000381469728,14.0,0,0.0309013051115174,0.030901305111517452,0.0009548906575950946,0.030901305111517452,0.11346690083103413,0.22439761635707872,0.2489883741306427
2019-02-22,13.510000228881836,13.510000228881836,14.470000267028809,13.510000228881836,14.460000038146973,0,-0.0679560504549536,-0.06795605045495368,0.00461802479343621,0.06795605045495368,0.1273301816677636,0.22569530334489665,0.24131195867806068
2019-02-25,14.850000381469728,14.850000381469728,14.899999618530272,13.4399995803833,13.90999984741211,0,0.0945697220231371,0.09456972202313718,0.008943432323533437,0.09456972202313718,0.13440460190619502,0.24249846589987809,0.24404840427953825
2019-02-26,15.170000076293944,15.170000076293944,15.279999732971191,14.520000457763672,15.15999984741211,0,0.0213199074528001,0.021319907452800102,0.00045453845379596136,0.021319907452800102,0.13607012509468852,0.2295578993196756,0.24291186263884015
2019-02-27,14.699999809265137,14.699999809265137,16.170000076293945,14.699999809265137,15.529999732971191,0,-0.0314723175801758,-0.03147231758017588,0.0009905067738674477,0.03147231758017588,0.12633840667915777,0.21747327502243274,0.24176512660840901
2019-02-28,14.779999732971191,14.779999732971191,15.239999771118164,14.390000343322754,15.170000076293944,0,0.0054274166436241,0.005427416643624117,2.9456851423488073e-05,0.005427416643624117,0.12262120206577919,0.21711015903478856,0.2395815772260223
2019-03-01,13.56999969482422,13.56999969482422,14.84000015258789,13.40999984741211,14.56999969482422,0,-0.0854134460953801,-0.08541344609537971,0.007295456773888335,0.08541344609537971,0.13309166456434743,0.21917889375349342,0.24035123991281046
2019-03-04,14.630000114440918,14.630000114440918,16.979999542236328,13.380000114440918,13.770000457763672,0,0.0752127714966048,0.07521277149660444,0.005656960996200433,0.07521277149660444,0.12011211366542415,0.2227949541784,0.2766463075605253
2019-03-05,14.739999771118164,14.739999771118164,15.390000343322754,14.260000228881836,14.520000457763672,0,0.0074906483788717,0.0074906483788717,5.6109813135893234e-05,0.0074906483788717,0.11844193179999937,0.22136478872108514,0.27907194295012555
2019-03-06,15.739999771118164,15.739999771118164,16.110000610351562,14.739999771118164,14.90999984741211,0,0.0656403572145944,0.06564035721459449,0.004308656495259567,0.06564035721459449,0.13170664725027292,0.2294535793117352,0.2810091688848087
2019-03-07,16.59000015258789,16.59000015258789,17.809999465942383,15.539999961853027,16.329999923706055,0,0.0525948849520907,0.05259488495209075,0.002766221923123662,0.05259488495209075,0.1417159341838736,0.2351821474861917,0.29060725614253513
2019-03-08,16.049999237060547,16.049999237060547,18.32999992370605,16.020000457763672,17.3799991607666,0,-0.03309131135908,-0.033091311359080056,0.0010950348874635806,0.033091311359080056,0.11782607570136265,0.23718121390438457,0.30013442808104146
2019-03-11,14.329999923706056,14.329999923706056,16.43000030517578,14.329999923706056,16.280000686645508,0,-0.1133535655248465,-0.11335356552484654,0.012849030817195678,0.11335356552484654,0.1451724971755273,0.25536715987361813,0.2991245289453206
2019-03-12,13.770000457763672,13.770000457763672,14.699999809265137,13.609999656677246,13.970000267028809,0,-0.0398628905318965,-0.03986289053189651,0.0015890500415579646,0.03986289053189651,0.1503595496288831,0.2552642520507166,0.29382191407250724
2019-03-13,13.40999984741211,13.40999984741211,14.050000190734863,13.25,14.0,0,-0.02649166006919,-0.026491660069190015,0.0007018080532215168,0.026491660069190015,0.13784464343079317,0.2561497523386791,0.29266759176296503
2019-03-14,13.5,13.5,13.84000015258789,13.15999984741211,13.350000381469728,0,0.0066889995294614,0.006688999529461448,4.474271470513547e-05,0.006688999529461448,0.12759179642180754,0.2539176949145154,0.29294123923726845
2019-03-15,12.880000114440918,12.880000114440918,13.279999732971191,12.5,13.210000038146973,0,-0.047013955883012,-0.04701395588301205,0.002210312047769803,0.04701395588301205,0.1318898922376169,0.2578450723666786,0.29306126304303254
2019-03-18,13.100000381469728,13.100000381469728,13.800000190734863,13.0,13.130000114440918,0,0.0169365297655601,0.01693652976556015,0.00028684604049970493,0.01693652976556015,0.0695180472809344,0.25591236814618235,0.28614728892038344
2019-03-19,13.5600004196167,13.5600004196167,13.770000457763672,12.369999885559082,12.890000343322754,0,0.0345120541305012,0.03451205413050129,0.0011910818803066512,0.03451205413050129,0.06659422449809681,0.24411147366925925,0.2829488686046113
2019-03-20,13.90999984741211,13.90999984741211,14.300000190734863,13.050000190734863,13.539999961853027,0,0.0254836815082639,0.025483681508263967,0.0006494180232146349,0.025483681508263967,0.06619970322060391,0.24542977218772286,0.2820610716406365
2019-03-21,13.630000114440918,13.630000114440918,14.5600004196167,13.260000228881836,14.109999656677246,0,-0.0203347408610037,-0.02033474086100373,0.00041350168588417474,0.02033474086100373,0.06892865643311985,0.23896669652292207,0.283320815318639
2019-03-22,16.479999542236328,16.479999542236328,17.520000457763672,13.619999885559082,13.770000457763672,0,0.1898742425997102,0.1898742425997102,0.0360522280028136,0.1898742425997102,0.19645120420277112,0.30364851290974054,0.31646525257034996
2019-03-25,16.329999923706055,16.329999923706055,17.850000381469727,16.260000228881836,17.760000228881836,0,-0.009143594394041,-0.009143594394041,8.360531844273798e-05,0.009143594394041,0.19593324095380524,0.29608782466913997,0.3187317218361135
2019-03-26,14.68000030517578,14.68000030517578,16.299999237060547,14.670000076293944,16.219999313354492,0,-0.1065178583354522,-0.10651785833545269,0.011346054144371568,0.10651785833545269,0.22032886142021163,0.300117679816004,0.3189952052940128
2019-03-27,15.149999618530272,15.149999618530272,16.709999084472656,14.510000228881836,14.520000457763672,0,0.0315144628009473,0.03151446280094783,0.0009931613656323245,0.03151446280094783,0.22110755418380557,0.30101369512030157,0.3286441107842369
2019-03-28,14.43000030517578,14.43000030517578,15.619999885559082,14.40999984741211,15.380000114440918,0,-0.0486911128413756,-0.04869111284137606,0.0023708244697316166,0.04869111284137606,0.22549029535878468,0.3032978113106688,0.3272237381630242
2019-03-29,13.710000038146973,13.710000038146973,14.43000030517578,13.640000343322754,14.1899995803833,0,-0.0511838975778395,-0.051183897577839144,0.0026197913712587275,0.051183897577839144,0.13195998131796274,0.30753844778446365,0.3271556053016252
2019-04-01,13.399999618530272,13.399999618530272,14.010000228881836,13.31999969482422,13.899999618530272,0,-0.0228708178676675,-0.022870817867667537,0.0005230743099360206,0.022870817867667537,0.13361476587911367,0.29632332746802936,0.32287424854280233
2019-04-02,13.359999656677246,13.359999656677246,13.68000030517578,13.130000114440918,13.619999885559082,0,-0.0029895360782865,-0.0029895360782865588,8.937325963376978e-06,0.0029895360782865588,0.08072043633753581,0.2866347688810412,0.29047866709655445
2019-04-03,13.739999771118164,13.739999771118164,14.270000457763672,12.850000381469728,13.0600004196167,0,0.0280461277254482,0.028046127725448233,0.0007865852803921561,0.028046127725448233,0.0794305530465576,0.2879061760343883,0.29367129071034154
2019-04-04,13.579999923706056,13.579999923706056,14.029999732971191,13.399999618530272,13.84000015258789,0,-0.0117131536236976,-0.011713153623697181,0.0001371979678123304,0.011713153623697181,0.06384031841526729,0.2805681872046382,0.2900952053258418
2019-04-05,12.81999969482422,12.81999969482422,13.470000267028809,12.170000076293944,13.460000038146973,0,-0.0575916888245786,-0.0575916888245791,0.0033168026216671494,0.0575916888245791,0.0690839887801156,0.2815476662482579,0.28489584222886954
2019-04-08,13.18000030517578,13.18000030517578,13.770000457763672,13.100000381469728,13.550000190734863,0,0.02769412454096,0.027694124540960097,0.0007669645340902083,0.027694124540960097,0.07082716802135551,0.28096444261946574,0.27480684619358337
2019-04-09,14.279999732971191,14.279999732971191,14.390000343322754,13.3100004196167,13.460000038146973,0,0.0801593859831211,0.08015938598312111,0.006425527161190993,0.08015938598312111,0.10692557021196072,0.26929076174362604,0.26640003655836975
2019-04-10,13.300000190734863,13.300000190734863,14.289999961853027,13.270000457763672,14.09000015258789,0,-0.0710958886432666,-0.07109588864326666,0.005054625381975773,0.07109588864326666,0.1253041007578625,0.2756503032845786,0.266094178292806
2019-04-11,13.020000457763672,13.020000457763672,13.579999923706056,12.90999984741211,13.369999885559082,0,-0.0212773776297523,-0.021277377629752348,0.0004527267987990856,0.021277377629752348,0.1265568903605146,0.27519812580476954,0.26549920411829336
2019-04-12,12.010000228881836,12.010000228881836,12.960000038146973,11.949999809265137,12.960000038146973,0,-0.0807470167894255,-0.08074701678942553,0.006520080720391768,0.08074701678942553,0.13863594265719092,0.2867217230210232,0.26823255970110477
2019-04-15,12.31999969482422,12.31999969482422,13.140000343322754,12.239999771118164,12.460000038146973,0,0.025484278185115,0.025484278185115006,0.0006494484346163286,0.025484278185115006,0.1382114629724107,0.283986765253226,0.26915220066960266
2019-04-16,12.18000030517578,12.18000030517578,12.470000267028809,11.850000381469728,12.260000228881836,0,-0.0114286459973782,-0.011428645997378695,0.00013061394933340005,0.011428645997378695,0.11317020493538243,0.28371156259099595,0.2685044484389254
2019-04-17,12.600000381469728,12.600000381469728,13.020000457763672,11.029999732971191,12.119999885559082,0,0.0339015568955733,0.03390155689557384,0.00114931555994383,0.03390155689557384,0.09435139354076609,0.2836379460288446,0.2790543646827085
2019-04-18,12.09000015258789,12.09000015258789,13.119999885559082,12.020000457763672,12.800000190734863,0,-0.0413181669851057,-0.04131816698510571,0.0017071909230090795,0.04131816698510571,0.1007802043423931,0.2854965101840235,0.27860211501202736
2019-04-22,12.420000076293944,12.420000076293944,13.359999656677246,12.380000114440918,13.210000038146973,0,0.0269294054004611,0.026929405400460737,0.0007251928752223639,0.026929405400460737,0.06604363513712057,0.28604186497188555,0.276690384050261
2019-04-23,12.279999732971191,12.279999732971191,12.6899995803833,12.079999923706056,12.65999984741211,0,-0.0113361816741832,-0.011336181674182821,0.00012850901495007843,0.011336181674182821,0.06197436826994573,0.21423405314919217,0.23359000575318722
2019-04-24,13.140000343322754,13.140000343322754,13.229999542236328,12.260000228881836,12.529999732971191,0,0.067689138210548,0.067689138210548,0.00458181943168667,0.067689138210548,0.09106057217485582,0.22448706787246078,0.23133564868763754
2019-04-25,13.25,13.25,14.300000190734863,12.8100004196167,13.289999961853027,0,0.0083365132477037,0.008336513247703792,6.949745312914082e-05,0.008336513247703792,0.08492472960214496,0.1977824232603403,0.23211895337363225
2019-04-26,12.729999542236328,12.729999542236328,13.619999885559082,12.489999771118164,13.4399995803833,0,-0.0400361758223568,-0.040036175822356856,0.0016028953744786716,0.040036175822356856,0.08430844648946527,0.19931788921112611,0.22225439066053768
2019-04-29,13.109999656677246,13.109999656677246,13.270000457763672,12.649999618530272,13.039999961853027,0,0.0294138949778806,0.029413894977880606,0.0008651772177697899,0.029413894977880606,0.08513459045543388,0.19550440840967478,0.21881037476481877
2019-04-30,13.119999885559082,13.119999885559082,14.050000190734863,12.880000114440918,13.109999656677246,0,0.0007625032055571,0.0007625032055571523,5.814111384849329e-07,0.0007625032055571523,0.08437991993479764,0.18868694641521092,0.2223988315232072
2019-05-01,14.800000190734863,14.800000190734863,14.829999923706056,12.739999771118164,12.859999656677246,0,0.1204894188642482,0.12048941886424824,0.01451770005824426,0.12048941886424824,0.13059805325792742,0.2227047136811543,0.23846154812470524
2019-05-02,14.420000076293944,14.420000076293944,15.920000076293944,13.800000190734863,14.350000381469728,0,-0.0260110565099154,-0.02601105650991542,0.0006765750607620134,0.02601105650991542,0.13290195304205776,0.22419863342715438,0.2522349343164764
2019-05-03,12.869999885559082,12.869999885559082,14.149999618530272,12.800000190734863,14.109999656677246,0,-0.1137171244316781,-0.11371712443167814,0.01293158438900977,0.11371712443167814,0.17026925188337563,0.24981998786970822,0.2515674548584053
2019-05-06,15.4399995803833,15.4399995803833,18.799999237060547,12.890000343322754,12.890000343322754,0,0.1820625047034156,0.18206250470341567,0.03314675561888125,0.18206250470341567,0.24753423306289551,0.3089006053575973,0.3374867070330196
2019-05-07,19.31999969482422,19.31999969482422,21.84000015258789,15.800000190734863,15.899999618530272,0,0.2241792955691415,0.2241792955691415,0.05025635656187651,0.2241792955691415,0.3339595360051482,0.37730509926384437,0.38468420565856004
2019-05-08,19.399999618530277,19.399999618530277,21.739999771118164,18.290000915527344,18.950000762939453,0,0.0041322334173705,0.004132233417370568,1.707535301563404e-05,0.004132233417370568,0.3114937350630752,0.3763100433810196,0.3973086385822023
2019-05-09,19.100000381469727,19.100000381469727,23.3799991607666,18.8700008392334,21.399999618530277,0,-0.0155846913810737,-0.015584691381073768,0.00024288260544331499,0.015584691381073768,0.310796805852677,0.36800353828961646,0.4149984691207503
2019-05-10,16.040000915527344,16.040000915527344,20.190000534057617,15.56999969482422,18.790000915527344,0,-0.1746026955086894,-0.17460269550868945,0.030486101278900123,0.17460269550868945,0.3378596919108832,0.40107116586785635,0.4411321998452756
2019-05-13,20.549999237060547,20.549999237060547,21.31999969482422,18.350000381469727,18.6200008392334,0,0.2477752443001044,0.24777524430010445,0.06139257168797644,0.24777524430010445,0.37735260365765616,0.47095427058237715,0.4492117559412005
2019-05-14,18.059999465942383,18.059999465942383,19.649999618530277,17.450000762939453,19.399999618530277,0,-0.1291613853986937,-0.1291613853986937,0.01668266347810989,0.1291613853986937,0.32988072754170633,0.48162278573329254,0.4522188038588852
2019-05-15,16.440000534057617,16.440000534057617,19.149999618530277,16.40999984741211,17.56999969482422,0,-0.0939820963042521,-0.09398209630425214,0.008832634425741724,0.09398209630425214,0.3429822932400033,0.49004458340912455,0.45965824779710035
2019-05-16,15.289999961853027,15.289999961853027,17.1299991607666,15.15999984741211,16.690000534057617,0,-0.0725184046672158,-0.07251840466721582,0.005258919015478069,0.07251840466721582,0.35021834601603374,0.49524943088787804,0.4644685009686823
2019-05-17,15.960000038146973,15.960000038146973,16.809999465942383,14.859999656677246,15.890000343322754,0,0.04288657696575,0.042886576965750045,0.0018392584838392023,0.042886576965750045,0.30660405589480616,0.4959455027708815,0.4596644885640984
2019-05-20,16.309999465942383,16.309999465942383,17.6299991607666,15.460000038146973,15.880000114440918,0,0.0216927894769152,0.02169278947691522,0.0004705771152897637,0.02169278947691522,0.18189022106330716,0.49469720831124886,0.4634092473959273
2019-05-21,14.949999809265137,14.949999809265137,16.219999313354492,14.789999961853027,15.859999656677246,0,-0.0870670968102289,-0.08706709681022895,0.00758067934696178,0.08706709681022895,0.15486144900300602,0.5015783232783118,0.46446432455359826
2019-05-22,14.75,14.75,15.4399995803833,14.420000076293944,15.0600004196167,0,-0.0134682042926814,-0.013468204292681474,0.00018139252686940368,0.013468204292681474,0.12381771476020027,0.5016310376109137,0.46533487712491095
2019-05-23,16.920000076293945,16.920000076293945,18.049999237060547,15.279999732971191,15.93000030517578,0,0.1372532759013465,0.1372532759013465,0.018838461745651146,0.1372532759013465,0.17003049496667177,0.5156455567621681,0.4737680310070762
2019-05-24,15.850000381469728,15.850000381469728,16.520000457763672,15.520000457763672,16.34000015258789,0,-0.0653268342963953,-0.0653268342963953,0.0042675952791886886,0.0653268342963953,0.17702741599526578,0.5197003348417488,0.4706332154168361
2019-05-28,17.5,17.5,17.700000762939453,15.899999618530272,16.549999237060547,0,0.0990313565386884,0.09903135653868844,0.00980720957789283,0.09903135653868844,0.20168127944002126,0.5275345981431361,0.47216350395486584
2019-05-29,17.899999618530273,17.899999618530273,19.040000915527344,17.6200008392334,18.549999237060547,0,0.0225998106060822,0.022599810606082293,0.0005107514394307898,0.022599810606082293,0.18331778574113575,0.5271985645463207,0.4735813801890381
2019-05-30,17.299999237060547,17.299999237060547,18.11000061035156,16.719999313354492,17.469999313354492,0,-0.0340942341323646,-0.034094234132364676,0.0011624168010725005,0.034094234132364676,0.1859742854354764,0.5282993108547795,0.47313095076856393
2019-05-31,18.709999084472656,18.709999084472656,19.71999931335449,18.010000228881836,19.049999237060547,0,0.0783516339502963,0.07835163395029632,0.006138978542681226,0.07835163395029632,0.14794239297870687,0.5203089854442954,0.4674374045196303
2019-06-03,18.86000061035156,18.86000061035156,19.75,18.15999984741211,19.40999984741211,0,0.0079852182140531,0.00798521821405318,6.376370992604667e-05,0.00798521821405318,0.13297789316650904,0.5197197600469277,0.4622473827281208
2019-06-04,16.969999313354492,16.969999313354492,18.739999771118164,16.969999313354492,18.739999771118164,0,-0.1055962707837179,-0.10559627078371792,0.011150572403428278,0.10559627078371792,0.1379365176323476,0.5180034912987118,0.46216517852809397
2019-06-05,16.09000015258789,16.09000015258789,17.489999771118164,16.040000915527344,17.059999465942383,0,-0.053249068296127,-0.05324906829612708,0.0028354632744056057,0.05324906829612708,0.1461204801919079,0.4878691675574292,0.4061103675319971
2019-06-06,15.93000030517578,15.93000030517578,16.540000915527344,15.359999656677246,16.25,0,-0.0099938274084339,-0.009993827408434353,9.987658626957369e-05,0.009993827408434353,0.1424382480821455,0.4334280155661053,0.35930728205062534
2019-06-07,16.299999237060547,16.299999237060547,16.440000534057617,15.329999923706056,15.649999618530272,0,0.0229609179273571,0.02296091792735755,0.0005272037520668493,0.02296091792735755,0.12114817260733424,0.4340160977159986,0.3465468032472415
2019-06-10,15.9399995803833,15.9399995803833,16.469999313354492,15.84000015258789,16.299999237060547,0,-0.0223334139693065,-0.022333413969306548,0.0004987813795244169,0.022333413969306548,0.12293045755912088,0.43431080098324093,0.3226118573036546
2019-06-11,15.989999771118164,15.989999771118164,16.700000762939453,15.5,15.84000015258789,0,0.0031318654944945,0.0031318654944945123,9.808581475605357e-06,0.0031318654944945123,0.06301693084990849,0.39768024737630586,0.28588828022892304
2019-06-12,15.90999984741211,15.90999984741211,16.43000030517578,15.779999732971191,16.260000228881836,0,-0.0050156797727969,-0.005015679772796933,2.515704358324429e-05,0.005015679772796933,0.03407091637921978,0.31109831968187585,0.27240208458318943
2019-06-13,15.81999969482422,15.81999969482422,16.209999084472656,15.609999656677246,16.15999984741211,0,-0.0056728897100017,-0.00567288971000135,3.2181677661839196e-05,0.00567288971000135,0.033062553354392524,0.28307540110090557,0.26387679815846476
2019-06-14,15.279999732971191,15.279999732971191,16.399999618530273,15.210000038146973,16.0,0,-0.0347301767863363,-0.03473017678633683,0.0012061851796102098,0.03473017678633683,0.042096482772975376,0.2692679584768805,0.2511533467607745
2019-06-17,15.350000381469728,15.350000381469728,15.760000228881836,15.239999771118164,15.649999618530272,0,0.0045707326219868,0.004570732621987261,2.0891596701698544e-05,0.004570732621987261,0.035975325975350025,0.2593592220136594,0.24104086497283564
2019-06-18,15.149999618530272,15.149999618530272,15.539999961853027,14.619999885559082,14.890000343322754,0,-0.0131149921087958,-0.013114992108796297,0.00017200301801378914,0.013114992108796297,0.03816305170673433,0.25612487301647463,0.23229417962820234
2019-06-19,14.329999923706056,14.329999923706056,15.710000038146973,14.149999618530272,15.050000190734863,0,-0.0556452702598488,-0.05564527025984889,0.003096396102291623,0.05564527025984889,0.0672878709299028,0.26120063086582906,0.22733945910074838
2019-06-20,14.75,14.75,16.030000686645508,13.1899995803833,14.039999961853027,0,0.0288878462698201,0.028887846269820106,0.0008345076621087594,0.028887846269820106,0.07300673639278897,0.2479507972962662,0.24965178712026492
2019-06-21,15.399999618530272,15.399999618530272,15.479999542236328,14.420000076293944,14.739999771118164,0,0.0431244018629928,0.04312440186299282,0.001859714036040899,0.04312440186299282,0.07735316680755136,0.2513123940219137,0.24991195684330128
2019-06-24,15.260000228881836,15.260000228881836,15.5600004196167,15.229999542236328,15.460000038146973,0,-0.0091324437937014,-0.009132443793701484,8.340152964511674e-05,0.009132443793701484,0.07775617241158599,0.21071985946516658,0.2293706941772703
2019-06-25,16.280000686645508,16.280000686645508,16.68000030517578,15.100000381469728,15.43000030517578,0,0.0647023618965154,0.06470236189651546,0.004186395634987655,0.06470236189651546,0.10030161995239235,0.21052709927422297,0.23404384051458765
2019-06-26,16.209999084472656,16.209999084472656,16.600000381469727,15.470000267028809,16.100000381469727,0,-0.0043091234832224,-0.004309123483222432,1.8568545193659026e-05,0.004309123483222432,0.08356187771930564,0.18583061775746038,0.22895595214093994
2019-06-27,15.81999969482422,15.81999969482422,16.399999618530273,15.65999984741211,15.65999984741211,0,-0.0243533362194101,-0.024353336219409716,0.0005930849850156131,0.024353336219409716,0.0821045962835397,0.18605201434465626,0.2258827314461172
2019-06-28,15.079999923706056,15.079999923706056,16.1299991607666,15.079999923706056,15.699999809265137,0,-0.0479055855284733,-0.04790558552847379,0.002294945124825918,0.04790558552847379,0.08471361059279706,0.18907109870484595,0.22440364192423093
2019-07-01,14.0600004196167,14.0600004196167,14.640000343322754,13.800000190734863,13.850000381469728,0,-0.0700354412932959,-0.07003544129329597,0.004904963037146707,0.07003544129329597,0.10953518762100903,0.18577907540926958,0.22056474422170416
2019-07-02,12.93000030517578,12.93000030517578,14.300000190734863,12.899999618530272,14.15999984741211,0,-0.0837836998413195,-0.0837836998413195,0.007019708359100322,0.0837836998413195,0.1217837019115543,0.20364137474761204,0.22346540935577286
2019-07-03,12.56999969482422,12.56999969482422,13.1899995803833,12.5600004196167,13.18000030517578,0,-0.0282372180618635,-0.028237218061863523,0.0007973404838732315,0.028237218061863523,0.12494015363349723,0.176398916066801,0.2173718053350479
2019-07-05,13.279999732971191,13.279999732971191,14.470000267028809,12.039999961853027,13.0,0,0.0549461256166456,0.05494612561664569,0.0030190767202802078,0.05494612561664569,0.13429830127453765,0.17691860002672674,0.23820009649491364
2019-07-08,13.960000038146973,13.960000038146973,14.4399995803833,13.640000343322754,13.729999542236328,0,0.049936976126121,0.049936976126121024,0.002493701584620781,0.049936976126121024,0.13503625507626218,0.18355929841271487,0.2365059715716189
2019-07-09,14.09000015258789,14.09000015258789,14.710000038146973,13.989999771118164,14.470000267028809,0,0.0092692366732878,0.009269236673287828,8.591874850542401e-05,0.009269236673287828,0.1158263609735714,0.18235331373519564,0.23469318384808363
2019-07-10,13.029999732971191,13.029999732971191,14.6899995803833,12.979999542236328,14.380000114440918,0,-0.0782109660967367,-0.07821096609673672,0.006116955217784901,0.07821096609673672,0.11186148915093452,0.19715705634967057,0.24506382307766353
2019-07-11,12.93000030517578,12.93000030517578,13.329999923706056,12.390000343322754,13.010000228881836,0,-0.0077041542574542,-0.007704154257454299,5.93539928226512e-05,0.007704154257454299,0.10851270093410292,0.19728266593853153,0.24490711959805783
2019-07-12,12.390000343322754,12.390000343322754,12.81999969482422,12.279999732971191,12.760000228881836,0,-0.0426604930351981,-0.042660493035198144,0.0018199176660061893,0.042660493035198144,0.10283893819823328,0.20178010531823293,0.24507096454064833
2019-07-15,12.68000030517578,12.68000030517578,13.020000457763672,12.489999771118164,12.579999923706056,0,0.0231362497258538,0.02313624972585382,0.0005352860513770709,0.02313624972585382,0.0928301226784514,0.20302294273296403,0.2452949732061346
2019-07-16,12.859999656677246,12.859999656677246,13.140000343322754,12.279999732971191,12.609999656677246,0,0.0140957190359545,0.014095719035954524,0.00019868929514057072,0.014095719035954524,0.09343555117369126,0.20052635585249826,0.2444904518608517
2019-07-17,13.970000267028809,13.970000267028809,13.970000267028809,12.239999771118164,12.619999885559082,0,0.0827905002707916,0.0827905002707916,0.006854266935087944,0.0827905002707916,0.09730115076623977,0.21689673748092433,0.2562679951055439
2019-07-18,13.529999732971191,13.529999732971191,14.5,13.1899995803833,14.449999809265137,0,-0.0320027699366733,-0.03200276993667339,0.0010241772836196462,0.03200276993667339,0.10213881353937648,0.21885239088361558,0.25993054201479987
2019-07-19,14.449999809265137,14.449999809265137,14.449999809265137,13.09000015258789,13.3100004196167,0,0.0657849789121538,0.06578497891215385,0.004327663450472526,0.06578497891215385,0.1137544856948413,0.22164754982551862,0.25911956997739494
2019-07-22,13.529999732971191,13.529999732971191,14.699999809265137,13.420000076293944,14.550000190734863,0,-0.0657849789121538,-0.06578497891215385,0.004327663450472526,0.06578497891215385,0.12935401197795648,0.22939222334686835,0.23753167137743217
2019-07-23,12.609999656677246,12.609999656677246,13.520000457763672,12.550000190734863,13.420000076293944,0,-0.0704192996960442,-0.07041929969604421,0.004958877769681292,0.07041929969604421,0.14660371376378578,0.23605074849629248,0.2379195159282617
2019-07-24,12.06999969482422,12.06999969482422,13.100000381469728,11.979999542236328,12.800000190734863,0,-0.0437671129249848,-0.04376711292498481,0.0019155601737883723,0.04376711292498481,0.12866212390612267,0.23990021781941587,0.24355881925758166
2019-07-25,12.739999771118164,12.739999771118164,13.539999961853027,11.6899995803833,12.239999771118164,0,0.0540236223527963,0.05402362235279634,0.0029185517721175567,0.05402362235279634,0.1358245803105328,0.23724306237893045,0.2520590273931482
2019-07-26,12.15999984741211,12.15999984741211,12.720000267028809,12.010000228881836,12.579999923706056,0,-0.046594768188735,-0.04659476818873509,0.00217107242256196,0.04659476818873509,0.12763904413862479,0.2417369945298017,0.250860387580156
2019-07-29,12.829999923706056,12.829999923706056,13.170000076293944,12.149999618530272,12.149999618530272,0,0.0536343086913424,0.05363430869134289,0.0028766390687982595,0.05363430869134289,0.12182241668489234,0.24641495207897599,0.25397997817801987
2019-07-30,13.9399995803833,13.9399995803833,14.18000030517578,12.869999885559082,12.869999885559082,0,0.0829762025497315,0.08297620254973115,0.00688505018957401,0.08297620254973115,0.1294869631539803,0.2555590610266678,0.2574113552562011
2019-07-31,16.1200008392334,16.1200008392334,16.549999237060547,13.460000038146973,13.829999923706056,0,0.1452984139093569,0.14529841390935694,0.02111162908457481,0.14529841390935694,0.1896389794784466,0.2855119957554502,0.2835589039620612
2019-08-01,17.8700008392334,17.8700008392334,19.459999084472656,13.729999542236328,15.40999984741211,0,0.1030625869944863,0.10306258699448634,0.010621896837996065,0.10306258699448634,0.20896479991497421,0.29175210059082,0.34706106182444013
2019-08-02,17.610000610351562,17.610000610351562,20.11000061035156,17.040000915527344,17.690000534057617,0,-0.0146564189671045,-0.014656418967104567,0.00021481061693930253,0.014656418967104567,0.20423032536301397,0.2907520564539863,0.35983990635770197
2019-08-05,24.59000015258789,24.59000015258789,24.809999465942383,19.90999984741211,19.959999084472656,0,0.3338729052658959,0.33387290526589597,0.11147111687068995,0.33387290526589597,0.38769124777298525,0.4393049037771281,0.36709007768126367
2019-08-06,20.170000076293945,20.170000076293945,22.8700008392334,19.770000457763672,22.290000915527344,0,-0.1981435066847177,-0.1981435066847177,0.039260849241316766,0.1981435066847177,0.4274111634615046,0.4793286410588541,0.37581362452261796
2019-08-07,19.489999771118164,19.489999771118164,23.670000076293945,18.940000534057617,20.700000762939453,0,-0.034294853972749,-0.034294853972749006,0.0011761370090121782,0.034294853972749006,0.4034164232848662,0.48046452980405796,0.39780972616831445
2019-08-08,16.90999984741211,16.90999984741211,19.88999938964844,16.81999969482422,19.36000061035156,0,-0.1419963478889578,-0.14199634788895787,0.020162962813801952,0.14199634788895787,0.41507333876287483,0.49486581211056757,0.4035661558243351
2019-08-09,17.969999313354492,17.969999313354492,19.440000534057617,17.309999465942383,18.13999938964844,0,0.0607985086978506,0.06079850869785064,0.00369645865988262,0.06079850869785064,0.419246376960736,0.4985271072498581,0.4071783161407147
2019-08-12,21.09000015258789,21.09000015258789,21.26000022888184,17.770000457763672,17.8700008392334,0,0.1600953391409558,0.16009533914095586,0.025630517614657674,0.16009533914095586,0.29987818416595646,0.5218619325181355,0.42038479215554414
2019-08-13,17.520000457763672,17.520000457763672,21.63999938964844,17.520000457763672,21.280000686645508,0,-0.1854558900894569,-0.18545589008945695,0.03439388716887274,0.18545589008945695,0.29165041276539844,0.5533520377924515,0.4383931047007771
2019-08-14,22.100000381469727,22.100000381469727,22.709999084472656,17.75,17.809999465942383,0,0.2322345141484723,0.2322345141484723,0.05393286956177698,0.2322345141484723,0.37123671130289915,0.5999438790384439,0.4609089532180485
2019-08-15,21.18000030517578,21.18000030517578,24.100000381469727,20.780000686645508,21.57999992370605,0,-0.0425202712028434,-0.04252027120284341,0.0018079734631633543,0.04252027120284341,0.3456323284479527,0.5957233959848903,0.46266309329062255
2019-08-16,18.46999931335449,18.46999931335449,20.5,18.40999984741211,20.479999542236328,0,-0.1369095975470489,-0.1369095975470489,0.018744237900494898,0.1369095975470489,0.36675534857581255,0.6104149614325043,0.46367415098341025
2019-08-19,16.8799991607666,16.8799991607666,18.21999931335449,16.520000457763672,17.93000030517578,0,-0.0900183175846973,-0.09001831758469736,0.008103297500779434,0.09001831758469736,0.34202670304391075,0.6134998444913843,0.4636054328236205
2019-08-20,17.5,17.5,17.700000762939453,16.450000762939453,16.780000686645508,0,0.0360714414792773,0.03607144147927732,0.0013011488903929285,0.03607144147927732,0.2896368887358924,0.6110282682747772,0.462462156935821
2019-08-21,15.800000190734863,15.800000190734863,17.040000915527344,15.510000228881836,17.010000228881836,0,-0.1021909288247204,-0.10219092882472047,0.010442985934059085,0.10219092882472047,0.20099662606344865,0.6154995148619135,0.46375034033850915
2019-08-22,16.68000030517578,16.68000030517578,17.68000030517578,15.630000114440918,16.1200008392334,0,0.0542004631217625,0.05420046312176252,0.002937690202613539,0.05420046312176252,0.20378753747062156,0.6163292811671988,0.466542129196221
2019-08-23,19.8700008392334,19.8700008392334,21.06999969482422,16.040000915527344,16.149999618530273,0,0.175000683573419,0.17500068357341902,0.030625239251163932,0.17500068357341902,0.23110681897990165,0.6384108945680066,0.4865296792032273
2019-08-26,19.31999969482422,19.31999969482422,21.32999992370605,19.059999465942383,20.34000015258789,0,-0.0280702858114056,-0.028070285811405693,0.0007879409455340037,0.028070285811405693,0.21469747372468917,0.6373267127824586,0.48998767700729406
2019-08-27,20.309999465942383,20.309999465942383,21.040000915527344,18.489999771118164,20.18000030517578,0,0.0499725363084655,0.04997253630846554,0.002497254385100907,0.04997253630846554,0.2174651942690406,0.63702900573082,0.4937249288733475
2019-08-28,19.350000381469727,19.350000381469727,21.63999938964844,19.100000381469727,20.549999237060547,0,-0.048420910107001,-0.048420910107001,0.002344584535590272,0.048420910107001,0.19797148612869167,0.6334551984855862,0.49598169561146277
2019-08-29,17.8799991607666,17.8799991607666,19.200000762939453,17.600000381469727,19.020000457763672,0,-0.0790097163816128,-0.0790097163816128,0.0062425352827028945,0.0790097163816128,0.20614934974452895,0.6216079107335599,0.4830363942626657
2019-08-30,18.979999542236328,18.979999542236328,19.18000030517578,17.09000015258789,17.940000534057617,0,0.0597030462551932,0.05970304625519329,0.0035644537321497497,0.05970304625519329,0.12424479418099549,0.6159049858384774,0.4407387866196368
2019-09-03,19.65999984741211,19.65999984741211,21.149999618530277,19.40999984741211,20.959999084472656,0,0.0352003378941141,0.03520033789411414,0.001239063787859808,0.03520033789411414,0.12604718054523764,0.6167359278910347,0.4324485164946697
2019-09-04,17.329999923706055,17.329999923706055,18.82999992370605,17.260000228881836,18.229999542236328,0,-0.1261470076325888,-0.1261470076325888,0.015913067534656416,0.1261470076325888,0.17118324939362276,0.5336713927273806,0.4150721366598911
2019-09-05,16.270000457763672,16.270000457763672,17.049999237060547,15.449999809265137,16.920000076293945,0,-0.0631161499587045,-0.06311614995870451,0.003983648385609676,0.06311614995870451,0.17590556762927842,0.49952773152236,0.41004238203599264
2019-09-06,15.0,15.0,16.059999465942383,14.90999984741211,15.920000076293944,0,-0.0812727482641797,-0.08127274826417974,0.006605259610412731,0.08127274826417974,0.17693358372759108,0.5049327451862036,0.3901291691723636
2019-09-09,15.270000457763672,15.270000457763672,16.1299991607666,14.949999809265137,15.260000228881836,0,0.0178399481063049,0.01783994810630496,0.0003182637484356539,0.01783994810630496,0.16750911338483762,0.4848838810436054,0.37966466342707617
2019-09-10,15.199999809265137,15.199999809265137,16.520000457763672,15.109999656677246,15.529999732971191,0,-0.0045947339046308,-0.004594733904630832,2.1111579654364094e-05,0.004594733904630832,0.1638333020443919,0.4810790278277375,0.3770393767346985
2019-09-11,14.609999656677246,14.609999656677246,15.520000457763672,14.550000190734863,15.329999923706056,0,-0.039589213040438,-0.039589213040438054,0.0015673057891611903,0.039589213040438054,0.11178367104936981,0.4553831564629774,0.3634058732140453
2019-09-12,14.220000267028809,14.220000267028809,14.9399995803833,13.850000381469728,14.6899995803833,0,-0.0270567591099544,-0.02705675910995442,0.0007320682135341015,0.02705675910995442,0.09614576923192275,0.41678771603160986,0.3435778139155096
2019-09-13,13.739999771118164,13.739999771118164,14.3100004196167,13.510000228881836,14.15999984741211,0,-0.034338173017355,-0.03433817301735509,0.001179110126169813,0.03433817301735509,0.06178882954835143,0.34779051280798146,0.31199083540325256
2019-09-16,14.670000076293944,14.670000076293944,15.289999961853027,14.5,14.890000343322754,0,0.0654933272194315,0.06549332721943157,0.004289375910271537,0.06549332721943157,0.08825515066437262,0.35133978318196035,0.30071506179793633
2019-09-17,14.4399995803833,14.4399995803833,15.029999732971191,14.399999618530272,14.920000076293944,0,-0.0158024929502169,-0.015802492950216962,0.0002497187834416568,0.015802492950216962,0.08954093378214459,0.32395234854727273,0.2948227098685237
2019-09-18,13.949999809265137,13.949999809265137,15.800000190734863,13.800000190734863,14.609999656677246,0,-0.0345226098107267,-0.034522609810726745,0.0011918105881436865,0.034522609810726745,0.08741901178554295,0.313103237314241,0.30011123370217724
2019-09-19,14.050000190734863,14.050000190734863,14.65999984741211,13.3100004196167,14.65999984741211,0,0.007142914760565,0.007142914760565056,5.102123127669814e-05,0.007142914760565056,0.08343282710841995,0.3111004814485855,0.302486769854184
2019-09-20,15.31999969482422,15.31999969482422,15.84000015258789,13.350000381469728,13.9399995803833,0,0.086536735037165,0.08653673503716552,0.007488606510892591,0.08653673503716552,0.11519779956243206,0.3063154095607584,0.3144124282853627
2019-09-23,14.90999984741211,14.90999984741211,16.0,14.710000038146973,15.350000381469728,0,-0.0271270258496372,-0.027127025849637665,0.0007358755314469101,0.027127025849637665,0.09857501024702785,0.3027000420601368,0.3097187089255823
2019-09-24,17.049999237060547,17.049999237060547,17.6200008392334,14.329999923706056,14.770000457763672,0,0.1341180404396253,0.13411804043962539,0.01798764877136499,0.13411804043962539,0.16569539110405268,0.2810511074224929,0.2906854829397214
2019-09-25,15.960000038146973,15.960000038146973,18.450000762939453,15.6899995803833,17.049999237060547,0,-0.0660645645705186,-0.06606456457051868,0.004364526691892232,0.06606456457051868,0.17500765336657,0.28734354130512113,0.29900122527907946
2019-09-26,16.06999969482422,16.06999969482422,17.09000015258789,15.350000381469728,16.229999542236328,0,0.0068685663471934,0.006868566347193461,4.7177203665798526e-05,0.006868566347193461,0.17499667056622142,0.2830481117201327,0.29587184038081976
2019-09-27,17.219999313354492,17.219999313354492,18.690000534057617,15.149999618530272,15.770000457763672,0,0.0691172983656822,0.06911729836568226,0.004777200933370743,0.06911729836568226,0.16707013237482268,0.2873131565837409,0.31276444119934194
2019-09-30,16.239999771118164,16.239999771118164,17.350000381469727,16.200000762939453,17.229999542236328,0,-0.0585941384848771,-0.058594138484877156,0.0034332730647849623,0.058594138484877156,0.1749566422433822,0.2823819890293913,0.31110661976108794
2019-10-01,18.559999465942383,18.559999465942383,18.6200008392334,15.789999961853027,16.020000457763672,0,0.1335313779435751,0.13353137794357517,0.017830628895509914,0.13353137794357517,0.17450732588984266,0.3066035924309359,0.31904376048049576
2019-10-02,20.559999465942383,20.559999465942383,21.459999084472656,18.75,18.75,0,0.1023387160280013,0.10233871602800138,0.010473212798259905,0.10233871602800138,0.19121059828260414,0.3213096822412228,0.32512084516911
2019-10-03,19.1200008392334,19.1200008392334,21.440000534057617,19.030000686645508,20.11000061035156,0,-0.0726124630951847,-0.07261246309518476,0.0052725697967495695,0.07261246309518476,0.2044184079007446,0.3043015185043425,0.32878282365182465
2019-10-04,17.040000915527344,17.040000915527344,19.96999931335449,16.969999313354492,19.420000076293945,0,-0.1151713763869155,-0.11517137638691555,0.013264445938856569,0.11517137638691555,0.22421893429003945,0.3191867975297468,0.33786571579363694
2019-10-07,17.860000610351562,17.860000610351562,18.520000457763672,16.440000534057617,18.270000457763672,0,0.0470000344932728,0.047000034493272835,0.002209003242368836,0.047000034493272835,0.22147203135327245,0.3122242068598329,0.3424633783774685
2019-10-08,20.280000686645508,20.280000686645508,20.3799991607666,17.420000076293945,17.610000610351562,0,0.12707160295867,0.12707160295867004,0.01614719227848588,0.12707160295867004,0.21763828719855535,0.33661979127689734,0.3522534196351843
2019-10-09,18.63999938964844,18.63999938964844,20.0,17.770000457763672,19.940000534057617,0,-0.0843254360679797,-0.08432543606797971,0.007110779168054933,0.08432543606797971,0.20977128121960809,0.34699070804230836,0.3553203753472036
2019-10-10,17.56999969482422,17.56999969482422,19.799999237060547,17.559999465942383,19.280000686645508,0,-0.0591168916833955,-0.05911689168339551,0.0034948068823063175,0.05911689168339551,0.20549021268681544,0.34975713368114114,0.360484446351992
2019-10-11,15.579999923706056,15.579999923706056,17.440000534057617,15.109999656677246,17.350000381469727,0,-0.12020484928418,-0.12020484928418007,0.014449205791432445,0.12020484928418007,0.20835303540541114,0.3688457538575522,0.36782717458741504
2019-10-14,14.56999969482422,14.56999969482422,16.5,14.510000228881836,15.65999984741211,0,-0.0670234362840624,-0.06702343628406249,0.004492141011323784,0.06702343628406249,0.21376184208507248,0.3733098190831577,0.37424694337337777
2019-10-15,13.539999961853027,13.539999961853027,14.43000030517578,13.390000343322754,13.9399995803833,0,-0.0733163345948488,-0.07331633459484888,0.005375284918423834,0.07331633459484888,0.18687487196394653,0.37476143082239965,0.3755845641178996
2019-10-16,13.68000030517578,13.68000030517578,14.260000228881836,13.600000381469728,13.9399995803833,0,0.0102866698357999,0.010286669835799955,0.00010581557631075667,0.010286669835799955,0.16708457193827694,0.37456938853157945,0.37578239497049626
2019-10-17,13.789999961853027,13.789999961853027,14.18000030517578,13.3100004196167,13.789999961853027,0,0.0080087545363576,0.008008754536357632,6.414014922362894e-05,0.008008754536357632,0.1564819077296623,0.3730610625433875,0.3688519987947885
2019-10-18,14.25,14.25,15.15999984741211,13.779999732971191,14.199999809265137,0,0.0328132176757267,0.03281321767572676,0.001076707254234627,0.03281321767572676,0.10542337933075722,0.37443322823830577,0.3687426038728206
2019-10-21,14.0,14.0,14.630000114440918,14.0,14.239999771118164,0,-0.017699577099401,-0.017699577099401065,0.0003132750294976426,0.017699577099401065,0.08327798585274857,0.3647258023879915,0.355134813040358
2019-10-22,14.460000038146973,14.460000038146973,14.609999656677246,13.699999809265137,13.989999771118164,0,0.0323288897534634,0.032328889753463486,0.0010451571126915964,0.032328889753463486,0.05104013246415366,0.3651495481426876,0.3536436007275129
2019-10-23,14.010000228881836,14.010000228881836,15.119999885559082,14.010000228881836,14.829999923706056,0,-0.0316148426827731,-0.03161484268277315,0.000999498277856495,0.03161484268277315,0.05915046765245471,0.3410953561913449,0.3342961715084498
2019-10-24,13.710000038146973,13.710000038146973,14.34000015258789,13.399999618530272,13.979999542236328,0,-0.0216458803293062,-0.021645880329306255,0.00046854413523064747,0.021645880329306255,0.0624754496543331,0.3353357413975415,0.32239959870292545
2019-10-25,12.649999618530272,12.649999618530272,13.789999961853027,12.619999885559082,13.529999732971191,0,-0.0804683113388233,-0.08046831133882337,0.00647514912972181,0.08046831133882337,0.09644492565707277,0.3447869362152442,0.3203405750285561
2019-10-28,13.109999656677246,13.109999656677246,13.140000343322754,12.65999984741211,13.010000228881836,0,0.0357180865699358,0.0357180865699358,0.0012757817082174284,0.0357180865699358,0.10131204451454959,0.33967132961076,0.29531956917951363
2019-10-29,13.199999809265137,13.199999809265137,13.520000457763672,13.06999969482422,13.15999984741211,0,0.0068415435549593,0.006841543554959362,4.6806718214405983e-05,0.006841543554959362,0.09625892150466307,0.3346492877819569,0.2931391182782139
2019-10-30,12.329999923706056,12.329999923706056,13.369999885559082,12.270000457763672,13.079999923706056,0,-0.0681815041541291,-0.06818150415412916,0.004648717508719532,0.06818150415412916,0.1136441780299542,0.3143377712368983,0.2806893993803926
2019-10-31,13.220000267028809,13.220000267028809,13.949999809265137,13.18000030517578,13.510000228881836,0,0.0696955436338058,0.06969554363380581,0.00485746880241173,0.06969554363380581,0.13154437983922007,0.30527445099505535,0.2708806285253417
2019-11-01,12.300000190734863,12.300000190734863,12.600000381469728,12.260000228881836,12.5,0,-0.0721315767371195,-0.07213157673711956,0.005202964362582968,0.07213157673711956,0.12661650405909242,0.3051604250163606,0.26175931429250515
2019-11-04,12.829999923706056,12.829999923706056,13.130000114440918,12.4399995803833,12.68000030517578,0,0.042186894795746,0.042186894795746444,0.0017797340925073783,0.042186894795746444,0.1285911796525567,0.28572394570602,0.24497268796215632
2019-11-05,13.100000381469728,13.100000381469728,13.279999732971191,12.25,12.850000381469728,0,0.0208260866459144,0.02082608664591401,0.00043372588498311786,0.02082608664591401,0.13008693497505747,0.2826002402554374,0.23925601069812438
2019-11-06,12.619999885559082,12.619999885559082,13.390000343322754,12.600000381469728,13.18000030517578,0,-0.0373294112820832,-0.037329411282083225,0.0013934849466669223,0.037329411282083225,0.1169075621555433,0.2551650220163649,0.22292224706425143
2019-11-07,12.729999542236328,12.729999542236328,12.890000343322754,12.260000228881836,12.59000015258789,0,0.0086785285650257,0.008678528565025712,7.531685805396724e-05,0.008678528565025712,0.09426147752286962,0.2409849085536499,0.21344592728204506
2019-11-08,12.06999969482422,12.06999969482422,13.050000190734863,12.0,12.979999542236328,0,-0.0532383667842606,-0.05323836678426064,0.0028343236978554663,0.05323836678426064,0.08072537073353675,0.23961060695670414,0.2071186836294842
2019-11-11,12.6899995803833,12.6899995803833,13.489999771118164,12.65999984741211,13.149999618530272,0,0.0500912388339602,0.05009123883396027,0.0025091322079208497,0.05009123883396027,0.08512334342282629,0.2132443888655656,0.19218426993296256
2019-11-12,12.68000030517578,12.68000030517578,13.100000381469728,12.359999656677246,12.640000343322754,0,-0.0007882755830039,-0.0007882755830039834,6.213783947602698e-07,0.0007882755830039834,0.0825401665184416,0.2024392495286414,0.1794342466021348
2019-11-13,13.0,13.0,13.899999618530272,12.880000114440918,12.90999984741211,0,0.0249233843849667,0.024923384384966774,0.0006211750892008056,0.024923384384966774,0.0777210990106673,0.19033533544903455,0.1796484045918637
2019-11-14,13.050000190734863,13.050000190734863,13.8100004196167,12.93000030517578,13.15999984741211,0,0.003838790922864,0.0038387909228640993,1.4736315749463802e-05,0.0038387909228640993,0.07733038658329237,0.19009592489039637,0.18173389912264865
2019-11-15,12.050000190734863,12.050000190734863,12.970000267028809,11.920000076293944,12.949999809265137,0,-0.0797234726191176,-0.07972347261911761,0.006355832086451195,0.07972347261911761,0.09747562299219828,0.20598095202509087,0.1848019704466668
2019-11-18,12.460000038146973,12.460000038146973,13.100000381469728,12.31999969482422,12.390000343322754,0,0.0334588406555784,0.03345884065557847,0.0011194940180153908,0.03345884065557847,0.09006585861363736,0.20608478682557707,0.1795147009711201
2019-11-19,12.859999656677246,12.859999656677246,13.010000228881836,12.15999984741211,12.329999923706056,0,0.0315981756916627,0.03159817569166279,0.000998444707041189,0.03159817569166279,0.09544465525349308,0.20774048483260815,0.18213534506129742
2019-11-20,12.779999732971191,12.779999732971191,14.170000076293944,12.609999656677246,13.420000076293944,0,-0.0062402640574092,-0.006240264057409295,3.8940895506194314e-05,0.006240264057409295,0.0923441823980457,0.20530439065276146,0.19128060315110207
2019-11-21,13.130000114440918,13.130000114440918,13.859999656677246,12.489999771118164,13.350000381469728,0,0.0270182689755769,0.02701826897557691,0.0007299868584366218,0.02701826897557691,0.09613895446410207,0.20464696773195007,0.1959551123362808
2019-11-22,12.34000015258789,12.34000015258789,13.25,12.329999923706056,12.81999969482422,0,-0.062053666188143,-0.06205366618814301,0.003850657487389483,0.06205366618814301,0.08208242178681731,0.21274984078499484,0.196489970057546
2019-11-25,11.869999885559082,11.869999885559082,12.59000015258789,11.729999542236328,12.510000228881836,0,-0.0388318318621618,-0.03883183186216188,0.0015079111657712106,0.03883183186216188,0.08441528957567343,0.2007367848454539,0.19385222259543877
2019-11-26,11.539999961853027,11.539999961853027,12.039999961853027,11.420000076293944,11.880000114440918,0,-0.0281949412060642,-0.02819494120606425,0.0007949547096134198,0.02819494120606425,0.08320126872059722,0.19953553515974554,0.19515968956784213
2019-11-27,11.75,11.75,11.789999961853027,11.4399995803833,11.550000190734863,0,0.0180339828158451,0.018033982815845118,0.000325224536202197,0.018033982815845118,0.08490426819314228,0.20023198448168522,0.19493992061046347
2019-11-29,12.619999885559082,12.619999885559082,12.829999923706056,12.119999885559082,12.5,0,0.0714296074546805,0.07142960745468052,0.0051021888211297516,0.07142960745468052,0.10761476069808529,0.20136116537675294,0.19108079362633443
2019-12-02,14.90999984741211,14.90999984741211,15.270000457763672,12.550000190734863,12.6899995803833,0,0.1667492704978688,0.1667492704978688,0.027805319211571422,0.1667492704978688,0.18850888160584928,0.2519804939495193,0.22187547381538006
2019-12-03,15.960000038146973,15.960000038146973,17.989999771118164,14.609999656677246,14.68000030517578,0,0.0680534758691067,0.0680534758691067,0.004631275577867089,0.0680534758691067,0.19661882630202018,0.2508435379800083,0.25412498990585725
2019-12-04,14.800000190734863,14.800000190734863,16.399999618530273,14.119999885559082,16.3799991607666,0,-0.0754584007542638,-0.0754584007542638,0.00569397024439108,0.0754584007542638,0.2087054824175964,0.25852798049381726,0.26760047622263156
2019-12-05,14.520000457763672,14.520000457763672,15.369999885559082,14.170000076293944,14.460000038146973,0,-0.0191001527344871,-0.019100152734487175,0.00036481583448073787,0.019100152734487175,0.20880031055877332,0.2583946722510145,0.2676613203966618
2019-12-06,13.619999885559082,13.619999885559082,14.470000267028809,13.1899995803833,14.369999885559082,0,-0.0639877486041236,-0.0639877486041236,0.0040944319714245215,0.0639877486041236,0.20637299445357415,0.2635692578288803,0.270929398619168
2019-12-09,15.859999656677246,15.859999656677246,16.06999969482422,12.25,14.25,0,0.152260902240668,0.15226090224066802,0.023183382351142263,0.15226090224066802,0.19485347310044485,0.3042643902357867,0.3147524516817533
2019-12-10,15.68000030517578,15.68000030517578,16.899999618530273,14.93000030517578,15.800000190734863,0,-0.0114141601746147,-0.011414160174614718,0.0001302830524917607,0.011414160174614718,0.18293956229840078,0.299787889215344,0.31948678814241577
2019-12-11,14.989999771118164,14.989999771118164,15.970000267028809,14.979999542236328,15.56999969482422,0,-0.0450027375394648,-0.04500273753946482,0.002025246386045956,0.04500273753946482,0.17262143434575367,0.2989797529905938,0.31952239412592787
2019-12-12,13.9399995803833,13.9399995803833,15.550000190734863,13.600000381469728,14.9399995803833,0,-0.072620921614789,-0.07262092161478906,0.005273798256181336,0.07262092161478906,0.1862985292944792,0.3076720162382388,0.3276438225186197
2019-12-13,12.630000114440918,12.630000114440918,14.350000381469728,12.539999961853027,13.18000030517578,0,-0.0986874298073106,-0.0986874298073106,0.009739208801972857,0.0986874298073106,0.2008778704781447,0.3221491941459347,0.33438288368211916
2019-12-16,12.140000343322754,12.140000343322754,12.529999732971191,11.710000038146973,12.470000267028809,0,-0.0395691315117936,-0.03956913151179364,0.0015657161685976207,0.03956913151179364,0.13687312616174743,0.3245475052156822,0.3345153438704418
2019-12-17,12.289999961853027,12.289999961853027,12.470000267028809,11.899999618530272,12.229999542236328,0,0.0122801065623954,0.01228010656239542,0.00015080101718378708,0.01228010656239542,0.13694805814607836,0.3148429006226055,0.33184264860798657
2019-12-18,12.579999923706056,12.579999923706056,12.699999809265137,11.93000030517578,12.239999771118164,0,0.0233223247335527,0.023322324733553224,0.0005439308309773084,0.023322324733553224,0.13142851697753044,0.3139275217075078,0.3319205906859232
2019-12-19,12.5,12.5,12.779999732971191,12.43000030517578,12.550000190734863,0,-0.0063796008993373,-0.006379600899337756,4.069930763483111e-05,0.006379600899337756,0.10972855656740639,0.31239837305276,0.3298527452145219
2019-12-20,12.510000228881836,12.510000228881836,12.609999656677246,12.039999961853027,12.550000190734863,0,0.0007996984664742,0.000799698466474208,6.395176372811999e-07,0.000799698466474208,0.04797694073230315,0.3123370648964713,0.323524122793851
2019-12-23,12.609999656677246,12.609999656677246,12.899999618530272,12.40999984741211,12.8100004196167,0,0.0079617799758686,0.007961779975868666,6.338994038414325e-05,0.007961779975868666,0.028274734549018344,0.3112681242756637,0.3182793964020117
2019-12-24,12.670000076293944,12.670000076293944,12.84000015258789,12.5600004196167,12.649999618530272,0,0.0047468776040706,0.004746877604070665,2.2532846988027658e-05,0.004746877604070665,0.02590738202948519,0.30505691362381643,0.31560946194271366
2019-12-26,12.649999618530272,12.649999618530272,12.75,11.720000267028809,12.739999771118164,0,-0.00157981533685,-0.0015798153368500323,2.495816498546581e-06,0.0015798153368500323,0.011391111848407529,0.30257941965774193,0.316801093874194
2019-12-27,13.43000030517578,13.43000030517578,13.720000267028809,11.890000343322754,12.609999656677246,0,0.0598338482407654,0.059833848240764986,0.0035800893952988955,0.059833848240764986,0.06057348856395011,0.30714726091258143,0.32672074256774586
2019-12-30,14.81999969482422,14.81999969482422,15.140000343322754,13.4399995803833,13.739999771118164,0,0.0984865660171983,0.09848656601719874,0.009699603685860045,0.09848656601719874,0.11562055044424308,0.3220462995219154,0.33396917241655794
2019-12-31,13.779999732971191,13.779999732971191,15.390000343322754,13.75,14.84000015258789,0,-0.0727593530682679,-0.07275935306826797,0.005293923458912876,0.07275935306826797,0.1363768499546697,0.32234384385860754,0.3390365984956693
2020-01-02,12.470000267028809,12.470000267028809,13.720000267028809,12.420000076293944,13.460000038146973,0,-0.0998924651018722,-0.09989246510187222,0.009978504584128758,0.09989246510187222,0.16898111415391728,0.29339178421711076,0.32348153634802485
2020-01-03,14.020000457763672,14.020000457763672,16.200000762939453,13.130000114440918,15.010000228881836,0,0.1171591331515617,0.11715913315156179,0.013726262480825384,0.11715913315156179,0.20561708004206766,0.308502392128583,0.3239479166866541
2020-01-06,13.850000381469728,13.850000381469728,16.389999389648438,13.539999961853027,15.449999809265137,0,-0.0121996540809168,-0.012199654080916389,0.0001488315596940199,0.012199654080916389,0.19709674215831471,0.2993803388072786,0.33169507182576147
2020-01-07,13.789999961853027,13.789999961853027,14.460000038146973,13.390000343322754,13.84000015258789,0,-0.0043415711373548,-0.004341571137355338,1.884923994071692e-05,0.004341571137355338,0.1707816480875561,0.2988019756792463,0.33131541194927416
2020-01-08,13.449999809265137,13.449999809265137,15.239999771118164,12.829999923706056,15.15999984741211,0,-0.0249645971721155,-0.02496459717211552,0.0006232311119659982,0.02496459717211552,0.15651095481324934,0.2929358629638276,0.3425831129033415
2020-01-09,12.539999961853027,12.539999961853027,13.239999771118164,12.529999732971191,12.949999809265137,0,-0.0700555597040657,-0.07005555970406574,0.004907781445449919,0.07005555970406574,0.13937344021683665,0.25987654550703504,0.3031284323413488
2020-01-10,12.5600004196167,12.5600004196167,12.869999885559082,12.09000015258789,12.420000076293944,0,0.0015936622862735,0.001593662286273556,2.539759482690658e-06,0.001593662286273556,0.07550651042481996,0.259630652296028,0.29623673747685786
2020-01-13,12.31999969482422,12.31999969482422,13.09000015258789,12.31999969482422,12.84000015258789,0,-0.0192932611144129,-0.019293261114412985,0.0003722299244289202,0.019293261114412985,0.07697162776808313,0.2564274929683709,0.29598086108637084
2020-01-14,12.390000343322754,12.390000343322754,13.81999969482422,12.050000190734863,12.720000267028809,0,0.0056657900161041,0.005665790016104122,3.210117650658515e-05,0.005665790016104122,0.07705766294038649,0.24599463829597829,0.2964859794341293
2020-01-15,12.420000076293944,12.420000076293944,12.829999923706056,11.949999809265137,12.789999961853027,0,0.0024183592974464,0.002418359297446049,5.848461691543747e-06,0.002418359297446049,0.07294176284927421,0.22534418503721784,0.28838952402726803
2020-01-16,12.31999969482422,12.31999969482422,12.420000076293944,11.779999732971191,12.199999809265137,0,-0.0080841493135506,-0.00808414931355017,6.53534701237737e-05,0.00808414931355017,0.021864875765336834,0.22199017778184246,0.28727303642827295
2020-01-17,12.100000381469728,12.100000381469728,12.479999542236328,11.75,12.210000038146973,0,-0.0180184492054933,-0.018018449205493337,0.00032466451177094345,0.018018449205493337,0.028287763158685184,0.2223814347606409,0.28817802747896915
2020-01-21,12.850000381469728,12.850000381469728,13.329999923706056,12.31999969482422,13.229999542236328,0,0.0601383568984696,0.06013835689846969,0.003616621970447717,0.06013835689846969,0.0635970879092798,0.22918593688459943,0.28961151060438795
2020-01-22,12.90999984741211,12.90999984741211,13.010000228881836,12.3100004196167,12.449999809265137,0,0.0046583520116061,0.004658352011606137,2.1700243464034946e-05,0.004658352011606137,0.06351526318530148,0.22914448411755584,0.2910325426921251
2020-01-23,12.979999542236328,12.979999542236328,14.149999618530272,12.9399995803833,13.260000228881836,0,0.0054074829699017,0.005407482969901789,2.9240872069777873e-05,0.005407482969901789,0.0636991449540443,0.2292068846172237,0.2946359170263766
2020-01-24,14.5600004196167,14.5600004196167,15.979999542236328,12.619999885559082,12.75,0,0.1148683955792715,0.11486839557927153,0.013194748302956007,0.11486839557927153,0.1310991071697614,0.2562560327455827,0.3261394138725819
2020-01-27,18.229999542236328,18.229999542236328,19.020000457763672,16.81999969482422,17.420000076293945,0,0.2247904919917442,0.22479049199174428,0.05053076528989045,0.22479049199174428,0.2596017655541427,0.34084510670010737,0.33412773172932486
2020-01-28,16.280000686645508,16.280000686645508,18.030000686645508,15.6899995803833,16.940000534057617,0,-0.1131311608284764,-0.11313116082847641,0.012798659550398595,0.11313116082847641,0.27672208849092433,0.35912609275198537,0.34066425583451715
2020-01-29,16.389999389648438,16.389999389648438,16.649999618530273,14.9399995803833,15.68000030517578,0,0.0067339527648364,0.0067339527648364594,4.53461198390486e-05,0.0067339527648364594,0.2767648101460046,0.35417059056314626,0.33600021400645363
2020-01-30,15.489999771118164,15.489999771118164,18.38999938964844,15.300000190734863,17.81999969482422,0,-0.0564767158637979,-0.05647671586379799,0.0031896194347601713,0.05647671586379799,0.28241660485503395,0.3448576850945153,0.34638781195640017
2020-01-31,18.84000015258789,18.84000015258789,19.989999771118164,16.18000030517578,16.25,0,0.1957876375946878,0.19578763759468787,0.038332799034908834,0.19578763759468787,0.32387835591437286,0.3898277806220894,0.3626737619255189
2020-02-03,17.969999313354492,17.969999313354492,18.8799991607666,17.100000381469727,18.63999938964844,0,-0.0472786146625523,-0.04727861466255234,0.0022352674044101095,0.04727861466255234,0.23791110008639121,0.37976632468535865,0.36262222403260524
2020-02-04,16.049999237060547,16.049999237060547,16.459999084472656,15.630000114440918,16.450000762939453,0,-0.1129948605439543,-0.11299486054395436,0.012767838509347693,0.11299486054395436,0.23784631698486725,0.37850236114659513,0.34137637028888124
2020-02-05,15.149999618530272,15.149999618530272,16.31999969482422,15.020000457763672,16.290000915527344,0,-0.0577082952649976,-0.057708295264997655,0.003330247342392151,0.057708295264997655,0.24465439241063927,0.38268192167418313,0.3253645722101259
2020-02-06,14.960000038146973,14.960000038146973,15.65999984741211,14.699999809265137,15.130000114440918,0,-0.012620531679595,-0.012620531679595093,0.00015927781987566333,0.012620531679595093,0.2383808509736773,0.3828653572160592,0.3243052478920993
2020-02-07,15.470000267028809,15.470000267028809,16.15999984741211,14.8100004196167,15.06999969482422,0,0.0335227067497858,0.03352270674978586,0.0011237718678321384,0.03352270674978586,0.1400585696908899,0.38351847740630013,0.31181960571477607
2020-02-10,15.039999961853027,15.039999961853027,16.43000030517578,15.010000228881836,15.880000114440918,0,-0.0281893658607224,-0.028189365860722404,0.0007946403476296618,0.028189365860722404,0.1348175652023037,0.37811807866621044,0.3147741587401453
2020-02-11,15.18000030517578,15.18000030517578,15.270000457763672,14.380000114440918,14.90999984741211,0,0.009265476085964,0.009265476085964064,8.584904709957195e-05,0.009265476085964064,0.0741200811172606,0.3782282256810607,0.3146007631127733
2020-02-12,13.739999771118164,13.739999771118164,14.880000114440918,13.729999542236328,14.859999656677246,0,-0.0996675219351534,-0.09966752193515349,0.009933614928694302,0.09966752193515349,0.10998706292619802,0.3906635070058486,0.3161985336495743
2020-02-13,14.149999618530272,14.149999618530272,15.4399995803833,14.0,14.43000030517578,0,0.0294033269941182,0.029403326994118295,0.0008645556383230456,0.029403326994118295,0.11314783174934827,0.3917274947816724,0.31090837243851355
2020-02-14,13.68000030517578,13.68000030517578,14.539999961853027,13.380000114440918,14.119999885559082,0,-0.0337796626276798,-0.03377966262767984,0.00114106560723987,0.03377966262767984,0.11322422695247937,0.39317381310747734,0.31198759790317565
2020-02-18,14.829999923706056,14.829999923706056,15.489999771118164,14.529999732971191,14.979999542236328,0,0.0807172165026974,0.08071721650269792,0.0065152690399434094,0.08071721650269792,0.13616296949354587,0.40129236584227856,0.3127349019260891
2020-02-19,14.380000114440918,14.380000114440918,14.739999771118164,14.210000038146973,14.65999984741211,0,-0.0308137907540326,-0.03081379075403312,0.000949489700633337,0.03081379075403312,0.13929822294212538,0.4020701283012151,0.31141041656356844
2020-02-20,15.5600004196167,15.5600004196167,17.209999084472656,14.489999771118164,14.539999961853027,0,0.0788651854666593,0.07886518546665933,0.006219717478690574,0.07886518546665933,0.125260119211305,0.4052943172318092,0.32467117622793007
2020-02-21,17.079999923706055,17.079999923706055,18.209999084472656,16.190000534057617,17.329999923706055,0,0.0932046381756661,0.09320463817566615,0.008687104577456846,0.09320463817566615,0.1533383396413439,0.4158471929860669,0.330596780626801
2020-02-24,25.030000686645508,25.030000686645508,26.350000381469727,22.0,22.25,0,0.3821669489830177,0.38216694898301773,0.1460515768949885,0.38216694898301773,0.4103939055245737,0.5647576683297978,0.34373440636672553
2020-02-25,27.850000381469727,27.850000381469727,30.25,22.190000534057617,22.190000534057617,0,0.1067578471940069,0.10675784719400694,0.011397237937498935,0.10675784719400694,0.4162993233110862,0.563164020132548,0.364258265325316
2020-02-26,27.559999465942383,27.559999465942383,29.56999969482422,24.76000022888184,26.6299991607666,0,-0.0104675533031297,-0.010467553303129762,0.00010956967215386278,0.010467553303129762,0.4152893046549463,0.5164615357934377,0.3722925726299147
2020-02-27,39.15999984741211,39.15999984741211,39.310001373291016,27.790000915527344,28.950000762939453,0,0.351290386998325,0.35129038699832504,0.12340493599743298,0.35129038699832504,0.5381918106767616,0.6142790851080238,0.41834294456162946
2020-02-28,40.11000061035156,40.11000061035156,49.47999954223633,39.369998931884766,42.02000045776367,0,0.0239698812331186,0.023969881233118606,0.0005745552063298116,0.023969881233118606,0.5306014282947269,0.6147096904129961,0.435450817069948
2020-03-02,33.41999816894531,33.41999816894531,40.40999984741211,31.5,38.540000915527344,0,-0.1824712266208465,-0.18247122662084658,0.03329574854451635,0.18247122662084658,0.4108309230789864,0.6387285280910799,0.4469796188494295
2020-03-03,36.81999969482422,36.81999969482422,41.060001373291016,24.93000030517578,33.650001525878906,0,0.096886699138559,0.09688669913855907,0.009387032469965664,0.09688669913855907,0.40837708296426084,0.6156527966577058,0.522932455925885
2020-03-04,31.989999771118164,31.989999771118164,35.58000183105469,30.299999237060547,34.439998626708984,0,-0.1406178207099828,-0.14061782070998285,0.019773371501224882,0.14061782070998285,0.43178194001077647,0.6297352381193776,0.5284206985183671
2020-03-05,39.619998931884766,39.619998931884766,42.84000015258789,33.540000915527344,33.61000061035156,0,0.2139106675047797,0.21391066750477972,0.04575777367234042,0.21391066750477972,0.32983098913591674,0.6554055273586438,0.5475995138168769
2020-03-06,41.93999862670898,41.93999862670898,54.38999938964844,40.84000015258789,48.93000030517578,0,0.0569059784181775,0.05690597841817713,0.0032382903797300413,0.05690597841817713,0.3338445994288023,0.6553353708824207,0.5718292793958717
2020-03-09,54.459999084472656,54.459999084472656,62.119998931884766,41.93999862670898,41.93999862670898,0,0.2612264777050175,0.26122647770501795,0.06823927265417024,0.26122647770501795,0.38261696339476553,0.7053683032032941,0.6174157585687154
2020-03-10,47.29999923706055,47.29999923706055,55.65999984741211,43.560001373291016,49.68000030517578,0,-0.1409561910665195,-0.14095619106651958,0.019868647799981175,0.14095619106651958,0.3960774621301329,0.7185327543654801,0.6325571183059743
2020-03-11,53.900001525878906,53.900001525878906,55.81999969482422,49.97999954223633,52.2400016784668,0,0.1306202268563039,0.13062022685630392,0.0170616436639923,0.13062022685630392,0.39263931052584927,0.7297645664270128,0.633708281168443
2020-03-12,75.47000122070312,75.47000122070312,76.83000183105469,59.90999984741211,61.459999084472656,0,0.3366047362470645,0.33660473624706455,0.1133027484639559,0.33660473624706455,0.4708615539219886,0.8036001629101767,0.6500792946704945
2020-03-13,57.83000183105469,57.83000183105469,77.56999969482422,55.16999816894531,71.30999755859375,0,-0.2662275386386179,-0.2662275386386179,0.0708771023295768,0.2662275386386179,0.5379120884602581,0.8406644450850439,0.6798164929112893
2020-03-16,82.69000244140625,82.69000244140625,83.55999755859375,57.83000183105469,57.83000183105469,0,0.3575910014260426,0.3575910014260426,0.12787132430088,0.3575910014260426,0.5907465332597275,0.9130845951458725,0.7124271138989218
2020-03-17,75.91000366210938,75.91000366210938,84.83000183105469,70.37000274658203,82.69000244140625,0,-0.0855502289874277,-0.0855502289874277,0.007318841679801315,0.0855502289874277,0.5800272928390581,0.916461267029471,0.719482934578656
2020-03-18,76.44999694824219,76.44999694824219,85.47000122070312,69.37000274658203,69.37000274658203,0,0.0070884161852671,0.007088416185267121,5.0245644015556884e-05,0.007088416185267121,0.5651727721840727,0.9129272865728877,0.7293081461822761
2020-03-19,72.0,72.0,84.26000213623047,68.56999969482422,80.62000274658203,0,-0.059970773440666,-0.059970773440666036,0.003596493667071695,0.059970773440666036,0.45794541991524,0.9143758715844232,0.7394051882462865
2020-03-20,66.04000091552734,66.04000091552734,69.51000213623047,57.41999816894531,67.86000061035156,0,-0.0864054861009044,-0.08640548610090448,0.007465908028333598,0.08640548610090448,0.3824955075815954,0.9150570611089872,0.7410900096069779
2020-03-23,61.59000015258789,61.59000015258789,76.73999786376953,60.459999084472656,74.08000183105469,0,-0.0697611107387201,-0.06976111073872016,0.004866612571499977,0.06976111073872016,0.15263715665172176,0.9129671040511043,0.7514879361149231
2020-03-24,61.66999816894531,61.66999816894531,61.880001068115234,36.2400016784668,58.7599983215332,0,0.0012980371357969,0.0012980371357969034,1.6849004059078286e-06,0.0012980371357969034,0.12641576172031257,0.829131498065824,0.8100862379972069
2020-03-25,63.95000076293945,63.95000076293945,68.86000061035156,58.02999877929688,61.43999862670898,0,0.0363039806428737,0.03630398064287377,0.0013179790105181531,0.03630398064287377,0.1313342231782312,0.8230308512795231,0.7950925780055588
2020-03-26,61.0,61.0,67.05999755859375,57.65999984741211,65.66999816894531,0,-0.0472276757817899,-0.04722767578178999,0.002230453359749873,0.04722767578178999,0.12602633800324287,0.8243183037185894,0.7931148188616829
2020-03-27,65.54000091552734,65.54000091552734,69.0999984741211,61.79999923706055,64.94999694824219,0,0.0717867930663427,0.07178679306634272,0.005153343658749912,0.07178679306634272,0.11649065842772086,0.7491655848387655,0.7682110970290904
2020-03-30,57.08000183105469,57.08000183105469,67.69000244140625,56.59999847412109,66.30000305175781,0,-0.1382068325522754,-0.1382068325522754,0.01910112856413269,0.1382068325522754,0.16674708241392605,0.7614300012900808,0.7634483126388674
2020-03-31,53.540000915527344,53.540000915527344,58.75,50.880001068115234,56.68999862670898,0,-0.0640247694952966,-0.06402476949529667,0.004099171108925871,0.06402476949529667,0.17861152175063236,0.7420101545322826,0.7536149174764922
2020-04-01,57.060001373291016,57.060001373291016,60.59000015258789,52.7599983215332,57.380001068115234,0,0.0636743146607621,0.06367431466076212,0.004054418347517746,0.06367431466076212,0.18611425264894735,0.7384080547411261,0.6964531643202603
2020-04-02,50.90999984741211,50.90999984741211,57.2400016784668,50.45000076293945,54.459999084472656,0,-0.114044004935808,-0.11404400493580802,0.013006035061798604,0.11404400493580802,0.2131058346013195,0.7338113646347729,0.6938954169215297
2020-04-03,46.79999923706055,46.79999923706055,52.290000915527344,46.7400016784668,51.11000061035156,0,-0.0841761782955603,-0.08417617829556034,0.007085628992445964,0.08417617829556034,0.21759223808495787,0.7069702781498337,0.681490527481056
2020-04-06,45.2400016784668,45.2400016784668,45.72999954223633,43.45000076293945,44.16999816894531,0,-0.0339014982721685,-0.033901498272168595,0.0011493115850978502,0.033901498272168595,0.17144843275978391,0.7054913148952445,0.6601242663419924
2020-04-07,46.70000076293945,46.70000076293945,47.5099983215332,43.5099983215332,44.83000183105469,0,0.0317624926625774,0.03176249266257747,0.0010088559401402876,0.03176249266257747,0.16218584995923832,0.6561155223576036,0.6187866725626344
2020-04-08,43.34999847412109,43.34999847412109,47.27999877929688,42.52999877929688,45.900001525878906,0,-0.0744375129843866,-0.07443751298438661,0.005540943339300725,0.07443751298438661,0.16670565352975747,0.6451045451846629,0.6043749201664673
2020-04-09,41.66999816894531,41.66999816894531,45.72999954223633,41.38999938964844,43.0,0,-0.0395252665349343,-0.03952526653493438,0.0015622466946576033,0.03952526653493438,0.12785533446689873,0.6329774697795933,0.6036974499094837
2020-04-13,41.16999816894531,41.16999816894531,45.040000915527344,41.16999816894531,44.59999847412109,0,-0.012071610186211,-0.012071610186211057,0.00014572377248783455,0.012071610186211057,0.09699010945289428,0.5361934842546187,0.5874046281757396
2020-04-14,37.7599983215332,37.7599983215332,40.56999969482422,37.310001373291016,40.2400016784668,0,-0.0864594944799752,-0.08645949447997525,0.007475244185732871,0.08645949447997525,0.12543131161045648,0.47339369916937424,0.5528961840461682
2020-04-15,40.84000015258789,40.84000015258789,43.22999954223633,40.04999923706055,42.56999969482422,0,0.0784117002063236,0.0784117002063236,0.006148394729246368,0.0784117002063236,0.14447336336302796,0.31996666207845836,0.5088621538778303
2020-04-16,40.11000061035156,40.11000061035156,43.02000045776367,39.869998931884766,41.91999816894531,0,-0.018036302033797,-0.018036302033797025,0.0003253081910543507,0.018036302033797025,0.12512760516040872,0.30884483378046557,0.4984272024108269
2020-04-17,38.150001525878906,38.150001525878906,40.2599983215332,37.630001068115234,39.5,0,-0.0500998972716129,-0.0500998972716129,0.002509999706626166,0.0500998972716129,0.12885911137807718,0.3128016710561087,0.4841123035237377
2020-04-20,43.83000183105469,43.83000183105469,43.83000183105469,39.880001068115234,40.68000030517578,0,0.1387927584797132,0.13879275847971329,0.019263429806408026,0.13879275847971329,0.18900364181429916,0.33691515483104995,0.47145358248708596
2020-04-21,45.40999984741211,45.40999984741211,47.77000045776367,43.77000045776367,44.27999877929688,0,0.0354137855426288,0.03541378554262886,0.001254136206459309,0.03541378554262886,0.1717593334866968,0.3275668629958715,0.4602805574337195
2020-04-22,41.97999954223633,41.97999954223633,45.06999969482422,41.40999984741211,44.90999984741211,0,-0.0785390382614741,-0.07853903826147413,0.006168380531037297,0.07853903826147413,0.17181750330389875,0.32954789893503095,0.44038569184815224
2020-04-23,41.380001068115234,41.380001068115234,42.470001220703125,39.060001373291016,41.29999923706055,0,-0.0143956053584077,-0.014395605358407781,0.00020723345363501882,0.014395605358407781,0.17147355394977362,0.3298596159667359,0.3053186610209023
2020-04-24,35.93000030517578,35.93000030517578,40.16999816894531,35.599998474121094,38.79999923706055,0,-0.1412250885107036,-0.1412250885107036,0.019944525624856064,0.1412250885107036,0.21642020613241228,0.356978868926524,0.29651268945044085
2020-04-27,33.290000915527344,33.290000915527344,36.43999862670898,32.5099983215332,36.290000915527344,0,-0.0763155305305423,-0.0763155305305423,0.005824060200158134,0.0763155305305423,0.18275211631099086,0.36197723643962565,0.2905005553514383
2020-04-28,33.56999969482422,33.56999969482422,35.38999938964844,30.540000915527344,33.209999084472656,0,0.0083757228127088,0.008375722812708819,7.015273263533093e-05,0.008375722812708819,0.1794835717895149,0.3548863603667435,0.2961922018431846
2020-04-29,31.229999542236328,31.229999542236328,33.189998626708984,30.709999084472656,32.47999954223633,0,-0.0722536452640456,-0.07225364526404565,0.005220589253942547,0.07225364526404565,0.17682353142392335,0.3347593007881393,0.27992469599540887
2020-04-30,34.150001525878906,34.150001525878906,35.939998626708984,30.93000030517578,30.989999771118164,0,0.0893834740612962,0.08938347406129621,0.007989405435266413,0.08938347406129621,0.19760752325470454,0.3405202252297277,0.2811157645048255
2020-05-01,37.18999862670898,37.18999862670898,39.56999969482422,36.59000015258789,38.16999816894531,0,0.0852772403121617,0.08527724031216133,0.007272207715258113,0.08527724031216133,0.1624081750936838,0.3452127071216308,0.2726369472760237
2020-05-04,35.970001220703125,35.970001220703125,40.31999969482422,35.529998779296875,39.130001068115234,0,-0.0333545793663936,-0.03335457936639319,0.0011125279647090222,0.03335457936639319,0.1471899558455384,0.32753367164484826,0.2726703835595722
2020-05-05,33.61000061035156,33.61000061035156,36.220001220703125,31.950000762939453,34.81999969482422,0,-0.0678616317473985,-0.06786163174739857,0.004605201063419533,0.06786163174739857,0.16186392875682876,0.3237250038723127,0.2747425916810369
2020-05-06,34.119998931884766,34.119998931884766,35.689998626708984,31.68000030517578,32.689998626708984,0,0.0150600314219766,0.01506003142197665,0.00022680454643092402,0.01506003142197665,0.14562330419642358,0.32229702309121927,0.28224718606480387
2020-05-07,31.440000534057617,31.440000534057617,32.279998779296875,30.3700008392334,32.119998931884766,0,-0.0818027067712394,-0.08180270677123946,0.0066916828351013865,0.08180270677123946,0.141097215156498,0.3309957673270506,0.2796700970330492
2020-05-08,27.979999542236328,27.979999542236328,30.38999938964844,27.88999938964844,30.13999938964844,0,-0.1165910316706249,-0.1165910316706249,0.013593468666020658,0.1165910316706249,0.16195581210836998,0.3429441985442281,0.2771825081043426
2020-05-11,27.56999969482422,27.56999969482422,31.459999084472656,26.96999931335449,28.459999084472656,0,-0.0147617389103662,-0.014761738910366251,0.000217908935657821,0.014761738910366251,0.1591699282107975,0.3409785705233441,0.28600129456535006
2020-05-12,33.040000915527344,33.040000915527344,33.040000915527344,26.0,28.46999931335449,0,0.1809907623958619,0.18099076239586198,0.032757656072635366,0.18099076239586198,0.23127369296105918,0.38584753187793064,0.3155868784498675
2020-05-13,35.279998779296875,35.279998779296875,37.41999816894531,30.770000457763672,32.7400016784668,0,0.0655972201757189,0.0655972201757189,0.004302995294781742,0.0655972201757189,0.23992438768119653,0.3817146433729515,0.3329753219513713
2020-05-14,32.61000061035156,32.61000061035156,39.27999877929688,32.33000183105469,35.15999984741211,0,-0.0786971880202345,-0.07869718802023451,0.006193247402292142,0.07869718802023451,0.23888339492603466,0.3817733904273389,0.3499174604024785
2020-05-15,31.88999938964844,31.88999938964844,35.130001068115234,31.040000915527344,32.5,0,-0.022326546635238,-0.02232654663523803,0.0004984746846554587,0.02232654663523803,0.20969092109584203,0.3820001153559858,0.35479949029483826
2020-05-18,29.299999237060547,29.299999237060547,31.07999992370605,28.350000381469727,30.709999084472656,0,-0.0847049718985566,-0.08470497189855664,0.007174932264335269,0.08470497189855664,0.22567079057489936,0.38805801201585255,0.3567704995369316
2020-05-19,30.530000686645508,30.530000686645508,30.739999771118164,28.3700008392334,28.729999542236328,0,0.0411223392534996,0.04112233925349962,0.0016910467856799155,0.04112233925349962,0.14092798313941995,0.36471446046046413,0.3555135340799204
2020-05-20,27.989999771118164,27.989999771118164,29.82999992370605,27.82999992370605,29.520000457763672,0,-0.0868625338875412,-0.08686253388754128,0.0075450997933642575,0.08686253388754128,0.1519960556406881,0.3732393350865801,0.3540745787044448
2020-05-21,29.530000686645508,29.530000686645508,30.200000762939453,27.670000076293945,28.96999931335449,0,0.0535594236582133,0.05355942365821331,0.00286861186259998,0.05355942365821331,0.14063486548731433,0.36879239768118194,0.3543199366876624
2020-05-22,28.15999984741211,28.15999984741211,31.549999237060547,28.030000686645508,31.36000061035156,0,-0.0475041931370663,-0.04750419313706633,0.0022566483656037,0.04750419313706633,0.14675264587592018,0.3715605569747733,0.3578593892560393
2020-05-26,28.01000022888184,28.01000022888184,28.57999992370605,27.18000030517578,27.71999931335449,0,-0.0053409284277874,-0.005340928427787439,2.8525516470748007e-05,0.005340928427787439,0.11995804401422487,0.3437168127849123,0.3517274514665008
2020-05-27,27.6200008392334,27.6200008392334,30.530000686645508,25.920000076293945,27.6200008392334,0,-0.0140214190773151,-0.014021419077315134,0.00019660019294169678,0.014021419077315134,0.11355829221585051,0.3354307490135661,0.35871951704478056
2020-05-28,28.59000015258789,28.59000015258789,29.88999938964844,27.43000030517578,27.81999969482422,0,0.0345168333051928,0.03451683330519284,0.0011914117814184697,0.03451683330519284,0.08088138054604846,0.3370979774970255,0.3514324846050422
2020-05-29,27.51000022888184,27.51000022888184,30.15999984741211,27.290000915527344,29.299999237060547,0,-0.0385074284148938,-0.03850742841489385,0.0014828220431281744,0.03850742841489385,0.07180534729087312,0.33150758546641246,0.3534628497722284
2020-06-01,28.229999542236328,28.229999542236328,30.600000381469727,28.11000061035156,28.940000534057617,0,0.02583564279346,0.025835642793460067,0.0006674804385512651,0.025835642793460067,0.05972302715461152,0.32027387377845173,0.34555110027833286
2020-06-02,26.84000015258789,26.84000015258789,28.520000457763672,26.65999984741211,28.399999618530277,0,-0.0504919082613199,-0.050491908261319995,0.0025494327998695546,0.050491908261319995,0.07802401717361951,0.3128139691728409,0.3447245070558622
2020-06-03,25.65999984741211,25.65999984741211,26.979999542236328,25.040000915527344,26.75,0,-0.044959964547611,-0.044959964547611087,0.0020213984121224458,0.044959964547611087,0.08895248998813929,0.3142633445966623,0.3392262670396846
2020-06-04,25.809999465942383,25.809999465942383,26.43000030517578,24.3799991607666,26.229999542236328,0,0.0058286397976718,0.005828639797671897,3.39730418910047e-05,0.005828639797671897,0.08218945635276191,0.30690425499746976,0.3342906999804143
2020-06-05,24.520000457763672,24.520000457763672,25.09000015258789,23.540000915527344,24.790000915527344,0,-0.0512728633016323,-0.05127286330163239,0.0026289065111478813,0.05127286330163239,0.08888864496425998,0.31079305606829266,0.3287757956165521
2020-06-08,25.809999465942383,25.809999465942383,25.979999542236328,24.649999618530277,25.559999465942383,0,0.0512728633016323,0.05127286330163239,0.0026289065111478813,0.05127286330163239,0.09931071078276944,0.30418669822383,0.3282495885358169
2020-06-09,27.56999969482422,27.56999969482422,27.700000762939453,25.709999084472656,25.93000030517578,0,0.0659662209279456,0.06596622092794568,0.004351542303514539,0.06596622092794568,0.10800336466899474,0.28859594767392227,0.32725293034257147
2020-06-10,27.56999969482422,27.56999969482422,29.01000022888184,26.059999465942383,26.729999542236328,0,0.0,0.0,0.0,0.0,0.09820044993634916,0.2882181675018969,0.32045199789055145
2020-06-11,40.790000915527344,40.790000915527344,42.58000183105469,29.489999771118164,30.450000762939453,0,0.391708761807783,0.391708761807783,0.1534357540769865,0.391708761807783,0.4037884463463472,0.45138432635892733,0.36145138199302246
2020-06-12,36.09000015258789,36.09000015258789,44.15999984741211,34.970001220703125,37.68000030517578,0,-0.1224211528916838,-0.12242115289168387,0.014986938675329037,0.12242115289168387,0.4188115824174137,0.4630677633598024,0.3694248145563392
2020-06-15,34.400001525878906,34.400001525878906,44.43999862670898,34.279998779296875,44.09000015258789,0,-0.0479592141463824,-0.04795921414638249,0.002300086221538574,0.04795921414638249,0.418418834754566,0.45884484554399907,0.3835386546445361
2020-06-16,33.66999816894531,33.66999816894531,37.45000076293945,31.729999542236328,34.279998779296875,0,-0.0214494299456937,-0.021449429945693765,0.00046007804499522445,0.021449429945693765,0.413742500861163,0.4588030030880749,0.38920953541555403
2020-06-17,33.470001220703125,33.470001220703125,35.16999816894531,32.25,33.279998779296875,0,-0.0059576270958081,-0.00595762709580816,3.549332061270757e-05,0.00595762709580816,0.41378539164579287,0.4509553821598247,0.3887738045437352
2020-06-18,32.939998626708984,32.939998626708984,36.25,32.2400016784668,33.83000183105469,0,-0.0159618686359821,-0.015961868635982146,0.00025478125035235054,0.015961868635982146,0.1343033041768817,0.4493600907552716,0.3921481075462309
2020-06-19,35.119998931884766,35.119998931884766,35.119998931884766,30.399999618530277,32.06999969482422,0,0.0640830552947981,0.06408305529479819,0.004106637975916162,0.06408305529479819,0.08459950835208872,0.4455177093518707,0.39944468682877454
2020-06-22,31.770000457763672,31.770000457763672,35.38999938964844,31.63999938964844,35.220001220703125,0,-0.100248275663509,-0.10024827566350902,0.010049716773506896,0.10024827566350902,0.1220930275051915,0.4535053850364346,0.4016465499784877
2020-06-23,31.3700008392334,31.3700008392334,31.709999084472656,29.26000022888184,31.709999084472656,0,-0.012670413734777,-0.012670413734777064,0.00016053938421042727,0.012670413734777064,0.12086012040618963,0.4511884587128216,0.3982519154922644
2020-06-24,33.84000015258789,33.84000015258789,37.119998931884766,30.950000762939453,31.049999237060547,0,0.0757914902917957,0.07579149029179577,0.005744350000651373,0.07579149029179577,0.1425342954682743,0.4574787970604017,0.41184124363404734
2020-06-25,32.220001220703125,32.220001220703125,36.93000030517578,31.59000015258789,36.59000015258789,0,-0.0490561236117903,-0.04905612361179035,0.0024065032638152543,0.04905612361179035,0.14989245277231347,0.45988776112297847,0.4107877960627438
2020-06-26,34.72999954223633,34.72999954223633,36.25,31.040000915527344,33.0099983215332,0,0.0750164379400111,0.07501643794001112,0.005627465961207539,0.07501643794001112,0.15488245666760198,0.4646857077751529,0.41805439968806973
2020-06-29,31.780000686645508,31.780000686645508,36.310001373291016,31.780000686645508,35.04999923706055,0,-0.088766670860557,-0.088766670860557,0.00787952185566646,0.088766670860557,0.1477104615981927,0.4715182995632652,0.42138766699906993
2020-06-30,30.43000030517578,30.43000030517578,32.939998626708984,29.559999465942383,32.540000915527344,0,-0.0434082087771248,-0.04340820877712481,0.0018842725892384555,0.04340820877712481,0.1534343953309661,0.47280683050662486,0.423316662243478
2020-07-01,28.6200008392334,28.6200008392334,31.76000022888184,28.200000762939453,30.959999084472656,0,-0.0613231704860361,-0.061323170486036194,0.0037605312384594606,0.061323170486036194,0.1468274324109336,0.4740858544739657,0.427380652949661
2020-07-02,27.68000030517578,27.68000030517578,28.440000534057617,25.899999618530277,28.32999992370605,0,-0.0333956616770181,-0.03339566167701813,0.0011152702188458573,0.03339566167701813,0.14236243136241344,0.4731292309919496,0.4287220458832099
2020-07-06,27.940000534057617,27.940000534057617,28.32999992370605,24.920000076293945,27.76000022888184,0,0.009349231168656,0.009349231168656047,8.740812344496971e-05,0.009349231168656047,0.12135486815804018,0.4731856974810075,0.4328787540707391
2020-07-07,29.43000030517578,29.43000030517578,29.6299991607666,27.25,28.770000457763672,0,0.0519551996716671,0.051955199671667174,0.0026993427729228047,0.051955199671667174,0.09770785507272,0.47326011934491424,0.4341038898837299
2020-07-08,28.07999992370605,28.07999992370605,30.200000762939453,27.239999771118164,28.950000762939453,0,-0.0469569961743392,-0.04695699617433924,0.00220495948971691,0.04695699617433924,0.09933535042164049,0.4728120065532722,0.4373649848600113
2020-07-09,29.26000022888184,29.26000022888184,31.479999542236328,26.11000061035156,28.18000030517578,0,0.0411638269737344,0.04116382697373444,0.001694460651123547,0.04116382697373444,0.0883257677920447,0.46999373600989675,0.44933335994048135
2020-07-10,27.290000915527344,27.290000915527344,30.90999984741211,27.1299991607666,30.86000061035156,0,-0.0697010351459885,-0.06970103514598858,0.004858234300422335,0.06970103514598858,0.10744489442328414,0.4751340297105258,0.45154105864970634
2020-07-13,32.189998626708984,32.189998626708984,32.45000076293945,26.8700008392334,27.850000381469727,0,0.1651354343803421,0.16513543438034217,0.027269711687984297,0.16513543438034217,0.1967910285103719,0.31557297697990655,0.4099556242457883
2020-07-14,29.520000457763672,29.520000457763672,33.66999816894531,29.209999084472656,31.13999938964844,0,-0.0865877874095062,-0.08658778740950623,0.007497444928473846,0.08658778740950623,0.2086260076254182,0.3034745624481654,0.3946012725535558
2020-07-15,27.76000022888184,27.76000022888184,30.09000015258789,27.170000076293945,29.149999618530277,0,-0.0614718713555446,-0.061471871355544216,0.0037787909679525777,0.061471871355544216,0.2123644097676367,0.3059011520075062,0.3676493201878814
2020-07-16,28.0,28.0,29.290000915527344,26.979999542236328,28.40999984741211,0,0.0086083662915772,0.008608366291576797,7.410397020995565e-05,0.008608366291576797,0.20851447397013745,0.30526961972121325,0.35734015012482895
2020-07-17,25.68000030517578,25.68000030517578,27.540000915527344,25.40999984741211,27.149999618530277,0,-0.0864920194696514,-0.08649201946965146,0.007480869431938568,0.08649201946965146,0.21471125025615065,0.3172300692495275,0.35681850541384597
2020-07-20,24.459999084472656,24.459999084472656,27.07999992370605,24.350000381469727,26.940000534057617,0,-0.0486733978760995,-0.04867339787609959,0.002369099660805096,0.04867339787609959,0.14560325875261224,0.32054521560384075,0.35557747720362537
2020-07-21,24.84000015258789,24.84000015258789,25.649999618530277,23.61000061035156,24.07999992370605,0,0.0154161703786552,0.01541617037865528,0.0002376583091437285,0.01541617037865528,0.11806998915918489,0.3144523105015136,0.34842413988488036
2020-07-22,24.31999969482422,24.31999969482422,26.26000022888184,24.1299991607666,24.559999465942383,0,-0.0211562186584881,-0.021156218658488157,0.00044758558792576245,0.021156218658488157,0.10300153862939729,0.2987944517459439,0.3456231535243416
2020-07-23,26.07999992370605,26.07999992370605,26.950000762939453,23.600000381469727,23.96999931335449,0,0.0698696895834509,0.06986968958345097,0.004881773522487797,0.06986968958345097,0.12416515820591968,0.30659314821508415,0.3513943736430031
2020-07-24,25.84000015258789,25.84000015258789,28.57999992370605,25.530000686645508,27.959999084472656,0,-0.0092450493135656,-0.009245049313565623,8.54709368102602e-05,0.009245049313565623,0.08956331848012754,0.2972212634866413,0.34081226594802483
2020-07-27,24.739999771118164,24.739999771118164,26.940000534057617,24.549999237060547,26.600000381469727,0,-0.0435023271066521,-0.04350232710665214,0.0018924524636941614,0.04350232710665214,0.0868616187971524,0.2963552406630839,0.33236690024867716
2020-07-28,25.440000534057617,25.440000534057617,25.850000381469727,24.049999237060547,24.86000061035156,0,0.0279014017518988,0.027901401751898813,0.0007784882197208622,0.027901401751898813,0.08992091375558277,0.2880580686719046,0.3219677623553149
2020-07-29,24.100000381469727,24.100000381469727,25.420000076293945,23.729999542236328,25.15999984741211,0,-0.0541109031395232,-0.05411090313952327,0.0029279898385748695,0.05411090313952327,0.10279190134095224,0.27933119931346034,0.3145881971264139
2020-07-30,24.76000022888184,24.76000022888184,28.290000915527344,24.63999938964844,25.040000915527344,0,0.0270176007351827,0.02701760073518278,0.000729950749485749,0.02701760073518278,0.08008965106857448,0.277257275955282,0.3187796471092296
2020-07-31,24.459999084472656,24.459999084472656,26.40999984741211,23.549999237060547,24.790000915527344,0,-0.0121903642309586,-0.01219036423095865,0.00014860498008343608,0.01219036423095865,0.08048283202993785,0.27066523753849026,0.31821527375410824
2020-08-03,24.280000686645508,24.280000686645508,26.01000022888184,22.170000076293945,25.75,0,-0.007386098357863,-0.00738609835786308,5.455444895202769e-05,0.00738609835786308,0.06811452295081465,0.26869863237812275,0.32757842769061885
2020-08-04,23.76000022888184,23.76000022888184,24.76000022888184,22.920000076293945,24.01000022888184,0,-0.0216494903440715,-0.021649490344071154,0.00046870043215803013,0.021649490344071154,0.06580121920796167,0.2694072147337309,0.32175430428103263
2020-08-05,22.989999771118164,22.989999771118164,23.61000061035156,22.86000061035156,23.440000534057617,0,-0.0329441753081405,-0.03294417530814098,0.0010853186867335256,0.03294417530814098,0.049871126891347456,0.26639486343470914,0.31839108461826
2020-08-06,22.649999618530277,22.649999618530277,24.11000061035156,20.96999931335449,23.030000686645508,0,-0.0148994937322655,-0.014899493732265068,0.00022199491347780603,0.014899493732265068,0.044487902416330403,0.26264664225563256,0.3233529776731683
2020-08-07,22.209999084472656,22.209999084472656,24.020000457763672,22.020000457763672,23.450000762939453,0,-0.0196172384021786,-0.019617238402179105,0.0003848360425279306,0.019617238402179105,0.04706808391946109,0.26014156545919875,0.3076785094473431
2020-08-10,22.1299991607666,22.1299991607666,23.520000457763672,21.459999084472656,22.8799991607666,0,-0.0036084805448584,-0.0036084805448584056,1.3021131842621616e-05,0.0036084805448584056,0.04662479176082211,0.2506559811992981,0.30258821921729934
2020-08-11,24.030000686645508,24.030000686645508,24.93000030517578,20.280000686645508,21.850000381469727,0,0.0823689621828136,0.08236896218281364,0.006784645931073784,0.08236896218281364,0.09214020135454327,0.20577501100491374,0.3067388840523608
2020-08-12,22.280000686645508,22.280000686645508,22.8799991607666,21.540000915527344,22.81999969482422,0,-0.0756136324448872,-0.07561363244488728,0.00571742141151051,0.07561363244488728,0.11455094687706759,0.20140340522719327,0.2968500473154311
2020-08-13,22.1299991607666,22.1299991607666,22.920000076293945,21.450000762939453,22.200000762939453,0,-0.0067553297379263,-0.006755329737926363,4.563447986811227e-05,0.006755329737926363,0.1137785524465093,0.19191189423541358,0.29316608660811516
2020-08-14,22.049999237060547,22.049999237060547,23.549999237060547,21.790000915527344,22.270000457763672,0,-0.0036215488476489,-0.003621548847648981,1.3115616055907662e-05,0.003621548847648981,0.1121331287816007,0.1917529316460912,0.29272572584395246
2020-08-17,21.350000381469727,21.350000381469727,22.81999969482422,21.34000015258789,22.520000457763672,0,-0.0322608097503578,-0.03226080975035783,0.0010407598457487831,0.03226080975035783,0.11662580025130463,0.17415245392666948,0.2915012232986164
2020-08-18,21.51000022888184,21.51000022888184,22.549999237060547,21.18000030517578,21.690000534057617,0,0.0074661963782878,0.00746619637828827,5.574408835916488e-05,0.00746619637828827,0.0829016009588632,0.167378976087903,0.28690966765719594
2020-08-19,22.540000915527344,22.540000915527344,22.979999542236328,20.989999771118164,21.600000381469727,0,0.0467735953091676,0.04677359530916725,0.0021877692181457523,0.04677359530916725,0.05781888314536896,0.17310641971121934,0.2877484560111903
2020-08-20,22.71999931335449,22.71999931335449,24.600000381469727,22.3700008392334,24.100000381469727,0,0.0079540144013527,0.007954014401352794,6.326634509692764e-05,0.007954014401352794,0.0579711575993325,0.17199277107601932,0.2889206806165735
2020-08-21,22.540000915527344,22.540000915527344,24.46999931335449,22.059999465942383,22.57999992370605,0,-0.0079540144013527,-0.007954014401352794,6.326634509692764e-05,0.007954014401352794,0.05840210477754776,0.15736265797519156,0.28460088566933217
2020-08-24,22.3700008392334,22.3700008392334,23.18000030517578,21.25,22.8700008392334,0,-0.0075707362114645,-0.007570736211464535,5.731604678358038e-05,0.007570736211464535,0.04926826608966936,0.1572731739203811,0.2813004379249904
2020-08-25,22.030000686645508,22.030000686645508,23.43000030517578,21.530000686645508,22.15999984741211,0,-0.015315621035151,-0.01531562103515105,0.00023456824769236133,0.01531562103515105,0.05105081980551988,0.15191104969352506,0.2803510547968163
2020-08-26,23.270000457763672,23.270000457763672,23.270000457763672,20.920000076293945,22.13999938964844,0,0.0547598050031301,0.05475980500313016,0.002998636243980839,0.05475980500313016,0.05845556627602496,0.15905066816347746,0.2842632182262267
2020-08-27,24.46999931335449,24.46999931335449,27.09000015258789,21.440000534057617,23.420000076293945,0,0.0502828524078342,0.05028285240783381,0.0025283652462679985,0.05028285240783381,0.07669518974369786,0.1577893863697484,0.3143752167506586
2020-08-28,22.959999084472656,22.959999084472656,26.299999237060547,22.63999938964844,24.59000015258789,0,-0.0636943178173918,-0.06369431781739143,0.004056966122222868,0.06369431781739143,0.09937732088835842,0.16800150542087075,0.3163043507399181
2020-08-31,26.40999984741211,26.40999984741211,26.5,21.770000457763672,23.90999984741211,0,0.1399891889549045,0.13998918895490453,0.019596973024251965,0.13998918895490453,0.17150950085757974,0.21834118683346804,0.33053371753507693
2020-09-01,26.1200008392334,26.1200008392334,26.59000015258789,25.020000457763672,25.86000061035156,0,-0.0110413839932395,-0.011041383993239506,0.00012191216048616558,0.011041383993239506,0.17118076059303494,0.2184953811396972,0.3184101940467122
2020-09-02,26.56999969482422,26.56999969482422,27.06999969482422,25.530000686645508,26.01000022888184,0,0.0170814117478488,0.01708141174784883,0.000291774627299548,0.01708141174784883,0.16308277401530996,0.2180901322263872,0.31697279571802106
2020-09-03,33.599998474121094,33.599998474121094,35.939998626708984,25.65999984741211,26.280000686645508,0,0.2347432732701002,0.23474327327010025,0.055104404345560964,0.23474327327010025,0.2813752481648335,0.31871992631988116,0.3755491916632099
2020-09-04,30.75,30.75,38.27999877929688,29.5,34.619998931884766,0,-0.088636027303568,-0.08863602730356801,0.007856345336158853,0.08863602730356801,0.2880475819960265,0.33047956344686663,0.398117316016409
2020-09-08,31.459999084472656,31.459999084472656,35.93000030517578,30.520000457763672,30.61000061035156,0,0.0228268742762907,0.02282687427629071,0.0005210661892255825,0.02282687427629071,0.25277559743521766,0.33068560900457883,0.4066652584537753
2020-09-09,28.809999465942383,28.809999465942383,31.780000686645508,28.1200008392334,31.68000030517578,0,-0.087994337969611,-0.08799433796961109,0.00774300351471014,0.08799433796961109,0.26742586638721993,0.34217386572559383,0.4095681057800563
2020-09-10,29.709999084472656,29.709999084472656,30.559999465942383,27.59000015258789,28.670000076293945,0,0.0307611280998485,0.030761128099848545,0.0009462470019752918,0.030761128099848545,0.2686467315781656,0.3335334397875245,0.39515255674573413
2020-09-11,26.8700008392334,26.8700008392334,29.729999542236328,26.51000022888184,28.6299991607666,0,-0.1004732047985554,-0.10047320479855548,0.010094864882492472,0.10047320479855548,0.16480754510811227,0.3400323498249544,0.39946402809812176
2020-09-14,25.850000381469727,25.850000381469727,26.790000915527344,25.3799991607666,25.86000061035156,0,-0.0386998381490122,-0.03869983814901223,0.0014976774727597426,0.03869983814901223,0.1442319626891465,0.3421608421786044,0.39879964161253506
2020-09-15,25.59000015258789,25.59000015258789,26.0,24.920000076293945,25.920000076293945,0,-0.0101089595769963,-0.010108959576996313,0.00010219106372934546,0.010108959576996313,0.14277249012210688,0.3422909834746531,0.39688068872568627
2020-09-16,26.040000915527344,26.040000915527344,26.59000015258789,24.84000015258789,25.309999465942383,0,0.017432196364377,0.017432196364377095,0.000303881470086202,0.017432196364377095,0.11377548897299089,0.3412128939421584,0.3969436751655901
2020-09-17,26.459999084472656,26.459999084472656,28.920000076293945,26.26000022888184,28.21999931335449,0,0.0160002715875124,0.016000271587512493,0.0002560086908741596,0.016000271587512493,0.1107006033404608,0.3415062277541914,0.39938092549278803
2020-09-18,25.82999992370605,25.82999992370605,28.100000381469727,25.280000686645508,26.649999618530277,0,-0.0240975199323263,-0.024097519932326783,0.0005806904668888866,0.024097519932326783,0.05234929955919615,0.3391451383163863,0.4007242282956949
2020-09-21,27.780000686645508,27.780000686645508,31.18000030517578,27.38999938964844,28.040000915527344,0,0.0727797578894042,0.07277975788940472,0.005296893158440368,0.07277975788940472,0.0808681943041829,0.34677521776647224,0.4042040342463667
2020-09-22,26.86000061035156,26.86000061035156,28.780000686645508,26.479999542236328,28.61000061035156,0,-0.0336781482249284,-0.03367814822492887,0.0011342176678602797,0.03367814822492887,0.08701546675246886,0.3483159528068555,0.4024994655976088
2020-09-23,28.57999992370605,28.57999992370605,29.729999542236328,25.190000534057617,27.020000457763672,0,0.0620689560137042,0.06206895601370466,0.0038525553006312037,0.06206895601370466,0.10545314260227152,0.3537219843798166,0.41131989769760047
2020-09-24,28.51000022888184,28.51000022888184,30.489999771118164,27.940000534057617,29.540000915527344,0,-0.0024522588795288,-0.0024522588795288236,6.013573612227961e-06,0.0024522588795288236,0.10426106736185413,0.35339876564514916,0.411528581567639
2020-09-25,26.3799991607666,26.3799991607666,30.43000030517578,26.020000457763672,28.170000076293945,0,-0.0776487954767821,-0.07764879547678216,0.006029335438995146,0.07764879547678216,0.1277459006760661,0.35766099417539143,0.41726361390704475
2020-09-28,26.190000534057617,26.190000534057617,27.190000534057617,24.899999618530277,27.149999618530277,0,-0.0072284365646413,-0.0072284365646413384,5.225029516904387e-05,0.0072284365646413384,0.10523484345152996,0.3541825402295128,0.39644364879446825
2020-09-29,26.270000457763672,26.270000457763672,27.43000030517578,25.979999542236328,26.809999465942383,0,0.003049942211506,0.003049942211506007,9.302147493526153e-06,0.003049942211506007,0.09974696364251529,0.3484215949517209,0.3874692280549327
2020-09-30,26.3700008392334,26.3700008392334,27.1200008392334,25.059999465942383,26.690000534057617,0,0.0037994110677157,0.003799411067715752,1.4435524461480953e-05,0.003799411067715752,0.07817504064425897,0.319084738476961,0.37207661001477077
2020-10-01,26.700000762939453,26.700000762939453,27.11000061035156,25.32999992370605,25.780000686645508,0,0.0124365617902113,0.012436561790211353,0.00015466806916174502,0.012436561790211353,0.07912010790741542,0.31913606226433605,0.3725165839770755
2020-10-02,27.6299991607666,27.6299991607666,29.899999618530277,26.93000030517578,28.8700008392334,0,0.0342385145806178,0.034238514580617885,0.0011722758806871835,0.034238514580617885,0.03745573276513352,0.3205126011422543,0.3761366373690372
2020-10-05,27.959999084472656,27.959999084472656,29.690000534057617,27.270000457763672,29.520000457763672,0,0.0118727760600938,0.011872776060093848,0.0001409628113731376,0.011872776060093848,0.03862181291934896,0.21855179238978112,0.3211615652812075
2020-10-06,29.479999542236328,29.479999542236328,30.0,26.01000022888184,28.049999237060547,0,0.0529371671717688,0.052937167171768884,0.0028023436681718053,0.052937167171768884,0.06545751258530581,0.20666611790227965,0.2932720868593801
2020-10-07,28.059999465942383,28.059999465942383,29.76000022888184,27.940000534057617,29.26000022888184,0,-0.049366996151583,-0.04936699615158302,0.0024371003090304126,0.04936699615158302,0.08189841719120342,0.2112508423855483,0.2789976796337933
2020-10-08,26.36000061035156,26.36000061035156,27.989999771118164,24.8799991607666,27.649999618530277,0,-0.0624973228528467,-0.062497322852846704,0.0039059153637729547,0.062497322852846704,0.1022672872087434,0.2019649233348865,0.2782869507020351
2020-10-09,25.0,25.0,26.21999931335449,24.030000686645508,26.200000762939453,0,-0.0529719079205652,-0.052971907920565275,0.0028060230287448463,0.052971907920565275,0.10996519986383545,0.2065178110586013,0.27643684418376585
2020-10-12,25.06999969482422,25.06999969482422,25.649999618530277,24.13999938964844,25.649999618530277,0,0.0027960751290541,0.0027960751290541097,7.818036127314956e-06,0.0027960751290541097,0.10935812912558193,0.18045098901937606,0.2701951433322831
2020-10-13,26.06999969482422,26.06999969482422,26.93000030517578,25.15999984741211,25.670000076293945,0,0.0391133162421417,0.03911331624214176,0.0015298515074577905,0.03911331624214176,0.10337653624074197,0.18054011596531402,0.27132657814894967
2020-10-14,26.399999618530277,26.399999618530277,27.229999542236328,25.530000686645508,25.71999931335449,0,0.0125787794632632,0.012578779463263245,0.0001582256927854132,0.012578779463263245,0.0916942398893651,0.18069523541539523,0.27288785800094056
2020-10-15,26.96999931335449,26.96999931335449,29.059999465942383,26.81999969482422,27.100000381469727,0,0.0213611159893747,0.021361115989374735,0.00045629727631152096,0.021361115989374735,0.07041459750241424,0.1811164926450665,0.27407449078542234
2020-10-16,27.40999984741211,27.40999984741211,27.459999084472656,26.190000534057617,27.15999984741211,0,0.0161827930557905,0.016182793055790512,0.0002618827910865416,0.016182793055790512,0.04913324031415696,0.18113270827838576,0.26938413259261124
2020-10-19,29.18000030517578,29.18000030517578,29.690000534057617,27.040000915527344,27.36000061035156,0,0.0625756488052036,0.06257564880520361,0.00391571182339218,0.06257564880520361,0.07951081115819134,0.19011596294042774,0.2677434331992834
2020-10-20,29.350000381469727,29.350000381469727,29.600000381469727,28.290000915527344,28.809999465942383,0,0.0058090057183419,0.005809005718341975,3.3744547435729764e-05,0.005809005718341975,0.06946842542487561,0.17572970936572296,0.2576193636067479
2020-10-21,28.649999618530277,28.649999618530277,30.549999237060547,28.3700008392334,29.1200008392334,0,-0.0241391294254467,-0.024139129425446715,0.0005826975694184674,0.024139129425446715,0.07245918856600975,0.17415341126523948,0.2565976996643947
2020-10-22,28.11000061035156,28.11000061035156,30.1200008392334,27.68000030517578,30.100000381469727,0,-0.0190280232145143,-0.0190280232145148,0.00036206566745211415,0.0190280232145148,0.07180600531143025,0.1638258863004884,0.241893459598236
2020-10-23,27.549999237060547,27.549999237060547,28.670000076293945,27.26000022888184,28.46999931335449,0,-0.020122898725388,-0.02012289872538764,0.0004049310531122075,0.02012289872538764,0.07279526537358605,0.16503889996494928,0.23807237740611514
2020-10-26,32.459999084472656,32.459999084472656,33.68000030517578,29.21999931335449,29.3799991607666,0,0.1640060259756377,0.16400602597563774,0.02689797655632156,0.16400602597563774,0.1681707923324981,0.21933189375685186,0.23476671098969468
2020-10-27,33.349998474121094,33.349998474121094,33.77000045776367,31.850000381469727,32.040000915527344,0,0.0270491927264822,0.027049192726482207,0.0007316588271543779,0.027049192726482207,0.17023316267243244,0.2208752773647433,0.2314289052623771
2020-10-28,40.27999877929688,40.27999877929688,40.77000045776367,34.68000030517578,34.689998626708984,0,0.1887973109367795,0.18879731093677998,0.03564442461695918,0.18879731093677998,0.25306334527347013,0.29055293944549576,0.2488688703348236
2020-10-29,37.59000015258789,37.59000015258789,41.15999984741211,35.630001068115234,38.79999923706055,0,-0.0691169759095662,-0.06911697590956667,0.004777156358883619,0.06911697590956667,0.26164125709152036,0.29863645366036623,0.2592156646199462
2020-10-30,38.02000045776367,38.02000045776367,41.09000015258789,36.5,40.810001373291016,0,0.0113742874650037,0.011374287465003796,0.00012937441533654247,0.011374287465003796,0.2611141336171893,0.2985941020867875,0.2656875475387691
2020-11-02,37.130001068115234,37.130001068115234,38.77999877929688,36.130001068115234,38.56999969482422,0,-0.0236870521444636,-0.02368705214446365,0.00056107643929454,0.02368705214446365,0.20455730409259013,0.29756888002548626,0.2616282076635364
2020-11-03,35.54999923706055,35.54999923706055,36.43999862670898,34.189998626708984,36.43999862670898,0,-0.0434851621676704,-0.0434851621676704,0.001890959328748593,0.0434851621676704,0.20737162573318124,0.3004949831145234,0.2594361079192082
2020-11-04,29.56999969482422,29.56999969482422,36.84999847412109,28.030000686645508,36.790000915527344,0,-0.1841798112442907,-0.18417981124429073,0.033922202869982564,0.18417981124429073,0.20317669505198174,0.34844955743810097,0.29488293206813765
2020-11-05,27.57999992370605,27.57999992370605,28.13999938964844,26.040000915527344,27.559999465942383,0,-0.0696694539450555,-0.06966945394505597,0.004853832813002275,0.06966945394505597,0.20336530152994298,0.35190030773328446,0.29612356492092606
2020-11-06,24.86000061035156,24.86000061035156,29.440000534057617,24.559999465942383,27.8700008392334,0,-0.103830758964762,-0.10383075896476157,0.010780826507198416,0.10383075896476157,0.22805459424932994,0.3615366340029814,0.30746114962353865
2020-11-09,25.75,25.75,25.81999969482422,22.40999984741211,24.799999237060547,0,0.0351745164756289,0.03517451647562897,0.0012372466092942938,0.03517451647562897,0.22953228123343844,0.3593604893512296,0.3146818157274366
2020-11-10,24.799999237060547,24.799999237060547,26.770000457763672,24.350000381469727,25.36000061035156,0,-0.0375910047024965,-0.037591004702496544,0.0014130836345431174,0.037591004702496544,0.22848893284800642,0.36131043010847474,0.3177025087649282
2020-11-11,23.450000762939453,23.450000762939453,25.1200008392334,22.56999969482422,25.01000022888184,0,-0.0559730949802288,-0.055973094980228844,0.0031329873616657193,0.055973094980228844,0.14634881935193036,0.36352216267977244,0.32155947817073266
2020-11-12,25.350000381469727,25.350000381469727,27.270000457763672,23.530000686645508,24.38999938964844,0,0.0779082176582877,0.0779082176582877,0.006069690378691132,0.0779082176582877,0.15044545354178304,0.37156402872894556,0.3312849355108008
2020-11-13,23.100000381469727,23.100000381469727,25.030000686645508,22.739999771118164,24.940000534057617,0,-0.0929461110437186,-0.09294611104371864,0.008638979558151275,0.09294611104371864,0.14315022718230547,0.38241667030494947,0.3327904289526489
2020-11-16,22.450000762939453,22.450000762939453,24.07999992370605,22.43000030517578,23.65999984741211,0,-0.0285419858693858,-0.028541985869385833,0.0008146449573682206,0.028541985869385833,0.14166646000525174,0.3831387110347975,0.33430223873628256
2020-11-17,22.709999084472656,22.709999084472656,24.09000015258789,22.34000015258789,22.84000015258789,0,0.0115146676314217,0.011514667631421727,0.00013258757066211124,0.011514667631421727,0.1370725713866147,0.3781694694719234,0.33265120722825126
2020-11-18,23.84000015258789,23.84000015258789,23.920000076293945,21.65999984741211,22.86000061035156,0,0.0485595327940231,0.04855953279402314,0.0023580282251738087,0.04855953279402314,0.13421598522548153,0.381230155310954,0.3368537921224676
2020-11-19,23.11000061035156,23.11000061035156,24.520000457763672,22.559999465942383,23.6200008392334,0,-0.0310993979006464,-0.03109939790064642,0.0009671725497827309,0.03109939790064642,0.11362839812801319,0.3817340779898729,0.3376344457637718
2020-11-20,23.700000762939453,23.700000762939453,23.729999542236328,22.1299991607666,23.43000030517578,0,0.0252096296356221,0.02520962963562212,0.0006355254263652371,0.02520962963562212,0.0700568250019385,0.38209209106927544,0.33642309111781166
2020-11-23,22.65999984741211,22.65999984741211,23.959999084472656,22.450000762939453,23.65999984741211,0,-0.0448738314665626,-0.04487383146656265,0.0020136607504894683,0.04487383146656265,0.07814713380843523,0.38419148318913676,0.33732997735707854
2020-11-24,21.63999938964844,21.63999938964844,22.479999542236328,20.799999237060547,22.040000915527344,0,-0.0460578230925663,-0.0460578230925659,0.0021213230680260965,0.0460578230925659,0.08997616362035818,0.3504660358248332,0.3296811550189448
2020-11-25,21.25,21.25,22.5,21.1299991607666,21.649999618530277,0,-0.0181865304030686,-0.018186530403069057,0.00033074988810175514,0.018186530403069057,0.0779001391703854,0.3498936028676727,0.32996555296946833
2020-11-27,20.84000015258789,20.84000015258789,21.600000381469727,19.51000022888184,21.520000457763672,0,-0.0194826711633839,-0.01948267116338398,0.0003795744756605537,0.01948267116338398,0.07403265231398397,0.2952298819334216,0.321204462908787
2020-11-30,20.56999969482422,20.56999969482422,22.88999938964844,20.479999542236328,22.63999938964844,0,-0.0130405353781402,-0.013040535378140206,0.00017005556294852632,0.013040535378140206,0.07081923287657474,0.2873213921560435,0.31643069643279254
2020-12-01,20.770000457763672,20.770000457763672,20.920000076293945,20.0,20.209999084472656,0,0.0096759710987761,0.00967597109877616,9.362441670435152e-05,0.00967597109877616,0.055635666720561625,0.2872591728593793,0.3095113438205516
2020-12-02,21.170000076293945,21.170000076293945,21.25,20.040000915527344,21.0,0,0.0190754288229668,0.019075428822966867,0.0003638719847800751,0.019075428822966867,0.03657699178712469,0.28691571573781083,0.30859354342290707
2020-12-03,21.280000686645508,21.280000686645508,21.8799991607666,20.71999931335449,21.239999771118164,0,0.0051826079899743,0.005182607989974386,2.6859425577746344e-05,0.005182607989974386,0.032155650602520514,0.2836485995632086,0.3079531908972709
2020-12-04,20.790000915527344,20.790000915527344,21.149999618530277,19.96999931335449,21.049999237060547,0,-0.0232955508337888,-0.02329555083378887,0.0005426826886496413,0.02329555083378887,0.034599047366372176,0.21697236656504562,0.26273338845996297
2020-12-07,21.299999237060547,21.299999237060547,22.6200008392334,21.170000076293945,22.040000915527344,0,0.0242348909897951,0.024234890989795144,0.0005873299412872538,0.024234890989795144,0.04017920428529158,0.20690699596949713,0.26161474528531475
2020-12-08,20.68000030517578,20.68000030517578,22.25,20.520000457763672,21.649999618530277,0,-0.0295399724993474,-0.029539972499347478,0.0008726099752622053,0.029539972499347478,0.048921917537613414,0.18138987967685874,0.24281371502793253
2020-12-09,22.270000457763672,22.270000457763672,22.93000030517578,20.100000381469727,20.65999984741211,0,0.0740734374271698,0.07407343742716987,0.005486874132276851,0.07407343742716987,0.08669692130089639,0.19274832287770455,0.24079209384518904
2020-12-10,22.520000457763672,22.520000457763672,23.459999084472656,21.530000686645508,22.1200008392334,0,0.011163321774025,0.011163321774025015,0.000124619753030421,0.011163321774025015,0.08725890493529298,0.18937648241176927,0.23958521045425651
2020-12-11,23.309999465942383,23.309999465942383,25.13999938964844,22.479999542236328,22.489999771118164,0,0.0344786065380979,0.03447860653809798,0.0011887743088089726,0.03447860653809798,0.09088568705063427,0.18417176503959126,0.24037329213098263
2020-12-14,24.71999931335449,24.71999931335449,24.81999969482422,21.950000762939453,22.670000076293945,0,0.0587301746759973,0.05873017467599695,0.0034492334174731133,0.05873017467599695,0.10546142226829529,0.17691461804096456,0.23532416763535488
2020-12-15,22.88999938964844,22.88999938964844,24.06999969482422,22.729999542236328,24.0,0,-0.0769124975126436,-0.07691249751264317,0.005915532273632343,0.07691249751264317,0.12714178654251254,0.1690424053072526,0.23073876067067906
2020-12-16,22.5,22.5,23.670000076293945,22.290000915527344,22.51000022888184,0,-0.0171847980895503,-0.017184798089550313,0.0002953172853786121,0.017184798089550313,0.1047543652471036,0.16749927498372,0.22961836869216118
2020-12-17,21.93000030517578,21.93000030517578,22.270000457763672,21.520000457763672,21.979999542236328,0,-0.0256597328646734,-0.02565973286467349,0.0006584218906864048,0.02565973286467349,0.10727198691167966,0.1690616498206975,0.2260451527748982
2020-12-18,21.56999969482422,21.56999969482422,23.770000457763672,21.56999969482422,22.149999618530277,0,-0.0165521300927946,-0.01655213009279466,0.0002739730106087985,0.01655213009279466,0.10291976427188024,0.16278140626475474,0.22571171313301897
2020-12-21,25.15999984741211,25.15999984741211,31.459999084472656,24.229999542236328,24.25,0,0.1539519795146318,0.1539519795146318,0.02370121199647361,0.1539519795146318,0.17562589916290788,0.22188245913596236,0.2702508474288763
2020-12-22,24.229999542236328,24.229999542236328,25.559999465942383,23.530000686645508,25.239999771118164,0,-0.0376639098315374,-0.037663909831537445,0.001418570103798183,0.037663909831537445,0.16231911251280834,0.22364004639074586,0.2715656139754095
2020-12-23,23.309999465942383,23.309999465942383,23.68000030517578,22.1299991607666,23.489999771118164,0,-0.0387090857994296,-0.038709085799429666,0.0014983933234276074,0.038709085799429666,0.16598364475150776,0.2224850622459699,0.27179493376165087
2020-12-24,21.530000686645508,21.530000686645508,22.82999992370605,21.38999938964844,22.46999931335449,0,-0.0794350868678006,-0.07943508686780065,0.006309933025695036,0.07943508686780065,0.18221438324128905,0.23170717054131498,0.27060577239069006
2020-12-28,21.700000762939453,21.700000762939453,22.1200008392334,21.149999618530277,22.11000061035156,0,0.0078649524361429,0.007864952436142936,6.18574768227907e-05,0.007864952436142936,0.1816314012670093,0.2311262003083663,0.2693126894593771
2020-12-29,23.07999992370605,23.07999992370605,23.71999931335449,20.989999771118164,21.61000061035156,0,0.0616541426293553,0.06165414262935531,0.0038012333033608883,0.06165414262935531,0.11441148208595427,0.2384134629098856,0.2723716752193359
2020-12-30,22.770000457763672,22.770000457763672,23.149999618530277,22.40999984741211,22.57999992370605,0,-0.013522538154814,-0.013522538154814079,0.00018285903814840255,0.013522538154814079,0.10887734460141307,0.2384403128078037,0.26476969181896937
2020-12-31,22.75,22.75,23.25,21.239999771118164,22.989999771118164,0,-0.0008787547824948,-0.0008787547824948838,7.722099677576306e-07,0.0008787547824948838,0.10176765229676374,0.23824552580299738,0.2689278877969294
2021-01-04,26.96999931335449,26.96999931335449,29.190000534057617,22.559999465942383,23.040000915527344,0,0.170159966295075,0.17015996629507502,0.028954414129541067,0.17015996629507502,0.1816621483904697,0.29214974364169427,0.30826114231879687
2021-01-05,25.34000015258789,25.34000015258789,28.600000381469727,24.799999237060547,26.940000534057617,0,-0.0623409307774198,-0.06234093077741987,0.0038863916501950557,0.06234093077741987,0.19190015719434236,0.29868211351623486,0.3182532012060021
2021-01-06,25.06999969482422,25.06999969482422,26.770000457763672,22.13999938964844,25.479999542236328,0,-0.0107122809173598,-0.010712280917359873,0.00011475296245243249,0.010712280917359873,0.18204172595947568,0.2979648892207399,0.33630711060992946
2021-01-07,22.3700008392334,22.3700008392334,23.90999984741211,22.25,23.670000076293945,0,-0.1139510869791955,-0.11395108697919554,0.012984850223740187,0.11395108697919554,0.2143389399430179,0.318088974173549,0.3367296615255782
2021-01-08,21.559999465942383,21.559999465942383,23.34000015258789,21.420000076293945,22.43000030517578,0,-0.0368810917480244,-0.03688109174802445,0.0013602149285261973,0.03688109174802445,0.21748706603946608,0.3188545129742477,0.3371672010061051
2021-01-11,24.07999992370605,24.07999992370605,24.809999465942383,23.229999542236328,23.309999465942383,0,0.1105418960022324,0.11054189600223241,0.012219510771768366,0.11054189600223241,0.1748305480649259,0.32924282389072085,0.3301288725797409
2021-01-12,23.32999992370605,23.32999992370605,25.149999618530277,22.82999992370605,23.489999771118164,0,-0.031641534509136,-0.03164153450913609,0.0010011867060928503,0.03164153450913609,0.16637462424474522,0.33057132972567155,0.3312178023302882
2021-01-13,22.209999084472656,22.209999084472656,24.18000030517578,21.920000076293945,23.06999969482422,0,-0.0491974860781976,-0.04919748607819763,0.0024203926364144493,0.04919748607819763,0.17316510984185635,0.3324289734126737,0.32964705324765314
2021-01-14,23.25,23.25,23.46999931335449,21.65999984741211,22.21999931335449,0,0.0457625353484321,0.04576253534843211,0.0020942096415164984,0.04576253534843211,0.13818652135544365,0.3303846222030431,0.3248754417158853
2021-01-15,24.34000015258789,24.34000015258789,25.799999237060547,23.07999992370605,23.520000457763672,0,0.0458159617950331,0.04581596179503311,0.002099102355203934,0.04581596179503311,0.14083466232073774,0.324557496708702,0.32990490854262966
2021-01-19,23.239999771118164,23.239999771118164,23.559999465942383,22.530000686645508,23.030000686645508,0,-0.046246171693304,-0.04624617169330403,0.002138708396286555,0.04624617169330403,0.09876031457784253,0.32738503292106536,0.3290235892593842
2021-01-20,21.57999992370605,21.57999992370605,22.86000061035156,21.3700008392334,22.81999969482422,0,-0.0741079658405068,-0.07410796584050683,0.005491990601017727,0.07410796584050683,0.11934992094860931,0.334685715994959,0.33086510908098227
2021-01-21,21.31999969482422,21.31999969482422,22.21999931335449,21.09000015258789,21.34000015258789,0,-0.0121213713110051,-0.012121371311005102,0.00014692764245925754,0.012121371311005102,0.10941178472396884,0.3344958641342353,0.32718835933707
2021-01-22,21.90999984741211,21.90999984741211,23.729999542236328,21.270000457763672,22.239999771118164,0,0.0272975616594886,0.0272975616594886,0.0007451568725535821,0.0272975616594886,0.10306253377208026,0.29821372872319074,0.294583060192873
2021-01-25,23.190000534057617,23.190000534057617,26.6299991607666,22.200000762939453,22.309999465942383,0,0.0567780276540204,0.0567780276540204,0.0032237444242807054,0.0567780276540204,0.10838140032587674,0.3012251688014654,0.31024051405895997
2021-01-26,23.020000457763672,23.020000457763672,23.940000534057617,22.549999237060547,23.90999984741211,0,-0.0073577511178788,-0.007357751117878841,5.413650151264734e-05,0.007357751117878841,0.09829524933497065,0.29881824826733117,0.3096558180566159
2021-01-27,37.209999084472656,37.209999084472656,37.209999084472656,23.709999084472656,23.81999969482422,0,0.4802140945749817,0.48021409457498176,0.23060557662846953,0.48021409457498176,0.4845364197552913,0.5599892758797537,0.40940602639510426
2021-01-28,30.209999084472656,30.209999084472656,36.290000915527344,27.38999938964844,33.25,0,-0.2084045526610545,-0.2084045526610545,0.04343245756985424,0.2084045526610545,0.527314964700103,0.5974601151485865,0.4420871951273278
2021-01-29,33.09000015258789,33.09000015258789,37.5099983215332,29.239999771118164,35.15999984741211,0,0.0910581614516798,0.09105816145167989,0.008291588766960201,0.09105816145167989,0.5344225892410214,0.601206241365608,0.46089424821309943
2021-02-01,30.239999771118164,30.239999771118164,33.959999084472656,29.030000686645508,31.450000762939453,0,-0.0900655828023313,-0.09006558280233135,0.008111809205523604,0.09006558280233135,0.5389764082706407,0.6077646705957306,0.470017560712894
2021-02-02,25.559999465942383,25.559999465942383,28.07999992370605,25.309999465942383,28.01000022888184,0,-0.168136935127428,-0.168136935127428,0.028270028954044932,0.168136935127428,0.564545357898595,0.6305926986323375,0.47101824975689266
2021-02-03,22.90999984741211,22.90999984741211,25.43000030517578,22.90999984741211,24.59000015258789,0,-0.1094551188099748,-0.10945511880997483,0.011980423033705705,0.10945511880997483,0.31636420077197236,0.6169871639447442,0.4492700899132383
2021-02-04,21.770000457763672,21.770000457763672,23.440000534057617,21.68000030517578,23.440000534057617,0,-0.05104059353136,-0.051040593531360035,0.002605142188033512,0.051040593531360035,0.2434316991442735,0.6159479775195443,0.44352064294712534
2021-02-05,20.8700008392334,20.8700008392334,22.15999984741211,20.86000061035156,21.989999771118164,0,-0.0422201349721875,-0.04222013497218757,0.0017825397970697363,0.04222013497218757,0.22967355785631405,0.6173003303458005,0.4301426516103795
2021-02-08,21.239999771118164,21.239999771118164,22.06999969482422,21.229999542236328,21.88999938964844,0,0.0175734242962191,0.01757342429621911,0.0003088252414949441,0.01757342429621911,0.21200697916424585,0.6069461861341491,0.4286005131202336
2021-02-09,21.6299991607666,21.6299991607666,22.26000022888184,20.649999618530277,21.56999969482422,0,0.0181950155676995,0.018195015567699535,0.0003310585915088284,0.018195015567699535,0.13041468035391132,0.606097778024117,0.4278708439937372
2021-02-10,21.989999771118164,21.989999771118164,23.850000381469727,19.690000534057617,21.63999938964844,0,0.0165065929927616,0.016506592992761693,0.00027246761222868944,0.016506592992761693,0.07280132849293239,0.5961606103779686,0.4413189721500936
2021-02-11,21.25,21.25,23.25,21.11000061035156,22.09000015258789,0,-0.0342308987877926,-0.03423089878779262,0.0011717544318201021,0.03423089878779262,0.06218235822258946,0.596303648397324,0.441301260199361
2021-02-12,19.96999931335449,19.96999931335449,22.450000762939453,19.950000762939453,21.600000381469727,0,-0.0621257823265537,-0.06212578232655419,0.003859612829686393,0.06212578232655419,0.07709551677457709,0.5975092143935785,0.4430589188201926
2021-02-16,21.459999084472656,21.459999084472656,22.459999084472656,20.8799991607666,21.1299991607666,0,0.0719595814966411,0.07195958149664161,0.0051781813691718056,0.07195958149664161,0.10398593575294669,0.6000843549142792,0.4426027607795483
2021-02-17,21.5,21.5,23.440000534057617,21.09000015258789,22.020000457763672,0,0.0018622405931036,0.0018622405931036923,3.4679400266031916e-06,0.0018622405931036923,0.10239865322812469,0.5983356905598306,0.44209279854539985
2021-02-18,22.489999771118164,22.489999771118164,24.229999542236328,21.799999237060547,21.979999542236328,0,0.0450178206605582,0.04501782066055826,0.0020266041770261862,0.04501782066055826,0.11063281948739817,0.5982420031880484,0.4458178118443456
2021-02-19,22.049999237060547,22.049999237060547,23.190000534057617,20.84000015258789,23.100000381469727,0,-0.0197581885017492,-0.019758188501749263,0.0003903860128706568,0.019758188501749263,0.10704322644979355,0.5939628690333276,0.4485895543772526
2021-02-22,23.450000762939453,23.450000762939453,25.09000015258789,21.959999084472656,24.459999084472656,0,0.0615579601345936,0.06155796013459369,0.0037893824559322264,0.06155796013459369,0.10671467544357532,0.5970212262589788,0.4545917975175538
2021-02-23,23.11000061035156,23.11000061035156,27.01000022888184,22.5,22.81999969482422,0,-0.0146050767300183,-0.014605076730018318,0.00021330826628972256,0.014605076730018318,0.0801445497344987,0.5965756414718179,0.46300285581280004
2021-02-24,21.34000015258789,21.34000015258789,25.040000915527344,21.309999465942383,23.76000022888184,0,-0.0796821976730712,-0.07968219767307128,0.0063492526260104055,0.07968219767307128,0.11299970592054359,0.5991894560147405,0.46023412899613797
2021-02-25,28.88999938964844,28.88999938964844,31.15999984741211,21.520000457763672,21.729999542236328,0,0.3029122403274717,0.3029122403274722,0.09175582534020829,0.3029122403274722,0.32015332998629176,0.6713640540257844,0.5098450060330171
2021-02-26,27.950000762939453,27.950000762939453,30.81999969482422,25.229999542236328,28.729999542236328,0,-0.0330782664537125,-0.033078266453713034,0.001094171711582837,0.033078266453713034,0.32125058817070457,0.4703384825006876,0.4484753100152986
2021-03-01,23.350000381469727,23.350000381469727,25.38999938964844,23.170000076293945,25.200000762939453,0,-0.1798202264457495,-0.17982022644574958,0.03233531383900066,0.17982022644574958,0.36297089660617704,0.4583897298044493,0.41904237224362617
2021-03-02,24.100000381469727,24.100000381469727,24.600000381469727,22.799999237060547,23.57999992370605,0,0.0316148558732889,0.03161485587328894,0.000999499111888832,0.03161485587328894,0.3640522800762154,0.45036546796476823,0.3940866683942872
2021-03-03,26.670000076293945,26.670000076293945,26.790000915527344,22.450000762939453,22.799999237060547,0,0.1013274847293597,0.10132748472935971,0.010267259161578625,0.10132748472935971,0.3693941921095395,0.45275214487750326,0.39711051948135134
2021-03-04,28.56999969482422,28.56999969482422,31.899999618530277,24.93000030517578,26.520000457763672,0,0.068817864506407,0.06881786450640703,0.004735898475222197,0.06881786450640703,0.22233340347161804,0.42596992172259884,0.4191989647350404
2021-03-05,24.65999984741211,24.65999984741211,30.030000686645508,24.32999992370605,29.479999542236328,0,-0.1471747140124648,-0.14717471401246485,0.021660396444650818,0.14717471401246485,0.26457204506965826,0.4371845692877347,0.4333353169477412
2021-03-08,25.46999931335449,25.46999931335449,28.38999938964844,24.06999969482422,27.61000061035156,0,0.0323187704838434,0.03231877048384346,0.0010445029255873514,0.03231877048384346,0.19674235974727955,0.4353960362254759,0.4420519096300351
2021-03-09,24.030000686645508,24.030000686645508,25.25,22.899999618530277,25.11000061035156,0,-0.0581981837094853,-0.058198183709485374,0.0033870285870830088,0.058198183709485374,0.20271922847653634,0.4372347163147835,0.4444475900585762
2021-03-10,22.559999465942383,22.559999465942383,23.8700008392334,22.3799991607666,23.76000022888184,0,-0.0631246753657976,-0.06312467536579769,0.003984724640037345,0.06312467536579769,0.1865812184347097,0.44141827844960335,0.4455210075652015
2021-03-11,21.90999984741211,21.90999984741211,22.5,21.450000762939453,22.5,0,-0.0292352563140196,-0.029235256314019686,0.0008547002117464279,0.029235256314019686,0.17587311565189573,0.4420110158917413,0.44416193021485245
2021-03-12,20.690000534057617,20.690000534057617,22.989999771118164,20.6299991607666,22.56999969482422,0,-0.0572926290732653,-0.05729262907326538,0.0032824453461267732,0.05729262907326538,0.11204196406070828,0.44540286921342037,0.43388993044126345
2021-03-15,20.030000686645508,20.030000686645508,21.86000061035156,19.8700008392334,21.84000015258789,0,-0.0324193336112257,-0.03241933361122573,0.0010510131917959504,0.03241933361122573,0.11207101309789988,0.44526730697809275,0.4338012739110507
2021-03-16,19.790000915527344,19.790000915527344,20.309999465942383,19.32999992370605,20.13999938964844,0,-0.0120543780819875,-0.012054378081987505,0.00014530803094350074,0.012054378081987505,0.09653077965421256,0.4410767165298801,0.42899700164737437
2021-03-17,19.229999542236328,19.229999542236328,20.950000762939453,19.18000030517578,20.100000381469727,0,-0.0287052700805676,-0.02870527008056767,0.0008239925303983334,0.02870527008056767,0.07846948012451162,0.4361129223332035,0.4300344126560012
2021-03-18,21.57999992370605,21.57999992370605,22.600000381469727,18.950000762939453,18.950000762939453,0,0.1152954204985627,0.11529542049856278,0.013293033987940411,0.11529542049856278,0.13636639280704432,0.45109206053079737,0.43828635991535997
2021-03-19,20.950000762939453,20.950000762939453,23.170000076293945,19.899999618530277,21.43000030517578,0,-0.0296282735092838,-0.029628273509283876,0.0008778345911409326,0.029628273509283876,0.12724457682832407,0.44981693775138715,0.44318723697525314
2021-03-22,18.8799991607666,18.8799991607666,22.290000915527344,18.8700008392334,21.90999984741211,0,-0.1040355665188719,-0.10403556651887191,0.010823399100902622,0.10403556651887191,0.16113214527624814,0.4612681330593598,0.4497820008616094
2021-03-23,20.299999237060547,20.299999237060547,21.57999992370605,18.799999237060547,19.459999084472656,0,0.0725177321980847,0.07251773219808477,0.005258821483153141,0.07251773219808477,0.17628693001336082,0.4628582176037152,0.45028870596028486
2021-03-24,21.200000762939453,21.200000762939453,21.489999771118164,19.299999237060547,20.63999938964844,0,0.0433803692011594,0.0433803692011594,0.0018818564320288987,0.0433803692011594,0.17926222578994758,0.46465716153851255,0.4414619426935885
2021-03-25,19.809999465942383,19.809999465942383,23.549999237060547,19.809999465942383,20.799999237060547,0,-0.0678143839142082,-0.06781438391420824,0.004598790665663626,0.06781438391420824,0.15310356714619472,0.4627697222255153,0.44304847463930563
2021-03-26,18.86000061035156,18.86000061035156,21.489999771118164,18.68000030517578,19.31999969482422,0,-0.0491435241839322,-0.0491435241839322,0.0024150859692167286,0.0491435241839322,0.15804415095461508,0.35329177238889814,0.39237454492112334
2021-03-29,20.739999771118164,20.739999771118164,21.600000381469727,19.420000076293945,20.399999618530277,0,0.0950208821980771,0.09502088219807714,0.009028968053700853,0.09502088219807714,0.1522613628067324,0.3643485594589432,0.37893859196823887
2021-03-30,19.61000061035156,19.61000061035156,21.75,19.46999931335449,20.76000022888184,0,-0.0560245204328526,-0.056024520432852665,0.0031387468897311256,0.056024520432852665,0.1451325187900402,0.3217969947506308,0.380786012494006
2021-03-31,19.399999618530277,19.399999618530277,20.11000061035156,18.850000381469727,19.799999237060547,0,-0.0107666249268656,-0.010766624926865642,0.0001159202123158046,0.010766624926865642,0.13891548434436055,0.3204211711653343,0.38003357620562195
2021-04-01,17.329999923706055,17.329999923706055,18.63999938964844,17.290000915527344,18.600000381469727,0,-0.1128339470808001,-0.11283394708080019,0.012731499613832818,0.11283394708080019,0.16562071349561766,0.3242436851863405,0.36769281465700976
2021-04-05,17.90999984741211,17.90999984741211,18.399999618530277,17.350000381469727,18.15999984741211,0,0.0329201082278225,0.03292010822782254,0.0010837335257315494,0.03292010822782254,0.16155144163798815,0.31856208568146965,0.3384107371978914
2021-04-06,18.1200008392334,18.1200008392334,18.299999237060547,17.3700008392334,18.06999969482422,0,0.011657139377224,0.011657139377224013,0.00013588889846002664,0.011657139377224013,0.13117083951881783,0.28276720971063324,0.3154733445208131
2021-04-07,17.15999984741211,17.15999984741211,18.170000076293945,16.8700008392334,17.989999771118164,0,-0.0544352617623928,-0.054435261762392884,0.002963197723140233,0.054435261762392884,0.1304999615842111,0.28613980793502,0.3027924711569529
2021-04-08,16.950000762939453,16.950000762939453,17.360000610351562,16.549999237060547,16.920000076293945,0,-0.0123132063301127,-0.012313206330112791,0.0001516150501279297,0.012313206330112791,0.13063665186804466,0.280429271204229,0.29843724085949797
2021-04-09,16.690000534057617,16.690000534057617,17.34000015258789,16.200000762939453,17.049999237060547,0,-0.015458109165233,-0.015458109165233047,0.00023895313896426195,0.015458109165233047,0.06762683148295608,0.27366915180023843,0.2987212431303338
2021-04-12,16.90999984741211,16.90999984741211,17.90999984741211,16.809999465942383,17.43000030517578,0,0.0130953842145569,0.013095384214556915,0.00017148908772686645,0.013095384214556915,0.06050738713925314,0.27241804918735174,0.29976607482902573
2021-04-13,16.649999618530273,16.649999618530273,17.860000610351562,16.43000030517578,16.989999771118164,0,-0.0154949603716012,-0.015494960371601252,0.0002400937969174932,0.015494960371601252,0.061362437996521316,0.2667756397683887,0.29688441380816766
2021-04-14,16.989999771118164,16.989999771118164,17.690000534057617,15.380000114440918,16.709999084472656,0,0.0202147286969207,0.02021472869692076,0.0004086352562901116,0.02021472869692076,0.034796355125599025,0.2655689440396359,0.3031778990090436
2021-04-15,16.56999969482422,16.56999969482422,16.920000076293945,15.9399995803833,16.780000686645508,0,-0.025031109191175,-0.025031109191175016,0.0006265564273405264,0.025031109191175016,0.04105761448549341,0.2664734741671754,0.3038398525776589
2021-04-16,16.25,16.25,16.8799991607666,16.049999237060547,16.649999618530273,0,-0.0195009042453571,-0.01950090424535711,0.0003802852663865869,0.01950090424535711,0.04274412046892208,0.2656396152133799,0.30070802179114087
2021-04-19,17.290000915527344,17.290000915527344,18.61000061035156,16.780000686645508,17.040000915527344,0,0.0620354438707146,0.06203544387071469,0.003848396296236593,0.06203544387071469,0.07418872584949447,0.2472241239826905,0.28826901064035393
2021-04-20,18.68000030517578,18.68000030517578,19.700000762939453,17.239999771118164,17.360000610351562,0,0.0773250964912684,0.0773250964912684,0.005979170547383968,0.0773250964912684,0.10603322023610301,0.2573346137527009,0.28489979661667664
2021-04-21,17.5,17.5,19.290000915527344,16.90999984741211,18.479999542236328,0,-0.0652525682082609,-0.06525256820826097,0.0042578976577737505,0.06525256820826097,0.12285074763761743,0.24424496308444704,0.2782364709585483
2021-04-22,18.709999084472656,18.709999084472656,19.899999618530277,16.989999771118164,17.280000686645508,0,0.0668572104240139,0.06685721042401394,0.004469886585680877,0.06685721042401394,0.1376068179759343,0.2426245393496928,0.2820823865133273
2021-04-23,17.329999923706055,17.329999923706055,18.780000686645508,16.799999237060547,18.559999465942383,0,-0.0766189920283881,-0.07661899202838818,0.0058704699394462115,0.07661899202838818,0.15628762275535943,0.25070955426961283,0.28263196541845714
2021-04-26,17.639999389648438,17.639999389648438,18.170000076293945,16.8700008392334,17.940000534057617,0,0.0177299166531219,0.017729916653121958,0.00031434994452665134,0.017729916653121958,0.1445398722664843,0.24201413157278848,0.26661104648898304
2021-04-27,17.559999465942383,17.559999465942383,18.15999984741211,16.969999313354492,17.6200008392334,0,-0.0045454581845501,-0.0045454581845501,2.066119010749349e-05,0.0045454581845501,0.12220174023938907,0.23701564315846693,0.25623306627440967
2021-04-28,17.280000686645508,17.280000686645508,17.84000015258789,16.670000076293945,17.469999313354492,0,-0.0160737546813272,-0.016073754681327213,0.0002583655895554885,0.016073754681327213,0.10456449325328775,0.21772875932608526,0.25146080223711476
2021-04-29,17.610000610351562,17.610000610351562,18.8700008392334,16.770000457763672,16.8799991607666,0,0.0189171540551487,0.01891715405514871,0.0003578587175462293,0.01891715405514871,0.08259361586213679,0.21124612295966871,0.2526460405932843
2021-04-30,18.61000061035156,18.61000061035156,19.25,17.639999389648438,17.670000076293945,0,0.0552321462836382,0.05523214628363826,0.003050589983097216,0.05523214628363826,0.06325998280772148,0.21808162287609859,0.255091073901953
2021-05-03,18.309999465942383,18.309999465942383,19.1200008392334,17.799999237060547,18.649999618530277,0,-0.0162517739322445,-0.01625177393224453,0.0002641201559447828,0.01625177393224453,0.06286171836858541,0.18732916158031787,0.25471273691915575
2021-05-04,19.479999542236328,19.479999542236328,21.850000381469727,18.11000061035156,18.15999984741211,0,0.0619409451963455,0.06194094519634552,0.0038366806918166793,0.06194094519634552,0.08813407478359624,0.1945383302705921,0.2763065485060345
2021-05-05,19.149999618530277,19.149999618530277,19.57999992370605,17.889999389648438,18.84000015258789,0,-0.0170855790086625,-0.017085579008662144,0.0002919170100612365,0.017085579008662144,0.08832421275316459,0.19493893930169823,0.279826685745972
2021-05-06,18.38999938964844,18.38999938964844,20.600000381469727,18.209999084472656,18.40999984741211,0,-0.0404956902796533,-0.040495690279653385,0.0016399009312256137,0.040495690279653385,0.09530586955768079,0.1915147338043644,0.28600777680750755
2021-05-07,16.690000534057617,16.690000534057617,18.56999969482422,16.68000030517578,18.450000762939453,0,-0.0969972357545088,-0.09699723575450925,0.009408463744015848,0.09699723575450925,0.12426215245626603,0.21432391830601757,0.29177451037990876
2021-05-10,19.65999984741211,19.65999984741211,19.75,17.06999969482422,17.34000015258789,0,0.1637763372852809,0.16377633728528096,0.02682268865458211,0.16377633728528096,0.20493816392195385,0.26929254997801616,0.3018852597989619
2021-05-11,21.84000015258789,21.84000015258789,23.729999542236328,20.709999084472656,21.170000076293945,0,0.105157050905646,0.10515705090564609,0.011058005355172642,0.10515705090564609,0.22185800795792246,0.2887992273900817,0.3104331942648516
2021-05-12,27.59000015258789,27.59000015258789,28.3799991607666,21.65999984741211,22.420000076293945,0,0.233710235896416,0.23371023589641604,0.05462047436275843,0.23371023589641604,0.3217911326431398,0.37119452354116034,0.3466875654664579
2021-05-13,23.1299991607666,23.1299991607666,28.93000030517578,22.229999542236328,26.030000686645508,0,-0.176322953799727,-0.17632295379972707,0.031089784036660687,0.17632295379972707,0.3646908501089517,0.4104467359930148,0.37169917838784017
2021-05-14,18.809999465942383,18.809999465942383,22.100000381469727,18.65999984741211,21.770000457763672,0,-0.2067418250392974,-0.2067418250392974,0.042742182220579454,0.2067418250392974,0.4078395942398843,0.4588923064081142,0.3836683036265261
2021-05-17,19.71999931335449,19.71999931335449,21.57999992370605,19.670000076293945,19.88999938964844,0,0.0472446994340156,0.04724469943401566,0.0022320616246104793,0.04724469943401566,0.37648706166318896,0.4609055491516482,0.38649963941267323
2021-05-18,21.34000015258789,21.34000015258789,21.450000762939453,18.809999465942383,18.88999938964844,0,0.0789499386691936,0.07894993866919364,0.006233092815869438,0.07894993866919364,0.3700237763448163,0.46348529831960716,0.38953666797078035
2021-05-19,22.18000030517578,22.18000030517578,25.959999084472656,21.8799991607666,22.459999084472656,0,0.0386077426573434,0.03860774265734346,0.0014905577930956577,0.03860774265734346,0.2894610137666485,0.4586174974901492,0.3947989467246473
2021-05-20,20.670000076293945,20.670000076293945,23.5,20.190000534057617,22.32999992370605,0,-0.0705076182965496,-0.07050761829654961,0.004971324237851938,0.07050761829654961,0.2401441623109067,0.4593946403520672,0.3973972943588744
2021-05-21,20.149999618530277,20.149999618530277,20.88999938964844,19.530000686645508,20.420000076293945,0,-0.0254791079235321,-0.02547910792353214,0.0006491849405789983,0.02547910792353214,0.12480473313142675,0.4552172381831594,0.38800058023857537
2021-05-24,18.399999618530277,18.399999618530277,20.51000022888184,18.3799991607666,20.5,0,-0.0908536255783021,-0.09085362557830212,0.008254381280722313,0.09085362557830212,0.14696442109612273,0.45782818314339213,0.3878192762343621
2021-05-25,18.84000015258789,18.84000015258789,19.290000915527344,16.8700008392334,18.350000381469727,0,0.0236316333644723,0.023631633364472382,0.0005584540954728443,0.023631633364472382,0.12618994550962406,0.45809469482992876,0.3935698992133061
2021-05-26,17.360000610351562,17.360000610351562,18.920000076293945,17.350000381469727,18.3700008392334,0,-0.0818135328566582,-0.08181353285665827,0.0066934541584875015,0.08181353285665827,0.1453506061669979,0.46532090260346737,0.39490143743291134
2021-05-27,16.739999771118164,16.739999771118164,18.170000076293945,16.520000457763672,18.030000686645508,0,-0.0363676930021248,-0.036367693002124835,0.0013226090942967997,0.036367693002124835,0.13220470328077816,0.4664630595282406,0.3969337551929276
2021-05-28,16.760000228881836,16.760000228881836,16.860000610351562,15.899999618530272,16.799999237060547,0,0.0011940573217921,0.001194057321792119,1.4257728877253683e-06,0.001194057321792119,0.1297317401481508,0.466080843802648,0.392142226424491
2021-06-01,17.899999618530273,17.899999618530273,18.530000686645508,15.68000030517578,17.239999771118164,0,0.0658055828251797,0.06580558282517979,0.004330374730961597,0.06580558282517979,0.11360597630453517,0.4674517490689844,0.4013521098532273
2021-06-02,17.479999542236328,17.479999542236328,18.309999465942383,16.739999771118164,17.860000610351562,0,-0.0237433474960147,-0.0237433474960147,0.0005637465503165075,0.0237433474960147,0.11362926694716581,0.467772128393756,0.40266153930055
2021-06-03,18.040000915527344,18.040000915527344,19.270000457763672,17.450000762939453,17.729999542236328,0,0.0315342213447928,0.03153422134479289,0.0009944071158223915,0.03153422134479289,0.08492681122169347,0.46472410151188653,0.3911193114331511
2021-06-04,16.420000076293945,16.420000076293945,18.420000076293945,16.18000030517578,18.09000015258789,0,-0.0940914567136435,-0.0940914567136435,0.008853202226495448,0.0940914567136435,0.12142140007627901,0.4738457298978903,0.3950938642874307
2021-06-07,16.420000076293945,16.420000076293945,17.350000381469727,15.779999732971191,17.34000015258789,0,0.0,0.0,0.0,0.0,0.12141552875804677,0.4721121421984811,0.39224843365015627
2021-06-08,17.06999969482422,17.06999969482422,17.75,15.149999618530272,16.579999923706055,0,0.0388224102577621,0.03882241025776212,0.0015071795382219934,0.03882241025776212,0.10917204509789344,0.4636686215450049,0.3984359747475774
2021-06-09,17.889999389648438,17.889999389648438,17.959999084472656,15.550000190734863,17.18000030517578,0,0.0469193444752669,0.04691934447526691,0.00220142488598876,0.04691934447526691,0.1164311546216421,0.43631104367967993,0.3982069809508436
2021-06-10,16.100000381469727,16.100000381469727,18.290000915527344,16.010000228881836,18.18000030517578,0,-0.1054225677195259,-0.10542256771952596,0.011113917784578037,0.10542256771952596,0.1538691796146466,0.43637511302348236,0.39784312786487513
2021-06-11,15.649999618530272,15.649999618530272,16.200000762939453,15.149999618530272,16.18000030517578,0,-0.0283484030730889,-0.028348403073088946,0.0008036319567943188,0.028348403073088946,0.12500461657708187,0.3696030260432034,0.3654630798778849
2021-06-14,16.389999389648438,16.389999389648438,17.040000915527344,15.039999961853027,16.040000915527344,0,0.0462004629053725,0.0462004629053725,0.0021344827726707,0.0462004629053725,0.13326903968384385,0.3281022639304747,0.33786830106242427
2021-06-15,17.020000457763672,17.020000457763672,17.350000381469727,16.139999389648438,16.270000457763672,0,0.0377177945243887,0.037717794524388726,0.0014226320237840082,0.037717794524388726,0.1329514551398967,0.25754911259701024,0.32513823282922183
2021-06-16,18.149999618530277,18.149999618530277,19.11000061035156,16.420000076293945,16.989999771118164,0,0.0642813896523826,0.06428138965238306,0.0041320970556415,0.06428138965238306,0.1400241464657746,0.2612117547709874,0.3330446978919801
2021-06-17,17.75,17.75,19.21999931335449,16.709999084472656,18.489999771118164,0,-0.0222850237718188,-0.02228502377181929,0.0004966222845105508,0.02228502377181929,0.09481279498781384,0.2499902204070783,0.334306760523123
2021-06-18,20.700000762939453,20.700000762939453,21.040000915527344,16.920000076293945,16.959999084472656,0,0.1537482212068766,0.1537482212068766,0.023638515524278658,0.1537482212068766,0.17839380499581692,0.2909348174941641,0.344014593330913
2021-06-21,17.889999389648438,17.889999389648438,21.81999969482422,17.809999465942383,21.739999771118164,0,-0.1458918737245866,-0.14589187372458667,0.021284438818870745,0.14589187372458667,0.22577490052502647,0.317736026618609,0.353420898972648
2021-06-22,16.65999984741211,16.65999984741211,18.31999969482422,15.760000228881836,17.90999984741211,0,-0.071231235823955,-0.07123123582395507,0.0050738889570079,0.07123123582395507,0.23372112151089275,0.3246242237230769,0.36255090145239394
2021-06-23,16.31999969482422,16.31999969482422,16.84000015258789,14.859999656677246,16.25,0,-0.0206192967432952,-0.020619296743295212,0.00042515539818806453,0.020619296743295212,0.22565154770764603,0.31233261236264787,0.36434856153489975
2021-06-24,15.970000267028809,15.970000267028809,16.049999237060547,14.1899995803833,15.989999771118164,0,-0.0216793518888915,-0.021679351888891585,0.00046999429832238714,0.021679351888891585,0.22559253754649752,0.31219096871646623,0.3629609283298195
2021-06-25,15.619999885559082,15.619999885559082,16.170000076293945,15.210000038146973,16.040000915527344,0,-0.0221598418625963,-0.02215984186259634,0.0004910585913752773,0.02215984186259634,0.16656691167144966,0.3020940340043367,0.3610888191032065
2021-06-28,15.760000228881836,15.760000228881836,16.459999084472656,15.390000343322754,16.06999969482422,0,0.0089229618677157,0.008922961867715795,7.961924849271016e-05,0.008922961867715795,0.08086851360935526,0.30002969108941413,0.3588116619332815
2021-06-29,16.020000457763672,16.020000457763672,16.309999465942383,14.100000381469728,15.6899995803833,0,0.0163628712620318,0.01636287126203184,0.00026774355593782754,0.01636287126203184,0.04163617528443751,0.3004731823611874,0.3676311239353996
2021-06-30,15.829999923706056,15.829999923706056,17.309999465942383,15.579999923706056,16.18000030517578,0,-0.0119311011413825,-0.011931101141382516,0.0001423511744458992,0.011931101141382516,0.038088933675993614,0.2934213859992889,0.3592939013722254
2021-07-01,15.479999542236328,15.479999542236328,16.010000228881836,15.3100004196167,15.619999885559082,0,-0.0223580304830575,-0.02235803048305751,0.0004998815270813289,0.02235803048305751,0.03847926840953687,0.29331253764288445,0.3562505624216194
2021-07-02,15.06999969482422,15.06999969482422,15.539999961853027,14.25,15.529999732971191,0,-0.0268428462024297,-0.02684284620242927,0.0007205383922472715,0.02684284620242927,0.04135376522404188,0.2928453107272394,0.3550678406613696
2021-07-06,16.440000534057617,16.440000534057617,17.940000534057617,15.729999542236328,15.770000457763672,0,0.0870114297254356,0.08701142972543519,0.007570988902864346,0.08701142972543519,0.09592446795566192,0.2906478327655348,0.3553067602980331
2021-07-07,16.200000762939453,16.200000762939453,17.639999389648438,16.079999923706055,16.43000030517578,0,-0.0147061327799247,-0.014706132779924719,0.00021627034134077632,0.014706132779924719,0.09565579092757406,0.2910196437229677,0.35509202208110896
2021-07-08,19.0,19.0,21.290000915527344,17.739999771118164,17.739999771118164,0,0.1594276898330751,0.1594276898330751,0.025417188285511195,0.1594276898330751,0.1855393959487986,0.3295488458179337,0.3592271243431312
2021-07-09,16.18000030517578,16.18000030517578,18.1299991607666,16.079999923706055,17.8799991607666,0,-0.1606630486747979,-0.16066304867479797,0.025812615209480503,0.16066304867479797,0.24441276793867425,0.3636119251391846,0.35601854981188913
2021-07-12,16.170000076293945,16.170000076293945,17.520000457763672,16.139999389648438,16.850000381469727,0,-0.0006182521843864,-0.0006182521843864919,3.8223576349866873e-07,0.0006182521843864919,0.24293506328844433,0.34799439155625694,0.35040462604576966
2021-07-13,17.1200008392334,17.1200008392334,17.229999542236328,15.9399995803833,16.389999389648438,0,0.0570897414269815,0.05708974142698153,0.0032592385761996113,0.05708974142698153,0.23389248523262932,0.35150491201975365,0.3512094255025837
2021-07-14,16.329999923706055,16.329999923706055,17.510000228881836,15.949999809265137,17.34000015258789,0,-0.0472435174238747,-0.04724351742387478,0.00223194993857996,0.04724351742387478,0.23816249546377974,0.351643527368163,0.3476586692282663
2021-07-15,17.010000228881836,17.010000228881836,18.09000015258789,16.559999465942383,16.700000762939453,0,0.0407975175531301,0.0407975175531301,0.0016644374384979588,0.0407975175531301,0.18157263945463167,0.3519871812362461,0.34899594364847525
2021-07-16,18.450000762939453,18.450000762939453,18.700000762939453,16.030000686645508,16.799999237060547,0,0.0812629919747744,0.08126299197477449,0.006603673864692263,0.08126299197477449,0.1173016711463798,0.35548073444799894,0.34936703200567487
2021-07-19,22.5,22.5,25.09000015258789,19.270000457763672,19.61000061035156,0,0.198450897372107,0.19845089737210708,0.03938275866779458,0.19845089737210708,0.230525613513476,0.4065128398303955,0.374320748491312
2021-07-20,19.729999542236328,19.729999542236328,22.96999931335449,19.3700008392334,20.88999938964844,0,-0.1313750123772532,-0.13137501237725324,0.01725939387712344,0.13137501237725324,0.2591181463863315,0.3985894721387126,0.3653312172544861
2021-07-21,17.90999984741211,17.90999984741211,19.81999969482422,17.809999465942383,19.729999542236328,0,-0.0967810892802041,-0.09678108928020412,0.009366579242262842,0.09678108928020412,0.2725377828675709,0.3833480242849957,0.35031151812959727
2021-07-22,17.690000534057617,17.690000534057617,18.450000762939453,17.399999618530273,17.59000015258789,0,-0.01235966919142,-0.012359669191420064,0.0001527614225213383,0.012359669191420064,0.2697501938356942,0.37687475398164183,0.34027213148723323
2021-07-23,17.200000762939453,17.200000762939453,17.479999542236328,16.329999923706055,16.979999542236328,0,-0.0280901101851451,-0.02809011018514518,0.0007890542902135969,0.02809011018514518,0.2587480386397469,0.37735723006290556,0.3343836075803317
2021-07-26,17.579999923706055,17.579999923706055,19.38999938964844,17.530000686645508,18.670000076293945,0,0.0218524597408644,0.02185245974086447,0.0004775299967261025,0.02185245974086447,0.16746736645940147,0.37736721476454776,0.3316751501249855
2021-07-27,19.36000061035156,19.36000061035156,20.440000534057617,18.25,18.6200008392334,0,0.0964472254576382,0.09644722545763784,0.009302067298476425,0.09644722545763784,0.14173211439261196,0.3888663311296743,0.336585201363024
2021-07-28,18.309999465942383,18.309999465942383,19.6200008392334,17.520000457763672,19.40999984741211,0,-0.0557617838559729,-0.055761783855972524,0.003109376538800198,0.055761783855972524,0.1176043772431018,0.3927426393664953,0.3410020511762238
2021-07-29,17.700000762939453,17.700000762939453,18.010000228881836,17.190000534057617,17.90999984741211,0,-0.0338826468351749,-0.033882646835174945,0.0011480337565571907,0.033882646835174945,0.12176231716246882,0.39386174094113324,0.33078569206472946
2021-07-30,18.239999771118164,18.239999771118164,19.71999931335449,17.530000686645508,19.690000534057617,0,0.0300522894141321,0.030052289414132183,0.0009031400990307612,0.030052289414132183,0.122229896873027,0.39482636677628963,0.33229272064978455
2021-08-02,19.459999084472656,19.459999084472656,19.8700008392334,17.989999771118164,18.15999984741211,0,0.0647440576133933,0.0647440576133933,0.0041917929962463915,0.0647440576133933,0.13658115056299353,0.39947436885353516,0.3365424054630119
2021-08-03,18.040000915527344,18.040000915527344,20.440000534057617,17.700000762939453,19.170000076293945,0,-0.0757694643269029,-0.0757694643269029,0.005741011724385812,0.0757694643269029,0.12285501664572145,0.4057095570763262,0.34354575918714453
2021-08-04,17.969999313354492,17.969999313354492,18.899999618530277,17.670000076293945,18.229999542236328,0,-0.0038879027995193,-0.0038879027995193383,1.5115788178510307e-05,0.0038879027995193383,0.10954037778097538,0.39628824306101107,0.3367842100621944
2021-08-05,17.280000686645508,17.280000686645508,17.84000015258789,17.229999542236328,17.729999542236328,0,-0.0391538594724707,-0.03915385947247074,0.0015330247115899868,0.03915385947247074,0.11128380528824308,0.39794613449389377,0.33281821504372383
2021-08-06,16.149999618530273,16.149999618530273,17.5,16.139999389648438,17.459999084472656,0,-0.0676297770640901,-0.06762977706409012,0.004573786745738531,0.06762977706409012,0.12670726879756886,0.3708338231861537,0.3180046287203012
2021-08-09,16.719999313354492,16.719999313354492,17.389999389648438,16.59000015258789,17.1200008392334,0,0.0346855405409907,0.03468554054099071,0.0012030867226207101,0.03468554054099071,0.11430671761761725,0.33601814821821707,0.31102076620520924
2021-08-10,16.790000915527344,16.790000915527344,17.049999237060547,16.34000015258789,16.81999969482422,0,0.0041779590283406,0.0041779590283406165,1.745534164249287e-05,0.0041779590283406165,0.08568820986442867,0.33604355229326854,0.30815376759483665
2021-08-11,16.170000076293945,16.170000076293945,17.09000015258789,16.06999969482422,16.809999465942383,0,-0.0376258473103243,-0.03762584731032437,0.0014157043858198434,0.03762584731032437,0.09350432026067941,0.33328926602502357,0.3068230834829953
2021-08-12,15.59000015258789,15.59000015258789,16.420000076293945,15.489999771118164,16.329999923706055,0,-0.0365279854500215,-0.03652798545002156,0.001334293721036987,0.03652798545002156,0.09243552843392362,0.33193987200991076,0.3036873418236281
2021-08-13,15.449999809265137,15.449999809265137,15.720000267028809,15.1899995803833,15.68000030517578,0,-0.0090207018587782,-0.009020701858778235,8.13730620249651e-05,0.009020701858778235,0.06365464031117557,0.3295466799309059,0.29972270842316096
2021-08-16,16.1200008392334,16.1200008392334,17.709999084472656,16.020000457763672,17.049999237060547,0,0.0424517981416499,0.0424517981416499,0.0018021551654593898,0.0424517981416499,0.06819810610261708,0.3221792910077401,0.2913776143133692
2021-08-17,17.90999984741211,17.90999984741211,19.559999465942383,16.709999084472656,17.309999465942383,0,0.1052984184128109,0.10529841841281096,0.011087756920239406,0.10529841841281096,0.12538454152957107,0.2747808104775421,0.2621512394571129
2021-08-18,21.56999969482422,21.56999969482422,21.63999938964844,17.309999465942383,17.559999465942383,0,0.1859442386999892,0.18594423869998922,0.03457525990571857,0.18594423869998922,0.2210901146014436,0.304664339618686,0.27608066820433586
2021-08-19,21.670000076293945,21.670000076293945,24.739999771118164,20.3700008392334,23.1200008392334,0,0.0046253728160787,0.004625372816078777,2.1394073687720512e-05,0.004625372816078777,0.21810075453131791,0.28892070653851537,0.2927813963336977
2021-08-20,18.559999465942383,18.559999465942383,23.899999618530277,18.18000030517578,22.739999771118164,0,-0.154920120485587,-0.154920120485587,0.024000243731268796,0.154920120485587,0.26737017372245175,0.327601369007308,0.33387568858180583
2021-08-23,17.149999618530273,17.149999618530273,18.950000762939453,16.950000762939453,18.82999992370605,0,-0.0790105472145819,-0.0790105472145819,0.006242666571147675,0.0790105472145819,0.2755491266581375,0.3358217819862143,0.33806728223098587
2021-08-24,17.219999313354492,17.219999313354492,17.510000228881836,16.940000534057617,16.959999084472656,0,0.0040733077558838,0.0040733077558838815,1.6591836074143783e-05,0.0040733077558838815,0.2546687183732958,0.3351347954118529,0.3331916234100856
2021-08-25,16.790000915527344,16.790000915527344,17.5,16.459999084472656,17.420000076293945,0,-0.0252879335071196,-0.025287933507119664,0.0006394795810605055,0.025287933507119664,0.17584190568018473,0.3219514612147747,0.32823506181205026
2021-08-26,18.84000015258789,18.84000015258789,19.270000457763672,17.15999984741211,17.459999084472656,0,0.1151987516297818,0.11519875162978188,0.013270752377060173,0.11519875162978188,0.21016596797914602,0.3373634823400253,0.32858265067938774
2021-08-27,16.389999389648438,16.389999389648438,18.21999931335449,16.110000610351562,17.950000762939453,0,-0.1393109217308898,-0.13931092173088988,0.019407532913510127,0.13931092173088988,0.19893974786063434,0.3634193423217062,0.3356293436106789
2021-08-30,16.190000534057617,16.190000534057617,16.799999237060547,15.979999542236328,16.770000457763672,0,-0.0122775548400473,-0.012277554840047333,0.0001507383528503697,0.012277554840047333,0.18298933045550894,0.3623826936090645,0.3294723616651045
2021-08-31,16.479999542236328,16.479999542236328,17.06999969482422,15.90999984741211,15.979999542236328,0,0.0177536960279787,0.017753696027978716,0.0003151937226538672,0.017753696027978716,0.18380341930207714,0.3569938617872422,0.32676455749805244
2021-09-01,16.110000610351562,16.110000610351562,16.709999084472656,15.68000030517578,16.059999465942383,0,-0.0227072616290184,-0.022707261629018483,0.0005156197306886951,0.022707261629018483,0.18346617425771805,0.34959866326985783,0.3174325015569929
2021-09-02,16.40999984741211,16.40999984741211,16.979999542236328,15.729999542236328,16.270000457763672,0,0.0184506607281447,0.01845066072814472,0.0003404268813051018,0.01845066072814472,0.14397746907418638,0.35006361772283345,0.3181807820011573
2021-09-03,16.40999984741211,16.40999984741211,17.059999465942383,16.079999923706055,16.270000457763672,0,0.0,0.0,0.0,0.0,0.03635902484250881,0.34786708919012166,0.3194757856766934
2021-09-07,18.13999938964844,18.13999938964844,18.38999938964844,16.889999389648438,16.940000534057617,0,0.1002285152367368,0.10022851523673681,0.010045755266560784,0.10022851523673681,0.10591031867201886,0.3556451606059477,0.31986766450959664
2021-09-08,17.959999084472656,17.959999084472656,19.63999938964844,17.780000686645508,18.96999931335449,0,-0.0099723991421245,-0.009972399142124555,9.944874464984656e-05,0.009972399142124555,0.10488684675975614,0.3540901612364561,0.3241692370801094
2021-09-09,18.799999237060547,18.799999237060547,19.540000915527344,17.170000076293945,19.440000534057617,0,0.0457098173558749,0.04570981735587498,0.0020893874027074497,0.04570981735587498,0.11213838903436825,0.3570038856168437,0.3323599022871098
2021-09-10,20.950000762939453,20.950000762939453,21.1299991607666,16.989999771118164,17.940000534057617,0,0.1082818535312868,0.10828185353128683,0.011724959804171054,0.10828185353128683,0.15478873091439593,0.3711617299289834,0.3553149191919535
2021-09-13,19.3700008392334,19.3700008392334,21.18000030517578,18.76000022888184,19.63999938964844,0,-0.078413162039947,-0.07841316203994708,0.006148623981102998,0.07841316203994708,0.17351707466181035,0.3775915253603312,0.36101533688557574
2021-09-14,19.459999084472656,19.459999084472656,20.46999931335449,18.38999938964844,19.57999992370605,0,0.0046355089658751,0.004635508965875168,2.1487943372709068e-05,0.004635508965875168,0.1417177048784103,0.3775122182198735,0.3661270681075214
2021-09-15,18.18000030517578,18.18000030517578,20.270000457763672,18.010000228881836,19.299999237060547,0,-0.068038924175553,-0.06803892417555302,0.0046292952029666525,0.06803892417555302,0.1568877125026718,0.3812382653181559,0.3680510319723976
2021-09-16,18.690000534057617,18.690000534057617,19.76000022888184,17.649999618530273,18.40999984741211,0,0.0276665445063031,0.027666544506303126,0.0007654376849192516,0.027666544506303126,0.15260997548172534,0.3674510793391094,0.3620996967002219
2021-09-17,20.809999465942383,20.809999465942383,21.51000022888184,18.350000381469727,18.3700008392334,0,0.1074449647000519,0.10744496470005194,0.011544420439395407,0.10744496470005194,0.1520173189204347,0.33464825749008964,0.3496340043351049
2021-09-20,25.709999084472656,25.709999084472656,28.790000915527344,23.899999618530277,24.25,0,0.2114463709259872,0.21144637092598728,0.0447095677777702,0.21144637092598728,0.2483348727996621,0.39582525177815,0.348019286756945
2021-09-21,24.36000061035156,24.36000061035156,25.600000381469727,21.709999084472656,23.40999984741211,0,-0.0539375177708425,-0.05393751777084299,0.0029092558232800035,0.05393751777084299,0.2540826183120987,0.36822091472001833,0.32237394696465027
2021-09-22,20.8700008392334,20.8700008392334,23.399999618530277,20.75,22.71999931335449,0,-0.1546297065956405,-0.15462970659564013,0.02391034616185375,0.15462970659564013,0.28954969847544093,0.39147710230351035,0.32349376025065957
2021-09-23,18.6299991607666,18.6299991607666,20.209999084472656,18.420000076293945,19.90999984741211,0,-0.1135396217354602,-0.11353962173546028,0.012891245703831405,0.11353962173546028,0.30978191668677324,0.40758922396907205,0.3276511371104764
2021-09-24,17.75,17.75,20.40999984741211,17.6299991607666,19.32999992370605,0,-0.0483876236446532,-0.04838762364465321,0.0023413621219766025,0.04838762364465321,0.2945535224517135,0.4096716466105831,0.33724491261447426
2021-09-27,18.76000022888184,18.76000022888184,19.31999969482422,17.739999771118164,17.780000686645508,0,0.0553414398571781,0.05534143985717854,0.0030626749654657096,0.05534143985717854,0.21240264776223391,0.3970173555715568,0.33392963583022384
2021-09-28,23.25,23.25,24.81999969482422,19.709999084472656,19.739999771118164,0,0.2145781762547627,0.21457817625476228,0.04604379372481982,0.21457817625476228,0.29706804385182095,0.4292540523237278,0.3538529757987797
2021-09-29,22.559999465942383,22.559999465942383,23.790000915527344,21.450000762939453,22.06999969482422,0,-0.0301267290762745,-0.03012672907627456,0.0009076198048352471,0.03012672907627456,0.2554343287832098,0.4301347729355609,0.3580159670111306
2021-09-30,23.13999938964844,23.13999938964844,24.709999084472656,20.600000381469727,21.479999542236328,0,0.0253842924319673,0.02538429243196738,0.0006443623022716364,0.02538429243196738,0.23021688235090224,0.43051723713220164,0.3719209726246522
2021-10-01,21.100000381469727,21.100000381469727,24.88999938964844,20.850000381469727,24.780000686645508,0,-0.0922896368279038,-0.09228963682790381,0.008517377065826379,0.09228963682790381,0.24326082270521682,0.43971223408393134,0.3849405051241776
2021-10-04,22.959999084472656,22.959999084472656,24.57999992370605,21.8799991607666,22.899999618530277,0,0.0844804730153261,0.08448047301532613,0.007136950320893246,0.08448047301532613,0.2514957320088086,0.4473738618232743,0.3885276045478453
2021-10-05,21.299999237060547,21.299999237060547,23.170000076293945,20.6200008392334,22.920000076293945,0,-0.0750464946798552,-0.07504649467985525,0.005631976363733542,0.07504649467985525,0.1511234126717637,0.45362467812763857,0.39318527328608227
2021-10-06,21.0,21.0,24.399999618530277,20.989999771118164,22.950000762939453,0,-0.0141845991732023,-0.014184599173202361,0.0002012028537044131,0.014184599173202361,0.14876783559099513,0.44264070779080783,0.4001961085172198
2021-10-07,19.540000915527344,19.540000915527344,20.76000022888184,19.06999969482422,20.540000915527344,0,-0.0720587442547784,-0.07205874425477843,0.005192462623575563,0.07205874425477843,0.16334004171584285,0.44835678881051083,0.39898251821267366
2021-10-08,18.770000457763672,18.770000457763672,19.940000534057617,18.200000762939453,19.459999084472656,0,-0.0402038184821789,-0.04020381848217891,0.0016163470205479906,0.04020381848217891,0.14063761652721116,0.44782895137576084,0.395175907568065
2021-10-11,20.0,20.0,20.450000762939453,18.11000061035156,19.93000030517578,0,0.0634723985675251,0.06347239856752518,0.004028745379914773,0.06347239856752518,0.12911519756200826,0.43915208671490713,0.3799190626584942
2021-10-12,19.850000381469727,19.850000381469727,20.809999465942383,18.96999931335449,20.6200008392334,0,-0.0075282472031732,-0.007528247203173244,5.667450595208577e-05,0.007528247203173244,0.10533485835038163,0.4321603935935203,0.37698806932879125
2021-10-13,18.63999938964844,18.63999938964844,20.229999542236328,18.440000534057617,20.13999938964844,0,-0.0628942498375555,-0.06289424983755554,0.0039556866626288545,0.06289424983755554,0.12186023220320649,0.43668845245799953,0.3755988035300176
2021-10-14,16.860000610351562,16.860000610351562,18.07999992370605,16.799999237060547,18.010000228881836,0,-0.1003657877383932,-0.10036578773839322,0.010073291348348203,0.10036578773839322,0.14046617001040515,0.44287786200660795,0.3714549057068983
2021-10-15,16.299999237060547,16.299999237060547,16.850000381469727,15.720000267028809,16.639999389648438,0,-0.0337789277682549,-0.033778927768254974,0.001141015961172987,0.033778927768254974,0.13876387807357157,0.4433016793694761,0.36758329787578947
2021-10-18,16.309999465942383,16.309999465942383,17.93000030517578,16.270000457763672,17.290000915527344,0,0.0006133228821254,0.0006133228821254555,3.761649577386754e-07,0.0006133228821254555,0.12339791182617316,0.4300841018421399,0.3597448204793866
2021-10-19,15.699999809265137,15.699999809265137,16.309999465942383,15.56999969482422,16.09000015258789,0,-0.0381176836831942,-0.03811768368319424,0.0014529578093720522,0.03811768368319424,0.12893148547379718,0.3764514904857756,0.3430684705695345
2021-10-20,15.489999771118164,15.489999771118164,15.890000343322754,15.289999961853027,15.81999969482422,0,-0.0134660605528709,-0.013466060552870918,0.00018133478681358622,0.013466060552870918,0.11335332403888607,0.3728106807113975,0.3292908614794022
2021-10-21,15.010000228881836,15.010000228881836,16.110000610351562,14.920000076293944,16.059999465942383,0,-0.0314779787586805,-0.031477978758680525,0.0009908631467319424,0.031477978758680525,0.0613722076273002,0.3406880107038899,0.3245708200798573
2021-10-22,15.43000030517578,15.43000030517578,16.389999389648438,14.84000015258789,15.350000381469728,0,0.0275970252591561,0.027597025259156194,0.000761595803154505,0.027597025259156194,0.05819903531013176,0.32239520892329787,0.3252749441579617
2021-10-25,15.239999771118164,15.239999771118164,16.329999923706055,15.100000381469728,16.139999389648438,0,-0.0123901509131427,-0.012390150913142772,0.00015351583965045266,0.012390150913142772,0.05950014609833053,0.3189840504701931,0.31667462604056285
2021-10-26,15.979999542236328,15.979999542236328,16.709999084472656,14.899999618530272,15.020000457763672,0,0.047414376452084,0.04741437645208402,0.0022481230943399394,0.04741437645208402,0.06584400254154181,0.31770469398994555,0.3199968156728413
2021-10-27,16.979999542236328,16.979999542236328,17.290000915527344,15.539999961853027,15.789999961853027,0,0.0606982422321182,0.06069824223211828,0.0036842766100689075,0.06069824223211828,0.0885345948990895,0.24202635283888826,0.29553073264242435
2021-10-28,16.530000686645508,16.530000686645508,17.15999984741211,16.229999542236328,17.059999465942383,0,-0.0268592005519243,-0.026859200551924367,0.0007214166542884943,0.026859200551924367,0.08699958621454723,0.24164137128800459,0.2908462278374761
2021-10-29,16.260000228881836,16.260000228881836,18.059999465942383,16.1299991607666,17.399999618530273,0,-0.0164688351762469,-0.016468835176246976,0.0002712225320623898,0.016468835176246976,0.08413414723172942,0.24086803969754483,0.2779612298503945
2021-11-01,16.40999984741211,16.40999984741211,17.700000762939453,16.31999969482422,16.850000381469727,0,0.0091827776074917,0.009182777607491754,8.4323404588652e-05,0.009182777607491754,0.08372193437414428,0.22267545640797576,0.2613906974594236
2021-11-02,16.030000686645508,16.030000686645508,16.649999618530273,15.890000343322754,16.540000915527344,0,-0.0234288863470406,-0.023428886347040656,0.0005489127154625481,0.023428886347040656,0.07287078918518126,0.20735554316455979,0.2534343246878738
2021-11-03,15.100000381469728,15.100000381469728,16.389999389648438,14.899999618530272,16.110000610351562,0,-0.0597672403727149,-0.05976724037271497,0.00357212302176989,0.05976724037271497,0.07209714507643221,0.20232762524950954,0.25020398284781864
2021-11-04,15.4399995803833,15.4399995803833,16.139999389648438,14.729999542236328,15.0600004196167,0,0.0222667483356082,0.022266748335608266,0.0004958080814413135,0.022266748335608266,0.07051517393671332,0.20305436012763398,0.23967200691269397
2021-11-05,16.479999542236328,16.479999542236328,17.020000457763672,14.949999809265137,15.59000015258789,0,0.0651859792850211,0.06518597928502112,0.004249211895347203,0.06518597928502112,0.09460644332501748,0.2007182663302334,0.24679431083286849
2021-11-08,17.219999313354492,17.219999313354492,17.690000534057617,16.440000534057617,17.229999542236328,0,0.0439239624202962,0.04392396242029628,0.0019293144746995998,0.04392396242029628,0.10390077087645064,0.2014963768725535,0.24461700014925986
2021-11-09,17.780000686645508,17.780000686645508,18.56999969482422,17.209999084472656,17.43000030517578,0,0.0320028095800402,0.032002809580040203,0.001024179821016313,0.032002809580040203,0.10616325774143547,0.1938974582965637,0.23790303869996487
2021-11-10,18.729999542236328,18.729999542236328,19.899999618530277,17.219999313354492,17.739999771118164,0,0.0520522233111244,0.05205222331112447,0.0027094339516311695,0.05205222331112447,0.10201935220405851,0.20062149381246952,0.24708958462630579
2021-11-11,17.65999984741211,17.65999984741211,18.38999938964844,17.270000457763672,18.34000015258789,0,-0.0588243054803614,-0.05882430548036144,0.0034602989152468806,0.05882430548036144,0.11563926261413683,0.19938303847660854,0.24368356833093788
2021-11-12,16.290000915527344,16.290000915527344,17.690000534057617,16.149999618530273,17.489999771118164,0,-0.0807507077197495,-0.08075070771974957,0.0065206767972404225,0.08075070771974957,0.1250755929821423,0.1902655551618763,0.24582317670916953
2021-11-15,16.489999771118164,16.489999771118164,17.459999084472656,16.489999771118164,17.030000686645508,0,0.0122026438757152,0.012202643875715236,0.00014890451755753055,0.012202643875715236,0.1177433395258197,0.18764026763315364,0.24468225232361926
2021-11-16,16.3700008392334,16.3700008392334,17.079999923706055,16.030000686645508,16.860000610351562,0,-0.0073036800418782,-0.007303680041878202,5.3343742154129975e-05,0.007303680041878202,0.1135458406276085,0.18778135587602385,0.24065954940112425
2021-11-17,17.110000610351562,17.110000610351562,17.190000534057617,16.280000686645508,16.360000610351562,0,0.0442126809267238,0.04421268092672381,0.0019547611547282876,0.04421268092672381,0.11017252437394448,0.18911277312755517,0.24126003774403967
2021-11-18,17.59000015258789,17.59000015258789,18.149999618530277,16.3799991607666,16.809999465942383,0,0.0276674438478479,0.027667443847847917,0.0007654874490738175,0.027667443847847917,0.09717599323266178,0.19065097330528996,0.247930388700233
2021-11-19,17.90999984741211,17.90999984741211,19.01000022888184,17.229999542236328,17.360000610351562,0,0.0180286401287546,0.018028640128754603,0.0003250318648921408,0.018028640128754603,0.05698709264742364,0.1888966975370787,0.25066246989121005
2021-11-22,19.170000076293945,19.170000076293945,19.59000015258789,17.350000381469727,18.200000762939453,0,0.0679873534844976,0.06798735348449769,0.0046222802338260404,0.06798735348449769,0.08786867726712719,0.19885332979632533,0.25414554274318624
2021-11-23,19.3799991607666,19.3799991607666,20.90999984741211,19.030000686645508,20.239999771118164,0,0.0108950021211078,0.010895002121107833,0.00011870107121894418,0.010895002121107833,0.0882397969951165,0.19876577170794427,0.2560847752432707
2021-11-24,18.57999992370605,18.57999992370605,20.959999084472656,18.520000457763672,19.170000076293945,0,-0.0421558338790704,-0.04215583387907085,0.0017771143300398175,0.04215583387907085,0.08722737499805264,0.19757738544265255,0.2576111306868302
2021-11-26,28.6200008392334,28.6200008392334,28.989999771118164,23.8799991607666,26.6200008392334,0,0.4320200741721716,0.43202007417217203,0.186641344487729,0.43202007417217203,0.43986869857686633,0.4711622768388982,0.2753508623578463
2021-11-29,22.959999084472656,22.959999084472656,25.690000534057617,21.709999084472656,25.309999465942383,0,-0.2203522718751429,-0.22035227187514295,0.048555123720536914,0.22035227187514295,0.4916447537026617,0.5194493220539064,0.2914067088355963
2021-11-30,27.190000534057617,27.190000534057617,28.559999465942383,23.709999084472656,26.229999542236328,0,0.169095746709591,0.16909574670959104,0.02859337155527417,0.16909574670959104,0.5154470439965672,0.5460309031597705,0.30463678563096186
2021-12-01,31.1200008392334,31.1200008392334,32.61000061035156,22.3799991607666,24.920000076293945,0,0.1350014479917729,0.13500144799177294,0.018225390959875375,0.13500144799177294,0.5327216393703709,0.5623973815379669,0.37621822692629264
2021-12-02,27.950000762939453,27.950000762939453,30.68000030517578,27.149999618530277,29.440000534057617,0,-0.1074334993801553,-0.10743349938015534,0.011541956789065838,0.10743349938015534,0.5418091799817363,0.5720872825315774,0.38228492139003745
2021-12-03,30.670000076293945,30.670000076293945,35.31999969482422,25.88999938964844,26.950000762939453,0,0.0928677537160465,0.0928677537160465,0.008624419680264268,0.0928677537160465,0.339912139684679,0.5764860410216879,0.4214958845832773
2021-12-06,27.18000030517578,27.18000030517578,30.81999969482422,26.75,28.989999771118164,0,-0.1208035606627846,-0.12080356066278464,0.014593500268807088,0.12080356066278464,0.2856197459092891,0.5885863128549839,0.42647330996281724
2021-12-07,21.88999938964844,21.88999938964844,24.690000534057617,21.57999992370605,24.57999992370605,0,-0.2164515362988464,-0.21645153629884595,0.046851267566130624,0.21645153629884595,0.31596919986628974,0.6237274271274339,0.4270265786363294
2021-12-08,19.899999618530277,19.899999618530277,23.11000061035156,19.850000381469727,21.739999771118164,0,-0.0953101710909911,-0.0953101710909916,0.009084028713394091,0.0953101710909916,0.3011563929549928,0.6294367462975949,0.43445888952213474
2021-12-09,21.57999992370605,21.57999992370605,22.1200008392334,19.940000534057617,20.309999465942383,0,0.0810472437334741,0.08104724373347416,0.006568655716793167,0.08104724373347416,0.2927829775540057,0.6338257595628941,0.4365212547013839
2021-12-10,18.690000534057617,18.690000534057617,21.299999237060547,18.690000534057617,21.270000457763672,0,-0.1437783062526056,-0.14377830625260568,0.02067220134886807,0.14377830625260568,0.3126813931368369,0.6478409225131712,0.43493370297212
2021-12-13,20.309999465942383,20.309999465942383,21.18000030517578,18.959999084472656,19.290000915527344,0,0.0831246992550074,0.08312469925500743,0.006909715626235433,0.08312469925500743,0.3001430808321617,0.6504977152870755,0.4383665054102206
2021-12-14,21.88999938964844,21.88999938964844,23.0,19.670000076293945,19.670000076293945,0,0.0749165343551152,0.0749165343551157,0.00561248711978123,0.0749165343551157,0.22101377451433232,0.649799267402054,0.44496697740224794
2021-12-15,19.290000915527344,19.290000915527344,23.46999931335449,19.020000457763672,21.600000381469727,0,-0.1264430092732267,-0.12644300927322716,0.015987834594069408,0.12644300927322716,0.2361162730642415,0.6618746240737424,0.4612571105530926
2021-12-16,20.56999969482422,20.56999969482422,22.1299991607666,18.190000534057617,18.559999465942383,0,0.0642468144500236,0.06424681445002367,0.00412765316697577,0.06424681445002367,0.23088934981053164,0.6649453567155571,0.4745215310557875
2021-12-17,21.56999969482422,21.56999969482422,23.26000022888184,20.489999771118164,20.700000762939453,0,0.0474697574240043,0.04746975742400439,0.0022533778698938197,0.04746975742400439,0.1867915104520433,0.6651698611127423,0.47948152198214844
2021-12-20,22.8700008392334,22.8700008392334,27.38999938964844,22.850000381469727,25.88999938964844,0,0.0585225984776029,0.058522598477602994,0.00342489453257074,0.058522598477602994,0.17721807831959782,0.6671659098127256,0.48780197496783284
2021-12-21,21.01000022888184,21.01000022888184,22.68000030517578,20.899999618530277,22.280000686645508,0,-0.0848275189796528,-0.08482751897965235,0.00719570797624328,0.08482751897965235,0.18163003094134283,0.6722953423366795,0.486697201932902
2021-12-22,18.6299991607666,18.6299991607666,21.36000061035156,18.59000015258789,21.040000915527344,0,-0.1202253861847784,-0.12022538618477885,0.014454143483279213,0.12022538618477885,0.17735776562914565,0.6795681647760188,0.488379369592776
2021-12-23,17.959999084472656,17.959999084472656,18.93000030517578,17.6200008392334,18.809999465942383,0,-0.0366261276679358,-0.036626127667935826,0.0013414732279479343,0.036626127667935826,0.1693209883326197,0.680467238545527,0.48699903403253997
2021-12-27,17.68000030517578,17.68000030517578,19.40999984741211,17.549999237060547,19.3700008392334,0,-0.0157129374275708,-0.01571293742757085,0.0002468964026027568,0.01571293742757085,0.16328844301616716,0.6793419203952735,0.485080707296776
2021-12-28,17.540000915527344,17.540000915527344,18.46999931335449,17.510000228881836,17.780000686645508,0,-0.0079500353299937,-0.007950035329993721,6.320306174814837e-05,0.007950035329993721,0.1526480401178524,0.5243351059964966,0.4719842734585717
2021-12-29,16.950000762939453,16.950000762939453,18.0,16.709999084472656,17.6299991607666,0,-0.0342161603029422,-0.03421616030294228,0.001170745625876643,0.03421616030294228,0.13143995511812548,0.4770145965122001,0.46318911352605
2021-12-30,17.329999923706055,17.329999923706055,17.790000915527344,16.6200008392334,17.299999237060547,0,0.0221712204874591,0.02217122048745912,0.0004915630179035271,0.02217122048745912,0.05756632119633103,0.44658830789478404,0.45135429661171994
2021-12-31,17.219999313354492,17.219999313354492,18.270000457763672,16.989999771118164,17.6299991607666,0,-0.0063676402003944,-0.0063676402003944865,4.054684172167993e-05,0.0063676402003944865,0.04486596649859331,0.4257420259149579,0.3930782120482095
2022-01-03,16.600000381469727,16.600000381469727,18.540000915527344,16.559999465942383,17.600000381469727,0,-0.0366687407820984,-0.036668740782098475,0.0013445965505447318,0.036668740782098475,0.05577324715125409,0.4135926889968579,0.3920742248133067
2022-01-04,16.90999984741211,16.90999984741211,17.809999465942383,16.34000015258789,16.56999969482422,0,0.0185024355443577,0.01850243554435771,0.00034234012107311156,0.01850243554435771,0.058221921619952016,0.4034561101687028,0.3487194995897499
2022-01-05,19.729999542236328,19.729999542236328,20.170000076293945,16.579999923706055,17.06999969482422,0,0.1542351429461619,0.15423514294616192,0.023788479319623,0.15423514294616192,0.16126848995035017,0.41469484188168576,0.3580867384239044
2022-01-06,19.61000061035156,19.61000061035156,21.059999465942383,19.07999992370605,20.290000915527344,0,-0.0061006255003608,-0.0061006255003608345,3.721763149565288e-05,0.0061006255003608345,0.15985362199355482,0.3537764293288085,0.35384280888287906
2022-01-07,18.76000022888184,18.76000022888184,20.799999237060547,18.56999969482422,19.850000381469727,0,-0.0443127155541573,-0.044312715554156945,0.001963616759783623,0.044312715554156945,0.16575961625957109,0.3435656414646711,0.3485735988956768
2022-01-10,19.399999618530277,19.399999618530277,23.32999992370605,19.290000915527344,19.57999992370605,0,0.0335460906272917,0.0335460906272913,0.0011253401963744413,0.0335460906272913,0.16509692313410923,0.3355503456630796,0.36147231878591324
2022-01-11,18.40999984741211,18.40999984741211,21.0,18.200000762939453,19.6200008392334,0,-0.0523790594492235,-0.0523790594492235,0.0027435658687852893,0.0523790594492235,0.17221562001183907,0.30767742685242516,0.3631599056423964
2022-01-12,17.6200008392334,17.6200008392334,18.690000534057617,17.360000610351562,18.170000076293945,0,-0.043859318819047,-0.04385931881904703,0.0019236398472708132,0.04385931881904703,0.0882801240580798,0.2994650617610756,0.35976189762173744
2022-01-13,20.309999465942383,20.309999465942383,20.61000061035156,17.450000762939453,18.059999465942383,0,0.1420786811593655,0.1420786811593655,0.020186351639984643,0.1420786811593655,0.16716014570524565,0.3228826222263568,0.3613825325465887
2022-01-14,19.190000534057617,19.190000534057617,22.06999969482422,19.049999237060547,20.11000061035156,0,-0.0567240114473857,-0.0567240114473857,0.003217613474683144,0.0567240114473857,0.17086986576660754,0.30246151262000587,0.3499520175422837
2022-01-18,22.790000915527344,22.790000915527344,23.200000762939453,21.18000030517578,21.18000030517578,0,0.1719325455803155,0.17193254558031557,0.02956080022972729,0.17193254558031557,0.240066597135985,0.3419299835918656,0.3340583283854057
2022-01-19,23.850000381469727,23.850000381469727,23.989999771118164,21.850000381469727,23.1200008392334,0,0.0454623498989685,0.04546234989896858,0.0020668252583362482,0.04546234989896858,0.23865294980368937,0.34165708110264,0.33006806169542224
2022-01-20,25.59000015258789,25.59000015258789,25.88999938964844,21.68000030517578,23.459999084472656,0,0.0704174228056029,0.07041742280560292,0.004958613434583047,0.07041742280560292,0.24492897753698828,0.34389428603800354,0.32933031633309356
2022-01-21,28.850000381469727,28.850000381469727,29.790000915527344,25.309999465942383,25.3799991607666,0,0.1199083500421385,0.11990835004213851,0.01437801240982802,0.11990835004213851,0.23276998261622545,0.3541829815267427,0.3400420122685246
2022-01-24,29.899999618530277,29.899999618530277,38.93999862670898,28.020000457763672,28.200000762939453,0,0.0357484614618264,0.035748461461826864,0.0012779524968877204,0.035748461461826864,0.22856553508646588,0.3350662522797267,0.38436262344447775
2022-01-25,31.15999984741211,31.15999984741211,35.849998474121094,29.1299991607666,32.290000915527344,0,0.0412767484671761,0.04127674846717566,0.0017037699640224883,0.04127674846717566,0.15615752804030186,0.3356064512980286,0.4017713758891843
2022-01-26,31.959999084472656,31.959999084472656,33.040000915527344,26.899999618530277,29.350000381469727,0,0.0253498761464046,0.025349876146404604,0.0006426162206380531,0.025349876146404604,0.15152875808228441,0.3361954936802266,0.415939193726754
2022-01-27,30.489999771118164,30.489999771118164,33.0,28.420000076293945,32.189998626708984,0,-0.0470863387586568,-0.047086338758656865,0.0022171232976949916,0.047086338758656865,0.1421951981927358,0.339383750652323,0.42429917957548646
2022-01-28,27.65999984741211,27.65999984741211,32.81999969482422,27.280000686645508,30.270000457763672,0,-0.0974114327733217,-0.09741143277332176,0.009488987234951384,0.09741143277332176,0.1238161912440969,0.35142505860554807,0.4363070642775563
2022-01-31,24.82999992370605,24.82999992370605,29.40999984741211,24.709999084472656,28.36000061035156,0,-0.1079347242726345,-0.10793472427263451,0.011649904703809636,0.10793472427263451,0.16031968507053865,0.36695764537861725,0.4468000854980049
2022-02-01,21.959999084472656,21.959999084472656,25.32999992370605,21.959999084472656,24.56999969482422,0,-0.122830021496775,-0.12283002149677502,0.015087214180898215,0.12283002149677502,0.19770140525042412,0.386916762160798,0.4528562955087698
2022-02-02,22.09000015258789,22.09000015258789,22.729999542236328,20.459999084472656,21.559999465942383,0,0.0059024493889325,0.005902449388932585,3.483890878891064e-05,0.005902449388932585,0.19615827366222224,0.3852204864739669,0.45218456009404384
2022-02-03,24.350000381469727,24.350000381469727,25.809999465942383,22.299999237060547,22.6299991607666,0,0.0974068408551254,0.09740684085512541,0.009488092645375729,0.09740684085512541,0.2138902467945278,0.3969138139741956,0.4577127862420719
2022-02-04,23.21999931335449,23.21999931335449,26.26000022888184,22.06999969482422,23.770000457763672,0,-0.0475179184962581,-0.047517918496258194,0.0022579525782170365,0.047517918496258194,0.19626003927720403,0.3687954026043931,0.4544706842366355
2022-02-07,22.86000061035156,22.86000061035156,24.81999969482422,22.020000457763672,24.09000015258789,0,-0.0156252616322403,-0.01562526163224076,0.0002441488010759752,0.01562526163224076,0.1646579700905972,0.36907584606922833,0.456284119756981
2022-02-08,21.440000534057617,21.440000534057617,23.479999542236328,21.31999969482422,23.09000015258789,0,-0.064130323954203,-0.0641303239542026,0.004112698450470971,0.0641303239542026,0.12703437087626626,0.3719758887917388,0.45487971481934913
2022-02-09,19.959999084472656,19.959999084472656,21.299999237060547,19.93000030517578,21.270000457763672,0,-0.0715281360967914,-0.07152813609679143,0.005116274253481117,0.07152813609679143,0.14566800173209274,0.3773022606604825,0.44211796893287325
2022-02-10,23.90999984741211,23.90999984741211,24.770000457763672,20.18000030517578,20.3700008392334,0,0.1805665500732596,0.1805665500732596,0.03260427900535897,0.1805665500732596,0.2105596188460746,0.4149912156131554,0.45081160667704895
2022-02-11,27.36000061035156,27.36000061035156,30.989999771118164,23.32999992370605,24.38999938964844,0,0.1347853399740475,0.1347853399740475,0.01816708787191957,0.1347853399740475,0.24544752673902978,0.4341211317832077,0.479938215669256
2022-02-14,28.32999992370605,28.32999992370605,32.040000915527344,28.32999992370605,29.170000076293945,0,0.0348391960868603,0.03483919608686037,0.001213769583978707,0.03483919608686037,0.24741485235371274,0.41168990150928797,0.4751966950837831
2022-02-15,25.700000762939453,25.700000762939453,28.09000015258789,25.32999992370605,28.09000015258789,0,-0.097430289561847,-0.09743028956184707,0.009492661324105367,0.09743028956184707,0.2580582725642483,0.419241723656114,0.47102009248382704
2022-02-16,24.290000915527344,24.290000915527344,27.09000015258789,23.8799991607666,25.190000534057617,0,-0.0564262408819202,-0.056426240881920275,0.003183920660064491,0.056426240881920275,0.2542866855449322,0.3865058127434653,0.47392428752565113
2022-02-17,28.11000061035156,28.11000061035156,28.3700008392334,24.76000022888184,24.82999992370605,0,0.1460606259257959,0.1460606259257955,0.021333706445835165,0.1460606259257955,0.2310652416221519,0.4106745968184367,0.4776364196078917
2022-02-18,27.75,27.75,29.709999084472656,26.3799991607666,26.65999984741211,0,-0.0128895664389658,-0.012889566438965439,0.00016614092298450418,0.012889566438965439,0.188122829388058,0.40479766792854305,0.47103539696478974
2022-02-22,28.809999465942383,28.809999465942383,32.040000915527344,28.399999618530277,31.799999237060547,0,0.0374866903667627,0.037486690366762776,0.0014052519546535452,0.037486690366762776,0.18863107195699017,0.38844354995959524,0.46641202005982935
2022-02-23,31.020000457763672,31.020000457763672,31.06999969482422,27.200000762939453,28.040000915527344,0,0.0739096419462357,0.07390964194623573,0.005462635172620768,0.07390964194623573,0.17762785580014923,0.3937931870677115,0.42995158368988273
2022-02-24,30.31999969482422,30.31999969482422,37.790000915527344,29.450000762939453,37.5,0,-0.0228246217964356,-0.02282462179643563,0.0005209633601503244,0.02282462179643563,0.16996675515007176,0.39228850043950236,0.43788472424626357
2022-02-25,27.59000015258789,27.59000015258789,32.0,26.93000030517578,31.68000030517578,0,-0.0943541569492611,-0.09435415694926119,0.008902706933605814,0.09435415694926119,0.12828756114298492,0.4026789767172371,0.4327003789392339
2022-02-28,30.149999618530277,30.149999618530277,33.5099983215332,28.43000030517578,32.439998626708984,0,0.0887315167610536,0.08873151676105362,0.00787328206671714,0.08873151676105362,0.15545044061612606,0.4096419376224355,0.4346557544083713
2022-03-01,33.31999969482422,33.31999969482422,35.189998626708984,29.440000534057617,29.450000762939453,0,0.099972897618906,0.09997289761890604,0.009994580258320269,0.09997289761890604,0.18098112551151418,0.41025858928538256,0.4336784462257895
2022-03-02,30.739999771118164,30.739999771118164,34.40999984741211,30.1200008392334,34.20000076293945,0,-0.0805930774749881,-0.08059307747498812,0.006495244136889437,0.08059307747498812,0.18381179710694068,0.40392753002922693,0.4284115127354349
2022-03-03,30.479999542236328,30.479999542236328,32.0099983215332,29.309999465942383,30.520000457763672,0,-0.0084940148647643,-0.00849401486476431,7.214828852283705e-05,0.00849401486476431,0.18258686065556753,0.3848926910492542,0.4230669992195274
2022-03-04,31.979999542236328,31.979999542236328,34.650001525878906,31.46999931335449,31.899999618530277,0,0.0480399772917947,0.048039977291794767,0.002307839418196157,0.048039977291794767,0.16353315923275616,0.3878342224875777,0.4222975874374148
2022-03-07,36.45000076293945,36.45000076293945,36.54999923706055,32.59000015258789,35.880001068115234,0,0.1308307862940432,0.1308307862940432,0.017116694642317604,0.1308307862940432,0.18970109842656802,0.3975474639957923,0.41877403893085985
2022-03-08,35.130001068115234,35.130001068115234,37.52000045776367,32.779998779296875,36.18999862670898,0,-0.0368859827034087,-0.036885982703408704,0.0013605757199961661,0.036885982703408704,0.1653859190074002,0.3964172161640623,0.41358463562623426
2022-03-09,32.45000076293945,32.45000076293945,34.119998931884766,31.38999938964844,33.7400016784668,0,-0.0793550300210519,-0.07935503002105193,0.006297220789642053,0.07935503002105193,0.1647861610047244,0.4039798030345465,0.4103571027290088
2022-03-10,30.229999542236328,30.229999542236328,34.029998779296875,30.229999542236328,33.029998779296875,0,-0.0708656730126584,-0.07086567301265845,0.005021943611537028,0.07086567301265845,0.1791766563525761,0.4051035996148356,0.41242067410102734
2022-03-11,30.75,30.75,31.040000915527344,28.84000015258789,30.43000030517578,0,0.0170552006038553,0.017055200603855347,0.0002908798676377478,0.017055200603855347,0.1734569532510321,0.3991034102022353,0.4128509419895944
2022-03-14,31.770000457763672,31.770000457763672,33.18000030517578,30.059999465942383,31.030000686645508,0,0.0326324684375753,0.03263246843757539,0.001064877996329354,0.03263246843757539,0.11847150706031594,0.35741310975679674,0.3985154259178104
2022-03-15,29.82999992370605,29.82999992370605,33.83000183105469,29.56999969482422,33.130001068115234,0,-0.0630078667210698,-0.06300786672106984,0.0039699912687401005,0.06300786672106984,0.1290151678442749,0.33696740854694623,0.36915132676425194
2022-03-16,26.670000076293945,26.670000076293945,29.799999237060547,26.290000915527344,29.020000457763672,0,-0.1119752549144439,-0.11197525491444393,0.0125384577131547,0.11197525491444393,0.15128169240657996,0.3533719323206366,0.3694249500931803
2022-03-17,25.670000076293945,25.670000076293945,27.46999931335449,25.25,26.51000022888184,0,-0.038216343199434,-0.03821634319943401,0.0014604888875369261,0.03821634319943401,0.13901329336937157,0.34181800730133005,0.3676656399559988
2022-03-18,23.8700008392334,23.8700008392334,26.81999969482422,23.850000381469727,26.36000061035156,0,-0.072700522345916,-0.07270052234591606,0.005285365949369041,0.07270052234591606,0.1559460862449913,0.3448782327209948,0.3666179819883786
2022-03-21,23.530000686645508,23.530000686645508,25.36000061035156,22.989999771118164,25.13999938964844,0,-0.0143462435882626,-0.014346243588262642,0.00020581470509376695,0.014346243588262642,0.15316696289962362,0.3127508651690915,0.3622148449504135
2022-03-22,22.940000534057617,22.940000534057617,24.020000457763672,22.700000762939453,24.020000457763672,0,-0.0253940969391228,-0.025394096939122868,0.0006448601593535694,0.025394096939122868,0.14189780623571369,0.3135152674119465,0.35672798003891604
2022-03-23,23.56999969482422,23.56999969482422,24.030000686645508,22.63999938964844,23.040000915527344,0,0.027092569018551,0.02709256901855106,0.0007340072960249528,0.02709256901855106,0.09127177546962914,0.3124429199738022,0.35112668480828346
2022-03-24,21.670000076293945,21.670000076293945,23.790000915527344,21.489999771118164,23.61000061035156,0,-0.0840458849314189,-0.08404588493141896,0.0070637107739053165,0.08404588493141896,0.1180413439594229,0.3149946885949671,0.34732735872249443
2022-03-25,20.809999465942383,20.809999465942383,22.86000061035156,20.799999237060547,21.8700008392334,0,-0.0404952043269508,-0.04049520432695086,0.0016398615734814998,0.04049520432695086,0.10143103325836351,0.3167657684415592,0.31847710958653336
2022-03-28,19.6299991607666,19.6299991607666,23.32999992370605,19.540000915527344,22.13999938964844,0,-0.0583746492062582,-0.05837464920625823,0.003407599669953705,0.05837464920625823,0.11614662919223778,0.3079698764371596,0.3194226973412823
2022-03-29,18.899999618530277,18.899999618530277,19.729999542236328,18.670000076293945,19.700000762939453,0,-0.0378970636537627,-0.03789706365376233,0.0014361874335773138,0.03789706365376233,0.1195046724900032,0.2973354169277174,0.3055860035410966
2022-03-30,19.32999992370605,19.32999992370605,20.51000022888184,18.71999931335449,19.3799991607666,0,0.0224963873913077,0.022496387391306882,0.0005060874456597513,0.022496387391306882,0.11854723487529233,0.28092678289354867,0.2913942590133469
2022-03-31,20.559999465942383,20.559999465942383,21.479999542236328,19.540000915527344,19.68000030517578,0,0.0616891253380784,0.06168912533807891,0.0038055481849772095,0.06168912533807891,0.10390035759153873,0.27609810103477134,0.2859147311876344
2022-04-01,19.6299991607666,19.6299991607666,20.86000061035156,19.40999984741211,20.6200008392334,0,-0.0462884490756234,-0.04628844907562346,0.0021426205178265863,0.04628844907562346,0.10629225396045897,0.2798225037846501,0.284286222417854
2022-04-04,18.56999969482422,18.56999969482422,20.780000686645508,18.450000762939453,20.75,0,-0.0555116066049676,-0.05551160660496768,0.003081538467864691,0.05551160660496768,0.10474722931851559,0.28120158725366234,0.28736326616026603
2022-04-05,21.030000686645508,21.030000686645508,21.56999969482422,18.549999237060547,18.790000915527344,0,0.1244026634345609,0.12440266343456097,0.015476022669612653,0.12440266343456097,0.1581512481327322,0.27826904373514877,0.293326135065154
2022-04-06,22.100000381469727,22.100000381469727,24.780000686645508,21.239999771118164,21.270000457763672,0,0.0496276034194118,0.04962760341941186,0.0024628990211544195,0.04962760341941186,0.16422128017232024,0.28024272337106704,0.2967018986643527
2022-04-07,21.549999237060547,21.549999237060547,23.81999969482422,21.1200008392334,21.96999931335449,0,-0.0252018446382478,-0.025201844638247817,0.0006351329731703803,0.025201844638247817,0.15426669650196334,0.26995165527545983,0.3012371337846329
2022-04-08,21.15999984741211,21.15999984741211,22.34000015258789,20.280000686645508,21.25,0,-0.0182631813675824,-0.018263181367582426,0.0003335437936652099,0.018263181367582426,0.1482873458035698,0.26112352702904595,0.2984337307539162
2022-04-11,24.3700008392334,24.3700008392334,24.420000076293945,22.09000015258789,23.09000015258789,0,0.1412403022953157,0.1412403022953157,0.01994882299247216,0.1412403022953157,0.19712032226555173,0.29638393933026014,0.30123132291324317
2022-04-12,24.26000022888184,24.26000022888184,25.3799991607666,22.270000457763672,24.940000534057617,0,-0.0045239891238266,-0.004523989123826677,2.0466477592502066e-05,0.004523989123826677,0.15297341356606647,0.294616747613211,0.3055915885469433
2022-04-13,21.81999969482422,21.81999969482422,24.450000762939453,21.3700008392334,23.520000457763672,0,-0.1060019465315731,-0.10600194653157313,0.01123641266848249,0.10600194653157313,0.17937217985346246,0.30670091192223226,0.3056002354351947
2022-04-14,22.700000762939453,22.700000762939453,22.700000762939453,20.850000381469727,21.71999931335449,0,0.039537991678157,0.03953799167815708,0.0015632527859420185,0.03953799167815708,0.18194092095555225,0.28825378479165914,0.30055557738171007
2022-04-18,22.170000076293945,22.170000076293945,24.600000381469727,21.979999542236328,24.520000457763672,0,-0.0236249310274887,-0.02362493102748875,0.0005581373660536006,0.02362493102748875,0.18255709323535724,0.28668430882284585,0.30388559004896476
2022-04-19,21.3700008392334,21.3700008392334,22.920000076293945,20.36000061035156,22.549999237060547,0,-0.0367519184669116,-0.036751918466911615,0.001350703510998519,0.036751918466911615,0.12136297956571958,0.2797377888074157,0.30403584676822437
2022-04-20,20.31999969482422,20.31999969482422,21.31999969482422,19.75,21.1299991607666,0,-0.0503825009108354,-0.050382500910835404,0.00253839639803033,0.050382500910835404,0.13132746372905818,0.2838764029992611,0.30178825504281354
2022-04-21,22.68000030517578,22.68000030517578,23.280000686645508,19.809999465942383,20.239999771118164,0,0.1098778846234855,0.10987788462348558,0.012073149529332009,0.10987788462348558,0.13447542374113056,0.3033382625877872,0.31515130585987383
2022-04-22,28.209999084472656,28.209999084472656,28.270000457763672,22.6200008392334,22.709999084472656,0,0.2181930002446308,0.21819300024463084,0.04760818535575347,0.21819300024463084,0.25323619836067685,0.3726771788149978,0.34054428759910227
2022-04-25,27.020000457763672,27.020000457763672,31.600000381469727,26.799999237060547,30.040000915527344,0,-0.0430991430861906,-0.04309914308619067,0.0018575361347639371,0.04309914308619067,0.2557889186983643,0.3656256350016564,0.34933061432583545
2022-04-26,33.52000045776367,33.52000045776367,33.810001373291016,27.059999465942383,27.3799991607666,0,0.2155649397966028,0.21556493979660285,0.04646824326951301,0.21556493979660285,0.3324838502655323,0.4225050137766367,0.36973379477883433
2022-04-27,31.600000381469727,31.600000381469727,32.77000045776367,29.81999969482422,31.11000061035156,0,-0.0589851566056234,-0.05898515660562342,0.0034792486997899208,0.05898515660562342,0.3338957367040683,0.4225897960152755,0.3585775053357383
2022-04-28,29.989999771118164,29.989999771118164,32.0,28.0,29.90999984741211,0,-0.052293147535714,-0.05229314753571401,0.0027345732791919527,0.05229314753571401,0.31960567382168364,0.42412323862510387,0.36593577552930084
2022-04-29,33.400001525878906,33.400001525878906,34.34000015258789,28.540000915527344,28.96999931335449,0,0.1076919605386717,0.1076919605386717,0.011597558364662822,0.1076919605386717,0.2571714598238338,0.43700342385483654,0.37847829801424776
2022-05-02,32.34000015258789,32.34000015258789,36.63999938964844,31.739999771118164,33.349998474121094,0,-0.0322510868004495,-0.032251086800449524,0.0010401325998101296,0.032251086800449524,0.255577299878076,0.4338278193888479,0.383989174028974
2022-05-03,29.25,29.25,32.81999969482422,29.059999465942383,31.76000022888184,0,-0.1004252851893356,-0.10042528518933569,0.010085237905359406,0.10042528518933569,0.170108056390091,0.4428873381157059,0.38847825381183837
2022-05-04,25.420000076293945,25.420000076293945,29.420000076293945,24.940000534057617,29.1200008392334,0,-0.140343304915222,-0.14034330491522207,0.019696243234526994,0.14034330491522207,0.21249410670310706,0.46126337273826323,0.3945345637609828
2022-05-05,31.200000762939453,31.200000762939453,33.20000076293945,25.780000686645508,25.96999931335449,0,0.2048818505059806,0.20488185050598062,0.041976572666754995,0.20488185050598062,0.29050945728343247,0.4891466539055749,0.41295194146859887
2022-05-06,30.190000534057617,30.190000534057617,35.34000015258789,29.82999992370605,32.22999954223633,0,-0.0329073578599921,-0.032907357859992103,0.001082894201325584,0.032907357859992103,0.2718107440992303,0.48773398918589983,0.4151158516161404
2022-05-09,34.75,34.75,35.47999954223633,31.899999618530277,31.899999618530277,0,0.1406688106021691,0.14066881060216918,0.019787714276228944,0.14066881060216918,0.3043495725053611,0.5069881907009768,0.4137407084717328
2022-05-10,32.9900016784668,32.9900016784668,34.84000015258789,32.2400016784668,33.65999984741211,0,-0.0519750358922643,-0.051975035892264376,0.00270140435600217,0.051975035892264376,0.2919671706456718,0.5093180598335258,0.4122805633869273
2022-05-11,32.560001373291016,32.560001373291016,34.38999938964844,30.690000534057617,32.869998931884766,0,-0.0131199528069556,-0.01311995280695566,0.00017213316165674367,0.01311995280695566,0.2563605247731573,0.4895183308536786,0.41354775086790935
2022-05-12,31.770000457763672,31.770000457763672,34.7599983215332,31.700000762939453,33.7400016784668,0,-0.024562120621479,-0.024562120621479,0.0006032977694240839,0.024562120621479,0.15603667442187322,0.49011328030732154,0.40978202124883417
2022-05-13,28.8700008392334,28.8700008392334,31.200000762939453,28.780000686645508,31.09000015258789,0,-0.0957194399458649,-0.09571943994586496,0.009162211183550048,0.09571943994586496,0.18007432006497243,0.48799264958467425,0.4046404456684583
2022-05-16,27.46999931335449,27.46999931335449,30.229999542236328,27.36000061035156,30.01000022888184,0,-0.049708547633251,-0.049708547633251055,0.002470939707807189,0.049708547633251055,0.12292268374242556,0.48892178614839393,0.4058525194727601
2022-05-17,26.100000381469727,26.100000381469727,27.170000076293945,25.51000022888184,27.06999969482422,0,-0.0511591461666398,-0.05115914616663986,0.0026172582364996214,0.05115914616663986,0.12257993334529851,0.4910230481769485,0.4019648444807849
2022-05-18,30.959999084472656,30.959999084472656,31.489999771118164,26.209999084472656,26.739999771118164,0,0.1707606902058827,0.1707606902058827,0.02915921331958944,0.1707606902058827,0.2097925647320956,0.5185673954748532,0.4106883652216843
2022-05-19,29.350000381469727,29.350000381469727,33.11000061035156,29.059999465942383,31.239999771118164,0,-0.0534034598788584,-0.05340345987885842,0.0028519295270328406,0.05340345987885842,0.21508498779431184,0.5188696144298443,0.4155651743111982
2022-05-20,29.43000030517578,29.43000030517578,32.90999984741211,28.059999465942383,28.780000686645508,0,0.0027220133435581,0.0027220133435581495,7.409356642508617e-06,0.0027220133435581495,0.19263112455564324,0.5071093931351358,0.4152899205764018
2022-05-23,28.479999542236328,28.479999542236328,30.38999938964844,28.290000915527344,28.979999542236328,0,-0.0328125021443161,-0.03281250214431619,0.0010766602969707547,0.03281250214431619,0.18897743446437013,0.4589427105283437,0.395454693771224
2022-05-24,29.450000762939453,29.450000762939453,31.06999969482422,29.040000915527344,29.43000030517578,0,0.0334918655332461,0.033491865533246123,0.0011217050568970396,0.033491865533246123,0.18497815426999137,0.4581403501867481,0.38502056369442517
2022-05-25,28.3700008392334,28.3700008392334,30.229999542236328,28.15999984741211,29.32999992370605,0,-0.0373616576013788,-0.037361657601378884,0.0013958934587226725,0.037361657601378884,0.08033428717718204,0.4059805791641342,0.3635488896070084
2022-05-26,27.5,27.5,28.459999084472656,27.11000061035156,28.420000076293945,0,-0.0311462737299539,-0.031146273729953933,0.0009700903672612185,0.031146273729953933,0.0676147804588193,0.40287848332458404,0.3602915062394791
2022-05-27,25.71999931335449,25.71999931335449,27.540000915527344,25.56999969482422,27.5,0,-0.0669171320000558,-0.06691713200005589,0.004477902555112904,0.06691713200005589,0.0950907552549917,0.40503629664739693,0.3540702263109011
2022-05-31,26.190000534057617,26.190000534057617,28.350000381469727,25.940000534057617,27.46999931335449,0,0.0181088062388119,0.018108806238811948,0.00032792886339483453,0.018108806238811948,0.0910687668818943,0.390876927050664,0.3403935829491197
2022-06-01,25.690000534057617,25.690000534057617,27.729999542236328,25.3799991607666,26.049999237060547,0,-0.0192758470009488,-0.019275847000948865,0.00037155827760398935,0.019275847000948865,0.08685259651902041,0.3900207658296722,0.33356034150172165
2022-06-02,24.71999931335449,24.71999931335449,26.5,24.32999992370605,25.729999542236328,0,-0.0384892270977648,-0.038489227097765255,0.0014814206025833472,0.038489227097765255,0.08734357827543152,0.37883027924862067,0.32947737441888575
2022-06-03,24.790000915527344,24.790000915527344,25.959999084472656,24.76000022888184,24.90999984741211,0,0.0028277781658472,0.002827778165847672,7.996329355244823e-06,0.002827778165847672,0.08165051517320916,0.35188653507972734,0.31546764635838626
2022-06-06,25.06999969482422,25.06999969482422,25.809999465942383,24.81999969482422,25.3700008392334,0,0.0112315170188392,0.011231517018839288,0.00012614697454447655,0.011231517018839288,0.04811497737172939,0.2863105095489959,0.27747825182520125
2022-06-07,24.020000457763672,24.020000457763672,26.239999771118164,23.8799991607666,25.540000915527344,0,-0.0427850642878122,-0.04278506428781226,0.0018305617261122277,0.04278506428781226,0.06178740899406144,0.2876132392693221,0.264263666262129
2022-06-08,23.959999084472656,23.959999084472656,24.780000686645508,23.739999771118164,24.3700008392334,0,-0.0025011006728514,-0.002501100672851475,6.255504575738101e-06,0.002501100672851475,0.058756966711796595,0.25087829047436344,0.2577168417815368
2022-06-09,26.09000015258789,26.09000015258789,26.239999771118164,23.81999969482422,24.290000915527344,0,0.0851663699605662,0.08516636996056626,0.007253310572260043,0.08516636996056626,0.09604306902035081,0.2597918837215608,0.2600484287277515
2022-06-10,27.75,27.75,29.6299991607666,26.049999237060547,26.26000022888184,0,0.0616837351952863,0.06168373519528636,0.0038048831876422093,0.06168373519528636,0.1141102886033281,0.2666919062768543,0.26254995348512405
2022-06-13,34.02000045776367,34.02000045776367,35.04999923706055,31.290000915527344,31.3700008392334,0,0.2037127602309945,0.2037127602309945,0.04149888868093065,0.2037127602309945,0.23322499795588167,0.33469413467386755,0.26554499305776086
2022-06-14,32.689998626708984,32.689998626708984,34.0,32.060001373291016,33.0099983215332,0,-0.0398794216968338,-0.039879421696833894,0.001590368274873906,0.039879421696833894,0.23270948889179977,0.32318465445687994,0.2634540308248455
2022-06-15,29.6200008392334,29.6200008392334,32.77000045776367,27.76000022888184,32.38999938964844,0,-0.0986193415536162,-0.09861934155361629,0.009725774528468829,0.09861934155361629,0.25273152799794446,0.334220220359383,0.2752234308492352
2022-06-16,32.95000076293945,32.95000076293945,34.81999969482422,30.350000381469727,30.350000381469727,0,0.1065414469299881,0.10654144692998813,0.011351079913935476,0.10654144692998813,0.26071247493330885,0.34704031087830467,0.28482115469155905
2022-06-17,31.1299991607666,31.1299991607666,33.310001373291016,30.46999931335449,32.84000015258789,0,-0.0568193266084509,-0.056819326608450904,0.003228435876237817,0.056819326608450904,0.2596045979455041,0.30741860700217666,0.26802768642208225
2022-06-21,30.190000534057617,30.190000534057617,30.649999618530277,29.32999992370605,30.6299991607666,0,-0.0306611960858931,-0.030661196085893128,0.000940108945417588,0.030661196085893128,0.1638162615216626,0.30429324565218907,0.25767809122896473
2022-06-22,28.950000762939453,28.950000762939453,31.56999969482422,28.780000686645508,31.450000762939453,0,-0.0419405310359337,-0.04194053103593376,0.0017590081435761228,0.04194053103593376,0.1643301780186341,0.3071579042389714,0.24559730283848752
2022-06-23,29.049999237060547,29.049999237060547,29.770000457763672,28.739999771118164,29.290000915527344,0,0.0034482266622459,0.003448226662245979,1.1890267114224045e-05,0.003448226662245979,0.13149343385234627,0.30541972448848254,0.2427260372005537
2022-06-24,27.229999542236328,27.229999542236328,29.71999931335449,26.82999992370605,29.06999969482422,0,-0.0646991671602812,-0.06469916716028123,0.004185982231234014,0.06469916716028123,0.10062517311080714,0.31039569146648527,0.2470704228968346
2022-06-27,26.950000762939453,26.950000762939453,28.65999984741211,26.93000030517578,28.299999237060547,0,-0.0103359642102156,-0.010335964210215653,0.0001068321561548589,0.010335964210215653,0.0836888388227304,0.3083122183410669,0.24622602319566864
2022-06-28,28.36000061035156,28.36000061035156,28.68000030517578,26.46999931335449,26.899999618530277,0,0.0509963975210436,0.050996397521043235,0.0026006325601242645,0.050996397521043235,0.0930824653638032,0.3109452784192948,0.24918796728621623
2022-06-29,28.15999984741211,28.15999984741211,29.36000061035156,27.850000381469727,28.799999237060547,0,-0.0070771973142536,-0.007077197314253159,5.008672182487212e-05,0.007077197314253159,0.08339918426730787,0.30374191402894124,0.24721115672717073
2022-06-30,28.709999084472656,28.709999084472656,30.21999931335449,28.280000686645508,29.420000076293945,0,0.0193429363729382,0.01934293637293827,0.00037414918752753826,0.01934293637293827,0.08554345595582216,0.3038179893655039,0.24465164102446216
2022-07-01,26.700000762939453,26.700000762939453,29.59000015258789,26.690000534057617,29.530000686645508,0,-0.0725818682634606,-0.07258186826346069,0.005268127600614362,0.07258186826346069,0.09165057679167128,0.3117722565994412,0.2467052521205904
2022-07-05,27.540000915527344,27.540000915527344,29.81999969482422,27.299999237060547,27.3700008392334,0,0.0309759325633427,0.030975932563342745,0.0009595083981687575,0.030975932563342745,0.09618993953766648,0.31093412128728043,0.24706793246512393
2022-07-06,26.729999542236328,26.729999542236328,28.06999969482422,26.43000030517578,27.84000015258789,0,-0.0298530135186947,-0.029853013518694738,0.0008912024161473708,0.029853013518694738,0.08685087405595317,0.3123511387324934,0.24807632624703996
2022-07-07,26.07999992370605,26.07999992370605,26.790000915527344,25.65999984741211,26.729999542236328,0,-0.0246177788922921,-0.024617778892292108,0.0006060350375897828,0.024617778892292108,0.08999457005868716,0.3131183832522943,0.24831424484715728
2022-07-08,24.63999938964844,24.63999938964844,26.61000061035156,24.43000030517578,26.40999984741211,0,-0.0567976202385134,-0.056797620238513424,0.00322596966475839,0.056797620238513424,0.1046462761749256,0.3153387541504799,0.24716713266232146
2022-07-11,26.170000076293945,26.170000076293945,26.739999771118164,25.790000915527344,26.420000076293945,0,0.0602426055628178,0.0602426055628178,0.003629171524997246,0.0602426055628178,0.09649811936852286,0.3210318456003988,0.24678029921924316
2022-07-12,27.290000915527344,27.290000915527344,27.75,25.81999969482422,27.13999938964844,0,0.04190664881096,0.04190664881096007,0.001756167214565141,0.04190664881096007,0.1005412644542432,0.31235284940576963,0.2437170013310105
2022-07-13,26.81999969482422,26.81999969482422,29.059999465942383,26.229999542236328,27.350000381469727,0,-0.0173725017934676,-0.01737250179346761,0.0003018038185640353,0.01737250179346761,0.09756611737931736,0.30669402205264,0.23917297801237153
2022-07-14,26.399999618530277,26.399999618530277,28.450000762939453,26.200000762939453,27.46999931335449,0,-0.0157838707722079,-0.015783870772207997,0.0002491305765537619,0.015783870772207997,0.09571960509445655,0.22980745213862921,0.2345368325831458
2022-07-15,24.229999542236328,24.229999542236328,26.71999931335449,24.1299991607666,26.71999931335449,0,-0.0857724797666592,-0.08577247976665925,0.0073569182853219705,0.08577247976665925,0.11529610322991099,0.24202895502170071,0.23981624112633307
2022-07-18,25.299999237060547,25.299999237060547,25.90999984741211,24.3799991607666,24.82999992370605,0,0.043212849641764,0.043212849641764084,0.0018673503741617103,0.043212849641764084,0.10738421797064389,0.2252101039353903,0.22117679035954765
2022-07-19,24.5,24.5,25.40999984741211,24.229999542236328,25.1200008392334,0,-0.032131248027083,-0.032131248027083004,0.0010324170997779254,0.032131248027083004,0.10395970447427956,0.20099982114527304,0.20718610864412737
2022-07-20,23.8799991607666,23.8799991607666,24.729999542236328,23.399999618530277,24.229999542236328,0,-0.0256318641700579,-0.025631864170057916,0.0006569924608322988,0.025631864170057916,0.10565419441104933,0.19449803259937165,0.20288915297490992
2022-07-21,23.11000061035156,23.11000061035156,24.670000076293945,22.920000076293945,24.06999969482422,0,-0.0327758026836222,-0.032775802683622235,0.0010742532415557386,0.032775802683622235,0.10948941255504928,0.19484257486792866,0.20595543793785942
2022-07-22,23.030000686645508,23.030000686645508,23.809999465942383,22.40999984741211,23.299999237060547,0,-0.0034677070491451,-0.003467707049145119,1.2024992178690749e-05,0.003467707049145119,0.06813984273907962,0.19030671514627895,0.2016291314773691
2022-07-25,23.36000061035156,23.36000061035156,24.56999969482422,23.190000534057617,24.32999992370605,0,0.0142274404402331,0.014227440440233163,0.00020242006148038204,0.014227440440233163,0.05457204280421592,0.19080664460163096,0.20350010275438538
2022-07-26,24.690000534057617,24.690000534057617,25.309999465942383,23.81999969482422,23.950000762939453,0,0.0553731408995217,0.05537314089952172,0.003066184733078285,0.05537314089952172,0.07079460070602513,0.1878493495489867,0.19739688803577046
2022-07-27,23.239999771118164,23.239999771118164,24.40999984741211,23.020000457763672,24.270000457763672,0,-0.0605234028525165,-0.06052340285251656,0.00366308229284801,0.06052340285251656,0.0895430919788972,0.19708786939502526,0.19699534593014456
2022-07-28,22.32999992370605,22.32999992370605,23.540000915527344,22.21999931335449,23.32999992370605,0,-0.0399438596996848,-0.039943859699684836,0.0015955119277081063,0.039943859699684836,0.09240792177780871,0.19452122668298794,0.19413687702028337
2022-07-29,21.32999992370605,21.32999992370605,22.15999984741211,21.209999084472656,22.1299991607666,0,-0.0458165335289879,-0.0458165335289884,0.0020991547446129184,0.0458165335289884,0.10308420713051947,0.19971874136655884,0.19332888467426268
2022-08-01,22.84000015258789,22.84000015258789,23.270000457763672,22.26000022888184,22.40999984741211,0,0.0683988625621183,0.0683988625621188,0.004678404399791617,0.0683988625621188,0.12289157049219884,0.21021853121289402,0.19104573760105692
2022-08-02,23.93000030517578,23.93000030517578,24.68000030517578,22.670000076293945,24.07999992370605,0,0.0466195232045953,0.04661952320459539,0.002173379943823808,0.04661952320459539,0.11920374704171258,0.2027241554638123,0.1877870297720614
2022-08-03,21.950000762939453,21.950000762939453,23.920000076293945,21.68000030517578,23.86000061035156,0,-0.0863657403938944,-0.08636574039389444,0.00745904111378557,0.08636574039389444,0.1341845450479382,0.21816648671171462,0.18957639657511316
2022-08-04,21.440000534057617,21.440000534057617,22.65999984741211,21.440000534057617,22.059999465942383,0,-0.0235088131672362,-0.023508813167236298,0.0005526642965320227,0.023508813167236298,0.13024071751394062,0.217389231114417,0.1890416015391035
2022-08-05,21.149999618530277,21.149999618530277,22.57999992370605,20.76000022888184,21.5,0,-0.0136184736561117,-0.013618473656111352,0.00018546282472219888,0.013618473656111352,0.12267417241887289,0.21641974399682165,0.19394330454035272
2022-08-08,21.290000915527344,21.290000915527344,22.01000022888184,20.82999992370605,21.739999771118164,0,0.0065976344521878,0.0065976344521874175,4.352878036469036e-05,0.0065976344521874175,0.10204938490372409,0.20893794463250595,0.1899316544495236
2022-08-09,21.770000457763672,21.770000457763672,22.229999542236328,21.40999984741211,21.40999984741211,0,0.0222953743656448,0.022295374365644882,0.0004970837181042549,0.022295374365644882,0.09347609712385768,0.2013031964484497,0.19003043758657617
2022-08-10,19.739999771118164,19.739999771118164,22.34000015258789,19.540000915527344,22.280000686645508,0,-0.0978858738632149,-0.0978858738632149,0.009581644301965219,0.0978858738632149,0.10421316577903449,0.2198828187643664,0.20175578245744416
2022-08-11,20.200000762939453,20.200000762939453,20.850000381469727,19.709999084472656,19.84000015258789,0,0.0230356197659271,0.023035619765927162,0.0005306397780003742,0.023035619765927162,0.10410744163198361,0.22040256338618103,0.19508819917616338
2022-08-12,19.530000686645508,19.530000686645508,20.350000381469727,19.1200008392334,20.34000015258789,0,-0.0337308621293512,-0.03373086212935128,0.0011377710599893044,0.03373086212935128,0.10858484073950644,0.22240937577052614,0.19238797389681495
2022-08-15,19.950000762939453,19.950000762939453,21.15999984741211,19.809999465942383,20.739999771118164,0,0.0212774015313641,0.02127740153136415,0.00045272781592689743,0.02127740153136415,0.1104530066317173,0.20630496833871942,0.18663184865269603
2022-08-16,19.690000534057617,19.690000534057617,20.38999938964844,19.5,20.229999542236328,0,-0.0131182618041254,-0.013118261804125453,0.00017208879276157677,0.013118261804125453,0.1089718851293466,0.20215459030118482,0.18496940366596987
2022-08-17,19.899999618530277,19.899999618530277,20.6299991607666,19.40999984741211,19.739999771118164,0,0.0106087927867881,0.010608792786788168,0.00011254648439300867,0.010608792786788168,0.04904868939198376,0.1998664748387157,0.18638231502112013
2022-08-18,19.559999465942383,19.559999465942383,20.61000061035156,19.43000030517578,20.51000022888184,0,-0.0172330752580021,-0.017233075258002106,0.00029697888284796437,0.017233075258002106,0.04660593348404139,0.19896380119627446,0.1867883152996573
2022-08-19,20.600000381469727,20.600000381469727,21.270000457763672,20.07999992370605,20.15999984741211,0,0.0518044570103715,0.05180445701037151,0.00268370176613943,0.05180445701037151,0.06097576356282073,0.2029680829861048,0.1847506631307986
2022-08-22,23.799999237060547,23.799999237060547,24.6200008392334,22.38999938964844,22.40999984741211,0,0.1443944543076663,0.1443944543076663,0.020849758434808727,0.1443944543076663,0.15529029062034383,0.24906580687377455,0.1898937891858524
2022-08-23,24.11000061035156,24.11000061035156,24.209999084472656,23.06999969482422,24.1299991607666,0,0.0129411688872167,0.012941168887216747,0.00016747385216746676,0.012941168887216747,0.15527543083294515,0.2489956424204477,0.18892738688207383
2022-08-24,22.81999969482422,22.81999969482422,24.86000061035156,22.729999542236328,24.3700008392334,0,-0.0549893864476085,-0.054989386447608535,0.003023832621884433,0.054989386447608535,0.1643829235591342,0.24891058200321176,0.1930277053483794
2022-08-25,21.780000686645508,21.780000686645508,23.1299991607666,21.770000457763672,22.40999984741211,0,-0.0466451820295201,-0.04664518202952017,0.0021757730065670717,0.04664518202952017,0.17000158729131698,0.24590479569723048,0.19324680302944508
2022-08-26,25.559999465942383,25.559999465942383,25.899999618530277,21.670000076293945,22.06999969482422,0,0.1600364595838233,0.1600364595838233,0.025611668396124703,0.1600364595838233,0.22765874969250038,0.29066359423793214,0.21819978941752532
2022-08-29,26.209999084472656,26.209999084472656,27.670000076293945,25.46999931335449,26.86000061035156,0,0.0251123737897942,0.02511237378979425,0.0006306313173583453,0.02511237378979425,0.17779026743357512,0.28812636392398855,0.22224821473756096
2022-08-30,26.209999084472656,26.209999084472656,27.690000534057617,25.1299991607666,25.75,0,0.0,0.0,0.0,0.0,0.1773186548052254,0.27988997336143906,0.22820671980030102
2022-08-31,25.8700008392334,25.8700008392334,26.6200008392334,25.309999465942383,25.86000061035156,0,-0.0130569537665081,-0.013056953766508173,0.00017048404166073196,0.013056953766508173,0.16908150922472567,0.27628880050791776,0.2244859234227425
2022-09-01,25.559999465942383,25.559999465942383,27.450000762939453,25.25,26.8799991607666,0,-0.012055420023286,-0.012055420023286079,0.00014533315193784692,0.012055420023286079,0.16296661286006336,0.26271999034001253,0.2223154161262995
2022-09-02,25.46999931335449,25.46999931335449,26.280000686645508,23.190000534057617,25.51000022888184,0,-0.0035273465826866,-0.003527346582686608,1.2442173914390891e-05,0.003527346582686608,0.03096596009930023,0.2616898377882462,0.232299029137774
2022-09-06,26.90999984741211,26.90999984741211,27.799999237060547,25.32999992370605,25.459999084472656,0,0.0549966970361359,0.054996697036135966,0.0030246366848845265,0.054996697036135966,0.05790419719154765,0.26705944106472057,0.23353437298549767
2022-09-07,24.63999938964844,24.63999938964844,27.149999618530277,24.540000915527344,26.93000030517578,0,-0.0881268451739525,-0.08812684517395253,0.0077663408403138,0.08812684517395253,0.10544779226096408,0.2811468604159578,0.23901403677558553
2022-09-08,23.61000061035156,23.61000061035156,25.899999618530277,23.559999465942383,24.700000762939453,0,-0.0427007369457355,-0.04270073694573595,0.0018233529357089392,0.04270073694573595,0.1130137415837545,0.2834957254340085,0.24464723868738272
2022-09-09,22.790000915527344,22.790000915527344,23.56999969482422,22.63999938964844,23.489999771118164,0,-0.0353484935189025,-0.035348493518902124,0.0012495159940558655,0.035348493518902124,0.11779765969185321,0.2683983942415554,0.23231168435209992
2022-09-12,23.8700008392334,23.8700008392334,24.229999542236328,23.15999984741211,23.57999992370605,0,0.0463005920793189,0.046300592079318914,0.0021437448268954895,0.046300592079318914,0.1265211100246072,0.2713868144924151,0.2314392948387965
2022-09-13,27.270000457763672,27.270000457763672,28.149999618530277,23.530000686645508,23.670000076293945,0,0.1331647381346052,0.13316473813460528,0.017732847482457997,0.13316473813460528,0.17525924249360497,0.3004095196607611,0.2524947149377055
2022-09-14,26.15999984741211,26.15999984741211,27.559999465942383,26.15999984741211,26.729999542236328,0,-0.0415556928877158,-0.04155569288771588,0.00172687561137816,0.04155569288771588,0.15708703590843068,0.3025227715367233,0.25132908610759114
2022-09-15,26.270000457763672,26.270000457763672,26.93000030517578,25.420000076293945,26.100000381469727,0,0.0041961003666601,0.004196100366660183,1.760725828708572e-05,0.004196100366660183,0.1512302587879646,0.30226734154351836,0.25228730530517085
2022-09-16,26.299999237060547,26.299999237060547,28.450000762939453,26.13999938964844,27.46999931335449,0,0.001141289051826,0.0011412890518260888,1.3025406998180928e-06,0.0011412890518260888,0.14704549540777742,0.30208326967922733,0.25474505945677683
2022-09-19,25.76000022888184,25.76000022888184,27.950000762939453,25.559999465942383,27.690000534057617,0,-0.0207460000532968,-0.02074600005329641,0.0004303965182113746,0.02074600005329641,0.1410993600659995,0.30230401825886505,0.25792095926472913
2022-09-20,27.15999984741211,27.15999984741211,27.809999465942383,25.61000061035156,25.649999618530277,0,0.0529223869510673,0.05292238695106688,0.002800779040598454,0.05292238695106688,0.07054757947070212,0.30249759789114894,0.2603408219650542
2022-09-21,27.989999771118164,27.989999771118164,30.18000030517578,25.549999237060547,28.030000686645508,0,0.0301019982777059,0.030101998277705988,0.0009061303003110142,0.030101998277705988,0.06446871844629677,0.26750919347831303,0.2730014693313047
2022-09-22,27.350000381469727,27.350000381469727,28.3799991607666,26.709999084472656,28.15999984741211,0,-0.0231307525343953,-0.023130752534395338,0.0005350317128074364,0.023130752534395338,0.06836402645125751,0.2681953140083873,0.2738928586249412
2022-09-23,29.920000076293945,29.920000076293945,32.310001373291016,27.57999992370605,27.68000030517578,0,0.0898106128405129,0.08981061284051295,0.00806594617878851,0.08981061284051295,0.1128640055585346,0.27743619088533056,0.2848857311572214
2022-09-26,32.2599983215332,32.2599983215332,32.880001068115234,29.82999992370605,31.739999771118164,0,0.0753008650115045,0.07530086501150457,0.005670220271480833,0.07530086501150457,0.13408246531141343,0.28366403945138224,0.28853695969625215
2022-09-27,32.599998474121094,32.599998474121094,34.13999938964844,30.299999237060547,31.200000762939453,0,0.0104842208988467,0.010484220898846708,0.00010991888785581407,0.010484220898846708,0.12364160849505212,0.2344430373664495,0.277345992178446
2022-09-28,30.18000030517578,30.18000030517578,34.880001068115234,30.030000686645508,34.5,0,-0.0771327781150015,-0.07713277811500152,0.005949465459738058,0.07713277811500152,0.14258535166934502,0.24552468697054916,0.28727995999796957
2022-09-29,31.84000015258789,31.84000015258789,33.459999084472656,31.15999984741211,31.670000076293945,0,0.0535439023169579,0.053543902316957936,0.0028669494753279334,0.053543902316957936,0.15054069308061288,0.2512952872365777,0.2845430920822722
2022-09-30,31.6200008392334,31.6200008392334,33.25,29.38999938964844,31.61000061035156,0,-0.0069335074459697,-0.0069335074459697665,4.8073525503318193e-05,0.0069335074459697665,0.12101498923648299,0.2510516099752333,0.2924696709665616
2022-10-03,30.100000381469727,30.100000381469727,33.060001373291016,29.6299991607666,33.0,0,-0.049264673894303,-0.049264673894303,0.0024270080939120197,0.049264673894303,0.10677741073062823,0.25555544567301014,0.29554841288278993
2022-10-04,29.06999969482422,29.06999969482422,29.6200008392334,28.559999465942383,29.520000457763672,0,-0.0348184803554212,-0.03481848035542123,0.0012123265742608543,0.03481848035542123,0.11182049511937568,0.25789236168114266,0.28667836680114733
2022-10-05,28.549999237060547,28.549999237060547,30.11000061035156,28.5,29.36000061035156,0,-0.0180497946937259,-0.018049794693725918,0.0003257950884856563,0.018049794693725918,0.08294668623573771,0.25260567811725537,0.28310966318070374
2022-10-06,30.520000457763672,30.520000457763672,30.739999771118164,28.559999465942383,28.600000381469727,0,0.0667253120359698,0.06672531203596987,0.004452267266297546,0.06672531203596987,0.09200799176408282,0.24595844169912562,0.280032258636558
2022-10-07,31.36000061035156,31.36000061035156,32.02000045776367,29.8799991607666,30.3700008392334,0,0.0271509935298825,0.027150993529882594,0.0007371764496597265,0.027150993529882594,0.09567953528637115,0.24374039172244916,0.2773260253621473
2022-10-10,32.45000076293945,32.45000076293945,33.9900016784668,32.04999923706055,32.93000030517578,0,0.0341672517163815,0.034167251716381575,0.0011674010898505797,0.034167251716381575,0.08885362383467824,0.24357188600659083,0.2785155764569285
2022-10-11,33.630001068115234,33.630001068115234,34.43000030517578,32.45000076293945,33.560001373291016,0,0.0357180908516339,0.03571809085163391,0.0012757820140855741,0.03571809085163391,0.08920998771650639,0.24178358265191988,0.2794645243090105
2022-10-12,33.56999969482422,33.56999969482422,34.529998779296875,33.11000061035156,33.540000915527344,0,-0.0017857556117495,-0.00178575561174954,3.1889231048949734e-06,0.00178575561174954,0.08738315480113121,0.20181586231177334,0.2591236377057136
2022-10-13,31.940000534057617,31.940000534057617,33.869998931884766,31.6299991607666,33.599998474121094,0,-0.049773642393696,-0.04977364239369608,0.00247741547713554,0.04977364239369608,0.07523937768108169,0.20366684105764993,0.2604867907308509
2022-10-14,32.02000045776367,32.02000045776367,32.97999954223633,31.13999938964844,31.88999938964844,0,0.0025015623572302,0.0025015623572302026,6.257814227111128e-06,0.0025015623572302026,0.07021428144191065,0.2036389763830639,0.2604631611209269
2022-10-17,31.3700008392334,31.3700008392334,32.59000015258789,30.700000762939453,32.27000045776367,0,-0.0205086729094232,-0.020508672909423264,0.0004206056645057117,0.020508672909423264,0.06467804799975778,0.20466591271178491,0.25795736210068476
2022-10-18,30.5,30.5,31.93000030517578,30.420000076293945,31.100000381469727,0,-0.028125365341959,-0.028125365341959085,0.0007910361756186733,0.028125365341959085,0.06081532746431667,0.20554506922705604,0.2539814899225648
2022-10-19,30.76000022888184,30.76000022888184,31.899999618530277,30.76000022888184,30.940000534057617,0,0.0084884684649688,0.008488468464969312,7.205409688077846e-05,0.008488468464969312,0.061378898885268,0.19879650535116955,0.2500691714409067
2022-10-20,29.979999542236328,29.979999542236328,31.31999969482422,29.76000022888184,31.299999237060547,0,-0.0256846746728514,-0.025684674672851848,0.0006597025130502372,0.025684674672851848,0.04415491211952132,0.19817573704310223,0.23124083343595397
2022-10-21,29.690000534057617,29.690000534057617,30.440000534057617,29.239999771118164,30.209999084472656,0,-0.0097201706420206,-0.009720170642020687,9.448171731000085e-05,0.009720170642020687,0.04514288612135405,0.19706108889651291,0.229628396049162
2022-10-24,29.850000381469727,29.850000381469727,30.950000762939453,29.780000686645508,30.649999618530277,0,0.0053745458547038,0.005374545854703872,2.888574314431457e-05,0.005374545854703872,0.04057290038935032,0.17548792642639316,0.21030532176608804
2022-10-25,28.459999084472656,28.459999084472656,30.0,28.21999931335449,29.799999237060547,0,-0.0476852921253767,-0.047685292125376755,0.0022738870850825183,0.047685292125376755,0.0559375647974417,0.16552848436156498,0.20532806966957984
2022-10-26,27.280000686645508,27.280000686645508,28.520000457763672,27.270000457763672,28.440000534057617,0,-0.0423457023472391,-0.04234570234723911,0.001793158507280972,0.04234570234723911,0.06964277109555723,0.1705371477258313,0.19429080621626957
2022-10-27,27.38999938964844,27.38999938964844,27.670000076293945,26.940000534057617,27.51000022888184,0,0.0040241028456984,0.004024102845698874,1.6193403712761774e-05,0.004024102845698874,0.06485835687504507,0.1521500795216247,0.17298036315812018
2022-10-28,25.75,25.75,27.59000015258789,25.75,27.43000030517578,0,-0.0617433338815041,-0.06174333388150455,0.0038122392788029476,0.06174333388150455,0.08901889697150629,0.15522543767666347,0.17265891323115695
2022-10-31,25.8799991607666,25.8799991607666,27.06999969482422,25.84000015258789,26.90999984741211,0,0.0050358100950793,0.005035810095079363,2.535938331370322e-05,0.005035810095079363,0.08899908796270353,0.15515225541293984,0.15842613175455117
2022-11-01,25.809999465942383,25.809999465942383,26.350000381469727,25.65999984741211,25.959999084472656,0,-0.0027084441661897,-0.0027084441661897607,7.335669801367348e-06,0.0027084441661897607,0.07519498815022109,0.1471480544744356,0.1450010855298706
2022-11-02,25.86000061035156,25.86000061035156,26.6200008392334,25.38999938964844,26.040000915527344,0,0.001935403907225,0.0019354039072250195,3.745788284101872e-06,0.0019354039072250195,0.062168106967439664,0.1429824085320803,0.14612837154296912
2022-11-03,25.299999237060547,25.299999237060547,26.8700008392334,25.100000381469727,25.979999542236328,0,-0.0218930313680951,-0.021893031368095173,0.00047930482248439917,0.021893031368095173,0.06578742237454405,0.1435182179503127,0.14811844249760747
2022-11-04,24.549999237060547,24.549999237060547,25.709999084472656,24.0,25.6299991607666,0,-0.0300925424141986,-0.030092542414198675,0.0009055611089503463,0.030092542414198675,0.03770022245072377,0.130578607460358,0.14729593805440575
2022-11-07,24.350000381469727,24.350000381469727,25.670000076293945,24.34000015258789,25.670000076293945,0,-0.0081799579688595,-0.008179957968859508,6.691171237230817e-05,0.008179957968859508,0.038247341108796844,0.1279863586051218,0.1448835767015295
2022-11-08,25.540000915527344,25.540000915527344,26.15999984741211,24.239999771118164,24.709999084472656,0,0.047714021256489,0.04771402125648905,0.0022766278244646886,0.04771402125648905,0.06109133536399399,0.13224876076399714,0.1477879626072016
2022-11-09,26.09000015258789,26.09000015258789,26.350000381469727,25.020000457763672,25.34000015258789,0,0.0213062185459618,0.02130621854596182,0.0004539549487282874,0.02130621854596182,0.06467117145220247,0.12910425112387144,0.14677726631003268
2022-11-10,23.530000686645508,23.530000686645508,26.59000015258789,22.84000015258789,26.51000022888184,0,-0.1032758730761815,-0.10327587307618158,0.010665905959647568,0.10327587307618158,0.11987060337782295,0.16531976498531062,0.17100568810459393
2022-11-11,22.520000457763672,22.520000457763672,23.90999984741211,22.3700008392334,23.88999938964844,0,-0.0438724083225028,-0.04387240832250283,0.0019247882120164157,0.04387240832250283,0.12404913807531838,0.1636398405941512,0.1707424410804411
2022-11-14,23.729999542236328,23.729999542236328,24.32999992370605,22.86000061035156,23.989999771118164,0,0.0523362275586949,0.05233622755869494,0.0027390807150754993,0.05233622755869494,0.13438883011594602,0.17178713668528153,0.1713626399947873
2022-11-15,24.540000915527344,24.540000915527344,26.21999931335449,23.18000030517578,23.770000457763672,0,0.0335644254331497,0.03356442543314975,0.0011265706546574696,0.03356442543314975,0.13003961123490557,0.17382975959449337,0.1831805846172936
2022-11-16,24.11000061035156,24.11000061035156,24.71999931335449,23.989999771118164,24.290000915527344,0,-0.0176777590819514,-0.01767775908195146,0.00031250316615951735,0.01767775908195146,0.12949458949144016,0.17244782489559038,0.18174902104026827
2022-11-17,23.93000030517578,23.93000030517578,25.18000030517578,23.809999465942383,24.049999237060547,0,-0.0074938028352304,-0.00749380283523049,5.615708093330853e-05,0.00749380283523049,0.07847993265059768,0.1724017264857656,0.18353173247163518
2022-11-18,23.1200008392334,23.1200008392334,24.1200008392334,22.979999542236328,24.030000686645508,0,-0.0344348345699372,-0.034434834569937234,0.0011857578318589443,0.034434834569937234,0.07362112094151295,0.17392070208598354,0.1832700434483209
2022-11-21,22.36000061035156,22.36000061035156,24.1200008392334,22.299999237060547,24.049999237060547,0,-0.0334244045197187,-0.03342440451971873,0.001117190817497794,0.03342440451971873,0.06162937247049633,0.1768364207799661,0.18768182841426814
2022-11-22,21.290000915527344,21.290000915527344,22.709999084472656,21.280000686645508,22.59000015258789,0,-0.0490361536753987,-0.04903615367539871,0.002404544367277318,0.04903615367539871,0.07124712810862638,0.18343058179704452,0.19030100244818643
2022-11-23,20.350000381469727,20.350000381469727,21.780000686645508,20.31999969482422,21.489999771118164,0,-0.0451565912740359,-0.04515659127403593,0.002039117735490338,0.04515659127403593,0.08247889325795928,0.18278952100383122,0.1913152656382886
2022-11-25,20.5,20.5,21.11000061035156,20.459999084472656,20.61000061035156,0,0.0073439555103176,0.007343955510317635,5.393368253752475e-05,0.007343955510317635,0.08246541356630703,0.17796849205425833,0.19034137154208253
2022-11-28,22.209999084472656,22.209999084472656,22.5,21.649999618530277,22.09000015258789,0,0.0801177105405708,0.08011771054057082,0.006418847542262692,0.08011771054057082,0.10969792224589217,0.19512928612234642,0.19106777432411493
2022-11-29,21.88999938964844,21.88999938964844,22.56999969482422,21.82999992370605,22.09000015258789,0,-0.0145127130328286,-0.014512713032828195,0.00021061883957322134,0.014512713032828195,0.10548489070545237,0.1856712628905906,0.18758895229605785
2022-11-30,20.57999992370605,20.57999992370605,22.6299991607666,20.309999465942383,21.700000762939453,0,-0.0617101569533899,-0.06171015695339044,0.0038081434712120823,0.06171015695339044,0.11194043626445269,0.19559294964615978,0.19654332873009392
2022-12-01,19.84000015258789,19.84000015258789,21.059999465942383,19.799999237060547,20.82999992370605,0,-0.0366196171510662,-0.03661961715106621,0.0013409963602906624,0.03661961715106621,0.1087774788082364,0.1989730198840398,0.19936922620181233
2022-12-02,19.059999465942383,19.059999465942383,20.959999084472656,18.950000762939453,20.420000076293945,0,-0.0401082393414049,-0.04010823934140495,0.0016086708630674237,0.04010823934140495,0.11570340131736068,0.20296597674624633,0.20641327247068206
2022-12-05,20.75,20.75,21.290000915527344,19.780000686645508,20.299999237060547,0,0.0849543764704638,0.08495437647046389,0.007217246081485308,0.08495437647046389,0.11910363393124844,0.21893635827691735,0.20708365712475715
2022-12-06,22.170000076293945,22.170000076293945,22.600000381469727,20.3799991607666,20.690000534057617,0,0.0661937803928274,0.06619378039282742,0.004381616562693863,0.06619378039282742,0.13548680134518445,0.2267359354608401,0.21220503578937347
2022-12-07,22.68000030517578,22.68000030517578,23.01000022888184,22.18000030517578,22.31999969482422,0,0.0227434652457385,0.02274346524573856,0.0005172652113841177,0.02274346524573856,0.122742800517674,0.2277268932917543,0.21094289054099913
2022-12-08,22.290000915527344,22.290000915527344,23.280000686645508,22.059999465942383,22.809999465942383,0,-0.0173453038440403,-0.017345303844040316,0.00030085956544207977,0.017345303844040316,0.11842997206819281,0.22334674761296935,0.20843759037457574
2022-12-09,22.82999992370605,22.82999992370605,23.209999084472656,22.18000030517578,22.549999237060547,0,0.0239372687286425,0.023937268728642103,0.0005729928341872271,0.023937268728642103,0.11397359455239066,0.22361307554512636,0.20789871457352238
2022-12-12,25.0,25.0,25.049999237060547,24.18000030517578,24.399999618530277,0,0.0908003676683248,0.09080036766832533,0.00824470676870306,0.09080036766832533,0.11839527415573008,0.21813208925741728,0.18798172755615844
2022-12-13,22.549999237060547,22.549999237060547,25.84000015258789,21.459999084472656,25.239999771118164,0,-0.103140792752749,-0.10314079275274901,0.010638023129665523,0.10314079275274901,0.14238626165955107,0.23726534361649823,0.21489663716433494
2022-12-14,21.13999938964844,21.13999938964844,23.46999931335449,21.06999969482422,22.82999992370605,0,-0.0645680805452411,-0.0645680805452411,0.004169037025296743,0.0645680805452411,0.15467908495751703,0.24025985846927533,0.22130682928153134
2022-12-15,22.82999992370605,22.82999992370605,23.670000076293945,21.25,21.520000457763672,0,0.0769085056296652,0.07690850562966478,0.005914918238188179,0.07690850562966478,0.17187110867170452,0.2500262929677735,0.21839130549066296
2022-12-16,22.6200008392334,22.6200008392334,23.82999992370605,22.09000015258789,23.26000022888184,0,-0.0092409494105138,-0.009240949410513455,8.539514600766897e-05,0.009240949410513455,0.17044670811682258,0.2495717114479425,0.2223602815227345
2022-12-19,22.420000076293945,22.420000076293945,22.86000061035156,21.61000061035156,22.6299991607666,0,-0.0088810867424062,-0.008881086742406286,7.88737017261447e-05,0.008881086742406286,0.1445207502086963,0.24961721850835514,0.22238648890999413
2022-12-20,21.479999542236328,21.479999542236328,23.38999938964844,21.350000381469727,23.170000076293945,0,-0.0428311727174497,-0.04283117271744974,0.0018345093563520108,0.04283117271744974,0.10992148774271063,0.2509133461981267,0.22718686478842925
2022-12-21,20.06999969482422,20.06999969482422,21.290000915527344,19.940000534057617,21.25,0,-0.0678961007268288,-0.06789610072682883,0.004609880493907687,0.06789610072682883,0.11190878846713438,0.2577793571579208,0.22570270471854545
2022-12-22,21.96999931335449,21.96999931335449,24.299999237060547,20.01000022888184,20.07999992370605,0,0.0904517075400628,0.09045170754006282,0.008181511396913057,0.09045170754006282,0.12161484323431374,0.2687511190793196,0.251047021469393
2022-12-23,20.8700008392334,20.8700008392334,22.63999938964844,20.780000686645508,22.170000076293945,0,-0.0513650938412015,-0.05136509384120158,0.0026383728653154447,0.05136509384120158,0.13169338561300062,0.26986370474039617,0.2528612130562237
2022-12-27,21.649999618530277,21.649999618530277,22.799999237060547,21.59000015258789,21.670000076293945,0,0.0366926755271115,0.03669267552711197,0.0013463524373379218,0.03669267552711197,0.13642077022882645,0.2722477509383909,0.2542803289808544
2022-12-28,22.13999938964844,22.13999938964844,22.26000022888184,20.959999084472656,21.46999931335449,0,0.0223804628840196,0.022380462884019625,0.0005008851189029801,0.022380462884019625,0.13144201121550608,0.2611529733080832,0.2557921754131253
2022-12-29,21.440000534057617,21.440000534057617,22.309999465942383,21.36000061035156,22.25,0,-0.0321275386006645,-0.03212753860066497,0.0010321787365372178,0.03212753860066497,0.11704401118812854,0.2627212122471583,0.2563430674901848
2022-12-30,21.670000076293945,21.670000076293945,22.399999618530277,21.59000015258789,21.82999992370605,0,0.01067045795698,0.010670457956980073,0.00011385867301167935,0.010670457956980073,0.0750443057873506,0.25559372168818234,0.24896065848537946
2023-01-03,22.899999618530277,22.899999618530277,23.76000022888184,22.729999542236328,23.09000015258789,0,0.0552080748331422,0.05520807483314227,0.003047931526781837,0.05520807483314227,0.07772519856887967,0.2589113472463252,0.247622777833443
2023-01-04,22.01000022888184,22.01000022888184,23.270000457763672,21.940000534057617,22.93000030517578,0,-0.0396399879647635,-0.039639987964763534,0.0015713286458465979,0.039639987964763534,0.07915922372712135,0.25883922329447356,0.24269483205665854
2023-01-05,22.459999084472656,22.459999084472656,22.920000076293945,21.96999931335449,22.200000762939453,0,0.0202390026103618,0.020239002610361823,0.0004096172266622327,0.020239002610361823,0.07858062616726659,0.24533673728339847,0.23998989619236694
2023-01-06,21.1299991607666,21.1299991607666,22.899999618530277,21.0,22.690000534057617,0,-0.0610421166373851,-0.061042116637385124,0.0037261400035721298,0.061042116637385124,0.09417471038381066,0.24399720920892012,0.2375817455999583
2023-01-09,21.96999931335449,21.96999931335449,21.979999542236328,21.270000457763672,21.75,0,0.0389840632323994,0.038984063232399446,0.0015197571861077183,0.038984063232399446,0.10136456278685689,0.24604294356161718,0.23737555896055543
2023-01-10,20.57999992370605,20.57999992370605,22.459999084472656,20.57999992370605,22.21999931335449,0,-0.065358128444025,-0.065358128444025,0.0042716849537056695,0.065358128444025,0.10723118956672302,0.2539841638069758,0.240952724332621
2023-01-11,21.09000015258789,21.09000015258789,21.25,20.6200008392334,20.799999237060547,0,0.0244792750270508,0.02447927502705083,0.0005992349058499943,0.02447927502705083,0.10259841263829515,0.25403581939638253,0.2400869396434576
2023-01-12,18.82999992370605,18.82999992370605,21.799999237060547,18.82999992370605,21.559999465942383,0,-0.1133476631084278,-0.11334766310842781,0.012847692732141647,0.11334766310842781,0.15154045592308774,0.2629395053996833,0.2548089101032139
2023-01-13,18.350000381469727,18.350000381469727,19.40999984741211,18.010000228881836,19.0,0,-0.0258217433282177,-0.02582174332821774,0.0006667624285083573,0.02582174332821774,0.1410855492469499,0.2432404629141149,0.23346691194513422
2023-01-17,19.36000061035156,19.36000061035156,20.21999931335449,19.209999084472656,19.88999938964844,0,0.0535795180857343,0.05357951808573391,0.0028707647582994875,0.05357951808573391,0.14579485511671972,0.24055695901735136,0.2263996803644229
2023-01-18,20.34000015258789,20.34000015258789,20.57999992370605,18.709999084472656,19.280000686645508,0,0.0493802847474227,0.049380284747423175,0.002438412521736594,0.049380284747423175,0.13936594758597315,0.23321909187548107,0.22435353759741541
2023-01-19,20.520000457763672,20.520000457763672,21.709999084472656,20.170000076293945,20.43000030517578,0,0.0088106444884625,0.008810644488462582,7.762745630207607e-05,0.008810644488462582,0.137481852973359,0.2332024380779894,0.22408394091920764
2023-01-20,19.850000381469727,19.850000381469727,20.700000762939453,19.40999984741211,20.280000686645508,0,-0.033196016259922,-0.03319601625992208,0.001101975495529011,0.03319601625992208,0.08459044071510483,0.23538580866169767,0.22486981773450643
2023-01-23,19.809999465942383,19.809999465942383,20.32999992370605,19.549999237060547,20.209999084472656,0,-0.0020171925993497,-0.0020171925993497375,4.069065982871351e-06,0.0020171925993497375,0.08057821850754818,0.23146498359136788,0.21935096959510986
2023-01-24,19.200000762939453,19.200000762939453,20.46999931335449,18.90999984741211,19.88999938964844,0,-0.031276514981303,-0.031276514981303016,0.000978220389375672,0.031276514981303016,0.06782554775986968,0.22348238974116102,0.2209827051449171
2023-01-25,19.07999992370605,19.07999992370605,20.899999618530277,18.989999771118164,19.559999465942383,0,-0.006269656748659,-0.0062696567486590915,3.930859574600649e-05,0.0062696567486590915,0.046916958585737155,0.20445580383851458,0.19630974116834615
2023-01-26,18.729999542236328,18.729999542236328,19.479999542236328,18.670000076293945,19.049999237060547,0,-0.0185141700056412,-0.01851417000564126,0.00034277449099778655,0.01851417000564126,0.04966234023514685,0.1987626155717807,0.19114765130401742
2023-01-27,18.51000022888184,18.51000022888184,19.0,17.969999313354492,18.899999618530277,0,-0.0118153530651512,-0.011815353065151246,0.00013960256805417895,0.011815353065151246,0.03878111795908744,0.19570341713841316,0.19127297231114718
2023-01-30,19.940000534057617,19.940000534057617,20.25,19.540000915527344,19.76000022888184,0,0.0744166523662088,0.07441665236620887,0.00553783814939318,0.07441665236620887,0.08389126410757537,0.20817487963282685,0.18904698275186071
2023-01-31,19.399999618530277,19.399999618530277,20.700000762939453,19.1299991607666,20.1200008392334,0,-0.0274547449110276,-0.027454744911027618,0.0007537630181295968,0.027454744911027618,0.08254263639066109,0.20750509582112514,0.19313133317342593
2023-02-01,17.8700008392334,17.8700008392334,20.040000915527344,17.700000762939453,19.6200008392334,0,-0.0821496702713022,-0.08214967027130227,0.006748568325683683,0.08214967027130227,0.11628648482200571,0.22291943487369226,0.20584218121994496
2023-02-02,18.729999542236328,18.729999542236328,19.25,17.059999465942383,17.739999771118164,0,0.0470031158812722,0.04700311588127226,0.0022092929025483085,0.04700311588127226,0.12405267011962735,0.22103039569292907,0.2166185082667496
2023-02-03,18.32999992370605,18.32999992370605,19.299999237060547,17.93000030517578,18.56999969482422,0,-0.0215874343264954,-0.021587434326495458,0.00046601732080075444,0.021587434326495458,0.12536139643668487,0.21851573054388318,0.21824214634605124
2023-02-06,19.43000030517578,19.43000030517578,19.809999465942383,19.209999084472656,19.229999542236328,0,0.0582792214064018,0.05827922140640185,0.0033964676477364073,0.05827922140640185,0.11650797918983441,0.22524647592404443,0.21754189722828032
2023-02-07,18.65999984741211,18.65999984741211,19.989999771118164,18.43000030517578,19.540000915527344,0,-0.0404360918538451,-0.04043609185384511,0.001635077524412599,0.04043609185384511,0.12023071039123862,0.22055591680352082,0.21679443592014808
2023-02-08,19.6299991607666,19.6299991607666,20.1200008392334,18.549999237060547,18.8799991607666,0,0.0506767782938499,0.05067677829384998,0.002568135858244024,0.05067677829384998,0.10136563152144928,0.22291992084418544,0.22134060008146977
2023-02-09,20.709999084472656,20.709999084472656,21.07999992370605,19.020000457763672,19.239999771118164,0,0.0535576656646981,0.053557665664698106,0.0028684235514515825,0.053557665664698106,0.10456635167512303,0.21974992538547952,0.22371763035774958
2023-02-10,20.530000686645508,20.530000686645508,21.940000534057617,20.440000534057617,20.739999771118164,0,-0.0087293667236747,-0.008729366723674747,7.62018433964e-05,0.008729366723674747,0.10268547329219041,0.21855662114077035,0.22700602559410615
2023-02-13,20.34000015258789,20.34000015258789,21.690000534057617,20.32999992370605,21.65999984741211,0,-0.009297866354522,-0.00929786635452201,8.645031874655243e-05,0.00929786635452201,0.08505462419087688,0.18709824753608764,0.21285572901391075
2023-02-14,18.90999984741211,18.90999984741211,20.75,18.479999542236328,20.71999931335449,0,-0.0728985235210748,-0.07289852352107484,0.0053141947315527025,0.07289852352107484,0.10446724990824349,0.1991310787750608,0.21937993924567933
2023-02-15,18.229999542236328,18.229999542236328,19.40999984741211,18.11000061035156,19.3700008392334,0,-0.0366223110210901,-0.03662231102109015,0.001341193664525461,0.03662231102109015,0.09841983595633981,0.19525269637151096,0.22116483732540215
2023-02-16,20.170000076293945,20.170000076293945,20.270000457763672,18.229999542236328,18.26000022888184,0,0.1011277921685538,0.10112779216855383,0.010226830348886218,0.10112779216855383,0.13055600678294152,0.21427093425729743,0.22293271791737193
2023-02-17,20.020000457763672,20.020000457763672,21.299999237060547,19.81999969482422,20.940000534057617,0,-0.0074645589962734,-0.007464558996273407,5.5719641008846256e-05,0.007464558996273407,0.13047754099736827,0.21421980639567817,0.22274878981750904
2023-02-21,22.8700008392334,22.8700008392334,23.34000015258789,21.799999237060547,21.799999237060547,0,0.1330942479781165,0.13309424797811653,0.017714078844860377,0.13309424797811653,0.18615052304743532,0.2500044575633267,0.2231685157248993
2023-02-22,22.290000915527344,22.290000915527344,23.6299991607666,22.020000457763672,23.030000686645508,0,-0.0256878562592759,-0.025687856259275943,0.0006598659591972222,0.025687856259275943,0.17319840778274567,0.25131260552297724,0.2259383661711283
2023-02-23,21.13999938964844,21.13999938964844,22.43000030517578,20.88999938964844,21.959999084472656,0,-0.0529712369010226,-0.05297123690102268,0.0028059519388242667,0.05297123690102268,0.17737656759780043,0.25492304180712294,0.22495901094913923
2023-02-24,21.670000076293945,21.670000076293945,22.899999618530277,21.31999969482422,21.350000381469727,0,0.0247618674987744,0.024761867498774404,0.0006131500820268602,0.024761867498774404,0.1478132824407797,0.25604608712198085,0.2216693420854363
2023-02-27,20.950000762939453,20.950000762939453,22.020000457763672,20.68000030517578,21.989999771118164,0,-0.0337901362836809,-0.033790136283680994,0.0011417733100697349,0.033790136283680994,0.1514424647679065,0.25760162567334266,0.2234020118518459
2023-02-28,20.700000762939453,20.700000762939453,21.3700008392334,20.100000381469727,21.299999237060547,0,-0.0120049456570026,-0.012004945657002608,0.0001441187202275858,0.012004945657002608,0.07324520469181453,0.2576103912922038,0.22392398357186288
2023-03-01,20.57999992370605,20.57999992370605,21.31999969482422,20.21999931335449,20.38999938964844,0,-0.0058140104295865,-0.005814010429586514,3.380271727534076e-05,0.005814010429586514,0.06883891899517254,0.2466963280424022,0.22515465923983913
2023-03-02,19.59000015258789,19.59000015258789,21.420000076293945,19.549999237060547,21.40999984741211,0,-0.0493004869531952,-0.04930048695319522,0.0024305380138221725,0.04930048695319522,0.06605590695329096,0.25007169624988973,0.22684898783079457
2023-03-03,18.489999771118164,18.489999771118164,19.76000022888184,18.15999984741211,19.76000022888184,0,-0.0577892067251681,-0.057789206725168185,0.0033395924139242236,0.057789206725168185,0.08420109960872955,0.2431601886689876,0.22016235241324528
2023-03-06,18.61000061035156,18.61000061035156,19.190000534057617,18.489999771118164,19.049999237060547,0,0.0064690704307746,0.006469070430774604,4.184887223832232e-05,0.006469070430774604,0.07739444900952383,0.23866175504933262,0.2090658266779822
2023-03-07,19.59000015258789,19.59000015258789,19.739999771118164,18.51000022888184,18.63999938964844,0,0.0513201362943935,0.05132013629439358,0.0026337563892751335,0.05132013629439358,0.09208440913930724,0.24316079534271562,0.20795685025304594
2023-03-08,19.11000061035156,19.11000061035156,20.01000022888184,19.0,19.709999084472656,0,-0.0248074495544812,-0.024807449554481664,0.0006154095533981525,0.024807449554481664,0.09519004802319486,0.23737336475974674,0.2094573953667486
2023-03-09,22.61000061035156,22.61000061035156,23.13999938964844,18.8799991607666,19.32999992370605,0,0.1681805230936013,0.16818052309360176,0.028284688348037518,0.16818052309360176,0.18685635011118432,0.2880897865613925,0.2375323796942752
2023-03-10,24.799999237060547,24.799999237060547,28.96999931335449,21.790000915527344,23.34000015258789,0,0.0924513091226089,0.0924513091226089,0.008547244558484188,0.0924513091226089,0.2003071334761532,0.2982864962099841,0.28861311591824584
2023-03-13,26.520000457763672,26.520000457763672,30.809999465942383,23.850000381469727,24.049999237060547,0,0.0670555601714868,0.06705556017148684,0.004496448149911892,0.06705556017148684,0.21113395510695818,0.3010030870600652,0.32113981046117657
2023-03-14,23.729999542236328,23.729999542236328,27.239999771118164,22.270000457763672,26.850000381469727,0,-0.1111591314215676,-0.11115913142156764,0.012356352498397345,0.11115913142156764,0.23302391102251555,0.32075381381160556,0.3405264464619113
2023-03-15,26.13999938964844,26.13999938964844,29.90999984741211,23.190000534057617,23.209999084472656,0,0.0967266336895749,0.09672663368957535,0.009356041664917292,0.09672663368957535,0.25107922100354774,0.3348919234930291,0.37121647688526604
2023-03-16,22.989999771118164,22.989999771118164,27.489999771118164,22.96999931335449,26.190000534057617,0,-0.128407356027365,-0.12840735602736553,0.016488449081938607,0.12840735602736553,0.22637256007221693,0.3511792345387847,0.3802612966863295
2023-03-17,25.51000022888184,25.51000022888184,26.13999938964844,22.57999992370605,22.920000076293945,0,0.1040112123065819,0.10401121230658239,0.010818332285484957,0.10401121230658239,0.23133444118991497,0.3644228222713367,0.3880668095259297
2023-03-20,24.149999618530277,24.149999618530277,28.90999984741211,24.0,27.770000457763672,0,-0.0547861768232258,-0.05478617682322584,0.0030015251709057684,0.05478617682322584,0.2280804697944217,0.3543708343165755,0.3987900696990083
2023-03-21,21.3799991607666,21.3799991607666,24.15999984741211,21.290000915527344,24.15999984741211,0,-0.1218284979590342,-0.12182849795903472,0.014842182914954528,0.12182849795903472,0.2334663382978396,0.3746533751191513,0.40364712299011907
2023-03-22,22.26000022888184,22.26000022888184,22.3799991607666,19.940000534057617,21.799999237060547,0,0.0403354897859022,0.04033548978590229,0.001626951736268628,0.04033548978590229,0.21628093117413894,0.35253088429183016,0.4075009211128302
2023-03-23,22.61000061035156,22.61000061035156,24.90999984741211,20.15999984741211,21.540000915527344,0,0.0156009571550379,0.015600957155037953,0.00024338986415332992,0.015600957155037953,0.1747351766868004,0.3519396941018956,0.4247414145134324
2023-03-24,21.739999771118164,21.739999771118164,25.209999084472656,21.600000381469727,22.11000061035156,0,-0.0392384421197196,-0.03923844211971961,0.0015396553399825857,0.03923844211971961,0.14578650495249887,0.3501360473954291,0.4326605628237003
2023-03-27,20.600000381469727,20.600000381469727,22.93000030517578,20.56999969482422,22.049999237060547,0,-0.053862776851437,-0.05386277685143703,0.002901198730147701,0.05386277685143703,0.1454420110748848,0.3533883138048215,0.435438286607784
2023-03-28,19.96999931335449,19.96999931335449,21.399999618530277,19.90999984741211,20.530000686645508,0,-0.0310599812696108,-0.031059981269611292,0.0009647224364686043,0.031059981269611292,0.08529899241503963,0.3531377202455352,0.43596248953736144
2023-03-29,19.1200008392334,19.1200008392334,19.450000762939453,19.09000015258789,19.38999938964844,0,-0.0434961615276576,-0.04349616152765723,0.001891916067640049,0.04349616152765723,0.08683825446421875,0.35560377783092567,0.43455181757625183
2023-03-30,19.020000457763672,19.020000457763672,20.07999992370605,18.850000381469727,19.1200008392334,0,-0.0052438703314798,-0.005243870331479883,2.7498176053374936e-05,0.005243870331479883,0.08558615980573292,0.3555949131615979,0.4350451717008874
2023-03-31,18.700000762939453,18.700000762939453,19.43000030517578,18.520000457763672,19.209999084472656,0,-0.0169675165252933,-0.01696751652529338,0.00028789661703610396,0.01696751652529338,0.07793094396544913,0.35256928520450886,0.43253254870228525
2023-04-03,18.549999237060547,18.549999237060547,19.82999992370605,18.540000915527344,19.790000915527344,0,-0.0080538167348094,-0.008053816734809427,6.486396399789638e-05,0.008053816734809427,0.05689373657263308,0.34789419716300524,0.43144498525560443
2023-04-04,19.0,19.0,20.030000686645508,18.57999992370605,18.790000915527344,0,0.0239692312418084,0.023969231241808497,0.0005745240463232885,0.023969231241808497,0.05335446439662619,0.34865892731117176,0.43322444383127834
2023-04-05,19.07999992370605,19.07999992370605,20.07999992370605,19.0,19.420000076293945,0,0.0042016828550655,0.004201682855065503,1.7654138814551394e-05,0.004201682855065503,0.03118392121310843,0.34488685875706593,0.4327735421943131
2023-04-06,18.399999618530277,18.399999618530277,19.8799991607666,18.350000381469727,19.299999237060547,0,-0.0362900181386161,-0.0362900181386161,0.0013169654165010854,0.0362900181386161,0.04755948047101718,0.3459024446378188,0.4343254701026072
2023-04-10,18.96999931335449,18.96999931335449,20.049999237060547,18.93000030517578,19.38999938964844,0,0.0305081038676431,0.03050810386764269,0.0009307444015988748,0.03050810386764269,0.05389575092004782,0.3038001929887153,0.4182103899519496
2023-04-11,19.100000381469727,19.100000381469727,19.280000686645508,18.559999465942383,19.07999992370605,0,0.0068296072742879,0.006829607274288385,4.664353552101282e-05,0.006829607274288385,0.05372645101585393,0.2894718574179837,0.3823163394745391
2023-04-12,19.09000015258789,19.09000015258789,19.979999542236328,18.25,19.3799991607666,0,-0.000523709294085,-0.0005237092940850729,2.7427142471108544e-07,0.0005237092940850729,0.048086190989309746,0.2815986192411644,0.3542271319468517
2023-04-13,17.799999237060547,17.799999237060547,19.059999465942383,17.770000457763672,18.82999992370605,0,-0.0699662312944644,-0.06996623129446444,0.004895273521550496,0.06996623129446444,0.08479328479659412,0.2680236992910952,0.3355769665341503
2023-04-14,17.06999969482422,17.06999969482422,18.1200008392334,17.06999969482422,17.940000534057617,0,-0.0418758955078235,-0.04187589550782356,0.0017535906245821572,0.04187589550782356,0.08732998542698488,0.2534447717774985,0.3009009391163366
2023-04-17,16.950000762939453,16.950000762939453,17.790000915527344,16.899999618530273,17.579999923706055,0,-0.0070546400908124,-0.0070546400908124696,4.976794681089857e-05,0.0070546400908124696,0.08213129671379489,0.21862198244051442,0.28258297950876066
2023-04-18,16.829999923706055,16.829999923706055,17.34000015258789,16.579999923706055,16.940000534057617,0,-0.0071048751681317,-0.007104875168131741,5.047925115473504e-05,0.007104875168131741,0.08215464451583451,0.1924258770848931,0.26990202780942
2023-04-19,16.459999084472656,16.459999084472656,17.719999313354492,16.170000076293945,17.299999237060547,0,-0.0222298640419267,-0.022229864041926728,0.0004941668553225469,0.022229864041926728,0.08510745090425968,0.18579655501732847,0.2517406005072093
2023-04-20,17.170000076293945,17.170000076293945,17.690000534057617,16.329999923706055,16.850000381469727,0,0.042230539725252,0.042230539725252036,0.0017834184854860903,0.042230539725252036,0.06427614770158964,0.14649776594487277,0.24477207944495716
2023-04-21,16.770000457763672,16.770000457763672,17.709999084472656,16.579999923706055,17.510000228881836,0,-0.02357207622113,-0.02357207622113,0.0005556427773747624,0.02357207622113,0.05416156678078259,0.1427945603583864,0.23806463861666058
2023-04-24,16.889999389648438,16.889999389648438,18.239999771118164,16.739999771118164,18.21999931335449,0,0.0071300915511494,0.007130091551149409,5.0838205527772187e-05,0.007130091551149409,0.05417144612123665,0.1421187348990952,0.20781397364910098
2023-04-25,18.76000022888184,18.76000022888184,19.86000061035156,17.329999923706055,17.6200008392334,0,0.1050052610957545,0.10500526109575503,0.011026104857787685,0.10500526109575503,0.11794138875517363,0.17229098736476148,0.20314869399625204
2023-04-26,18.84000015258789,18.84000015258789,19.61000061035156,17.8700008392334,18.65999984741211,0,0.0042553214687592,0.004255321468758844,1.8107760802479922e-05,0.004255321468758844,0.11590561715024397,0.16371039477619978,0.20032099581305793
2023-04-27,17.030000686645508,17.030000686645508,18.43000030517578,16.719999313354492,18.43000030517578,0,-0.1010057422530059,-0.10100574225300596,0.010202159968080673,0.10100574225300596,0.14782710701888713,0.18983817026454727,0.20413183519861963
2023-04-28,15.779999732971191,15.779999732971191,17.649999618530273,15.720000267028809,17.209999084472656,0,-0.0762332364986058,-0.0762332364986058,0.005811506347052364,0.0762332364986058,0.16464725062767102,0.19989527550395872,0.21536152719698645
2023-05-01,16.079999923706055,16.079999923706055,16.6200008392334,15.529999732971191,16.40999984741211,0,0.0188329605104216,0.018832960510421604,0.0003546804015870995,0.018832960510421604,0.16556738608587876,0.20071199115732294,0.21586810024926134
2023-05-02,17.780000686645508,17.780000686645508,19.809999465942383,16.260000228881836,16.270000457763672,0,0.1004980096985681,0.10049800969856815,0.010099849953373497,0.10049800969856815,0.1627461349184559,0.22382416476036424,0.24461129250977207
2023-05-03,18.34000015258789,18.34000015258789,18.82999992370605,17.190000534057617,17.81999969482422,0,0.0310102064435291,0.031010206443529142,0.0009616329036702964,0.031010206443529142,0.1656195325852723,0.22581856803714587,0.2473815314114722
2023-05-04,20.09000015258789,20.09000015258789,21.32999992370605,18.670000076293945,19.170000076293945,0,0.0911377112737898,0.09113771127378989,0.00830608241622469,0.09113771127378989,0.15979284095950008,0.24233362135751713,0.2560464526005281
2023-05-05,17.190000534057617,17.190000534057617,19.6299991607666,16.690000534057617,19.5,0,-0.1558943359593771,-0.15589433595937718,0.02430304398421516,0.15589433595937718,0.20982204283409045,0.28811625064485535,0.2719412879186464
2023-05-08,16.979999542236328,16.979999542236328,17.8799991607666,16.829999923706055,17.729999542236328,0,-0.0122916965384725,-0.012291696538472507,0.00015108580379389702,0.012291696538472507,0.2093363204541383,0.2860858162736173,0.2701108777668984
2023-05-09,17.709999084472656,17.709999084472656,17.860000610351562,17.219999313354492,17.290000915527344,0,0.0420932461750296,0.04209324617502963,0.0017718413735516466,0.04209324617502963,0.1883976817305771,0.287552067015514,0.2687907959873544
2023-05-10,16.940000534057617,16.940000534057617,18.309999465942383,16.360000610351562,17.579999923706055,0,-0.0444516793489073,-0.04445167934890737,0.0019759517969380777,0.04445167934890737,0.1910706816199796,0.2908874344249193,0.2762237970942579
2023-05-11,16.93000030517578,16.93000030517578,18.190000534057617,16.6299991607666,16.799999237060547,0,-0.0005905065795479,-0.0005905065795479558,3.486980204894263e-07,0.0005905065795479558,0.1679353198601158,0.29088756235512636,0.27611753691220475
2023-05-12,17.030000686645508,17.030000686645508,17.920000076293945,16.3799991607666,16.829999923706055,0,0.0058893208235724,0.005889320823572408,3.4684099762963585e-05,0.005889320823572408,0.06272090378866693,0.282409250045249,0.2781756313697253
2023-05-15,17.1200008392334,17.1200008392334,18.15999984741211,17.079999923706055,17.440000534057617,0,0.0052708847398812,0.005270884739881243,2.778222594111296e-05,0.005270884739881243,0.061730123879791696,0.2793370296120422,0.2783026356513987
2023-05-16,17.989999771118164,17.989999771118164,18.299999237060547,17.260000228881836,17.540000915527344,0,0.0495686155054784,0.04956861550547842,0.0024570476431299555,0.04956861550547842,0.06705083492241344,0.28361321515190013,0.2788136204582396
2023-05-17,16.8700008392334,16.8700008392334,18.26000022888184,16.68000030517578,17.959999084472656,0,-0.0642790889347506,-0.06427908893475065,0.004131801274281584,0.06427908893475065,0.08155773379107738,0.2907194142673049,0.28278385589686544
2023-05-18,16.049999237060547,16.049999237060547,17.149999618530273,16.049999237060547,16.920000076293945,0,-0.0498281442641097,-0.04982814426410975,0.0024828439608049336,0.04982814426410975,0.09557279531289586,0.29411979691514684,0.2802312747144212
2023-05-19,16.809999465942383,16.809999465942383,17.360000610351562,15.850000381469728,16.1299991607666,0,0.0462651136094351,0.04626511360943519,0.0021404607372939454,0.04626511360943519,0.10601856366434922,0.29472613930429564,0.2814395055727637
2023-05-22,17.209999084472656,17.209999084472656,18.1299991607666,16.81999969482422,17.450000762939453,0,0.023516641375751,0.023516641375751046,0.0005530324215956861,0.023516641375751046,0.10846744229079176,0.2947217108280895,0.2822571138464815
2023-05-23,18.530000686645508,18.530000686645508,19.309999465942383,17.299999237060547,17.350000381469727,0,0.0739005203271085,0.07390052032710859,0.00546128690461739,0.07390052032710859,0.1215295243905516,0.30376197183407544,0.2852551152116598
2023-05-24,20.030000686645508,20.030000686645508,20.809999465942383,18.799999237060547,18.799999237060547,0,0.0778401066054299,0.07784010660542995,0.006059082196344699,0.07784010660542995,0.12921573518986298,0.2954730323922687,0.27999010458731277
2023-05-25,19.13999938964844,19.13999938964844,19.950000762939453,18.700000762939453,19.540000915527344,0,-0.045450829822569,-0.04545082982256865,0.002065777931560096,0.04545082982256865,0.12759169326963238,0.298918020604045,0.2771113118072443
2023-05-26,17.950000762939453,17.950000762939453,19.559999465942383,17.270000457763672,19.06999969482422,0,-0.0641901966981333,-0.06419019669813375,0.004120381352145101,0.06419019669813375,0.13512794235931777,0.2885657714038598,0.2810032203632828
2023-05-30,17.459999084472656,17.459999084472656,18.34000015258789,16.979999542236328,17.559999465942383,0,-0.0276776594621241,-0.027677659462124193,0.0007660528333013129,0.027677659462124193,0.13591387426590684,0.2796868801215989,0.2761652775835735
2023-05-31,17.940000534057617,17.940000534057617,18.399999618530277,17.1200008392334,18.040000915527344,0,0.0271203884239938,0.02712038842399389,0.0007355154682683018,0.02712038842399389,0.1172467900695778,0.2803668774638595,0.27655519096066283
2023-06-01,15.649999618530272,15.649999618530272,17.59000015258789,15.579999923706056,17.239999771118164,0,-0.1365619937886477,-0.13656199378864775,0.018649178147530667,0.13656199378864775,0.16228649276142984,0.295220111396551,0.26024572811945906
2023-06-02,14.600000381469728,14.600000381469728,15.649999618530272,14.420000076293944,15.649999618530272,0,-0.0694493377687459,-0.06944933776874551,0.004823210516517302,0.06944933776874551,0.17057062560054947,0.30168939621047175,0.25913234976642674
2023-06-05,14.729999542236328,14.729999542236328,15.289999961853027,14.65999984741211,15.279999732971191,0,0.0088646445552211,0.008864644555220735,7.858192309040462e-05,0.008864644555220735,0.1582799383646207,0.28773076181163654,0.2477686164562229
2023-06-06,13.960000038146973,13.960000038146973,14.970000267028809,13.949999809265137,14.90999984741211,0,-0.0536900993307574,-0.05369009933075741,0.0028826267661465977,0.05369009933075741,0.16483055791191575,0.24772681339458624,0.23171266136391397
2023-06-07,13.9399995803833,13.9399995803833,14.289999961853027,13.770000457763672,14.140000343322754,0,-0.0014337248360685,-0.0014337248360685173,2.055566905559697e-06,0.0014337248360685173,0.16259044535331918,0.24742583502485715,0.22992457461041074
2023-06-08,13.649999618530272,13.649999618530272,14.210000038146973,13.529999732971191,14.140000343322754,0,-0.0210228815462807,-0.021022881546280736,0.0004419615485089511,0.021022881546280736,0.09071072880960086,0.24472364824982715,0.2307645513088889
2023-06-09,13.829999923706056,13.829999923706056,14.140000343322754,13.5,13.779999732971191,0,0.0131006464756442,0.013100646475644684,0.00017162693807982148,0.013100646475644684,0.05980679512172069,0.24100900222574026,0.22237920191952015
2023-06-12,15.010000228881836,15.010000228881836,15.020000457763672,14.31999969482422,14.4399995803833,0,0.0818765207338811,0.08187652073388074,0.006703764647485603,0.08187652073388074,0.10100512594480872,0.2545363532058083,0.21765650784773355
2023-06-13,14.609999656677246,14.609999656677246,15.0600004196167,14.470000267028809,14.989999771118164,0,-0.0270104586305475,-0.027010458630547518,0.0007295648754325189,0.027010458630547518,0.08971607200726409,0.25589770588846933,0.2122222275668261
2023-06-14,13.880000114440918,13.880000114440918,14.729999542236328,13.829999923706056,14.479999542236328,0,-0.0512572389397649,-0.05125723893976497,0.0026273045437281584,0.05125723893976497,0.10331612920176207,0.26092749605353704,0.2124052703333155
2023-06-15,14.5,14.5,14.520000457763672,13.789999961853027,14.09000015258789,0,0.0436996861028475,0.04369968610284758,0.0019096625654874098,0.04369968610284758,0.11019039690559995,0.25987645741606924,0.21175690249831075
2023-06-16,13.539999961853027,13.539999961853027,14.539999961853027,13.479999542236328,14.489999771118164,0,-0.0685003847597536,-0.06850038475975362,0.004692302712234286,0.06850038475975362,0.12908369124086946,0.26095262895222715,0.2096507972045487
2023-06-20,13.880000114440918,13.880000114440918,14.670000076293944,13.859999656677246,14.359999656677246,0,0.024800698656906,0.02480069865690604,0.000615074653870661,0.02480069865690604,0.10282951595117606,0.2573489950439762,0.20864342549147918
2023-06-21,13.199999809265137,13.199999809265137,13.890000343322754,13.100000381469728,13.880000114440918,0,-0.0502321481809668,-0.050232148180966885,0.0025232687108746148,0.050232148180966885,0.11120977109137159,0.2580916760062694,0.20440672637270885
2023-06-22,12.90999984741211,12.90999984741211,13.979999542236328,12.729999542236328,13.880000114440918,0,-0.0222146221035197,-0.022214622103519766,0.0004934894352021889,0.022214622103519766,0.10116223642085666,0.2579762978208107,0.2071658363674886
2023-06-23,13.4399995803833,13.4399995803833,13.800000190734863,12.880000114440918,13.239999771118164,0,0.0402331108343276,0.04023311083432768,0.0016187032074072953,0.04023311083432768,0.09971378399995251,0.2504180235927948,0.2006912023965771
2023-06-26,14.25,14.25,14.710000038146973,13.779999732971191,14.43000030517578,0,0.0585216028411372,0.05852160284113728,0.0034247779990958065,0.05852160284113728,0.09314136571068037,0.24510177955876342,0.1951767568370903
2023-06-27,13.739999771118164,13.739999771118164,14.34000015258789,13.59000015258789,14.109999656677246,0,-0.0364456365785228,-0.036445636578522844,0.0013282844256137624,0.036445636578522844,0.09689439497821227,0.24359266991624834,0.19397083186504313
2023-06-28,13.43000030517578,13.43000030517578,13.960000038146973,13.359999656677246,13.899999618530272,0,-0.022820236877552,-0.022820236877552524,0.0005207632111476082,0.022820236877552524,0.08594194714146754,0.23608848065064258,0.1809110642875644
2023-06-29,13.539999961853027,13.539999961853027,13.850000381469728,13.40999984741211,13.640000343322754,0,0.0081572314081905,0.008157231408191024,6.654042424677811e-05,0.008157231408191024,0.08342103612106115,0.23460234075318664,0.17596483078577566
2023-06-30,13.59000015258789,13.59000015258789,13.59000015258789,12.960000038146973,13.510000228881836,0,0.0036859747242306,0.0036859747242306007,1.3586409667666853e-05,0.0036859747242306007,0.0731707077304283,0.2330586390337712,0.17291948471277402
2023-07-03,13.56999969482422,13.56999969482422,13.850000381469728,13.470000267028809,13.850000381469728,0,-0.0014727880332321,-0.0014727880332316978,2.1691045908304926e-06,0.0014727880332316978,0.043947054227408515,0.1888632314277552,0.1577014060293062
2023-07-05,14.18000030517578,14.18000030517578,14.739999771118164,14.050000190734863,14.1899995803833,0,0.0439710912677719,0.0439710912677711,0.0019334568672786559,0.0439710912677711,0.05036383640005672,0.18105128150912156,0.15258488809869797
2023-07-06,15.4399995803833,15.4399995803833,17.079999923706055,14.789999961853027,14.850000381469728,0,0.0851289747938368,0.0851289747938373,0.007246942349449786,0.0851289747938373,0.0962428966481883,0.19986977500976622,0.17354555794756626
2023-07-07,14.829999923706056,14.829999923706056,16.059999465942383,14.329999923706056,15.970000267028809,0,-0.0403093664141098,-0.04030936641410943,0.0016248450207069331,0.04030936641410943,0.10402403449056381,0.19669810679570582,0.18167912440239783
2023-07-10,15.06999969482422,15.06999969482422,16.209999084472656,15.039999961853027,16.079999923706055,0,0.0160538413825817,0.0160538413825817,0.00025772582313709276,0.0160538413825817,0.10519096522593296,0.1973469418897755,0.18583844262773816
2023-07-11,14.84000015258789,14.84000015258789,15.25,14.630000114440918,15.020000457763672,0,-0.0153797443664167,-0.015379744366417203,0.0002365365367763417,0.015379744366417203,0.10629913733116064,0.1968257870847055,0.18517555486679438
2023-07-12,13.539999961853027,13.539999961853027,14.81999969482422,13.510000228881836,14.81999969482422,0,-0.0916779833546623,-0.09167798335466237,0.00840485263197775,0.09167798335466237,0.13330754803104003,0.2167339755447026,0.19132535788264574
2023-07-13,13.609999656677246,13.609999656677246,13.609999656677246,13.119999885559082,13.4399995803833,0,0.0051565267708273,0.005156526770827341,2.6589768338259046e-05,0.005156526770827341,0.10271586917772986,0.20073973517035534,0.19044366976522986
2023-07-14,13.34000015258789,13.34000015258789,13.760000228881836,13.220000267028809,13.720000267028809,0,-0.0200377395117521,-0.02003773951175214,0.00040151100474083285,0.02003773951175214,0.09657751169382248,0.19992095289281892,0.190448995461803
2023-07-17,13.479999542236328,13.479999542236328,14.0,13.43000030517578,13.779999732971191,0,0.0104400195995806,0.01044001959958063,0.00010899400923962769,0.01044001959958063,0.09580440465382033,0.19352022341627292,0.1883092361174251
2023-07-18,13.300000190734863,13.300000190734863,13.670000076293944,13.289999961853027,13.609999656677246,0,-0.013443021956756,-0.013443021956756063,0.0001807148393298256,0.013443021956756063,0.0955126287651347,0.1890003416529362,0.18651361235617273
2023-07-19,13.760000228881836,13.760000228881836,13.84000015258789,13.119999885559082,13.31999969482422,0,0.0340017995703769,0.03400179957037697,0.0011561223740240874,0.03400179957037697,0.043288936180885425,0.17940164103685452,0.18371211223773934
2023-07-20,13.989999771118164,13.989999771118164,14.229999542236328,13.579999923706056,13.960000038146973,0,0.0165769231779493,0.016576923177949343,0.00027479438204763417,0.016576923177949343,0.0460666539850915,0.17845074540301975,0.18268835777769868
2023-07-21,13.600000381469728,13.600000381469728,13.890000343322754,13.369999885559082,13.869999885559082,0,-0.0282729515257509,-0.02827295152575049,0.0007993597879774369,0.02827295152575049,0.05019945609883389,0.17355333362397912,0.180730211573962
2023-07-24,13.90999984741211,13.90999984741211,14.300000190734863,13.729999542236328,14.289999961853027,0,0.0225381741744468,0.022538174174446368,0.0005079692951176812,0.022538174174446368,0.05402740673488599,0.17359504449122876,0.17348152597576405
2023-07-25,13.859999656677246,13.859999656677246,14.09000015258789,13.81999969482422,14.020000457763672,0,-0.0036010259747016,-0.003601025974701688,1.2967388070476244e-05,0.003601025974701688,0.05245200880078335,0.16890678983562168,0.16886103939483502
2023-07-26,13.1899995803833,13.1899995803833,14.15999984741211,13.149999618530272,13.859999656677246,0,-0.0495480340750176,-0.04954803407501762,0.0024550076806991073,0.04954803407501762,0.06364038445761051,0.16601124460161779,0.1701490002258756
2023-07-27,14.40999984741211,14.40999984741211,15.020000457763672,12.739999771118164,13.140000343322754,0,0.0884634645064248,0.08846346450642484,0.007825784552479486,0.08846346450642484,0.10770835020714191,0.18454601990030534,0.1941287257747044
2023-07-28,13.329999923706056,13.329999923706056,14.18000030517578,13.270000457763672,14.029999732971191,0,-0.0779052709552621,-0.07790527095526212,0.006069231242612807,0.07790527095526212,0.12988826028159628,0.19901181244466143,0.19640919713091604
2023-07-31,13.630000114440918,13.630000114440918,14.09000015258789,13.56999969482422,13.979999542236328,0,0.0222561256375528,0.02225612563755286,0.0004953351283945377,0.02225612563755286,0.12983961642063085,0.2000862219060994,0.19675023821966175
2023-08-01,13.93000030517578,13.93000030517578,14.300000190734863,13.75,13.75,0,0.0217715555948299,0.021771555594829906,0.0004740006330187694,0.021771555594829906,0.13160303658048642,0.2012334724145264,0.1960939670411226
2023-08-02,16.09000015258789,16.09000015258789,16.479999542236328,14.949999809265137,15.699999809265137,0,0.1441531607881674,0.14415316078816742,0.02078013376521925,0.14415316078816742,0.18879747170374125,0.24753358374296683,0.20395554541986624
2023-08-03,15.920000076293944,15.920000076293944,17.420000076293945,15.720000267028809,16.770000457763672,0,-0.0106217852791203,-0.010621785279120388,0.00011282232251573859,0.010621785279120388,0.16712726615295673,0.24382830134312436,0.21112057106187584
2023-08-04,17.100000381469727,17.100000381469727,17.389999389648438,14.56999969482422,16.010000228881836,0,0.0715023006082149,0.07150230060821494,0.005112578992267535,0.07150230060821494,0.16424028385696357,0.23941152265229676,0.2199730456276533
2023-08-07,15.770000457763672,15.770000457763672,17.360000610351562,15.770000457763672,16.899999618530273,0,-0.0809690558143385,-0.08096905581433855,0.006555987999465471,0.08096905581433855,0.1817567707473009,0.24949753537349773,0.21686594953618168
2023-08-08,15.989999771118164,15.989999771118164,18.13999938964844,15.960000038146973,16.280000686645508,0,0.0138540825293551,0.01385408252935516,0.0001919356027301839,0.01385408252935516,0.18097916643138323,0.24936565508714875,0.22565249790090847
2023-08-09,15.960000038146973,15.960000038146973,16.8700008392334,15.380000114440918,15.8100004196167,0,-0.0018779181199777,-0.0018779181199777284,3.526576465340686e-06,0.0018779181199777284,0.10943880250370254,0.24889801119481014,0.2310447281575478
2023-08-10,15.850000381469728,15.850000381469728,16.860000610351562,14.600000381469728,15.579999923706056,0,-0.0069160700210439,-0.006916070021043996,4.78320245359835e-05,0.006916070021043996,0.10914147330627645,0.23150205046454786,0.24034009678774987
2023-08-11,14.84000015258789,14.84000015258789,16.510000228881836,14.84000015258789,15.529999732971191,0,-0.0658432763693426,-0.06584327636934262,0.004335337043049632,0.06584327636934262,0.10552070529638603,0.24062823326451419,0.2477500013731942
2023-08-14,14.81999969482422,14.81999969482422,16.059999465942383,14.770000457763672,15.880000114440918,0,-0.0013486487456546,-0.001348648745654657,1.8188534391558797e-06,0.001348648745654657,0.06767902260095394,0.23979627706180046,0.2516560538896593
2023-08-15,16.459999084472656,16.459999084472656,16.56999969482422,14.90999984741211,14.949999809265137,0,0.1049555403517938,0.10495554035179389,0.011015665450537034,0.10495554035179389,0.1241135768078065,0.2615510006365817,0.25831511458634465
2023-08-16,16.780000686645508,16.780000686645508,16.93000030517578,15.800000190734863,16.540000915527344,0,0.0192546023319537,0.019254602331953752,0.0003707397109616789,0.019254602331953752,0.1255842071381733,0.2619140141451561,0.2610767296538501
2023-08-17,17.889999389648438,17.889999389648438,18.1299991607666,16.399999618530273,16.959999084472656,0,0.0640541214441841,0.0640541214441841,0.004102930473986285,0.0640541214441841,0.14080657488900838,0.26748038975893396,0.26600573561162627
2023-08-18,17.299999237060547,17.299999237060547,18.8799991607666,17.139999389648438,17.799999237060547,0,-0.0335354060005284,-0.0335354060005284,0.0011246234556202763,0.0335354060005284,0.1289022030244036,0.26906428224341455,0.2708180807444427
2023-08-21,17.1299991607666,17.1299991607666,18.11000061035156,16.8799991607666,18.030000686645508,0,-0.0098751940591843,-0.009875194059184356,9.751945770654999e-05,0.009875194059184356,0.1292728840430659,0.2677568816088449,0.2731329186806668
2023-08-22,16.969999313354492,16.969999313354492,17.579999923706055,16.610000610351562,16.959999084472656,0,-0.009384224560184,-0.009384224560184062,8.806367059596176e-05,0.009384224560184062,0.07605180319276389,0.26697161276879466,0.2741654400225765
2023-08-23,15.979999542236328,15.979999542236328,17.100000381469727,15.90999984741211,16.639999389648438,0,-0.0601091270917266,-0.060109127091726666,0.0036131071597293486,0.060109127091726666,0.09500654828820254,0.27363110531522206,0.27732325752361375
2023-08-24,17.200000762939453,17.200000762939453,17.31999969482422,15.479999542236328,15.56999969482422,0,0.0735715164842605,0.07357151648426052,0.005412768037793818,0.07357151648426052,0.10166652242231015,0.2789834083832314,0.2819269281321372
2023-08-25,15.68000030517578,15.68000030517578,17.360000610351562,15.449999809265137,17.209999084472656,0,-0.0925233937913487,-0.09252339379134877,0.008560578398668996,0.09252339379134877,0.1333118026451327,0.28029722795510187,0.2731426329820741
2023-08-28,15.079999923706056,15.079999923706056,16.280000686645508,15.0,16.239999771118164,0,-0.039016676864473,-0.03901667686447308,0.0015223010735467086,0.03901667686447308,0.13855258330444428,0.2720654440208243,0.2746610921043318
2023-08-29,14.449999809265137,14.449999809265137,15.300000190734863,14.34000015258789,15.079999923706056,0,-0.0426749561617332,-0.042674956161733224,0.0018211518834058524,0.042674956161733224,0.14467171994949415,0.27449120675398614,0.27648361128316407
2023-08-30,13.880000114440918,13.880000114440918,14.699999809265137,13.829999923706056,14.529999732971191,0,-0.0402454380351153,-0.04024543803511538,0.0016196952826383114,0.04024543803511538,0.1376099366908285,0.27657027540008544,0.27790423788230234
2023-08-31,13.56999969482422,13.56999969482422,14.0,13.4399995803833,13.979999542236328,0,-0.0225875119659075,-0.022587511965907137,0.0005101956968099981,0.022587511965907137,0.11846485696218101,0.23711005707575936,0.2727776308272936
2023-09-01,13.09000015258789,13.09000015258789,13.5600004196167,13.020000457763672,13.5600004196167,0,-0.0360128597791362,-0.03601285977913671,0.0012969260694717624,0.03601285977913671,0.0822816504809716,0.23959399598785,0.2668337060229142
2023-09-05,14.010000228881836,14.010000228881836,14.470000267028809,13.699999809265137,14.149999618530272,0,0.0679227851073114,0.06792278510731142,0.004613504736734006,0.06792278510731142,0.09930495289289487,0.2385502225064826,0.24695743270966594
2023-09-06,14.449999809265137,14.449999809265137,15.300000190734863,14.130000114440918,14.270000457763672,0,0.0309230246728478,0.0309230246728478,0.0009562334549175537,0.0309230246728478,0.09485017259115436,0.22650928041328558,0.24483149981891006
2023-09-07,14.399999618530272,14.399999618530272,15.6899995803833,14.399999618530272,14.8100004196167,0,-0.0034662212677951,-0.0034662212677956106,1.201468987731861e-05,0.0034662212677956106,0.08595856355134594,0.22611177147705416,0.23808596102177249
2023-09-08,13.84000015258789,13.84000015258789,14.869999885559082,13.579999923706056,14.220000267028809,0,-0.0396652188763413,-0.03966521887634089,0.0015733295885080297,0.03966521887634089,0.09193480591978649,0.22955682567184593,0.23784695990236818
2023-09-11,13.800000190734863,13.800000190734863,14.329999923706056,13.739999771118164,14.170000076293944,0,-0.0028943552301341,-0.002894355230134149,8.377292198204903e-06,0.002894355230134149,0.08463722444784713,0.22947087283617607,0.22301986776010696
2023-09-12,14.229999542236328,14.229999542236328,14.420000076293944,13.710000038146973,14.020000457763672,0,0.0306837739483185,0.03068377394831856,0.0009414939837115128,0.03068377394831856,0.05908848457366933,0.22195278421515321,0.21576772840301742
2023-09-13,13.479999542236328,13.479999542236328,14.68000030517578,13.40999984741211,14.420000076293944,0,-0.0541453084074134,-0.054145308407413495,0.0029317144225339225,0.054145308407413495,0.07393869066212308,0.22845772910968262,0.21674863469587224
2023-09-14,12.81999969482422,12.81999969482422,13.460000038146973,12.789999961853027,13.390000343322754,0,-0.0502006438375706,-0.05020064383757061,0.0025201046417066162,0.05020064383757061,0.0893029670764551,0.20903916661985314,0.2095260336804199
2023-09-15,13.789999961853027,13.789999961853027,14.170000076293944,12.68000030517578,12.699999809265137,0,0.0729372613510723,0.07293726135107237,0.005319844093394635,0.07293726135107237,0.1082660354568552,0.22055946491491965,0.21594467416512964
2023-09-18,14.0,14.0,14.75,13.859999656677246,14.399999618530272,0,0.0151136405763256,0.015113640576325693,0.00022842213147035843,0.015113640576325693,0.1092775332482262,0.21159387803298976,0.21071702897572997
2023-09-19,14.109999656677246,14.109999656677246,14.880000114440918,13.859999656677246,14.109999656677246,0,0.007826411917589,0.007826411917589038,6.125272350377972e-05,0.007826411917589038,0.10517289580785275,0.20906601466743285,0.20699900802542154
2023-09-20,15.140000343322754,15.140000343322754,15.149999618530272,13.56999969482422,14.18000030517578,0,0.0704565291529908,0.07045652915299083,0.004964122500286247,0.07045652915299083,0.11442790783004718,0.22039782560520632,0.21316550351151492
2023-09-21,17.540000915527344,17.540000915527344,17.540000915527344,15.100000381469728,15.489999771118164,0,0.1471437684547392,0.1471437684547392,0.021651288595061904,0.1471437684547392,0.17951303586012093,0.2648366033160237,0.22884503509359852
2023-09-22,17.200000762939453,17.200000762939453,17.40999984741211,15.93000030517578,17.309999465942383,0,-0.0195746109642258,-0.019574610964225858,0.0003831653944007912,0.019574610964225858,0.16519155954443682,0.2586667444621367,0.2309549698550854
2023-09-25,16.899999618530273,16.899999618530273,18.40999984741211,16.790000915527344,17.25,0,-0.0175958288194975,-0.017595828819497505,0.00030961319184505897,0.017595828819497505,0.16543712523220994,0.24860677755180283,0.22770739451745542
2023-09-26,18.940000534057617,18.940000534057617,19.5,17.170000076293945,18.030000686645508,0,0.1139625165984177,0.11396251659841772,0.012987455189444634,0.11396251659841772,0.20073775148446485,0.2573561863166829,0.22976245312434676
2023-09-27,18.21999931335449,18.21999931335449,19.709999084472656,18.030000686645508,18.290000915527344,0,-0.038756261809822,-0.03875626180982206,0.0015020478294714716,0.03875626180982206,0.19192073936973045,0.25731683464435817,0.23072688499440241
2023-09-28,17.34000015258789,17.34000015258789,18.770000457763672,17.059999465942383,18.21999931335449,0,-0.0495038739932907,-0.049503873993290703,0.002450633540343604,0.049503873993290703,0.1327889872900072,0.2585371057475691,0.2345452125580527
2023-09-29,17.520000457763672,17.520000457763672,17.739999771118164,15.829999923706056,16.8700008392334,0,0.0103271314841495,0.010327131484149543,0.00010664964469091274,0.010327131484149543,0.13174368825790408,0.25559418892138824,0.24155621164205737
2023-10-02,17.610000610351562,17.610000610351562,18.549999237060547,16.93000030517578,17.309999465942383,0,0.005123845531179,0.005123845531179061,2.6253793027383633e-05,0.005123845531179061,0.13066384349535315,0.25464572940970304,0.24649597503119744
2023-10-03,19.780000686645508,19.780000686645508,20.479999542236328,17.520000457763672,17.809999465942383,0,0.1162044037412082,0.11620440374120822,0.013503463448849727,0.11620440374120822,0.1326237092543533,0.27758059169541677,0.26259073459259713
2023-10-04,18.57999992370605,18.57999992370605,20.8799991607666,18.299999237060547,20.71999931335449,0,-0.0625856316292439,-0.06258563162924435,0.0039169612864314715,0.06258563162924435,0.14143536231559362,0.27632307438155634,0.27230391651617436
2023-10-05,18.489999771118164,18.489999771118164,19.57999992370605,18.26000022888184,18.670000076293945,0,-0.0048556962591006,-0.004855696259100206,2.3577786160639736e-05,0.004855696259100206,0.13257792410186647,0.2746302710316513,0.271337166399178
2023-10-06,17.450000762939453,17.450000762939453,19.93000030517578,17.190000534057617,18.729999542236328,0,-0.0578903406504571,-0.05789034065045717,0.0033512915406259743,0.05789034065045717,0.14429673542771274,0.2806440140421079,0.28081726959980324
2023-10-09,17.700000762939453,17.700000762939453,19.600000381469727,17.559999465942383,19.540000915527344,0,0.0142249903138123,0.014224990313812302,0.00020235034942805383,0.014224990313812302,0.14490563968146997,0.2781907320141829,0.2832752045436632
2023-10-10,17.030000686645508,17.030000686645508,17.860000610351562,16.510000228881836,17.700000762939453,0,-0.0385881476893503,-0.03858814768935037,0.0014890451420951165,0.03858814768935037,0.09477988238408713,0.280839369085753,0.28606879835801685
2023-10-11,16.09000015258789,16.09000015258789,17.780000686645508,16.09000015258789,16.950000762939453,0,-0.0567785645066654,-0.05677856450666541,0.003223805387437565,0.05677856450666541,0.09104982265632089,0.284873766135476,0.29071241797864444
2023-10-12,16.690000534057617,16.690000534057617,18.07999992370605,15.4399995803833,16.079999923706055,0,0.0366117991847114,0.03661179918471147,0.0013404238395416394,0.03661179918471147,0.09801487774378176,0.28206696376785706,0.3009100216280683
2023-10-13,19.31999969482422,19.31999969482422,20.780000686645508,16.5,16.530000686645508,0,0.1463310433161218,0.1463310433161218,0.02141277423798471,0.1463310433161218,0.1663382065446397,0.313774507641229,0.3298347795861969
2023-10-16,17.209999084472656,17.209999084472656,19.56999969482422,17.139999389648438,19.100000381469727,0,-0.1156502559624823,-0.11565025596248235,0.013374981704187685,0.11565025596248235,0.20209163840012492,0.3263580537634834,0.3326845748533615
2023-10-17,17.8799991607666,17.8799991607666,18.540000915527344,16.969999313354492,17.40999984741211,0,0.038192165782334,0.03819216578233409,0.0014586415271452906,0.03819216578233409,0.20201640204769766,0.32823741202361995,0.3348221240915685
2023-10-18,19.21999931335449,19.21999931335449,20.149999618530277,17.8799991607666,18.36000061035156,0,0.0722686450081973,0.07226864500819685,0.0052227570513207755,0.07226864500819685,0.20690475673647582,0.336007891246293,0.3397638892330561
2023-10-19,21.399999618530277,21.399999618530277,21.399999618530277,18.549999237060547,19.729999542236328,0,0.1074395363855447,0.10743953638554515,0.011543253978740882,0.10743953638554515,0.23024423662576113,0.3456594197446893,0.34413891697306137
2023-10-20,21.709999084472656,21.709999084472656,21.82999992370605,20.420000076293945,21.59000015258789,0,0.0143820375173149,0.014382037517314927,0.00020684300314945412,0.014382037517314927,0.1783437054245095,0.3131069926819311,0.3345851229394348
2023-10-23,20.3700008392334,20.3700008392334,23.07999992370605,19.479999542236328,21.82999992370605,0,-0.0637096702812392,-0.0637096702812392,0.004058922087344213,0.0637096702812392,0.1499680554241494,0.3189227893382131,0.34564770831349384
2023-10-24,18.96999931335449,18.96999931335449,20.239999771118164,18.649999618530277,20.030000686645508,0,-0.0712045236876606,-0.07120452368766106,0.005070084193586685,0.07120452368766106,0.16156070163917383,0.32630080686539514,0.34471217429008943
2023-10-25,20.190000534057617,20.190000534057617,21.239999771118164,18.86000061035156,19.38999938964844,0,0.0623287110258035,0.06232871102580395,0.003884868218138175,0.06232871102580395,0.15736572524206008,0.3120410703572551,0.3436279979520457
2023-10-26,20.68000030517578,20.68000030517578,21.959999084472656,20.21999931335449,21.780000686645508,0,0.0239796056209415,0.02397960562094159,0.0005750214857358936,0.02397960562094159,0.11745526377287037,0.3105520942546771,0.34303851575230987
2023-10-27,21.270000457763672,21.270000457763672,22.06999969482422,19.71999931335449,20.38999938964844,0,0.0281305863364318,0.02813058633643184,0.0007913298876314457,0.02813058633643184,0.11991757949707185,0.3078689649725248,0.3449001723956638
2023-10-30,19.75,19.75,21.15999984741211,19.549999237060547,21.1299991607666,0,-0.074144159386579,-0.07414415938657903,0.0054973563711424355,0.07414415938657903,0.12577225511310025,0.3165027745845291,0.34137163202328624
2023-10-31,18.13999938964844,18.13999938964844,19.86000061035156,17.969999313354492,19.86000061035156,0,-0.0850340803068641,-0.0850340803068641,0.007230794813634213,0.0850340803068641,0.13408717603217057,0.32768666030266175,0.3422421898626082
2023-11-01,16.8700008392334,16.8700008392334,18.420000076293945,16.6299991607666,18.020000457763672,0,-0.0725824647353015,-0.0725824647353015,0.005268214187051286,0.0725824647353015,0.13914997932157736,0.31487028770354564,0.334827967555417
2023-11-02,15.65999984741211,15.65999984741211,16.6200008392334,15.579999923706056,16.59000015258789,0,-0.0744272654861069,-0.0744272654861069,0.005539417847739439,0.0744272654861069,0.1559715137683768,0.317436221373399,0.3276306098687094
2023-11-03,14.90999984741211,14.90999984741211,15.829999923706056,14.90999984741211,15.699999809265137,0,-0.0490775622761407,-0.049077562276140796,0.002408607118968478,0.049077562276140796,0.16107262442307194,0.32117095754851405,0.3269217399240218
2023-11-06,14.890000343322754,14.890000343322754,15.579999923706056,14.84000015258789,15.390000343322754,0,-0.00134224878953,-0.0013422487895300428,1.801631812994865e-06,0.0013422487895300428,0.14299942517089553,0.31591342811570455,0.31597870858784133
2023-11-07,14.8100004196167,14.8100004196167,15.170000076293944,14.710000038146973,15.100000381469728,0,-0.0053872131401448,-0.0053872131401448975,2.9022065417349846e-05,0.0053872131401448975,0.11509588546507508,0.3156389801336421,0.3095606931710486
2023-11-08,14.449999809265137,14.449999809265137,15.09000015258789,14.300000190734863,14.90999984741211,0,-0.0246082552542459,-0.024608255254245925,0.0006055662266581222,0.024608255254245925,0.0926521175721123,0.31423635509655584,0.30764043335964336
2023-11-09,15.289999961853027,15.289999961853027,15.56999969482422,14.130000114440918,14.609999656677246,0,0.0565046160872775,0.056504616087277526,0.0031927716391706223,0.056504616087277526,0.07897954597253458,0.31418697158873693,0.30731351815401997
2023-11-10,14.170000076293944,14.170000076293944,15.449999809265137,14.15999984741211,15.09000015258789,0,-0.076071958359297,-0.07607195835929703,0.005786942848618621,0.07607195835929703,0.09806173775575185,0.32118526137601455,0.2969800669448309
2023-11-13,14.760000228881836,14.760000228881836,15.1899995803833,14.579999923706056,15.15999984741211,0,0.0407937755924487,0.04079377559244879,0.0016641321270870705,0.04079377559244879,0.1061999760214282,0.28881019721311973,0.2638534462944615
2023-11-14,14.15999984741211,14.15999984741211,14.859999656677246,13.90999984741211,14.829999923706056,0,-0.0414997571896331,-0.04149975718963317,0.0017222298467985098,0.04149975718963317,0.11389311958293655,0.26787791651588594,0.25466218725445583
2023-11-15,14.18000030517578,14.18000030517578,14.350000381469728,13.970000267028809,14.210000038146973,0,0.0014114651359529,0.0014114651359524721,1.9922338300093308e-06,0.0014114651359524721,0.1112118190459313,0.26514510906968786,0.2495771873136987
2023-11-16,14.31999969482422,14.31999969482422,14.420000076293944,13.68000030517578,14.119999885559082,0,0.0098245975957955,0.009824597595796458,9.652271791932954e-05,0.009824597595796458,0.09629028909632412,0.25529530847662524,0.2411169521729472
2023-11-17,13.800000190734863,13.800000190734863,14.1899995803833,13.670000076293944,14.18000030517578,0,-0.0369885342368152,-0.036988534236815696,0.001368151664988087,0.036988534236815696,0.06966368200592861,0.23452205059742767,0.22643500035261033
2023-11-20,13.40999984741211,13.40999984741211,14.3100004196167,13.390000343322754,14.260000228881836,0,-0.0286679200696036,-0.028667920069603614,0.0008218496411171817,0.028667920069603614,0.06333045163784365,0.23582959707040624,0.22640105522090068
2023-11-21,13.350000381469728,13.350000381469728,14.3100004196167,13.130000114440918,13.449999809265137,0,-0.0044842724941527,-0.00448427249415273,2.0108699801814747e-05,0.00448427249415273,0.04804815248952408,0.2271052299416457,0.20870273419853758
2023-11-22,12.850000381469728,12.850000381469728,13.25,12.81999969482422,13.079999923706056,0,-0.0381725723931811,-0.03817257239318117,0.0014571452831126572,0.03817257239318117,0.061349637382295964,0.21900649889072638,0.2038017937666611
2023-11-24,12.460000038146973,12.460000038146973,13.170000076293944,12.449999809265137,13.029999732971191,0,-0.0308203246067266,-0.03082032460672668,0.000949892408864002,0.03082032460672668,0.0679495967455575,0.21220007244838435,0.1938586163476921
2023-11-27,12.6899995803833,12.6899995803833,13.279999732971191,12.640000343322754,13.140000343322754,0,0.0182907322387122,0.01829073223871225,0.0003345508858282676,0.01829073223871225,0.059862733973015794,0.21163270103458004,0.18974520110660734
2023-11-28,12.6899995803833,12.6899995803833,14.300000190734863,12.5600004196167,12.779999732971191,0,0.0,0.0,0.0,0.0,0.05255185322714013,0.20975478602301423,0.19365624445520813
2023-11-29,12.979999542236328,12.979999542236328,13.100000381469728,12.479999542236328,12.710000038146973,0,0.0225954273495223,0.022595427349522357,0.0005105533371075429,0.022595427349522357,0.057027553997279296,0.19751016992936238,0.18997844578326425
2023-11-30,12.920000076293944,12.920000076293944,13.390000343322754,12.81999969482422,13.06999969482422,0,-0.0046331717495364,-0.004633171749536924,2.146628046070704e-05,0.004633171749536924,0.04261998254646118,0.17832817694450895,0.18211897721313153
2023-12-01,12.630000114440918,12.630000114440918,12.960000038146973,12.479999542236328,12.9399995803833,0,-0.0227015588361214,-0.022701558836121016,0.0005153607735898642,0.022701558836121016,0.037174336268271393,0.16446302100743093,0.1729501073064451
2023-12-04,13.079999923706056,13.079999923706056,13.699999809265137,12.979999542236328,13.279999732971191,0,0.0350093947727438,0.035009394772743896,0.0012256577223538276,0.035009394772743896,0.047676389476470196,0.15077906072629935,0.17163012234529373
2023-12-05,12.850000381469728,12.850000381469728,13.760000228881836,12.8100004196167,13.260000228881836,0,-0.0177404991685938,-0.017740499168593882,0.00031472531075088023,0.017740499168593882,0.050870064126782445,0.14366782292944882,0.1732333432386886
2023-12-06,12.970000267028809,12.970000267028809,13.029999732971191,12.640000343322754,12.779999732971191,0,0.0092951778889527,0.009295177888952733,8.640033198727578e-05,0.009295177888952733,0.04651462586265411,0.14396194651873023,0.1717229830207196
2023-12-07,13.0600004196167,13.0600004196167,13.279999732971191,12.949999809265137,13.170000076293944,0,0.0069151370616591,0.006915137061659138,4.781912058153178e-05,0.006915137061659138,0.046797043274800124,0.1440272165273839,0.17139189535607932
2023-12-08,12.350000381469728,12.350000381469728,13.239999771118164,12.350000381469728,13.140000343322754,0,-0.0558980620159772,-0.055898062015977246,0.003124593337142038,0.055898062015977246,0.0692762284107304,0.15252169095282755,0.1734323263608924
2023-12-11,12.630000114440918,12.630000114440918,13.140000343322754,12.609999656677246,13.050000190734863,0,0.0224188514612153,0.02241885146121536,0.0005026049008400381,0.02241885146121536,0.06384467872346057,0.1434318635198583,0.1652069844881513
2023-12-12,12.06999969482422,12.06999969482422,12.739999771118164,11.8100004196167,12.6899995803833,0,-0.0453519355978246,-0.04535193559782469,0.002056798062469238,0.04535193559782469,0.07627722958406563,0.12977886841327393,0.1631683244785075
2023-12-13,12.1899995803833,12.1899995803833,12.460000038146973,11.81999969482422,12.199999809265137,0,0.009892899244539,0.009892899244539066,9.786945546260163e-05,0.009892899244539066,0.0763523730901377,0.12359729776579019,0.16438023997631687
2023-12-14,12.479999542236328,12.479999542236328,12.739999771118164,11.84000015258789,11.960000038146973,0,0.0235114171913468,0.02351141719134686,0.0005527867383455608,0.02351141719134686,0.07959053017953588,0.11877225646821928,0.165476811996992
2023-12-15,12.279999732971191,12.279999732971191,12.539999961853027,12.010000228881836,12.119999885559082,0,-0.0161554252875202,-0.01615542528752023,0.00026099776622064814,0.01615542528752023,0.05891567638021499,0.11985764238855649,0.1667195118717999
2023-12-18,12.5600004196167,12.5600004196167,12.640000343322754,12.399999618530272,12.619999885559082,0,0.0225452934750456,0.022545293475045636,0.0005082902578759353,0.022545293475045636,0.058963906590168536,0.1215632427129998,0.16409435611819698
2023-12-19,12.529999732971191,12.529999732971191,12.600000381469728,12.329999923706056,12.600000381469728,0,-0.0023914468522061,-0.0023914468522061583,5.719018046926743e-06,0.0023914468522061583,0.03775795592920529,0.11582395836768203,0.16307508086523517
2023-12-20,13.670000076293944,13.670000076293944,13.93000030517578,12.289999961853027,12.630000114440918,0,0.0870779087201616,0.08707790872016163,0.007582562187076801,0.08707790872016163,0.09439468188179888,0.1420419018385707,0.17509929863741788
2023-12-21,13.649999618530272,13.649999618530272,14.489999771118164,13.34000015258789,13.399999618530272,0,-0.0014641626325122,-0.0014641626325122559,2.143772214445219e-06,0.0014641626325122559,0.09143146614505802,0.14197864962849446,0.17451309729992298
2023-12-22,13.029999732971191,13.029999732971191,13.960000038146973,13.0,13.720000267028809,0,-0.0464851230410996,-0.04648512304109964,0.0021608666641461725,0.04648512304109964,0.1012895942304066,0.1444356546402733,0.17858632119866047
2023-12-26,12.989999771118164,12.989999771118164,13.800000190734863,12.960000038146973,13.770000457763672,0,-0.0030745575807094,-0.0030745575807094028,9.452904317097656e-06,0.0030745575807094028,0.09879648043225821,0.14114254789685993,0.17937541806600749
2023-12-27,12.43000030517578,12.43000030517578,13.039999961853027,12.369999885559082,13.020000457763672,0,-0.0440668829884884,-0.04406688298848849,0.001941890176321136,0.04406688298848849,0.10815228016124204,0.14672613304149423,0.17971957062923977
2023-12-28,12.470000267028809,12.470000267028809,12.649999618530272,12.380000114440918,12.4399995803833,0,0.0032128510314719,0.0032128510314719527,1.0322411750430391e-05,0.0032128510314719527,0.06422363995250828,0.14676130460397488,0.16246771802015308
2023-12-29,12.449999809265137,12.449999809265137,13.1899995803833,12.359999656677246,12.550000190734863,0,-0.0016051735149953,-0.0016051735149953394,2.576582013242493e-06,0.0016051735149953394,0.06422700941619666,0.14502035641235475,0.16453399031551375
2024-01-02,13.199999809265137,13.199999809265137,14.229999542236328,13.100000381469728,13.220000267028809,0,0.0584962075520669,0.05849620755206697,0.003421806297974497,0.05849620755206697,0.07338970208671336,0.1563049704631308,0.16987654436961913
2024-01-03,14.039999961853027,14.039999961853027,14.220000267028809,13.329999923706056,13.350000381469728,0,0.0616935807379297,0.06169358073792974,0.0038060979042674557,0.06169358073792974,0.09582637096502662,0.166499191956471,0.172774348388429
2024-01-04,14.130000114440918,14.130000114440918,14.199999809265137,13.640000343322754,13.93000030517578,0,0.0063898089149367,0.00638980891493679,4.0829657969405676e-05,0.00638980891493679,0.08533248416620232,0.16290228008770583,0.17141667661297846
2024-01-05,13.350000381469728,13.350000381469728,14.579999923706056,13.289999961853027,14.239999771118164,0,-0.0567837913748112,-0.056783791374811265,0.00322439896289809,0.056783791374811265,0.10244856956113553,0.17160077654230055,0.17502303004950773
2024-01-08,13.079999923706056,13.079999923706056,14.18000030517578,13.020000457763672,14.0,0,-0.0204320732245872,-0.020432073224587288,0.0004174696162548968,0.020432073224587288,0.10445382922308058,0.17256273002646946,0.1814583225929647
2024-01-09,12.760000228881836,12.760000228881836,13.449999809265137,12.739999771118164,13.199999809265137,0,-0.0247690443420909,-0.02476904434209093,0.0006135055576204667,0.02476904434209093,0.09001278630844871,0.17419409356010646,0.18373770822648933
2024-01-10,12.6899995803833,12.6899995803833,12.949999809265137,12.670000076293944,12.859999656677246,0,-0.0055010471945173,-0.005501047194517383,3.0261520236307575e-05,0.005501047194517383,0.06577587182986862,0.16507346974702322,0.17940288976353755
2024-01-11,12.4399995803833,12.4399995803833,13.3100004196167,12.350000381469728,12.640000343322754,0,-0.0198971950797868,-0.019897195079786822,0.00039589837204309294,0.019897195079786822,0.0684217365246819,0.16474994350689304,0.18329003909763122
2024-01-12,12.699999809265137,12.699999809265137,13.079999923706056,12.470000267028809,12.65999984741211,0,0.020684924866265,0.020684924866265053,0.00042786611672303033,0.020684924866265053,0.04341660031460237,0.1597298091771797,0.17984880382673088
2024-01-16,13.84000015258789,13.84000015258789,14.350000381469728,13.520000457763672,14.119999885559082,0,0.0859609827686078,0.08596098276860786,0.007389290558544898,0.08596098276860786,0.09411069081229789,0.18112159739484557,0.18061849583193343
2024-01-17,14.789999961853027,14.789999961853027,15.399999618530272,14.380000114440918,14.59000015258789,0,0.0663883129288076,0.06638831292880765,0.0044074080935332886,0.06638831292880765,0.11247544025733242,0.19146711048649653,0.17994706962891344
2024-01-18,14.130000114440918,14.130000114440918,14.890000343322754,13.890000343322754,14.850000381469728,0,-0.0456510693478868,-0.045651069347886875,0.0020840201326055765,0.045651069347886875,0.12126204382843801,0.19617002004494263,0.18289758928743005
2024-01-19,13.300000190734863,13.300000190734863,14.579999923706056,13.279999732971191,13.800000190734863,0,-0.0605361552269059,-0.06053615522690592,0.003664626089656049,0.06053615522690592,0.13406420473438455,0.20405639562682984,0.19095752936427562
2024-01-22,13.1899995803833,13.1899995803833,13.84000015258789,13.170000076293944,13.770000457763672,0,-0.0083051146526971,-0.008305114652697121,6.897492939444441e-05,0.008305114652697121,0.13271895043185955,0.20421133295574176,0.1928305586771577
2024-01-23,12.550000190734863,12.550000190734863,13.289999961853027,12.529999732971191,13.199999809265137,0,-0.0497382541401876,-0.04973825414018762,0.002473893924913891,0.04973825414018762,0.11268949893447654,0.19129453793926765,0.18103975392552954
2024-01-24,13.140000343322754,13.140000343322754,13.18000030517578,12.40999984741211,12.65999984741211,0,0.0459403584087372,0.045940358408737225,0.002110516530723233,0.045940358408737225,0.1019903505597139,0.1967281703363977,0.17780929006455742
2024-01-25,13.449999809265137,13.449999809265137,13.579999923706056,13.0600004196167,13.18000030517578,0,0.0233180526822898,0.023318052682289814,0.0005437315808940431,0.023318052682289814,0.09413683155695117,0.19257424002356746,0.174169889386868
2024-01-26,13.260000228881836,13.260000228881836,14.100000381469728,13.199999809265137,13.729999542236328,0,-0.0142270898480272,-0.01422708984802723,0.00020241008554383946,0.01422708984802723,0.07348147420588123,0.19307458429809274,0.17459027993984144
2024-01-29,13.600000381469728,13.600000381469728,15.350000381469728,13.59000015258789,13.979999542236328,0,0.0253178187724603,0.025317818772460754,0.0006409919473951662,0.025317818772460754,0.07727576637905514,0.1896757677536995,0.18662074851177074
2024-01-30,13.3100004196167,13.3100004196167,13.739999771118164,13.229999542236328,13.6899995803833,0,-0.0215541568578068,-0.02155415685780726,0.00046458167785095976,0.02155415685780726,0.06294626138546576,0.1908694740891164,0.187551132155009
2024-01-31,14.350000381469728,14.350000381469728,14.609999656677246,13.18000030517578,13.420000076293944,0,0.0752343048554422,0.07523430485544269,0.005660200627081688,0.07523430485544269,0.08667130966338188,0.2051555024466181,0.19359414380171777
2024-02-01,13.880000114440918,13.880000114440918,14.630000114440918,13.869999885559082,14.210000038146973,0,-0.0333010054652045,-0.03330100546520498,0.001108956964993612,0.03330100546520498,0.0898729175161539,0.19943904043878527,0.18983137200568764
2024-02-02,13.850000381469728,13.850000381469728,14.229999542236328,13.390000343322754,13.949999809265137,0,-0.0021637031473935,-0.0021637031473931145,4.68161131003887e-06,0.0021637031473931145,0.08876605673697352,0.18966948768367045,0.18937928692089456
2024-02-05,13.670000076293944,13.670000076293944,14.529999732971191,13.579999923706056,14.369999885559082,0,-0.0130816038593071,-0.013081603859307567,0.00017112835953185063,0.013081603859307567,0.08607873861046225,0.19001266605084108,0.1921709293497937
2024-02-06,13.0600004196167,13.0600004196167,13.779999732971191,12.979999542236328,13.56999969482422,0,-0.0456495003387802,-0.045649500338780236,0.002083876881180297,0.045649500338780236,0.09502023176196542,0.1869874091430508,0.18741540215511804
2024-02-07,12.829999923706056,12.829999923706056,13.130000114440918,12.8100004196167,13.0600004196167,0,-0.0177679832971828,-0.017767983297182433,0.0003157012304489539,0.017767983297182433,0.0606988059805536,0.18671508453315905,0.18087837739727256
2024-02-08,12.789999961853027,12.789999961853027,13.170000076293944,12.739999771118164,12.949999809265137,0,-0.0031225600728288,-0.0031225600728292946,9.75038140842769e-06,0.0031225600728292946,0.05084425694097324,0.185091241327116,0.1790352338201215
2024-02-09,12.93000030517578,12.93000030517578,13.010000228881836,12.6899995803833,12.789999961853027,0,0.0108866037777257,0.010886603777725767,0.00011851814181319295,0.010886603777725767,0.05195166016965059,0.1853295018004138,0.1791786180629917
2024-02-12,13.93000030517578,13.93000030517578,13.9399995803833,13.34000015258789,13.479999542236328,0,0.0744945933136089,0.07449459331360897,0.005549444432959994,0.07449459331360897,0.08987375071627422,0.19874750387993928,0.17544769460920423
2024-02-13,15.850000381469728,15.850000381469728,17.940000534057617,13.43000030517578,13.960000038146973,0,0.1291247146912568,0.12912471469125686,0.016673191944098484,0.12912471469125686,0.15055432949845443,0.23610568846574181,0.24534901432447886
2024-02-14,14.380000114440918,14.380000114440918,15.470000267028809,14.220000267028809,15.380000114440918,0,-0.0973311641395402,-0.09733116413954024,0.009473355512758123,0.09733116413954024,0.17839355485285438,0.24047860836277135,0.24794377423519925
2024-02-15,14.010000228881836,14.010000228881836,14.640000343322754,13.9399995803833,14.270000457763672,0,-0.0260669835652911,-0.026066983565291135,0.0006794876321931582,0.026066983565291135,0.18026091551920814,0.2325984536035333,0.24626837157511708
2024-02-16,14.239999771118164,14.239999771118164,14.710000038146973,13.75,13.9399995803833,0,0.0162835132247183,0.016283513224718327,0.00026515280293957664,0.016283513224718327,0.18066718663041575,0.22865514052627162,0.2460644211802072
2024-02-20,15.420000076293944,15.420000076293944,15.90999984741211,15.06999969482422,15.09000015258789,0,0.0796104831722432,0.07961048317224328,0.006337829030918031,0.07961048317224328,0.1828360383592565,0.23442776335227664,0.24179138198771977
2024-02-21,15.34000015258789,15.34000015258789,16.1200008392334,15.220000267028809,15.539999961853027,0,-0.0052015671967411,-0.005201567196741141,2.7056301302213495e-05,0.005201567196741141,0.12954876024150613,0.23433834001771622,0.24241578333823566
2024-02-22,14.539999961853027,14.539999961853027,14.640000343322754,14.119999885559082,14.279999732971191,0,-0.0535603364043839,-0.05356033640438396,0.002868709635750777,0.05356033640438396,0.10088724103227273,0.23517923656882567,0.24080382971945094
2024-02-23,13.75,13.75,14.3100004196167,13.640000343322754,14.3100004196167,0,-0.0558646453692048,-0.05586464536920488,0.003120858602227024,0.05586464536920488,0.1123370213827025,0.237317541249271,0.2398099370893736
2024-02-26,13.739999771118164,13.739999771118164,14.199999809265137,13.65999984741211,14.170000076293944,0,-0.0007275539764437,-0.0007275539764437511,5.293347886391144e-07,0.0007275539764437511,0.11115297074296675,0.2361703053698624,0.23979391177881418
2024-02-27,13.43000030517578,13.43000030517578,13.75,13.40999984741211,13.630000114440918,0,-0.022820236877552,-0.022820236877552524,0.0005207632111476082,0.022820236877552524,0.08085738732618314,0.23684333696369383,0.23697707298506646
2024-02-28,13.84000015258789,13.84000015258789,13.899999618530272,13.4399995803833,13.520000457763672,0,0.0300719279560754,0.03007192795607594,0.0009043208509954216,0.03007192795607594,0.08611144891888424,0.23739859975934582,0.2263130175921454
2024-02-29,13.399999618530272,13.399999618530272,14.149999618530272,13.300000190734863,14.140000343322754,0,-0.032308282725685,-0.03230828272568509,0.0010438251326828016,0.03230828272568509,0.07476828961425848,0.23861546182619833,0.22822311985964383
2024-03-01,13.109999656677246,13.109999656677246,13.65999984741211,13.079999923706056,13.34000015258789,0,-0.02187940690122,-0.021879406901220033,0.0004787084463491548,0.021879406901220033,0.054296841307425646,0.22749911305716639,0.22121922202649688
2024-03-04,13.489999771118164,13.489999771118164,13.579999923706056,13.31999969482422,13.489999771118164,0,0.0285733816651312,0.028573381665131237,0.0008164381397812579,0.028573381665131237,0.06135190120082981,0.22685530105462606,0.21919472253702607
2024-03-05,14.460000038146973,14.460000038146973,15.100000381469728,13.75,13.75,0,0.0694375661158357,0.06943756611583574,0.004821575588091059,0.06943756611583574,0.08980461100578206,0.23723452867018757,0.22332651693515973
2024-03-06,14.5,14.5,14.93000030517578,13.890000343322754,14.270000457763672,0,0.0027624300578068,0.002762430057806853,7.631019824274772e-06,0.002762430057806853,0.0846650950907674,0.23688968794284498,0.22384371594384606
2024-03-07,14.4399995803833,14.4399995803833,14.979999542236328,14.25,14.979999542236328,0,-0.0041465450211775,-0.004146545021177506,1.7193835612651962e-05,0.004146545021177506,0.07836802300465756,0.2324866473759102,0.22297099222509376
2024-03-08,14.739999771118164,14.739999771118164,15.529999732971191,13.970000267028809,14.220000267028809,0,0.0205627668278989,0.020562766827898926,0.00042282737961854046,0.020562766827898926,0.07801067851857156,0.2327169253777224,0.23138373455983788
2024-03-11,15.220000267028809,15.220000267028809,16.040000915527344,15.130000114440918,15.510000228881836,0,0.032045498744889,0.032045498744889045,0.0010269139898086853,0.032045498744889045,0.07934823131586079,0.23489216880445518,0.2331766786378702
2024-03-12,13.84000015258789,13.84000015258789,15.199999809265137,13.8100004196167,14.970000267028809,0,-0.0950474087634791,-0.09504740876347917,0.009034009912651896,0.09504740876347917,0.10251134638427196,0.25315967833859204,0.23971834399795403
2024-03-13,13.75,13.75,14.039999961853027,13.670000076293944,13.890000343322754,0,-0.0065241371020796,-0.0065241371020796635,4.256436492673243e-05,0.0065241371020796635,0.10268159271563061,0.24203913458047668,0.23879702471678635
2024-03-14,14.399999618530272,14.399999618530272,15.329999923706056,13.420000076293944,13.619999885559082,0,0.046189355978421,0.046189355978420554,0.0021334566057012545,0.046189355978420554,0.1125156533674637,0.2098647357944371,0.1821355779316389
2024-03-15,14.40999984741211,14.40999984741211,15.529999732971191,14.140000343322754,14.329999923706056,0,0.0006942193314012,0.0006942193314016798,4.819404800917953e-07,0.0006942193314016798,0.11062290365728426,0.18593099192386098,0.18380464895735496
2024-03-18,14.329999923706056,14.329999923706056,14.850000381469728,14.260000228881836,14.75,0,-0.0055671629063938,-0.005567162906393808,3.099330282632715e-05,0.005567162906393808,0.1060259691141111,0.18417882459290488,0.1830605076187479
2024-03-19,13.81999969482422,13.81999969482422,14.859999656677246,13.800000190734863,14.5,0,-0.036238440258669,-0.03623844025866907,0.0013132245523811272,0.03623844025866907,0.05933566184273731,0.18700243628858307,0.1839664754438128
2024-03-20,13.039999961853027,13.039999961853027,14.170000076293944,13.010000228881836,13.829999923706056,0,-0.0580952426842142,-0.05809524268421429,0.0033750572225377537,0.05809524268421429,0.08278413872189946,0.17890539223143972,0.188184718796523
2024-03-21,12.920000076293944,12.920000076293944,13.079999923706056,12.399999618530272,12.979999542236328,0,-0.0092450493135656,-0.009245049313566067,8.54709368102684e-05,0.009245049313566067,0.06931975155059132,0.17906857347115196,0.18775271805204888
2024-03-22,13.0600004196167,13.0600004196167,13.149999618530272,12.579999923706056,12.920000076293944,0,0.0107776517186404,0.010777651718640868,0.00011615777656832246,0.010777651718640868,0.07014915388744142,0.1712104031471537,0.18838151952973411
2024-03-25,13.1899995803833,13.1899995803833,13.670000076293944,13.109999656677246,13.670000076293944,0,0.0099047789377775,0.009904778937777525,9.810464580624128e-05,0.009904778937777525,0.07062588147488039,0.16214267849455957,0.18785448458677084
2024-03-26,13.239999771118164,13.239999771118164,13.43000030517578,12.84000015258789,13.119999885559082,0,0.0037835983057363,0.00378359830573638,1.4315616139171204e-05,0.00378359830573638,0.06073801279151217,0.16218518573143678,0.1883484171707765
2024-03-27,12.779999732971191,12.779999732971191,13.34000015258789,12.65999984741211,13.130000114440918,0,-0.0353611051665989,-0.03536110516659896,0.0012504077586032716,0.03536110516659896,0.03955321395193334,0.16441921730198178,0.19035836084717306
2024-03-28,13.010000228881836,13.010000228881836,13.100000381469728,12.84000015258789,12.93000030517578,0,0.0178368820620606,0.01783688206206069,0.00031815436169586235,0.01783688206206069,0.04239268992188403,0.16262691206838045,0.18966488601728995
2024-04-01,13.649999618530272,13.649999618530272,14.149999618530272,13.550000190734863,13.609999656677246,0,0.0480211835672923,0.04802118356729235,0.0023060340712035884,0.04802118356729235,0.06314282582723293,0.1664623725272998,0.1877915052591701
2024-04-02,14.609999656677246,14.609999656677246,15.43000030517578,13.68000030517578,13.739999771118164,0,0.0679667085789779,0.06796670857897791,0.004619473475059709,0.06796670857897791,0.09224090894338445,0.17846704596683413,0.19953252677706088
2024-04-03,14.329999923706056,14.329999923706056,15.18000030517578,14.25,15.0,0,-0.0193509657474373,-0.019350965747437332,0.0003744598753584929,0.019350965747437332,0.09417287051970469,0.17722445720527774,0.2027808146696583
2024-04-04,16.350000381469727,16.350000381469727,16.920000076293945,13.739999771118164,14.289999961853027,0,0.131872684158735,0.131872684158735,0.017390404827229474,0.131872684158735,0.15814084421978805,0.20970774299210732,0.23149169453806662
2024-04-05,16.030000686645508,16.030000686645508,16.75,15.529999732971191,16.450000762939453,0,-0.0197659112182546,-0.01976591121825466,0.00039069124628792547,0.01976591121825466,0.1583700208219325,0.21061908198761903,0.23188534785106316
2024-04-08,15.1899995803833,15.1899995803833,16.5,15.109999656677246,16.239999771118164,0,-0.0538247204733437,-0.053824720473343746,0.002897100534033589,0.053824720473343746,0.16022524756719625,0.21734834804002612,0.23593197048127837
2024-04-09,14.979999542236328,14.979999542236328,16.6299991607666,14.9399995803833,15.34000015258789,0,-0.013921341452395,-0.013921341452395097,0.00019380374783417405,0.013921341452395097,0.14576165555709017,0.21682084946781285,0.2361443128215681
2024-04-10,15.800000190734863,15.800000190734863,16.6200008392334,14.59000015258789,15.239999771118164,0,0.0532940045739978,0.0532940045739978,0.0028402509235332983,0.0532940045739978,0.1539878283466541,0.2209629328590399,0.24628145482508712
2024-04-11,14.90999984741211,14.90999984741211,17.610000610351562,14.90999984741211,16.020000457763672,0,-0.0579778335620306,-0.05797783356203068,0.003361429184546531,0.05797783356203068,0.0984036362957978,0.207730683745958,0.2594767874462977
2024-04-12,17.309999465942383,17.309999465942383,19.200000762939453,14.90999984741211,14.90999984741211,0,0.1492522197928516,0.14925221979285164,0.022276225113093694,0.14925221979285164,0.1776761365604324,0.2557062723472582,0.30022507587499375
2024-04-15,19.229999542236328,19.229999542236328,19.459999084472656,16.260000228881836,16.940000534057617,0,0.1051871974604559,0.1051871974604559,0.011064346509584941,0.1051871974604559,0.19933904654781706,0.27261068875158556,0.3088521556268211
2024-04-16,18.399999618530277,18.399999618530277,19.559999465942383,17.639999389648438,19.489999771118164,0,-0.0441208919131352,-0.044120891913135285,0.0019466531032105666,0.044120891913135285,0.2036882540402592,0.27615712698452005,0.3099493753381419
2024-04-17,18.209999084472656,18.209999084472656,19.11000061035156,17.540000915527344,18.239999771118164,0,-0.0103798004194506,-0.010379800419450635,0.00010774025674762759,0.010379800419450635,0.1968664373812446,0.27629604727224316,0.31325147875555215
2024-04-18,18.0,18.0,18.3700008392334,17.209999084472656,17.90999984741211,0,-0.0115990855672745,-0.011599085567274514,0.00013453878599695593,0.011599085567274514,0.18849271542591223,0.27415473727784,0.31254724125578026
2024-04-19,18.709999084472656,18.709999084472656,21.36000061035156,18.170000076293945,21.32999992370605,0,0.0386863334573179,0.03868633345731798,0.0014966323963708005,0.03868633345731798,0.12144921182087198,0.2707072129547244,0.32325052601541987
2024-04-22,16.940000534057617,16.940000534057617,18.71999931335449,16.690000534057617,18.59000015258789,0,-0.0993803706031508,-0.09938037060315086,0.009876458061219612,0.09938037060315086,0.11645609732232015,0.2882245344694373,0.32896015606247236
2024-04-23,15.6899995803833,15.6899995803833,16.760000228881836,15.6899995803833,16.719999313354492,0,-0.0766541807496032,-0.07665418074960328,0.005875863426392851,0.07665418074960328,0.13225442497976386,0.29804880123890515,0.33026697725831794
2024-04-24,15.970000267028809,15.970000267028809,16.3799991607666,15.579999923706056,15.760000228881836,0,0.0176884389468443,0.017688438946844354,0.0003128808723762402,0.017688438946844354,0.13302771719591597,0.2984088875126181,0.33068044307086014
2024-04-25,15.369999885559082,15.369999885559082,17.549999237060547,15.270000457763672,16.25,0,-0.0382944288428013,-0.03829442884280132,0.0014664632803963738,0.03829442884280132,0.1379430970971582,0.30083219875999906,0.3400097160963604
2024-04-26,15.029999732971191,15.029999732971191,16.059999465942383,14.920000076293944,15.489999771118164,0,-0.0223693641062761,-0.0223693641062761,0.0005003884505191536,0.0223693641062761,0.13428348405855564,0.2995830310659992,0.34143025295386653
2024-04-29,14.670000076293944,14.670000076293944,15.420000076293944,14.630000114440918,15.369999885559082,0,-0.024243588642927,-0.024243588642927083,0.0005877515902874631,0.024243588642927083,0.09350586944129347,0.30003264777567634,0.3426765705075299
2024-04-30,15.649999618530272,15.649999618530272,15.899999618530272,14.670000076293944,14.81999969482422,0,0.0646662952555314,0.06466629525553147,0.0041817297420755715,0.06466629525553147,0.0839595970431906,0.30314235171311027,0.3450916253500629
2024-05-01,15.390000343322754,15.390000343322754,16.219999313354492,14.350000381469728,15.75,0,-0.0167529224521407,-0.016752922452140773,0.0002806604106874424,0.016752922452140773,0.08376749652440464,0.29589942943132347,0.3453601203519403
2024-05-02,14.68000030517578,14.68000030517578,16.09000015258789,14.600000381469728,15.140000343322754,0,-0.0472319261840485,-0.04723192618404903,0.0022308548510554566,0.04723192618404903,0.08821215927878212,0.2990198443472937,0.34819237760825417
2024-05-03,13.489999771118164,13.489999771118164,14.579999923706056,13.479999542236328,14.510000228881836,0,-0.0845373907220241,-0.08453739072202371,0.0071465704300881,0.08453739072202371,0.12011480768079419,0.28136992184016113,0.32836767703132985
2024-05-06,13.489999771118164,13.489999771118164,14.020000457763672,13.4399995803833,13.979999542236328,0,0.0,0.0,0.0,0.0,0.11764274492677698,0.2806747969983241,0.3261999699960995
2024-05-07,13.229999542236328,13.229999542236328,13.640000343322754,13.15999984741211,13.520000457763672,0,-0.0194617097264511,-0.019461709726451115,0.00037875814547664194,0.019461709726451115,0.10018404981486713,0.27615213068432676,0.32260816200951303
2024-05-08,13.0,13.0,13.510000228881836,12.9399995803833,13.239999771118164,0,-0.0175375860648983,-0.017537586064898303,0.0003075669249837151,0.017537586064898303,0.10031824535748247,0.27635803309953383,0.31718141317050774
2024-05-09,12.6899995803833,12.6899995803833,13.289999961853027,12.68000030517578,13.079999923706056,0,-0.0241351088019627,-0.02413510880196279,0.0005825034768825818,0.02413510880196279,0.09173548374228577,0.2722425664953817,0.30867381344456785
2024-05-10,12.550000190734863,12.550000190734863,12.960000038146973,12.5,12.770000457763672,0,-0.0110935678837837,-0.011093567883783795,0.00012306724839211927,0.011093567883783795,0.03730811970248832,0.26622857298914765,0.29284758948614736
2024-05-13,13.600000381469728,13.600000381469728,13.65999984741211,13.25,13.260000228881836,0,0.0803491400154601,0.08034914001546056,0.006455984301224086,0.08034914001546056,0.08858826162059667,0.2346431594229167,0.25105879498127753
2024-05-14,13.420000076293944,13.420000076293944,14.029999732971191,13.270000457763672,13.710000038146973,0,-0.0133236835626218,-0.013323683562622701,0.00017752054367690235,0.013323683562622701,0.08744508273859396,0.21016799541809467,0.22914706440241592
2024-05-15,12.449999809265137,12.449999809265137,13.9399995803833,12.380000114440918,13.729999542236328,0,-0.0750255296379811,-0.0750255296379807,0.005628830097459521,0.0750255296379807,0.11387671257827629,0.21875274465091682,0.23181551182930513
2024-05-16,12.420000076293944,12.420000076293944,12.670000076293944,12.329999923706056,12.520000457763672,0,-0.0024125249424846,-0.002412524942485117,5.820276598112817e-06,0.002412524942485117,0.11131586799441884,0.21851966344509985,0.22661558836140214
2024-05-17,11.989999771118164,11.989999771118164,12.479999542236328,11.90999984741211,12.279999732971191,0,-0.0352351326981339,-0.0352351326981335,0.0012415145762550764,0.0352351326981335,0.11623110511052469,0.2210380489925158,0.2249628651795391
2024-05-20,12.149999618530272,12.149999618530272,12.59000015258789,12.06999969482422,12.270000457763672,0,0.0132561884398429,0.013256188439842997,0.00017572653195262712,0.013256188439842997,0.08502594913285225,0.2180296155067005,0.20448438756490023
2024-05-21,11.859999656677246,11.859999656677246,12.5600004196167,11.84000015258789,12.300000190734863,0,-0.0241577737682483,-0.024157773768248347,0.000583598033437868,0.024157773768248347,0.08738128813254784,0.19556086829991806,0.1957521392253108
2024-05-22,12.289999961853027,12.289999961853027,12.8100004196167,11.779999732971191,12.050000190734863,0,0.0356145558524167,0.035614555852416796,0.0012683965885649155,0.035614555852416796,0.057228105042965896,0.18340279815856128,0.1982002985463133
2024-05-23,12.770000457763672,12.770000457763672,13.369999885559082,11.520000457763672,11.529999732971191,0,0.0383127854172098,0.03831278541720984,0.0014678695264251668,0.03831278541720984,0.06882663188501811,0.1865249983954936,0.21535713285551208
2024-05-24,11.93000030517578,11.93000030517578,12.890000343322754,11.890000343322754,12.859999656677246,0,-0.0680424442008904,-0.0680424442008909,0.004629774212831351,0.0680424442008909,0.09014080592723844,0.19482013745728102,0.20431770025513676
2024-05-28,12.920000076293944,12.920000076293944,13.4399995803833,12.359999656677246,12.510000228881836,0,0.0797202425692003,0.0797202425692003,0.006355317075292135,0.0797202425692003,0.1196033253574146,0.20930794199849861,0.20572168767060575
2024-05-29,14.279999732971191,14.279999732971191,14.31999969482422,13.6899995803833,13.75,0,0.1000834339523817,0.10008343395238217,0.010016693751700844,0.10008343395238217,0.1540715780240293,0.23073525249744617,0.20507057395570397
2024-05-30,14.470000267028809,14.470000267028809,14.880000114440918,13.670000076293944,14.81999969482422,0,0.0132176208854111,0.013217620885411119,0.0001747055018704562,0.013217620885411119,0.15048043084773546,0.22188224918829158,0.20569477871478492
2024-05-31,12.920000076293944,12.920000076293944,14.869999885559082,12.84000015258789,14.5,0,-0.1133010548377928,-0.11330105483779329,0.012837129027356642,0.11330105483779329,0.1844278166900307,0.24857232573543725,0.211350313700178
2024-06-03,13.109999656677246,13.109999656677246,14.3100004196167,13.0,13.079999923706056,0,0.014598767328195,0.014598767328195539,0.00021312400750278951,0.014598767328195539,0.17203769750761896,0.24447999975043286,0.21115783567890528
2024-06-04,13.15999984741211,13.15999984741211,14.079999923706056,13.109999656677246,13.510000228881836,0,0.0038066427145913,0.0038066427145913018,1.4490528756551036e-05,0.0038066427145913018,0.15249964858053747,0.2294305785562162,0.21025207175168742
2024-06-05,12.630000114440918,12.630000114440918,13.25,12.600000381469728,13.140000343322754,0,-0.0411069688789078,-0.04110696887890786,0.001689782890411499,0.04110696887890786,0.12218523624357436,0.2330840476460189,0.2108902157909642
2024-06-06,12.579999923706056,12.579999923706056,12.979999542236328,12.539999961853027,12.75,0,-0.0039667002158454,-0.003966700215844998,1.5734710602384754e-05,0.003966700215844998,0.12153296328416421,0.23230400304811225,0.21080971672450188
2024-06-07,12.220000267028809,12.220000267028809,13.079999923706056,12.109999656677246,12.6899995803833,0,-0.0290342696123588,-0.02903426961235933,0.0008429888119231725,0.02903426961235933,0.05268890726895497,0.23345357508317752,0.2142706223732902
2024-06-10,12.739999771118164,12.739999771118164,13.279999732971191,12.619999885559082,13.09000015258789,0,0.0416726565831759,0.04167265658317598,0.0017366103066993204,0.04167265658317598,0.065571390471707,0.23591243830907588,0.21459936911423247
2024-06-11,12.850000381469728,12.850000381469728,13.470000267028809,12.779999732971191,12.850000381469728,0,0.0085972088491783,0.008597208849178362,7.391199999639072e-05,0.008597208849178362,0.06602294085871142,0.23580823416610755,0.21582194753676437
2024-06-12,12.039999961853027,12.039999961853027,13.149999618530272,11.9399995803833,13.100000381469728,0,-0.0651094043152666,-0.06510940431526668,0.004239234530288868,0.06510940431526668,0.0831172687202261,0.23106010804464408,0.22272128627733054
2024-06-13,11.9399995803833,11.9399995803833,12.68000030517578,11.880000114440918,12.050000190734863,0,-0.0083403638916434,-0.008340363891643499,6.956166984503069e-05,0.008340363891643499,0.08344044174591192,0.2308263733973454,0.22364685962837438
2024-06-14,12.65999984741211,12.65999984741211,13.449999809265137,12.119999885559082,12.220000267028809,0,0.0585533318425959,0.058553331842595924,0.0034284926698691575,0.058553331842595924,0.0977129017924394,0.2260099051550183,0.22101595985534672
2024-06-17,12.75,12.75,13.289999961853027,12.5,13.06999969482422,0,0.0070838669411608,0.00708386694116081,5.018117084007101e-05,0.00708386694116081,0.08866443503930795,0.22610802312704942,0.22346305965228788
2024-06-18,12.300000190734863,12.300000190734863,12.739999771118164,12.239999771118164,12.699999809265137,0,-0.0359319937191635,-0.03593199371916356,0.0012911081726340093,0.03593199371916356,0.09528157331550144,0.226217664471193,0.22299250234099105
2024-06-20,13.279999732971191,13.279999732971191,13.550000190734863,12.18000030517578,12.5,0,0.076659846055425,0.07665984605542508,0.005876731997241473,0.07665984605542508,0.10351847989817993,0.23848571693938003,0.23061186878222975
2024-06-21,13.199999809265137,13.199999809265137,13.779999732971191,12.989999771118164,13.220000267028809,0,-0.0060423087979821,-0.006042308797982177,3.6509495610172814e-05,0.006042308797982177,0.10335871277350073,0.23733594048576462,0.2306123194553249
2024-06-24,13.329999923706056,13.329999923706056,13.880000114440918,13.149999618530272,13.850000381469728,0,0.0098003133244262,0.009800313324426213,9.604614125692598e-05,0.009800313324426213,0.08573550593297266,0.2348531417693926,0.22737772037961204
2024-06-25,12.84000015258789,12.84000015258789,13.520000457763672,12.84000015258789,13.479999542236328,0,-0.0374518183215335,-0.03745181832153355,0.0014026386955891558,0.03745181832153355,0.09329005575264641,0.23471422489512303,0.21133259674133367
2024-06-26,12.550000190734863,12.550000190734863,13.239999771118164,12.369999885559082,12.8100004196167,0,-0.0228446293698167,-0.022844629369816793,0.000521877091044296,0.022844629369816793,0.08907190028702747,0.2257938667154875,0.20970368435506198
2024-06-27,12.239999771118164,12.239999771118164,12.770000457763672,12.210000038146973,12.6899995803833,0,-0.0250114223911066,-0.025011422391106652,0.0006255712500263512,0.025011422391106652,0.05179423397953715,0.21272781769450266,0.20535319855258966
2024-06-28,12.4399995803833,12.4399995803833,12.760000228881836,11.869999885559082,12.239999771118164,0,0.0162077951951036,0.016207795195103625,0.00026269262508642416,0.016207795195103625,0.05393353134185904,0.18841211026484245,0.20814718398830248
2024-07-01,12.220000267028809,12.220000267028809,13.260000228881836,12.100000381469728,12.979999542236328,0,-0.017843077984553,-0.01784307798455309,0.0003183754319628432,0.01784307798455309,0.05595672518749832,0.18879299040097736,0.20917330857082606
2024-07-02,12.029999732971191,12.029999732971191,12.880000114440918,11.850000381469728,12.670000076293944,0,-0.0156704678055552,-0.015670467805555255,0.0002455635612449437,0.015670467805555255,0.04443061961491194,0.15182630786010648,0.19618483165608405
2024-07-03,12.09000015258789,12.09000015258789,12.229999542236328,11.949999809265137,12.130000114440918,0,0.0049751694580226,0.004975169458022677,2.4752311136041657e-05,0.004975169458022677,0.0384311745781565,0.1512046826724129,0.1880354972067063
2024-07-05,12.479999542236328,12.479999542236328,12.609999656677246,11.84000015258789,12.369999885559082,0,0.0317486490137981,0.03174864901379815,0.0010079767142013461,0.03174864901379815,0.04312030430819961,0.15445498453436157,0.18695315622363037
2024-07-08,12.369999885559082,12.369999885559082,12.90999984741211,12.3100004196167,12.90999984741211,0,-0.0088531491085919,-0.008853149108591918,7.837824913896188e-05,0.008853149108591918,0.04092732910518686,0.14914736875398554,0.1866970385809767
2024-07-09,12.510000228881836,12.510000228881836,12.609999656677246,12.350000381469728,12.479999542236328,0,0.0112541656218221,0.011254165621822132,0.00012665624384340313,0.011254165621822132,0.038513985506109794,0.14951875848694826,0.1859660988345806
2024-07-10,12.850000381469728,12.850000381469728,12.920000076293944,12.390000343322754,12.510000228881836,0,0.0268154982528585,0.02681549825285856,0.0007190709465490605,0.02681549825285856,0.044236121720478076,0.14910379362747364,0.18186485050263151
2024-07-11,12.920000076293944,12.920000076293944,13.329999923706056,12.229999542236328,12.880000114440918,0,0.0054326632319714,0.005432663231971002,2.9513829792009614e-05,0.005432663231971002,0.04428990837115065,0.1432649461564026,0.18658215525075053
2024-07-12,12.460000038146973,12.460000038146973,12.890000343322754,12.109999656677246,12.869999885559082,0,-0.0362529878386981,-0.03625298783869768,0.0013142791272327619,0.03625298783869768,0.047622456851325254,0.14753037627700036,0.18767236708840557
2024-07-15,13.119999885559082,13.119999885559082,13.260000228881836,12.75,12.779999732971191,0,0.0516142583724503,0.05161425837245037,0.002664031667338063,0.05161425837245037,0.06966743726272294,0.14209155168933338,0.18004199440908258
2024-07-16,13.1899995803833,13.1899995803833,13.470000267028809,12.949999809265137,13.380000114440918,0,0.0053211601226657,0.005321160122665702,2.8314745051047672e-05,0.005321160122665702,0.06895803300532202,0.14194633541126914,0.1773198517192523
2024-07-17,14.479999542236328,14.479999542236328,14.880000114440918,13.539999961853027,13.600000381469728,0,0.0933094204280786,0.09330942042807866,0.008706647940623943,0.09330942042807866,0.11288395506022086,0.15945819956165097,0.17534010160596933
2024-07-18,15.93000030517578,15.93000030517578,16.43000030517578,14.079999923706056,14.270000457763672,0,0.0954357877352003,0.0954357877351999,0.00910798958063813,0.0954357877351999,0.1477202188628357,0.18570063494032907,0.19489140007188901
2024-07-19,16.520000457763672,16.520000457763672,17.190000534057617,10.619999885559082,16.440000534057617,0,0.0363676527232401,0.03636765272324061,0.0013226061645982298,0.03636765272324061,0.14774840133906544,0.18578542410319918,0.3479292721696948
2024-07-22,14.90999984741211,14.90999984741211,16.889999389648438,14.75,16.790000915527344,0,-0.1025396772597795,-0.10253967725977953,0.010514385412539747,0.10253967725977953,0.17227868075722902,0.1978733868525625,0.35153503597696917
2024-07-23,14.720000267028809,14.720000267028809,15.350000381469728,13.899999618530272,15.210000038146973,0,-0.0128249871014434,-0.01282498710144342,0.00016448029415219007,0.01282498710144342,0.17267341831489982,0.19819648842259005,0.3547829060455679
2024-07-24,18.040000915527344,18.040000915527344,18.459999084472656,15.18000030517578,15.350000381469728,0,0.203384433943055,0.20338443394305505,0.041365227970336926,0.20338443394305505,0.24994937371848996,0.28381513323310625,0.37231859527703876
2024-07-25,18.459999084472656,18.459999084472656,19.36000061035156,16.420000076293945,18.40999984741211,0,0.0230146140951785,0.023014614095178576,0.0005296724619499924,0.023014614095178576,0.2321559223960854,0.28227303027120165,0.383986173088994
2024-07-26,16.389999389648438,16.389999389648438,18.049999237060547,16.3700008392334,17.969999313354492,0,-0.1189348239630354,-0.11893482396303545,0.014145492351118233,0.11893482396303545,0.25830071329769344,0.3054532351744873,0.3862920848705825
2024-07-29,16.600000381469727,16.600000381469727,17.209999084472656,16.229999542236328,16.59000015258789,0,0.0127313628261291,0.012731362826129189,0.0001620875994105442,0.012731362826129189,0.23741727122719616,0.3046936087743634,0.38695743761876616
2024-07-30,17.690000534057617,17.690000534057617,18.31999969482422,16.260000228881836,16.639999389648438,0,0.0635968200188954,0.06359682001889544,0.00404455551651578,0.06359682001889544,0.24545271621909506,0.31083767165415166,0.3911299901639751
2024-07-31,16.360000610351562,16.360000610351562,16.770000457763672,15.710000038146973,16.65999984741211,0,-0.0781601698793439,-0.07816016987934393,0.006109012155567903,0.07816016987934393,0.15808485090154145,0.3200167102558541,0.3892269478807807
2024-08-01,18.59000015258789,18.59000015258789,19.479999542236328,15.949999809265137,16.200000762939453,0,0.1277844414592626,0.1277844414592626,0.01632886347905571,0.1277844414592626,0.2019653710458016,0.3442295669473935,0.4042385949400603
2024-08-02,23.38999938964844,23.38999938964844,29.65999984741211,20.01000022888184,20.520000457763672,0,0.2296847445601204,0.22968474456012045,0.05275508188364778,0.22968474456012045,0.28177934742311733,0.4137926102932504,0.46806193543481517
2024-08-05,38.56999969482422,38.56999969482422,65.7300033569336,23.38999938964844,23.38999938964844,0,0.5001662098063431,0.5001662098063431,0.2501662374320428,0.5001662098063431,0.5739370614159972,0.6483691734275645,0.7763409030954994
2024-08-06,27.709999084472656,27.709999084472656,34.77000045776367,24.020000457763672,33.709999084472656,0,-0.3306814384725931,-0.3306814384725931,0.10935021375030339,0.3306814384725931,0.6593249644148307,0.7277736052869104,0.8069878436789143
2024-08-07,27.850000381469727,27.850000381469727,29.76000022888184,21.96999931335449,24.770000457763672,0,0.0050396542353041,0.0050396542353041696,2.5398114811419255e-05,0.0050396542353041696,0.6546951921771392,0.7277040349092999,0.8272197603291241
2024-08-08,23.790000915527344,23.790000915527344,29.46999931335449,23.36000061035156,28.34000015258789,0,-0.157567617272019,-0.15756761727201907,0.024827554012781482,0.15756761727201907,0.6611539043169805,0.7440844343819512,0.838528977992949
2024-08-09,20.3700008392334,20.3700008392334,24.520000457763672,20.26000022888184,23.780000686645508,0,-0.1552020913603775,-0.15520209136037755,0.024087689162634977,0.15520209136037755,0.6391064797610599,0.7600788254005969,0.8447433455483561
2024-08-12,20.709999084472656,20.709999084472656,21.190000534057617,18.88999938964844,20.790000915527344,0,0.0165533597622804,0.01655335976228045,0.0002740137194194855,0.01655335976228045,0.39820204514787577,0.7593942029108056,0.8467274516205898
2024-08-13,18.1200008392334,18.1200008392334,20.790000915527344,17.950000762939453,20.059999465942383,0,-0.133600284270333,-0.133600284270333,0.017849035957113787,0.133600284270333,0.25896658272209805,0.7693273423610483,0.8509840514642816
2024-08-14,16.190000534057617,16.190000534057617,18.489999771118164,16.1200008392334,18.40999984741211,0,-0.112622546253716,-0.11262254625371604,0.012683837924670408,0.11262254625371604,0.28235107716568086,0.7775088956944047,0.8546350425221317
2024-08-15,15.229999542236328,15.229999542236328,16.68000030517578,14.770000457763672,16.270000457763672,0,-0.0611266638260632,-0.06112666382606324,0.0037364690305045486,0.06112666382606324,0.24213848474446045,0.7743060789983593,0.8558757049278538
2024-08-16,14.800000190734863,14.800000190734863,15.760000228881836,14.649999618530272,15.289999961853027,0,-0.0286399431928012,-0.028639943192801276,0.0008202463460868841,0.028639943192801276,0.18805212835220775,0.768935732515574,0.8519706685202862
2024-08-19,14.649999618530272,14.649999618530272,16.06999969482422,14.460000038146973,15.9399995803833,0,-0.0101868842333736,-0.010186884233373661,0.00010377261038415688,0.010186884233373661,0.1875989388796213,0.7681427778642771,0.8038801551101075
2024-08-20,15.880000114440918,15.880000114440918,15.93000030517578,14.779999732971191,14.890000343322754,0,0.0806201536014099,0.08062015360140995,0.0064996091667149335,0.08062015360140995,0.15441481495750672,0.765525016533897,0.8010170394924409
2024-08-21,16.270000457763672,16.270000457763672,17.170000076293945,15.920000076293944,16.25,0,0.0242624863407932,0.0242624863407932,0.0005886682434371765,0.0242624863407932,0.10839172199539876,0.7658020232987821,0.8000861363082453
2024-08-22,17.549999237060547,17.549999237060547,18.059999465942383,15.760000228881836,16.270000457763672,0,0.0757309570731505,0.07573095707315058,0.005735177859215376,0.07573095707315058,0.11724962356373958,0.7421742981115601,0.7956304858921198
2024-08-23,15.859999656677246,15.859999656677246,17.209999084472656,15.609999656677246,17.1200008392334,0,-0.1012537118799228,-0.10125371187992283,0.010252314169462425,0.10125371187992283,0.15224829079242294,0.7486957529496873,0.7916295432690642
2024-08-26,16.149999618530273,16.149999618530273,16.670000076293945,15.8100004196167,16.270000457763672,0,0.0181198314886312,0.018119831488631277,0.00032832829317639355,0.018119831488631277,0.15298397867752822,0.7394106886074595,0.7900929355977765
2024-08-27,15.43000030517578,15.43000030517578,16.809999465942383,15.369999885559082,16.209999084472656,0,-0.0456063398950989,-0.04560633989509899,0.002079938238627298,0.04560633989509899,0.1377839860213036,0.7407064310954604,0.791138293831629
2024-08-28,17.110000610351562,17.110000610351562,17.889999389648438,15.460000038146973,15.510000228881836,0,0.1033494374231644,0.10334943742316449,0.010681106215684593,0.10334943742316449,0.17051939706721403,0.7451728442216229,0.7927511678095335
2024-08-29,15.649999618530272,15.649999618530272,16.56999969482422,15.1899995803833,16.540000915527344,0,-0.0891922309652146,-0.08919223096521467,0.007955254064552199,0.08919223096521467,0.17690941462088167,0.7464106173376202,0.7935010751413967
2024-08-30,15.0,15.0,16.040000915527344,14.779999732971191,15.670000076293944,0,-0.0424206915088896,-0.04242069150888961,0.0017995150680923788,0.04242069150888961,0.15114278639793885,0.7366135087434684,0.7859015020652896
2024-09-03,20.71999931335449,20.71999931335449,21.989999771118164,15.710000038146973,15.760000228881836,0,0.3230491831498097,0.3230491831498097,0.10436077473375928,0.3230491831498097,0.3561974007775967,0.7708470367806284,0.7762496967684342
2024-09-04,21.31999969482422,21.31999969482422,23.309999465942383,19.34000015258789,23.200000762939453,0,0.0285462007315628,0.028546200731562887,0.0008148855762066815,0.028546200731562887,0.3544171774311951,0.5872425412533047,0.4796680725776119
2024-09-05,19.899999618530277,19.899999618530277,21.530000686645508,19.209999084472656,20.75,0,-0.068925872422469,-0.06892587242246906,0.004750775889198481,0.06892587242246906,0.3459497150335712,0.49015748938125425,0.43061476930125314
2024-09-06,22.3799991607666,22.3799991607666,23.76000022888184,18.82999992370605,21.979999542236328,0,0.1174479528234067,0.1174479528234067,0.013794021622409166,0.1174479528234067,0.354287980165382,0.5040069323968989,0.41438483974083784
2024-09-09,19.450000762939453,19.450000762939453,21.40999984741211,19.290000915527344,21.31999969482422,0,-0.1403205560943869,-0.14032055609438698,0.019689858462638005,0.14032055609438698,0.3786955456355563,0.4988840470028969,0.3951772998743818
2024-09-10,19.07999992370605,19.07999992370605,20.739999771118164,18.899999618530277,19.86000061035156,0,-0.0192064472686275,-0.019206447268627524,0.0003688876166825697,0.019206447268627524,0.19854074938695837,0.4745171132931206,0.38228552760917045
2024-09-11,17.690000534057617,17.690000534057617,21.40999984741211,17.549999237060547,19.40999984741211,0,-0.0756411236600089,-0.07564112366000897,0.005721579588548769,0.07564112366000897,0.21053532525321517,0.4802229239396694,0.39450706285507986
2024-09-12,17.06999969482422,17.06999969482422,18.59000015258789,16.889999389648438,17.6200008392334,0,-0.0356770194330491,-0.03567701943304913,0.0012728497156261653,0.03567701943304913,0.202106894998426,0.46264227048085205,0.38880808431127334
2024-09-13,16.559999465942383,16.559999465942383,17.18000030517578,16.229999542236328,17.030000686645508,0,-0.0303324022211906,-0.030332402221190602,0.0009200546245080886,0.030332402221190602,0.16725199552771772,0.44974891565796526,0.38151355548576504
2024-09-16,17.139999389648438,17.139999389648438,17.690000534057617,16.90999984741211,17.15999984741211,0,0.0344247608526,0.034424760852600045,0.0011850641597587045,0.034424760852600045,0.09730588730968136,0.44690343729352733,0.37543551017645344
2024-09-17,17.610000610351562,17.610000610351562,18.07999992370605,16.670000076293945,17.15999984741211,0,0.0270520796076305,0.027052079607630564,0.0007318150110975814,0.027052079607630564,0.09915323040395314,0.44680448848437104,0.37603960617475624
2024-09-18,18.229999542236328,18.229999542236328,19.38999938964844,17.110000610351562,17.579999923706055,0,0.0346016064126244,0.03460160641262444,0.001197271166334173,0.03460160641262444,0.07284953450314438,0.44802650533839006,0.37819341482468133
2024-09-19,16.329999923706055,16.329999923706055,17.270000457763672,16.209999084472656,17.209999084472656,0,-0.1100646612697495,-0.11006466126974956,0.01211422966042471,0.11006466126974956,0.12707649122525916,0.4542492377312704,0.3774286991020328
2024-09-20,16.149999618530273,16.149999618530273,16.68000030517578,15.8100004196167,16.350000381469727,0,-0.0110838762621137,-0.011083876262113712,0.00012285231299384784,0.011083876262113712,0.12390009003470953,0.4537362163735631,0.37606738587057104
2024-09-23,15.890000343322754,15.890000343322754,16.950000762939453,15.75,16.709999084472656,0,-0.0162300238934096,-0.016230023893409662,0.00026341367558064855,0.016230023893409662,0.12012319437323947,0.44766593556508427,0.36970019063372456
2024-09-24,15.390000343322754,15.390000343322754,16.670000076293945,15.270000457763672,15.869999885559082,0,-0.0319720319958802,-0.03197203199588028,0.0010222108299455922,0.03197203199588028,0.12132591497812445,0.4372352759394481,0.3688080467497019
2024-09-25,15.40999984741211,15.40999984741211,15.81999969482422,15.170000076293944,15.81999969482422,0,0.0012986692711907,0.001298669271190711,1.6865418759350126e-06,0.001298669271190711,0.11629442385953354,0.43686158537292435,0.36829653156753767
2024-09-26,15.369999885559082,15.369999885559082,15.829999923706056,14.899999618530272,15.0600004196167,0,-0.0025990893253782,-0.0025990893253782232,6.755265321295028e-06,0.0025990893253782232,0.037641979566933374,0.43448229170040853,0.3661581059337204
2024-09-27,16.959999084472656,16.959999084472656,16.969999313354492,15.199999809265137,15.640000343322754,0,0.0984400262774189,0.09844002627741899,0.009690438773498941,0.09844002627741899,0.10480698968209383,0.4333407370177113,0.3616093500807185
2024-09-30,16.729999542236328,16.729999542236328,17.790000915527344,16.469999313354492,17.010000228881836,0,-0.0136540887453033,-0.013654088745303383,0.00018643413946462051,0.013654088745303383,0.1044390997189582,0.42428218726923433,0.3608017228196532
2024-10-01,19.26000022888184,19.26000022888184,20.729999542236328,16.610000610351562,16.959999084472656,0,0.1408269306168845,0.140826930616885,0.019832224386972942,0.140826930616885,0.17238775799671463,0.4450259360451323,0.3814074668247689
2024-10-02,18.899999618530277,18.899999618530277,20.36000061035156,18.57999992370605,19.649999618530277,0,-0.0188685163717585,-0.01886851637175857,0.0003560209100713212,0.01886851637175857,0.17341243748742255,0.3066648495167945,0.32817889868252936
2024-10-03,20.489999771118164,20.489999771118164,20.75,19.15999984741211,19.6299991607666,0,0.0807750491983787,0.0807750491983783,0.006524608573000435,0.0807750491983783,0.19128441333001592,0.3158370670550751,0.3121229849338939
2024-10-04,19.209999084472656,19.209999084472656,20.479999542236328,18.479999542236328,20.479999542236328,0,-0.0645060219588211,-0.06450602195882116,0.004161026868951917,0.06450602195882116,0.1762393681288643,0.31490205446409114,0.31070991147596205
2024-10-07,22.63999938964844,22.63999938964844,23.030000686645508,20.649999618530277,20.76000022888184,0,0.1642872972544196,0.16428729725442004,0.02699031603916217,0.16428729725442004,0.2405497802496583,0.33520083281886165,0.28517867717819767
2024-10-08,21.420000076293945,21.420000076293945,23.13999938964844,21.13999938964844,22.920000076293945,0,-0.0553931577945787,-0.055393157794579206,0.003068401930455151,0.055393157794579206,0.20273227252127646,0.3094158072727953,0.28346545307672466
2024-10-09,20.86000061035156,20.86000061035156,22.01000022888184,20.709999084472656,21.979999542236328,0,-0.0264915897493622,-0.02649158974936272,0.00070180432744854,0.02649158974936272,0.2035832943515217,0.3099533166479132,0.2803150928217417
2024-10-10,20.93000030517578,20.93000030517578,21.38999938964844,20.63999938964844,20.90999984741211,0,0.0033500722066421,0.003350072206642629,1.1222983789719414e-05,0.003350072206642629,0.1869031089891434,0.30060056868922,0.2545212924092656
2024-10-11,20.459999084472656,20.459999084472656,21.15999984741211,20.13999938964844,20.8700008392334,0,-0.0227118352623936,-0.02271183526239362,0.0005158274609861063,0.02271183526239362,0.17688293513463021,0.29933873728878196,0.2496882791574689
2024-10-14,19.700000762939453,19.700000762939453,20.86000061035156,19.690000534057617,20.86000061035156,0,-0.0378530413044648,-0.037853041304464874,0.0014328527359975239,0.037853041304464874,0.07569748634318811,0.3001940668186696,0.24975763298081216
2024-10-15,20.63999938964844,20.63999938964844,20.88999938964844,19.440000534057617,19.61000061035156,0,0.0466122365702319,0.04661223657023239,0.0021727005980793097,0.04661223657023239,0.06952990799865415,0.30183458084098397,0.2520157602228687
2024-10-16,19.57999992370605,19.57999992370605,21.01000022888184,19.450000762939453,20.770000457763672,0,-0.0527222778362248,-0.05272227783622574,0.0027796385802401798,0.05272227783622574,0.08313989631394154,0.3052080237487132,0.2515570922443588
2024-10-17,19.11000061035156,19.11000061035156,19.649999618530277,18.8799991607666,19.549999237060547,0,-0.0242968430148016,-0.024296843014801617,0.0005903365804859141,0.024296843014801617,0.08655261957785648,0.3042121022818567,0.24127426237408664
2024-10-18,18.030000686645508,18.030000686645508,19.31999969482422,17.989999771118164,19.299999237060547,0,-0.058174714892313,-0.05817471489231263,0.0033842974528018608,0.05817471489231263,0.10178323018849864,0.28950832624835504,0.2420763725681925
2024-10-21,18.3700008392334,18.3700008392334,19.34000015258789,18.36000061035156,18.780000686645508,0,0.0186818696133053,0.018681869613305313,0.0003490122522485404,0.018681869613305313,0.09631191755881469,0.28989865626866684,0.24195313232030924
2024-10-22,18.200000762939453,18.200000762939453,19.440000534057617,18.049999237060547,18.790000915527344,0,-0.0092973089095318,-0.009297308909531843,8.643995295926019e-05,0.009297308909531843,0.08479224503889413,0.2895932616338945,0.24203669899714428
2024-10-23,19.239999771118164,19.239999771118164,20.46999931335449,18.18000030517578,18.209999084472656,0,0.0555697973389159,0.05556979733891598,0.003088002376288194,0.05556979733891598,0.08659150428756784,0.29313827578482454,0.24674463180958128
2024-10-24,19.07999992370605,19.07999992370605,20.239999771118164,18.6299991607666,18.8700008392334,0,-0.0083507713199089,-0.008350771319908912,6.973538163741322e-05,0.008350771319908912,0.08353135588469386,0.29325432233790066,0.2504516023924263
2024-10-25,20.32999992370605,20.32999992370605,20.51000022888184,18.229999542236328,19.21999931335449,0,0.063456961865973,0.06345696186597305,0.004026786009259558,0.06345696186597305,0.08729247374426433,0.300030212335024,0.2577064375571557
2024-10-28,19.799999237060547,19.799999237060547,19.8799991607666,18.90999984741211,19.11000061035156,0,-0.0264157247192859,-0.026415724719285993,0.0006977905124450971,0.026415724719285993,0.08926787906402635,0.28464974978514523,0.25087634507331963
2024-10-29,19.34000015258789,19.34000015258789,20.530000686645508,19.059999465942383,19.75,0,-0.0235064012532881,-0.02350640125328818,0.0005525508998805881,0.02350640125328818,0.0918415220883831,0.2852921253963413,0.25057138004326845
2024-10-30,20.350000381469727,20.350000381469727,20.440000534057617,19.299999237060547,19.32999992370605,0,0.0509054327191402,0.050905432719140276,0.0025913630803229173,0.050905432719140276,0.08909672206958955,0.2532799548059651,0.21509560960437898
2024-10-31,23.15999984741211,23.15999984741211,23.420000076293945,21.1200008392334,21.440000534057617,0,0.1293457154823261,0.1293457154823261,0.01673031411363485,0.1293457154823261,0.156840060620822,0.28376932306025476,0.21702829191059497
2024-11-01,21.8799991607666,21.8799991607666,23.09000015258789,21.15999984741211,22.959999084472656,0,-0.0568537069187797,-0.05685370691877978,0.0032323439904065076,0.05685370691877978,0.15428662481462893,0.27790783387209744,0.2180756628529374
2024-11-04,21.979999542236328,21.979999542236328,23.06999969482422,21.729999542236328,22.5,0,0.0045599889515108,0.004559988951510885,2.079349923790134e-05,0.004559988951510885,0.15207684104913172,0.2703563033438786,0.21222609709225457
2024-11-05,20.489999771118164,20.489999771118164,22.059999465942383,20.200000762939453,21.979999542236328,0,-0.0701959770687103,-0.07019597706871039,0.004927475196630915,0.07019597706871039,0.16583814362272994,0.22589752082578518,0.208678263264243
2024-11-06,16.270000457763672,16.270000457763672,16.81999969482422,15.4399995803833,16.059999465942383,0,-0.2306140017140019,-0.23061400171400193,0.05318281778654568,0.23061400171400193,0.27945258021076846,0.3180316112768141,0.20794864149862544
2024-11-07,15.199999809265137,15.199999809265137,15.859999656677246,15.130000114440918,15.859999656677246,0,-0.0680275340625056,-0.06802753406250561,0.004627745390625361,0.06802753406250561,0.25688747704675385,0.3241451015124298,0.20665589219860894
2024-11-08,14.9399995803833,14.9399995803833,15.329999923706056,14.65999984741211,15.130000114440918,0,-0.0172532636860069,-0.017253263686006992,0.00029767510781888756,0.017253263686006992,0.2511105473309691,0.32458665862683356,0.20728598047245117
2024-11-11,14.970000267028809,14.970000267028809,15.5600004196167,14.890000343322754,15.329999923706056,0,0.0020060646512551,0.0020060646512551905,4.024295385015609e-06,0.0020060646512551905,0.2510771550281028,0.3237973066486679,0.20684736739942924
2024-11-12,14.710000038146973,14.710000038146973,15.369999885559082,14.6899995803833,15.09000015258789,0,-0.0175206790625184,-0.01752067906251842,0.00030697419481177127,0.01752067906251842,0.24170071736589208,0.32205405951756877,0.20572464120961104
2024-11-13,14.020000457763672,14.020000457763672,15.260000228881836,13.770000457763672,15.09000015258789,0,-0.0480426229494095,-0.04804262294940953,0.0023080936198591312,0.04804262294940953,0.08685915385553951,0.3222641932848351,0.21038874212873904
2024-11-14,14.3100004196167,14.3100004196167,14.31999969482422,13.59000015258789,14.170000076293944,0,0.0204737086344737,0.02047370863447373,0.0004191727452493242,0.02047370863447373,0.05775759658368973,0.3185808287366562,0.2076149827636656
2024-11-15,16.139999389648438,16.139999389648438,17.549999237060547,14.5600004196167,15.020000457763672,0,0.1203420021340417,0.12034200213404178,0.014482197477629716,0.12034200213404178,0.13236488330722418,0.33968456740876307,0.23475482514540183
2024-11-18,15.579999923706056,15.579999923706056,17.0,15.350000381469728,16.600000381469727,0,-0.0353125894800334,-0.03531258948003346,0.00124697897578537,0.03531258948003346,0.13697962262079505,0.33652382806966585,0.2388192877484108
2024-11-19,16.350000381469727,16.350000381469727,17.93000030517578,15.369999885559082,15.4399995803833,0,0.0482398851290573,0.0482398851290573,0.002327086517264644,0.0482398851290573,0.1441649379557606,0.33945008635096574,0.25420366985833975
2024-11-20,17.15999984741211,17.15999984741211,18.790000915527344,16.040000915527344,16.190000534057617,0,0.0483531644930042,0.0483531644930042,0.002338028516487522,0.0483531644930042,0.1442687222942544,0.3427505648240516,0.2677043047836438
2024-11-21,16.8700008392334,16.8700008392334,17.989999771118164,15.729999542236328,17.100000381469727,0,-0.0170441388627828,-0.017044138862782887,0.00029050266957382595,0.017044138862782887,0.14382209203297383,0.3386450206048983,0.27035012542615033
2024-11-22,15.239999771118164,15.239999771118164,17.559999465942383,15.239999771118164,16.670000076293945,0,-0.101613411064958,-0.10161341106495803,0.010325285308256134,0.10161341106495803,0.1285608104648054,0.3534628692056787,0.2790217899949359
2024-11-25,14.600000381469728,14.600000381469728,15.720000267028809,14.539999961853027,15.229999542236328,0,-0.0429019803976533,-0.04290198039765292,0.001840579922040595,0.04290198039765292,0.13084908457311745,0.35035666658405656,0.27393512413376925
2024-11-26,14.100000381469728,14.100000381469728,15.029999732971191,13.880000114440918,14.949999809265137,0,-0.034846730403641,-0.0348467304036415,0.001214294619824073,0.0348467304036415,0.1265254560797244,0.3510930046686643,0.27644740883173374
2024-11-27,14.100000381469728,14.100000381469728,15.130000114440918,13.960000038146973,14.279999732971191,0,0.0,0.0,0.0,0.0,0.11692160843785356,0.3503052198117952,0.27707149826606936
2024-11-29,13.510000228881836,13.510000228881836,14.149999618530272,13.489999771118164,14.0,0,-0.0427446555249444,-0.04274465552494444,0.0018271055759461635,0.04274465552494444,0.12331774173275752,0.34921267090845,0.2764121126844851
2024-12-02,13.34000015258789,13.34000015258789,14.100000381469728,13.300000190734863,14.079999923706056,0,-0.0126631169879178,-0.012663116987917888,0.0001603545318496946,0.012663116987917888,0.07100939831924112,0.3246221340901268,0.27162527839643114
2024-12-03,13.300000190734863,13.300000190734863,13.770000457763672,13.1899995803833,13.380000114440918,0,-0.0030030023571754,-0.0030030023571754327,9.018023157201206e-06,0.0030030023571754327,0.05666368105565725,0.31961884170677257,0.2677689895504563
2024-12-04,13.449999809265137,13.449999809265137,13.609999656677246,12.890000343322754,13.15999984741211,0,0.0112150422981422,0.011215042298142297,0.00012577717374912084,0.011215042298142297,0.046067942266855136,0.31978303214600073,0.26734672369672213
2024-12-05,13.539999961853027,13.539999961853027,13.699999809265137,13.260000228881836,13.460000038146973,0,0.0066691727999579,0.006669172799957934,4.447786583569875e-05,0.006669172799957934,0.04654818117325313,0.31205478736544795,0.2627931896420698
2024-12-06,12.770000457763672,12.770000457763672,13.739999771118164,12.699999809265137,13.619999885559082,0,-0.0585495587755251,-0.058549558775525146,0.0034280508328086738,0.058549558775525146,0.06138141760663814,0.2182279160968136,0.2620142427900183
2024-12-09,14.1899995803833,14.1899995803833,14.229999542236328,13.350000381469728,13.359999656677246,0,0.1054387557094043,0.10543875570940431,0.01111733120554744,0.10543875570940431,0.12134518985562738,0.23262203072555274,0.26328766721128966
2024-12-10,14.18000030517578,14.18000030517578,14.539999961853027,13.859999656677246,14.300000190734863,0,-0.0007049189751087,-0.0007049189751091589,4.96910761468947e-07,0.0007049189751091589,0.12131007373133741,0.23198239368931123,0.2634909945799476
2024-12-11,13.579999923706056,13.579999923706056,14.43000030517578,13.520000457763672,14.420000076293944,0,-0.0432344261131065,-0.043234426113105684,0.0018692156013295947,0.043234426113105684,0.12829486512048327,0.2359682654251778,0.26506450210019605
2024-12-12,13.920000076293944,13.920000076293944,13.949999809265137,13.390000343322754,13.729999542236328,0,0.0247285438747213,0.0247285438747209,0.0006115008821639964,0.0247285438747209,0.1304859970748252,0.2366126559910086,0.26481335568747
2024-12-13,13.8100004196167,13.8100004196167,14.25,13.239999771118164,13.56999969482422,0,-0.0079336625809709,-0.007933662580970946,6.294300194869858e-05,0.007933662580970946,0.11688236651330822,0.23181975402715135,0.261281516711307
2024-12-16,14.6899995803833,14.6899995803833,14.6899995803833,13.989999771118164,14.369999885559082,0,0.0617739638148107,0.061773963814810706,0.0038160226053935427,0.061773963814810706,0.07975073041419382,0.23903398966957226,0.2610371508525736
2024-12-17,15.869999885559082,15.869999885559082,15.9399995803833,14.779999732971191,14.979999542236328,0,0.0772635657061697,0.07726356570616977,0.005969658585631613,0.07726356570616977,0.11103756425853173,0.2205101116170301,0.24003590524457014
2024-12-18,27.6200008392334,27.6200008392334,28.31999969482422,14.81999969482422,15.56999969482422,0,0.5541096510389649,0.5541096510389649,0.30703750537452346,0.5541096510389649,0.5634692808393919,0.5953278388619947,0.45289585858644194
2024-12-19,24.09000015258789,24.09000015258789,24.1200008392334,20.15999984741211,21.61000061035156,0,-0.1367433554052786,-0.1367433554052786,0.018698745247494337,0.1367433554052786,0.5792968796869112,0.6089227327455617,0.45623997993318083
2024-12-20,18.36000061035156,18.36000061035156,26.51000022888184,17.81999969482422,24.13999938964844,0,-0.2716224045249631,-0.2716224045249631,0.0737787306399227,0.2716224045249631,0.6397660997997361,0.6650019523112379,0.5059907856577677
2024-12-23,16.780000686645508,16.780000686645508,20.020000457763672,16.739999771118164,18.09000015258789,0,-0.0899866764763626,-0.0899866764763626,0.008097601943261552,0.0899866764763626,0.6431036011334673,0.6708462535122678,0.5109540004890288
2024-12-24,14.270000457763672,14.270000457763672,17.040000915527344,14.270000457763672,16.969999313354492,0,-0.1620282783920421,-0.16202827839204215,0.02625316299868911,0.16202827839204215,0.6586848610708245,0.6826145131345207,0.5149594770948659
2024-12-26,14.729999542236328,14.729999542236328,15.93000030517578,14.550000190734863,14.989999771118164,0,0.0317267358300865,0.03172673583008656,0.0010065857664320983,0.03172673583008656,0.3575399650330015,0.682003357313049,0.5157020607187414
2024-12-27,15.949999809265137,15.949999809265137,18.450000762939453,15.289999961853027,15.380000114440918,0,0.0795726178749802,0.07957261787498027,0.006331801515477629,0.07957261787498027,0.3398056545494546,0.6857449134203796,0.5257307095949434
2024-12-30,17.399999618530273,17.399999618530273,19.21999931335449,16.440000534057617,17.209999084472656,0,0.0870113670243806,0.08701136702438061,0.00757097799145147,0.08701136702438061,0.22194623271259195,0.6912431296391851,0.5318460181228316
2024-12-31,17.350000381469727,17.350000381469727,17.809999465942383,16.68000030517578,17.389999389648438,0,-0.0028776559173397,-0.002877655917339794,8.280903578600733e-06,0.002877655917339794,0.20290591212586456,0.6899262566398003,0.5325288785347769
2025-01-02,17.93000030517578,17.93000030517578,19.5,16.959999084472656,17.209999084472656,0,0.0328827762578458,0.03288277625784586,0.0010812769744235513,0.03288277625784586,0.12648684971712876,0.6905933405728595,0.537941428387811
2025-01-03,16.1299991607666,16.1299991607666,17.940000534057617,16.110000610351562,17.65999984741211,0,-0.1057944645296746,-0.10579446452967467,0.011192468725120593,0.10579446452967467,0.161817199673125,0.6986434088614484,0.5411915388469678
2025-01-06,16.040000915527344,16.040000915527344,16.8700008392334,15.710000038146973,16.770000457763672,0,-0.0055951805916358,-0.005595180591635884,3.1306045853018886e-05,0.005595180591635884,0.14101173937097367,0.6985757951844945,0.5418977824701343
2025-01-07,17.81999969482422,17.81999969482422,18.899999618530277,15.789999961853027,16.479999542236328,0,0.105235745401067,0.10523574540106706,0.011074562110118208,0.10523574540106706,0.15293101307156157,0.7064263768163894,0.5522017802648844
2025-01-08,17.700000762939453,17.700000762939453,19.5,17.3700008392334,17.90999984741211,0,-0.0067567222334918,-0.006756722233491885,4.565329534056357e-05,0.006756722233491885,0.1530531513914565,0.7040282865939856,0.5545430693430878
2025-01-10,19.540000915527344,19.540000915527344,20.309999465942383,18.049999237060547,18.290000915527344,0,0.0988990107849381,0.09889901078493812,0.009781014334239307,0.09889901078493812,0.17923449587250737,0.7030785955020641,0.5577342845716814
2025-01-13,19.190000534057617,19.190000534057617,22.040000915527344,19.149999618530277,21.18000030517578,0,-0.0180743556190408,-0.018074355619040805,0.0003266823310435519,0.018074355619040805,0.14580541182204046,0.7033105266334616,0.5633521278704665
2025-01-14,18.709999084472656,18.709999084472656,19.65999984741211,18.239999771118164,18.790000915527344,0,-0.0253312464961212,-0.025331246496121285,0.0006416720490472568,0.025331246496121285,0.1478836844272858,0.7024372949389539,0.5637928305703629
2025-01-15,16.1200008392334,16.1200008392334,19.13999938964844,15.960000038146973,19.07999992370605,0,-0.1489973022133766,-0.1489973022133766,0.022200196066864276,0.1489973022133766,0.18164585895784996,0.7176397762846309,0.573728009725311
2025-01-16,16.600000381469727,16.600000381469727,16.600000381469727,15.640000343322754,15.869999885559082,0,0.0293419292024954,0.029341929202495454,0.0008609488093242555,0.029341929202495454,0.18387635408208097,0.718195554367493,0.5731444320109218
2025-01-17,15.970000267028809,15.970000267028809,16.229999542236328,15.529999732971191,16.190000534057617,0,-0.0386907393950286,-0.03869073939502865,0.001496973314934022,0.03869073939502865,0.1597700615610244,0.7165792384815313,0.5730059485545763
2025-01-21,15.0600004196167,15.0600004196167,16.290000915527344,14.93000030517578,16.290000915527344,0,-0.058669728712831,-0.05866972871283105,0.003442137067237192,0.05866972871283105,0.16923926053787627,0.7148134606345747,0.5736008802246062
2025-01-22,15.100000381469728,15.100000381469728,15.289999961853027,14.59000015258789,14.890000343322754,0,0.0026525188490325,0.0026525188490325036,7.035856244472717e-06,0.0026525188490325036,0.16735379026064628,0.45158367329443805,0.4225552895824396
2025-01-23,15.020000457763672,15.020000457763672,15.390000343322754,14.59000015258789,15.279999732971191,0,-0.0053120922708438,-0.005312092270843838,2.8218324293958843e-05,0.005312092270843838,0.07638922287884638,0.43041524957057153,0.4098540354744503
2025-01-24,14.850000381469728,14.850000381469728,15.15999984741211,14.579999923706056,15.020000457763672,0,-0.0113827858760249,-0.011382785876024926,0.00012956781429943255,0.011382785876024926,0.07144181112632325,0.3340780211825886,0.33410520465099003
2025-01-27,17.899999618530273,17.899999618530273,22.51000022888184,17.56999969482422,18.82999992370605,0,0.1868008005986454,0.18680080059864546,0.0348945391042949,0.18680080059864546,0.196217986347761,0.37202830725404146,0.3495998530409619
2025-01-28,16.40999984741211,16.40999984741211,18.38999938964844,16.25,18.290000915527344,0,-0.086909795732021,-0.08690979573202107,0.007553312594181627,0.08690979573202107,0.20642837424471122,0.3459844085992893,0.3411583646125204
2025-01-29,16.559999465942383,16.559999465942383,18.07999992370605,16.170000076293945,16.420000076293945,0,0.0090992209037272,0.009099220903727279,8.279582105482748e-05,0.009099220903727279,0.20661179457650744,0.3446468062356341,0.34340003376644695
2025-01-30,15.84000015258789,15.84000015258789,16.420000076293945,15.31999969482422,15.93000030517578,0,-0.0444517206879031,-0.04445172068790315,0.001975955472115357,0.04445172068790315,0.21127274032857696,0.33826849543677645,0.32699901850123947
2025-01-31,16.43000030517578,16.43000030517578,17.09000015258789,14.899999618530272,15.449999809265137,0,0.0365705546041246,0.03657055460412462,0.0013374054640532603,0.03657055460412462,0.21411213990733954,0.3289255272514771,0.32389384717409864
2025-02-03,18.6200008392334,18.6200008392334,20.420000076293945,17.65999984741211,20.36000061035156,0,0.1251273662970522,0.12512736629705223,0.015656857796436684,0.12512736629705223,0.16311446026591855,0.35190990234791675,0.33311097099904075
2025-02-04,17.209999084472656,17.209999084472656,19.11000061035156,16.780000686645508,18.780000686645508,0,-0.0787457598944891,-0.07874575989448918,0.00620089470136054,0.07874575989448918,0.15891478614345753,0.3591102854242096,0.33171679717770025
2025-02-05,15.770000457763672,15.770000457763672,17.75,15.770000457763672,17.540000915527344,0,-0.0873811270235949,-0.0873811270235949,0.007635461359913628,0.0873811270235949,0.18112585346625598,0.3541231279262205,0.33302606316446415
2025-02-06,15.5,15.5,16.149999618530273,14.989999771118164,15.880000114440918,0,-0.0172694060772458,-0.017269406077245808,0.00029823238626081446,0.017269406077245808,0.17643370343566755,0.3544998111038398,0.3332862430050239
2025-02-07,16.540000915527344,16.540000915527344,16.65999984741211,14.789999961853027,15.380000114440918,0,0.0649417210226608,0.06494172102266083,0.004217427129385107,0.06494172102266083,0.1844149488879818,0.3446925892616855,0.3233177645460439
2025-02-10,15.8100004196167,15.8100004196167,16.610000610351562,15.699999809265137,16.579999923706055,0,-0.0451390671852607,-0.04513906718526073,0.002037535386355482,0.04513906718526073,0.1427919849405972,0.3475699399875368,0.31757481081626016
2025-02-11,16.020000457763672,16.020000457763672,16.420000076293945,15.75,16.1299991607666,0,0.013195292452123,0.01319529245212303,0.00017411574289705504,0.01319529245212303,0.11984478296868935,0.3334635881046051,0.3105808253433747
2025-02-12,15.890000343322754,15.890000343322754,17.18000030517578,15.640000343322754,15.90999984741211,0,-0.0081479680598848,-0.008147968059884825,6.638938350490328e-05,0.008147968059884825,0.08242390447196449,0.333073072529226,0.304164503779012
2025-02-13,15.100000381469728,15.100000381469728,16.329999923706055,14.979999542236328,15.970000267028809,0,-0.050995233071065,-0.050995233071065016,0.002600513795972243,0.050995233071065016,0.09537285482837848,0.3360007639738101,0.30524475674160556
2025-02-14,14.770000457763672,14.770000457763672,15.420000076293944,14.739999771118164,15.079999923706056,0,-0.022096641547685,-0.022096641547685092,0.000488261567686883,0.022096641547685092,0.07325855497084782,0.3019678441354421,0.286358296871753
2025-02-18,15.350000381469728,15.350000381469728,16.030000686645508,15.350000381469728,15.56999969482422,0,0.0385173713485644,0.03851737134856492,0.00148358789560325,0.03851737134856492,0.06937483971631575,0.3029970593555087,0.28530479938991143
2025-02-19,15.270000457763672,15.270000457763672,15.960000038146973,15.050000190734863,15.140000343322754,0,-0.0052253496761385,-0.005225349676138968,2.730427923792562e-05,0.005225349676138968,0.0683085420866627,0.3005620550608302,0.2862531540110234
2025-02-20,15.65999984741211,15.65999984741211,16.6299991607666,15.119999885559082,15.609999656677246,0,0.0252195316103431,0.025219531610343182,0.0006360247746450989,0.025219531610343182,0.07235808395159152,0.2958571220197301,0.28717207172770126
2025-02-21,18.209999084472656,18.209999084472656,19.030000686645508,15.279999732971191,15.630000114440918,0,0.1508611626445808,0.15086116264458083,0.02275909039447467,0.15086116264458083,0.15935579346747325,0.3320895830766567,0.31471992553681155
2025-02-24,18.979999542236328,18.979999542236328,20.239999771118164,17.309999465942383,18.07999992370605,0,0.0414149256001299,0.04141492560012994,0.001715196062464298,0.04141492560012994,0.16316005456736465,0.33461988722459096,0.3268648531234826
2025-02-25,19.43000030517578,19.43000030517578,21.479999542236328,18.850000381469727,19.09000015258789,0,0.0234325100322019,0.023432510032201925,0.0005490825264092439,0.023432510032201925,0.1602707023670621,0.33524615380091655,0.335327354892509
2025-02-26,19.100000381469727,19.100000381469727,20.059999465942383,17.829999923706055,18.959999084472656,0,-0.0171299240709501,-0.017129924070950153,0.00029343429867651746,0.017129924070950153,0.16109881457251632,0.27890657724888707,0.30872661465179646
2025-02-27,21.1299991607666,21.1299991607666,21.46999931335449,17.670000076293945,18.25,0,0.1010054368855195,0.10100543688551955,0.010202098280434673,0.10100543688551955,0.18846458967790095,0.2836153460568424,0.3216781041331453
2025-02-28,19.6299991607666,19.6299991607666,22.399999618530277,19.049999237060547,21.209999084472656,0,-0.0736348263745645,-0.07363482637456453,0.0054220876552122646,0.07363482637456453,0.13484027151855327,0.2928770328194068,0.32931088295092503
2025-03-03,22.780000686645508,22.780000686645508,24.309999465942383,19.25,19.82999992370605,0,0.1488240226257318,0.1488240226257318,0.022148589710504332,0.1488240226257318,0.19650774150459618,0.3254989870821242,0.35546513258081625
2025-03-04,23.51000022888184,23.51000022888184,26.350000381469727,21.709999084472656,22.959999084472656,0,0.0315428841259803,0.03154288412598083,0.0009949535389850534,0.03154288412598083,0.1976389725833774,0.3249725198634812,0.36483504445404785
2025-03-05,21.93000030517578,21.93000030517578,24.84000015258789,21.3700008392334,23.030000686645508,0,-0.0695702959417872,-0.06957029594178765,0.0048400260774279155,0.06957029594178765,0.20882469983831992,0.30788034517879165,0.36560220578345126
2025-03-06,24.8700008392334,24.8700008392334,25.920000076293945,22.38999938964844,22.600000381469727,0,0.1258067152144208,0.12580671521442088,0.015827329593042398,0.12580671521442088,0.22188507515191763,0.32313579473511406,0.36782833905828705
2025-03-07,23.3700008392334,23.3700008392334,26.559999465942383,23.09000015258789,24.850000381469727,0,-0.0622091070986408,-0.0622091070986408,0.0038699730060101616,0.0622091070986408,0.21835950157016304,0.317255817102209,0.37056985534938447
2025-03-10,27.86000061035156,27.86000061035156,29.559999465942383,24.68000030517578,24.700000762939453,0,0.1757388057979878,0.17573880579798784,0.030884127863302885,0.17573880579798784,0.23752138867640654,0.3622666821034366,0.3834837612368195
2025-03-11,26.920000076293945,26.920000076293945,29.56999969482422,26.18000030517578,27.940000534057617,0,-0.0343224826488426,-0.034322482648842634,0.0011780328151801036,0.034322482648842634,0.23790647186439387,0.3580471402595297,0.38379000189291107
2025-03-12,24.229999542236328,24.229999542236328,26.90999984741211,23.88999938964844,26.8799991607666,0,-0.1052779916746255,-0.10527799167462559,0.011083455531042535,0.10527799167462559,0.25068489944266337,0.3704641342865925,0.38892224019619265
2025-03-13,24.65999984741211,24.65999984741211,26.1299991607666,23.459999084472656,24.920000076293945,0,0.01759097561253,0.01759097561253009,0.0003094424230006284,0.01759097561253009,0.217543171895917,0.3706467340646859,0.39347793762900074
2025-03-14,21.770000457763672,21.770000457763672,24.36000061035156,21.479999542236328,24.350000381469727,0,-0.1246495952748047,-0.12464959527480479,0.015537521602172637,0.12464959527480479,0.24288388220443727,0.39096052702476974,0.3966781047937748
2025-03-17,20.51000022888184,20.51000022888184,22.950000762939453,20.31999969482422,22.88999938964844,0,-0.0596203130299124,-0.05962031302991244,0.003554581725784747,0.05962031302991244,0.17794109726867713,0.3921787878268,0.4000138334354141
2025-03-18,21.700000762939453,21.700000762939453,22.56999969482422,20.40999984741211,20.82999992370605,0,0.0563997124610997,0.05639971246109976,0.0031809275656947316,0.05639971246109976,0.18348277534334237,0.3955968498601905,0.40364258785004486
2025-03-19,19.899999618530277,19.899999618530277,22.100000381469727,19.420000076293945,21.84000015258789,0,-0.0865925831437994,-0.08659258314379947,0.007498275455515824,0.08659258314379947,0.17343802573878872,0.4031272195960211,0.41021600686709625
2025-03-20,19.799999237060547,19.799999237060547,21.170000076293945,19.299999237060547,19.520000457763672,0,-0.0050378133929207,-0.005037813392920754,2.5379563781891715e-05,0.005037813392920754,0.17261716575401764,0.40312483235812036,0.4124545593939977
2025-03-21,19.280000686645508,19.280000686645508,21.13999938964844,19.149999618530277,20.020000457763672,0,-0.0266135743714004,-0.02661357437140044,0.0007082823408220623,0.02661357437140044,0.12234151646763017,0.4032144442228472,0.4127661977742234
2025-03-24,17.479999542236328,17.479999542236328,19.13999938964844,17.459999084472656,19.1299991607666,0,-0.0980109807572562,-0.09801098075725623,0.009606152348999251,0.09801098075725623,0.14497936844535478,0.3865604092305162,0.3950278501067061
2025-03-25,17.149999618530273,17.149999618530273,17.770000457763672,17.020000457763672,17.579999923706055,0,-0.0190591926707202,-0.019059192670720204,0.00036325282525963477,0.019059192670720204,0.13491235130401824,0.3848077529718697,0.38457498490980724
2025-03-26,18.32999992370605,18.32999992370605,19.06999969482422,16.969999313354492,17.229999542236328,0,0.0665409063205531,0.0665409063205531,0.004427692213960623,0.0665409063205531,0.12300715138894824,0.3898148489152393,0.38295516410634156
2025-03-27,18.690000534057617,18.690000534057617,19.280000686645508,17.950000762939453,18.36000061035156,0,0.019449592352613,0.01944959235261301,0.00037828664268282246,0.01944959235261301,0.12443338125971086,0.38992367045207343,0.37879878788734195
2025-03-28,21.649999618530277,21.649999618530277,22.18000030517578,18.920000076293945,19.07999992370605,0,0.1470167867866676,0.14701678678666807,0.02161393559707662,0.14701678678666807,0.19075984804979038,0.40429235225942517,0.37271783189188984
2025-03-31,22.280000686645508,22.280000686645508,24.799999237060547,21.670000076293945,24.11000061035156,0,0.0286840090493516,0.0286840090493512,0.0008227723751432616,0.0286840090493512,0.16615035255491675,0.3985636596773345,0.3688072131265006
2025-04-01,21.770000457763672,21.770000457763672,23.520000457763672,21.57999992370605,22.059999465942383,0,-0.0231565496042756,-0.0231565496042756,0.0005362257895752765,0.0231565496042756,0.16667007115387805,0.37046002064252637,0.3450326728654534
2025-04-02,21.51000022888184,21.51000022888184,23.65999984741211,20.68000030517578,22.299999237060547,0,-0.0120149423533697,-0.012014942353369307,0.00014435883975478757,0.012014942353369307,0.15328267757392855,0.36931021133354924,0.3347417455431152
2025-04-03,30.020000457763672,30.020000457763672,30.020000457763672,24.93000030517578,26.3799991607666,0,0.3333458875335831,0.33334588753358263,0.11111948073555192,0.33334588753358263,0.3663833693511512,0.49261494785821797,0.3410809568621991
2025-04-04,45.310001373291016,45.310001373291016,45.61000061035156,29.989999771118164,30.1200008392334,0,0.4116639475338917,0.4116639475338917,0.16946720569918672,0.4116639475338917,0.531121495930274,0.6295310659208957,0.4147356147566347
2025-04-07,46.97999954223633,46.97999954223633,60.130001068115234,38.58000183105469,60.130001068115234,0,0.036194180499137,0.03619418049913703,0.0013100187020041113,0.03619418049913703,0.53157999376018,0.627494548705798,0.4857627401514712
2025-04-08,52.33000183105469,52.33000183105469,57.52000045776367,36.47999954223633,44.040000915527344,0,0.1078478858876832,0.10784788588768324,0.011631166490442746,0.10784788588768324,0.5419153351464973,0.6119611485075118,0.5468211423380156
2025-04-09,33.619998931884766,33.619998931884766,57.959999084472656,31.899999618530277,50.97999954223633,0,-0.442448759164415,-0.44244875916441506,0.19576090448613057,0.44244875916441506,0.6994917984603652,0.7543734611938462,0.6498280737535804
2025-04-10,40.720001220703125,40.720001220703125,54.869998931884766,34.439998626708984,34.439998626708984,0,0.1915983060100052,0.19159830601000527,0.036709910865903625,0.19159830601000527,0.6441111753755464,0.7711716892420549,0.7038491141186233
2025-04-11,37.560001373291016,37.560001373291016,46.119998931884766,36.84999847412109,40.79999923706055,0,-0.0807797113175858,-0.08077971131758588,0.006525361760552512,0.08077971131758588,0.5019336234055591,0.7751913916098374,0.7137041760593116
2025-04-14,30.88999938964844,30.88999938964844,35.16999816894531,29.75,34.7599983215332,0,-0.1955072037310374,-0.19550720373103747,0.03822306671072939,0.19550720373103747,0.537448053595656,0.7896880641965871,0.7167751963465572
2025-04-15,30.1200008392334,30.1200008392334,31.450000762939453,28.290000915527344,30.01000022888184,0,-0.0252430563769308,-0.025243056376930806,0.0006372118952489071,0.025243056376930806,0.5271209118585272,0.7878387328026067,0.715868609649386
2025-04-16,32.63999938964844,32.63999938964844,34.959999084472656,29.479999542236328,33.2400016784668,0,0.0803490806017226,0.08034908060172263,0.00645597475354212,0.08034908060172263,0.2975760843649515,0.7899144992287865,0.7206260575110529
2025-04-17,29.649999618530277,29.649999618530277,32.54999923706055,29.56999969482422,30.790000915527344,0,-0.096076398818433,-0.096076398818433,0.009230674409918593,0.096076398818433,0.2471280832483263,0.7910103128570876,0.7187486015881595
2025-04-21,33.81999969482422,33.81999969482422,35.75,31.790000915527344,32.75,0,0.1315902218689277,0.13159022186892777,0.017315986491513637,0.13159022186892777,0.2680725914019425,0.8018652766980244,0.720059594430644
2025-04-22,30.56999969482422,30.56999969482422,32.68000030517578,30.07999992370605,32.61000061035156,0,-0.1010332085270131,-0.10103320852701314,0.01020770922526292,0.10103320852701314,0.20939808207212965,0.8077668901721833,0.7193326126915621
2025-04-23,28.450000762939453,28.450000762939453,30.290000915527344,27.11000061035156,28.75,0,-0.071870938530699,-0.07187093853069904,0.005165431805283519,0.07187093853069904,0.21994494012257013,0.8050134336237653,0.7203002734261545
2025-04-24,26.46999931335449,26.46999931335449,29.65999984741211,26.36000061035156,28.690000534057617,0,-0.0721361970907006,-0.07213619709070063,0.005203630930708405,0.07213619709070063,0.21707932389494686,0.8080142365207269,0.723311616709227
2025-04-25,24.84000015258789,24.84000015258789,27.200000762939453,24.84000015258789,26.21999931335449,0,-0.0635567270903836,-0.06355672709038362,0.004039457558441504,0.06355672709038362,0.20477357254101455,0.8077739608112247,0.721970509729398
2025-04-28,25.149999618530277,25.149999618530277,26.93000030517578,24.700000762939453,25.75,0,0.0124026181698573,0.012402618169857771,0.00015382493746728611,0.012402618169857771,0.15738505156832336,0.8076350104220584,0.7225603436296796
2025-04-29,24.170000076293945,24.170000076293945,25.989999771118164,23.76000022888184,24.76000022888184,0,-0.0397456835060179,-0.03974568350601837,0.0015797193573605806,0.03974568350601837,0.12705142497926367,0.7951352676241461,0.7182486244491713
2025-04-30,24.700000762939453,24.700000762939453,28.170000076293945,24.229999542236328,24.350000381469727,0,0.0216910766502209,0.021691076650220964,0.0004705028062457611,0.021691076650220964,0.10699128745007093,0.7949137212621411,0.7193771548379514
2025-05-01,24.600000381469727,24.600000381469727,25.18000030517578,23.299999237060547,23.940000534057617,0,-0.0040568160769516,-0.00405681607695163,1.6457756682213217e-05,0.00405681607695163,0.07911992426814823,0.794586720388613,0.7190288099072283
2025-05-02,22.68000030517578,22.68000030517578,24.31999969482422,22.34000015258789,23.6299991607666,0,-0.0812629661299433,-0.08126296612994333,0.0066036696642363165,0.08126296612994333,0.09393707746141736,0.7986409500159715,0.716287093964578
2025-05-05,23.63999938964844,23.63999938964844,24.6299991607666,22.809999465942383,24.25,0,0.0414566744040296,0.041456674404030114,0.0017186558526417655,0.041456674404030114,0.10192647073830625,0.7269295303944553,0.7090435099465482
2025-05-06,24.76000022888184,24.76000022888184,25.11000061035156,23.899999618530277,23.96999931335449,0,0.0462892903411082,0.04628929034110785,0.0021426984002833804,0.04628929034110785,0.10465172946535381,0.6009176606329688,0.6634927802682608
2025-05-07,23.549999237060547,23.549999237060547,25.6200008392334,23.290000915527344,24.559999465942383,0,-0.0501036689945646,-0.05010366899456464,0.002510377646716898,0.05010366899456464,0.11398183767846849,0.6019156035569377,0.6103048706932138
2025-05-08,22.479999542236328,22.479999542236328,23.61000061035156,21.8799991607666,22.84000015258789,0,-0.046499783403509,-0.04649978340350902,0.0021622298565732528,0.04649978340350902,0.12303508207195125,0.5939978595680654,0.5475135877169602
2025-05-09,21.899999618530277,21.899999618530277,22.81999969482422,21.82999992370605,22.399999618530277,0,-0.0261393852585918,-0.02613938525859183,0.0006832674616970879,0.02613938525859183,0.09600640196316365,0.3971848689804405,0.41457192842775414
2025-05-12,18.38999938964844,18.38999938964844,20.440000534057617,18.13999938964844,19.84000015258789,0,-0.1746796139768349,-0.1746796139768345,0.03051296753909592,0.1746796139768345,0.19496548644405426,0.3893056342004338,0.3142797430323729
2025-05-13,18.21999931335449,18.21999931335449,18.850000381469727,17.649999618530273,18.690000534057617,0,-0.0092871512814611,-0.009287151281461625,8.625117892475431e-05,0.009287151281461625,0.18961828414741042,0.3809458836089113,0.2866563194627457
2025-05-14,18.6200008392334,18.6200008392334,18.81999969482422,18.059999465942383,18.100000381469727,0,0.0217164627750809,0.02171646277508099,0.0004716047554614784,0.02171646277508099,0.18416384224856047,0.327671030582971,0.2695958469153187
2025-05-15,17.829999923706055,17.829999923706055,19.3799991607666,17.770000457763672,19.190000534057617,0,-0.0433538893244467,-0.043353889324446726,0.001879559719556376,0.043353889324446726,0.18339479451373691,0.32956130250321225,0.26711564308881514
2025-05-16,17.239999771118164,17.239999771118164,17.959999084472656,17.149999618530273,17.959999084472656,0,-0.0336501756367457,-0.03365017563674577,0.0011323343203838386,0.03365017563674577,0.18461505223957914,0.3213829673060716,0.24826387032522787
2025-05-19,18.13999938964844,18.13999938964844,19.920000076293945,17.920000076293945,19.84000015258789,0,0.0508871590809283,0.050887159080928335,0.002589502959327707,0.050887159080928335,0.07848090808377743,0.3108791408632374,0.24969496525701915
2025-05-20,18.09000015258789,18.09000015258789,18.68000030517578,17.700000762939453,18.459999084472656,0,-0.0027601031981325,-0.0027601031981325796,7.618169664341694e-06,0.0027601031981325796,0.07797832983844877,0.28166908226146387,0.24171061633576058
2025-05-21,20.8700008392334,20.8700008392334,21.049999237060547,17.770000457763672,18.770000457763672,0,0.1429534534594041,0.14295345345940413,0.020435689855970024,0.14295345345940413,0.16138371982607927,0.2992748778843998,0.25747586300588865
2025-05-22,20.280000686645508,20.280000686645508,22.06999969482422,19.63999938964844,20.6200008392334,0,-0.0286775487202963,-0.028677548720296375,0.0008224018006049722,0.028677548720296375,0.1580744985946533,0.29192879701743,0.2583884888049882
2025-05-23,22.290000915527344,22.290000915527344,25.530000686645508,19.82999992370605,20.13999938964844,0,0.0945029758899913,0.09450297588999135,0.008930812452064285,0.09450297588999135,0.18106911729400874,0.2982442020381951,0.29115418688547545
2025-05-27,18.959999084472656,18.959999084472656,21.01000022888184,18.950000762939453,20.6299991607666,0,-0.1618067399316656,-0.1618067399316656,0.02618142108731367,0.1618067399316656,0.23744039960718027,0.33330401674488097,0.29264397736861575
2025-05-28,19.309999465942383,19.309999465942383,19.43000030517578,18.68000030517578,19.209999084472656,0,0.0182916202438061,0.01829162024380615,0.000334583371143619,0.01829162024380615,0.2381279247948395,0.3335750680310929,0.2889716803799626
2025-05-29,19.18000030517578,19.18000030517578,20.200000762939453,18.11000061035156,18.25,0,-0.0067549834169358,-0.006754983416935811,4.562980096307781e-05,0.006754983416935811,0.19056455208692352,0.33126762059632503,0.2913836447061727
2025-05-30,18.56999969482422,18.56999969482422,20.549999237060547,18.56999969482422,19.61000061035156,0,-0.0323207264356297,-0.032320726435629776,0.0010446293573268175,0.032320726435629776,0.19114673962380743,0.3321330501570595,0.28358270554131965
2025-06-02,18.36000061035156,18.36000061035156,20.450000762939453,18.36000061035156,19.809999465942383,0,-0.0113729404949149,-0.011372940494914996,0.00012934377550087735,0.011372940494914996,0.1665401074583784,0.3323029476628976,0.28712268670084984
2025-06-03,17.690000534057617,17.690000534057617,19.209999084472656,17.639999389648438,18.82999992370605,0,-0.0371748800743962,-0.03717488007439629,0.0013819717085457462,0.03717488007439629,0.05418632681295443,0.32435096896688914,0.2871592048795199
2025-06-04,17.610000610351562,17.610000610351562,18.06999969482422,17.40999984741211,17.68000030517578,0,-0.0045325811940091,-0.004532581194009122,2.0544292280285158e-05,0.004532581194009122,0.05120662979162923,0.32172261267961627,0.2843137021621705
2025-06-05,18.479999542236328,18.479999542236328,18.799999237060547,17.079999923706055,17.68000030517578,0,0.0482220842752889,0.04822208427528896,0.0023253694118530706,0.04822208427528896,0.0700132740664723,0.3220063827332746,0.2885740074539953
2025-06-06,16.770000457763672,16.770000457763672,18.350000381469727,16.649999618530273,18.15999984741211,0,-0.0970974383110778,-0.09709743831107787,0.009427912526573571,0.09709743831107787,0.1152611891087096,0.332574270503334,0.28879898058011144
2025-06-09,17.15999984741211,17.15999984741211,17.719999313354492,16.81999969482422,17.690000534057617,0,0.0229894820360492,0.022989482036049225,0.00052851628428583,0.022989482036049225,0.11697997360035037,0.3301089696275116,0.286873178849838
2025-06-10,16.950000762939453,16.950000762939453,17.989999771118164,16.68000030517578,17.5,0,-0.0123132063301127,-0.012313206330112791,0.0001516150501279297,0.012313206330112791,0.11159730088636038,0.3293027169899577,0.2892203676304703
2025-06-11,17.260000228881836,17.260000228881836,18.09000015258789,16.229999542236328,17.040000915527344,0,0.0181238200784714,0.018123820078471464,0.0003284728542368054,0.018123820078471464,0.1129685183007964,0.2797423541977673,0.28767084318097536
2025-06-12,18.020000457763672,18.020000457763672,18.8700008392334,17.43000030517578,17.8700008392334,0,0.043090578667174,0.04309057866717403,0.0018567979698719136,0.04309057866717403,0.11087522124034846,0.28288925664128045,0.28890606056741797
2025-06-13,20.81999969482422,20.81999969482422,22.0,18.8799991607666,21.76000022888184,0,0.1444317709457236,0.14443177094572368,0.02086053645851799,0.14443177094572368,0.15403226485720659,0.3168836745970242,0.30214267433036934
2025-06-16,19.11000061035156,19.11000061035156,20.21999931335449,18.670000076293945,19.780000686645508,0,-0.085702258337966,-0.08570225833796652,0.007344877084227552,0.08570225833796652,0.1747635528849833,0.3253929633393813,0.30144872033085585
2025-06-17,21.600000381469727,21.600000381469727,21.790000915527344,19.549999237060547,20.530000686645508,0,0.1224815421597163,0.12248154215971674,0.01500172816982247,0.12248154215971674,0.213054951917755,0.3460490925291129,0.3071599858524035
2025-06-18,20.13999938964844,20.13999938964844,21.57999992370605,19.59000015258789,20.899999618530277,0,-0.0699854753657791,-0.0699854753657787,0.004897966762174018,0.0699854753657787,0.223521601740445,0.34936862801784146,0.3060807609734007
2025-06-20,20.6200008392334,20.6200008392334,21.06999969482422,19.11000061035156,20.739999771118164,0,0.0235536623038083,0.023553662303807954,0.0005547750079218239,0.023553662303807954,0.22058985353516153,0.35015081762195893,0.30996198683052617
2025-06-23,19.82999992370605,19.82999992370605,22.51000022888184,19.81999969482422,21.149999618530277,0,-0.0390655806044795,-0.039065580604479955,0.0015261195879651204,0.039065580604479955,0.17124680029743958,0.3220186715290302,0.30260480765099634
2025-06-24,17.479999542236328,17.479999542236328,18.71999931335449,17.329999923706055,18.190000534057617,0,-0.1261385946447681,-0.12613859464476773,0.015910945058957026,0.12613859464476773,0.1946574801718152,0.344651371782666,0.2980080248511701
2025-06-25,16.760000228881836,16.760000228881836,17.510000228881836,16.68000030517578,17.280000686645508,0,-0.042062235329165,-0.04206223532916509,0.0017692316408860636,0.04206223532916509,0.157031965083241,0.3341002652804922,0.2581381169679095
2025-06-26,16.59000015258789,16.59000015258789,16.780000686645508,16.110000610351562,16.670000076293945,0,-0.0101949953104356,-0.010194995310435662,0.00010393792937980513,0.010194995310435662,0.1409432837176359,0.2924816303677231,0.2517802191813845
2025-06-27,16.31999969482422,16.31999969482422,17.290000915527344,16.1200008392334,16.309999465942383,0,-0.0164087825634711,-0.016408782563471114,0.00026924814521527365,0.016408782563471114,0.13992670353582784,0.29236991787226174,0.2541753273288629
2025-06-30,16.729999542236328,16.729999542236328,17.43000030517578,16.549999237060547,17.190000534057617,0,0.0248121568004227,0.024812156800422702,0.0006156431250887625,0.024812156800422702,0.13663457066030946,0.2933431134367377,0.24752934557566555
2025-07-01,16.829999923706055,16.829999923706055,17.479999542236328,16.510000228881836,16.979999542236328,0,0.0059595160326164,0.005959516032616463,3.551583134301267e-05,0.005959516032616463,0.05285429662679359,0.29161801843297497,0.24237211352836727
2025-07-02,16.639999389648438,16.639999389648438,17.3700008392334,16.540000915527344,16.75,0,-0.011353604956223,-0.011353604956223062,0.0001289043455019729,0.011353604956223062,0.03395952556395618,0.29161726499776386,0.2354079746576687
2025-07-03,16.3799991607666,16.3799991607666,16.829999923706055,16.139999389648438,16.649999618530273,0,-0.0157483715236086,-0.01574837152360864,0.0002480112056456075,0.01574837152360864,0.036018365493103596,0.2896664784573388,0.23114287502514397
2025-07-07,17.790000915527344,17.790000915527344,18.5,17.510000228881836,17.829999923706055,0,0.0825755259511029,0.08257552595110296,0.006818717486101278,0.08257552595110296,0.08858212005636804,0.3011724455120304,0.23241917197922024
2025-07-08,16.809999465942383,16.809999465942383,17.440000534057617,16.540000915527344,17.40999984741211,0,-0.0566626374904841,-0.05666263749048417,0.003210654487378022,0.05666263749048417,0.10218514254024437,0.30263860793233544,0.22740009971223105
2025-07-09,15.9399995803833,15.9399995803833,16.760000228881836,15.760000228881836,16.760000228881836,0,-0.0531422686129832,-0.05314226861298321,0.0028241007133344605,0.05314226861298321,0.11502342473584025,0.2915241245557265,0.22286072566508117
2025-07-10,15.779999732971191,15.779999732971191,16.239999771118164,15.699999809265137,16.229999542236328,0,-0.010088348541557,-0.010088348541557046,0.00010177477629593618,0.010088348541557046,0.11490543359108597,0.29079128888258127,0.22158382186204997
2025-07-11,16.399999618530273,16.399999618530273,17.239999771118164,15.979999542236328,16.40999984741211,0,0.0385380130740529,0.03853801307405291,0.0014851784516958732,0.03853801307405291,0.120168323258693,0.29307530959048866,0.22161941787789652
2025-07-14,17.200000762939453,17.200000762939453,17.850000381469727,16.90999984741211,17.729999542236328,0,0.0476281166065484,0.04762811660654842,0.0022684374914869734,0.04762811660654842,0.09944921276808294,0.29636649899880885,0.21430106154312917
2025-07-15,17.3799991607666,17.3799991607666,17.389999389648438,16.559999465942383,16.889999389648438,0,0.0104106433735862,0.010410643373586215,0.00010838149545199457,0.010410643373586215,0.08238854852626913,0.2934019176051701,0.21098547876722135
2025-07-16,17.15999984741211,17.15999984741211,19.479999542236328,16.690000534057617,17.65999984741211,0,-0.0127389863821898,-0.012738986382189843,0.00016228177404561828,0.012738986382189843,0.06423436766230801,0.2557077053393555,0.21141588941244413
2025-07-17,16.520000457763672,16.520000457763672,17.3700008392334,16.479999542236328,17.15999984741211,0,-0.038009289365251,-0.03800928936525105,0.0014447060780513868,0.03800928936525105,0.07395258812734015,0.24389805157840538,0.20832742712492466
2025-07-18,16.40999984741211,16.40999984741211,16.809999465942383,16.280000686645508,16.43000030517578,0,-0.0066808999989671,-0.006680899998967149,4.4634424796199254e-05,0.006680899998967149,0.0634700028661756,0.21101934939411654,0.19881255256838373
2025-07-21,16.649999618530273,16.649999618530273,16.989999771118164,16.299999237060547,16.8700008392334,0,0.014519297711828,0.014519297711828028,0.0002108100060446946,0.014519297711828028,0.044393848429597316,0.1996046318665649,0.19175622680348334
2025-07-22,16.5,16.5,17.479999542236328,16.43000030517578,16.75,0,-0.0090498126088229,-0.009049812608822982,8.189910825481143e-05,0.009049812608822982,0.044094573262396776,0.19841656473923716,0.18632277383175208
2025-07-23,15.369999885559082,15.369999885559082,16.31999969482422,15.31999969482422,16.229999542236328,0,-0.0709428308017634,-0.07094283080176345,0.005032885242167637,0.07094283080176345,0.0825526187308125,0.2070649627945839,0.17411594599950103
2025-07-24,15.390000343322754,15.390000343322754,15.539999961853027,14.949999809265137,15.390000343322754,0,0.0013004200541875,0.0013004200541875122,1.691092317333052e-06,0.0013004200541875122,0.07329338219498975,0.16421523939781812,0.16943951482147082
2025-07-25,14.93000030517578,14.93000030517578,15.390000343322754,14.920000076293944,15.329999923706056,0,-0.0303453381674194,-0.030345338167419467,0.0009208395484950446,0.030345338167419467,0.07904508205625248,0.1616114252090232,0.16794684900280918
2025-07-28,15.029999732971191,15.029999732971191,15.539999961853027,15.0,15.149999618530272,0,0.0066755540069558,0.006675554006955853,4.4563021299784344e-05,0.006675554006955853,0.07798639632996755,0.16142762418499404,0.16750653510414354
2025-07-29,15.979999542236328,15.979999542236328,16.1200008392334,14.699999809265137,14.949999809265137,0,0.0612897256935958,0.06128972569359581,0.003756430475596218,0.06128972569359581,0.09877453811522574,0.17188967444379147,0.17133195779754015
2025-07-30,15.479999542236328,15.479999542236328,17.270000457763672,15.4399995803833,15.869999885559082,0,-0.0317890731018071,-0.03178907310180712,0.001010545168672037,0.03178907310180712,0.07572363769907375,0.17303456944777218,0.18141571546317453
2025-07-31,16.719999313354492,16.719999313354492,17.170000076293945,14.739999771118164,14.989999771118164,0,0.0770567279989555,0.07705672799895558,0.005937739329905024,0.07705672799895558,0.10802831825020824,0.18932296670646673,0.20033690941076865
2025-08-01,20.3799991607666,20.3799991607666,21.899999618530277,17.389999389648438,17.399999618530273,0,0.1979484200260746,0.1979484200260746,0.03918357699081925,0.1979484200260746,0.22345660649506982,0.27367473096333755,0.24176038944084058
2025-08-04,17.520000457763672,17.520000457763672,19.57999992370605,17.479999542236328,19.559999465942383,0,-0.1512108749790055,-0.15121087497900554,0.022864728711916443,0.15121087497900554,0.2697276787371091,0.3122732391258111,0.24991663074154713
2025-08-05,17.850000381469727,17.850000381469727,18.940000534057617,17.110000610351562,17.209999084472656,0,0.0186604179601919,0.01866041796019191,0.00034821119844905284,0.01866041796019191,0.26333401109572224,0.30173509836688506,0.25513010330130637
2025-08-06,16.770000457763672,16.770000457763672,17.8799991607666,16.559999465942383,17.219999313354492,0,-0.0624119264648017,-0.06241192646480176,0.0038952485650478224,0.06241192646480176,0.2687554739835782,0.3028674027757751,0.2572940277341153
2025-08-07,16.56999969482422,16.56999969482422,17.639999389648438,15.979999542236328,16.40999984741211,0,-0.0119977901105952,-0.011997790110595208,0.00014394696753789618,0.011997790110595208,0.2577512607801767,0.29840996953578314,0.2614537873846901
2025-08-08,15.149999618530272,15.149999618530272,16.520000457763672,15.149999618530272,16.479999542236328,0,-0.0895933062452458,-0.08959330624524586,0.00802696052395441,0.08959330624524586,0.1878273035714078,0.3114059981214323,0.26579828957525176
2025-08-11,16.25,16.25,16.360000610351562,15.520000457763672,15.8100004196167,0,0.0700924019998887,0.07009240199988875,0.004912944818114009,0.07009240199988875,0.13163324835733317,0.3168618974134057,0.26376758088806795
2025-08-12,14.729999542236328,14.729999542236328,16.559999465942383,14.65999984741211,16.09000015258789,0,-0.0982067093781715,-0.09820670937817155,0.009644557766888648,0.09820670937817155,0.1631675784019085,0.32829496235523525,0.2717984261303343
2025-08-13,14.489999771118164,14.489999771118164,14.8100004196167,14.300000190734863,14.619999885559082,0,-0.0164274588608321,-0.01642745886083219,0.000269861404624334,0.01642745886083219,0.1516518100159687,0.32854080753689896,0.27102521924815803
2025-08-14,14.829999923706056,14.829999923706056,15.390000343322754,14.56999969482422,14.65999984741211,0,0.0231934104685298,0.023193410468530296,0.0005379342891617307,0.023193410468530296,0.15294528041997013,0.3291120094012277,0.2567446600176574
2025-08-15,15.09000015258789,15.09000015258789,15.18000030517578,14.399999618530272,14.43000030517578,0,0.0173801318863398,0.017380131886339356,0.00030206898438655004,0.017380131886339356,0.12516935432914655,0.3273714673554324,0.25675601668453285
2025-08-18,14.989999771118164,14.989999771118164,15.949999809265137,14.949999809265137,15.729999542236328,0,-0.0066489860460743,-0.006648986046074334,4.420901544089121e-05,0.006648986046074334,0.10391646385680336,0.3273708176198569,0.25897009631797446
2025-08-19,15.56999969482422,15.56999969482422,15.90999984741211,14.760000228881836,15.229999542236328,0,0.0379626694001258,0.037962669400125826,0.0014411642679832497,0.037962669400125826,0.05094347810659302,0.32924459979023524,0.26167879586071857
2025-08-20,15.6899995803833,15.6899995803833,17.190000534057617,15.56999969482422,15.949999809265137,0,0.0076775737550645,0.007677573755064504,5.894513876445527e-05,0.007677573755064504,0.04882951664451578,0.32920973940869647,0.2657542836348488
2025-08-21,16.600000381469727,16.600000381469727,17.239999771118164,15.649999618530272,15.720000267028809,0,0.056379178341873,0.056379178341873004,0.003178611750504722,0.056379178341873004,0.07088722844828986,0.3263813398922783,0.26936992422669426
2025-08-22,14.220000267028809,14.220000267028809,16.829999923706055,14.210000038146973,16.809999465942383,0,-0.1547532751891096,-0.15475327518910964,0.023948576181756297,0.15475327518910964,0.16932662624185774,0.3612086157877714,0.2869625253423263
2025-08-25,14.789999961853027,14.789999961853027,15.1899995803833,14.239999771118164,15.050000190734863,0,0.0393018309899759,0.03930183098997597,0.0015446339191646358,0.03930183098997597,0.1737006944665839,0.3620710682863068,0.2889720901921541
2025-08-26,14.619999885559082,14.619999885559082,15.75,14.619999885559082,15.75,0,-0.0115608276495313,-0.011560827649531369,0.000133652735942169,0.011560827649531369,0.1698953199065014,0.3621940753306573,0.2916382428917312
2025-08-27,14.850000381469728,14.850000381469728,15.229999542236328,14.65999984741211,14.65999984741211,0,0.015609444442969,0.015609444442969078,0.00024365475581813824,0.015609444442969078,0.17043805133592124,0.35731187005870907,0.28724680958679144
2025-08-28,14.43000030517578,14.43000030517578,14.6899995803833,14.119999885559082,14.420000076293944,0,-0.0286904970024233,-0.028690497002423765,0.0008231446182460871,0.028690497002423765,0.1633819519130785,0.3570495370875389,0.28026871243244017
2025-08-29,15.359999656677246,15.359999656677246,15.970000267028809,14.3100004196167,14.3100004196167,0,0.062457311433302,0.062457311433302465,0.0039009157514765347,0.062457311433302465,0.08152301380989133,0.35418575402745567,0.27294021827997594
2025-09-02,17.170000076293945,17.170000076293945,19.3799991607666,16.549999237060547,16.649999618530273,0,0.1113969739850446,0.11139697398504467,0.012409285813024718,0.11139697398504467,0.13232782653133773,0.31412299689485135,0.25358605420706176
2025-09-03,16.350000381469727,16.350000381469727,17.56999969482422,16.34000015258789,17.399999618530273,0,-0.0489357586780849,-0.04893575867808497,0.0023947084773997688,0.04893575867808497,0.14061191064758852,0.27964841666579504,0.2481197168645013
2025-09-04,15.300000190734863,15.300000190734863,16.350000381469727,15.279999732971191,16.219999313354492,0,-0.0663750798100233,-0.06637507981002333,0.004405651219786966,0.06637507981002333,0.15470522253606775,0.28681122182547886,0.24390903015505067
2025-09-05,15.18000030517578,15.18000030517578,16.920000076293945,14.739999771118164,15.229999542236328,0,-0.0078740487934303,-0.007874048793430344,6.200064440132186e-05,0.007874048793430344,0.15222536551471794,0.2800489761530606,0.25344047158000343
2025-09-08,15.109999656677246,15.109999656677246,15.649999618530272,14.989999771118164,15.579999923706056,0,-0.0046220385082009,-0.004622038508200976,2.1363239971292707e-05,0.004622038508200976,0.13889927787639586,0.2798300293335419,0.24774738309577246
2025-09-09,15.039999961853027,15.039999961853027,15.81999969482422,14.970000267028809,15.020000457763672,0,-0.004643437577763,-0.004643437577763088,2.156151253858233e-05,0.004643437577763088,0.08309804506784801,0.2651404275198241,0.24449072868816796
2025-09-10,15.350000381469728,15.350000381469728,15.630000114440918,14.630000114440918,14.979999542236328,0,0.0204021828993274,0.020402182899327936,0.0004162490670576293,0.020402182899327936,0.07019135049103956,0.25652046810018636,0.24566310603924274
2025-09-11,14.710000038146973,14.710000038146973,15.239999771118164,14.649999618530272,15.1899995803833,0,-0.0425879616780395,-0.04258796167804002,0.0018137344798902053,0.04258796167804002,0.04832089552004596,0.2407736016828678,0.23570323959030243
2025-09-12,14.760000228881836,14.760000228881836,14.970000267028809,14.40999984741211,14.619999885559082,0,0.0033932974726118,0.003393297472611856,1.1514467737634008e-05,0.003393297472611856,0.04779563544085914,0.24023650915390354,0.23587575168534228
2025-09-15,15.6899995803833,15.6899995803833,15.84000015258789,14.920000076293944,15.140000343322754,0,0.0611027053215025,0.061102705321502526,0.0037335405976063733,0.061102705321502526,0.07743771771450002,0.24679786595288505,0.2363205944041674
2025-09-16,16.360000610351562,16.360000610351562,16.3799991607666,15.4399995803833,15.600000381469728,0,0.0418158284814245,0.04181582848142451,0.0017485635115879134,0.04181582848142451,0.08788402655704802,0.24971119551613938,0.23686187280817544
2025-09-17,15.720000267028809,15.720000267028809,16.75,15.260000228881836,16.420000076293945,0,-0.0399055644945267,-0.03990556449452676,0.0015924540776268345,0.03990556449452676,0.09433878912965295,0.2527922590355281,0.24025391009714853
2025-09-18,15.699999809265137,15.699999809265137,15.800000190734863,14.329999923706056,14.93000030517578,0,-0.001273103782081,-0.0012731037820810087,1.6207932399489684e-06,0.0012731037820810087,0.0841884401078846,0.2499287553554857,0.24316914988517047
2025-09-19,15.449999809265137,15.449999809265137,16.1299991607666,15.289999961853027,15.760000228881836,0,-0.016051709207089,-0.016051709207089093,0.00025765736846894877,0.016051709207089093,0.08563782078340262,0.25032597744390556,0.23796891101814135
2025-09-22,16.100000381469727,16.100000381469727,16.350000381469727,15.779999732971191,16.139999389648438,0,0.0412103046857326,0.04121030468573261,0.0016982892122909153,0.04121030468573261,0.07279137973149517,0.24735151595458824,0.23174651219744832
2025-09-23,16.639999389648438,16.639999389648438,17.06999969482422,15.949999809265137,16.100000381469727,0,0.0329901030290917,0.03299010302909178,0.0010883468978700904,0.03299010302909178,0.06810556768353747,0.1957614445215061,0.21222591974919663
2025-09-24,16.18000030517578,16.18000030517578,17.209999084472656,16.18000030517578,16.56999969482422,0,-0.0280334682216381,-0.028033468221638103,0.0007858753405335934,0.028033468221638103,0.06190145081016812,0.19381378842207192,0.21191792791645733
2025-09-25,16.739999771118164,16.739999771118164,17.739999771118164,16.31999969482422,16.549999237060547,0,0.0340251208969366,0.034025120896936656,0.0011577088520511555,0.034025120896936656,0.07062490829172714,0.19643787999931342,0.21312109312376604
2025-09-26,15.289999961853027,15.289999961853027,17.049999237060547,15.289999961853027,16.889999389648438,0,-0.0906020339425048,-0.09060203394250488,0.008208728554518806,0.09060203394250488,0.11374950047039648,0.21576124419674012,0.22175920397065021
2025-09-29,16.1200008392334,16.1200008392334,16.290000915527344,15.739999771118164,15.84000015258789,0,0.0528617716940318,0.052861771694031834,0.0027943669066319453,0.052861771694031834,0.11846951739416244,0.2202819483882217,0.22144467923164196
2025-09-30,16.280000686645508,16.280000686645508,16.700000762939453,16.020000457763672,16.489999771118164,0,0.0098766136115298,0.009876613611529805,9.754749643145582e-05,0.009876613611529805,0.11421132671572957,0.21147285530456644,0.21287656935816443
2025-10-01,16.290000915527344,16.290000915527344,17.280000686645508,15.979999542236328,17.280000686645508,0,0.0006140760641177,0.0006140760641177856,3.770894125223907e-07,0.0006140760641177856,0.11071914423010165,0.17975499939376902,0.1963041318548752
2025-10-02,16.6299991607666,16.6299991607666,16.920000076293945,15.93000030517578,16.1200008392334,0,0.0206567639240544,0.020656763924054466,0.00042670189581411807,0.020656763924054466,0.10736722937101906,0.17419487140977558,0.19479888743414933
2025-10-03,16.649999618530273,16.649999618530273,17.059999465942383,16.200000762939453,16.350000381469727,0,0.0012019507755498,0.0012019507755498537,1.4446856668448948e-06,0.0012019507755498537,0.057623242480418044,0.16105789856864558,0.19302678254244246
2025-10-06,16.3700008392334,16.3700008392334,17.09000015258789,16.290000915527344,16.739999771118164,0,-0.0169597508657672,-0.016959750865767287,0.00028763314942889426,0.016959750865767287,0.02852550291851142,0.16175685208477478,0.17671013669411295
2025-10-07,17.239999771118164,17.239999771118164,17.549999237060547,16.190000534057617,16.579999923706055,0,0.0517818093097477,0.05178180930974774,0.0026813557753910776,0.05178180930974774,0.05828818573015998,0.1697800687118352,0.1813930243905586
2025-10-08,16.299999237060547,16.299999237060547,17.200000762939453,16.229999542236328,17.170000076293945,0,-0.0560671909527243,-0.05606719095272439,0.0031435299013292594,0.05606719095272439,0.0808743804157433,0.1787379090192849,0.18171047348642155
2025-10-09,16.43000030517578,16.43000030517578,17.270000457763672,16.260000228881836,16.309999465942383,0,0.0079438896168646,0.007943889616864652,6.310538224493003e-05,0.007943889616864652,0.07859433118273336,0.17774728249898356,0.18097460170980412
2025-10-10,21.65999984741211,21.65999984741211,22.440000534057617,16.229999542236328,16.360000610351562,0,0.2763582839046803,0.2763582839046803,0.07637390108273989,0.2763582839046803,0.28731433185821803,0.3258132333694001,0.2646655138037672
2025-10-13,19.030000686645508,19.030000686645508,20.770000457763672,18.61000061035156,19.450000762939453,0,-0.1294505171378364,-0.1294505171378364,0.016757436387253275,0.1294505171378364,0.3146733680007868,0.35057122665463974,0.27179532781388815
2025-10-14,20.809999465942383,20.809999465942383,22.940000534057617,19.18000030517578,21.459999084472656,0,0.0894168973517115,0.08941689735171154,0.00799538153200652,0.08941689735171154,0.32300674030981774,0.3565978489735166,0.29006815400672165
2025-10-15,20.63999938964844,20.63999938964844,22.440000534057617,19.11000061035156,20.020000457763672,0,-0.0082027036999692,-0.008202703699968783,6.728434798948157e-05,0.008202703699968783,0.3182092216329286,0.3542326166926763,0.3036219313925912
2025-10-16,25.309999465942383,25.309999465942383,25.43000030517578,19.850000381469727,20.489999771118164,0,0.2039686424143112,0.20396864241431079,0.04160320708833698,0.20396864241431079,0.37788518155430006,0.40680646472204773,0.33345113895681966
2025-10-17,20.780000686645508,20.780000686645508,28.989999771118164,20.729999542236328,28.40999984741211,0,-0.1972085347417191,-0.19720853474171918,0.03889120617497586,0.19720853474171918,0.3245219800422805,0.4520852631101644,0.38511810628480103
2025-10-20,18.229999542236328,18.229999542236328,21.020000457763672,18.229999542236328,20.530000686645508,0,-0.1309224551345447,-0.1309224551345447,0.01714068925845687,0.1309224551345447,0.32511193211225864,0.4703871990300911,0.3931902502162778
2025-10-21,17.8700008392334,17.8700008392334,18.88999938964844,17.399999618530273,18.649999618530277,0,-0.0199451874455198,-0.019945187445519874,0.0003978105022369236,0.019945187445519874,0.3132095103473014,0.46900281267954086,0.39570091891450754
2025-10-22,18.600000381469727,18.600000381469727,21.01000022888184,17.729999542236328,17.84000015258789,0,0.0400382250936881,0.04003822509368815,0.0016030594686528396,0.04003822509368815,0.315651663218586,0.46955122284166534,0.4065830862707413
2025-10-23,17.299999237060547,17.299999237060547,19.350000381469727,17.079999923706055,18.36000061035156,0,-0.0724551438250942,-0.07245514382509421,0.0052497478667150885,0.07245514382509421,0.251560158353897,0.47428074322945557,0.411767167918868
2025-10-24,16.3700008392334,16.3700008392334,17.219999313354492,16.020000457763672,17.020000457763672,0,-0.0552560147535956,-0.05525601475359565,0.00305322716644958,0.05525601475359565,0.16566391961592442,0.47627485941700004,0.41100310036616855
2025-10-27,15.789999961853027,15.789999961853027,16.06999969482422,15.619999885559082,15.729999542236328,0,-0.036073616797934,-0.03607361679793408,0.001301305828884192,0.03607361679793408,0.10772720563041999,0.46896728989029557,0.4061196508173737
2025-10-28,16.420000076293945,16.420000076293945,16.549999237060547,15.65999984741211,15.949999809265137,0,0.0391232828190291,0.039123282819029104,0.0015306312585377378,0.039123282819029104,0.1128626226402683,0.4676179886819522,0.40695175046067555
2025-10-29,16.920000076293945,16.920000076293945,17.579999923706055,16.260000228881836,16.34000015258789,0,0.0299962500164898,0.029996250016489867,0.0008997750150517683,0.029996250016489867,0.10970272164189243,0.4684749842388328,0.4088811578691987
2025-10-30,16.90999984741211,16.90999984741211,17.40999984741211,15.729999542236328,16.260000228881836,0,-0.0005912048002163,-0.0005912048002163495,3.495231157988537e-07,0.0005912048002163495,0.08237286441565113,0.46847495481752055,0.410720645992495
2025-10-31,17.440000534057617,17.440000534057617,18.540000915527344,15.960000038146973,16.43000030517578,0,0.0308612952164439,0.030861295216443985,0.0009524195424365084,0.030861295216443985,0.06844326970583865,0.46903571392581644,0.4189018309136254
2025-11-03,17.170000076293945,17.170000076293945,18.82999992370605,17.0,18.059999465942383,0,-0.0156027697505742,-0.015602769750574286,0.00024344642388943595,0.015602769750574286,0.060221439396874396,0.46929362096253013,0.42223659610413533
2025-11-04,19.0,19.0,20.479999542236328,17.899999618530273,19.729999542236328,0,0.1012752998136115,0.1012752998136115,0.010256686352336897,0.1012752998136115,0.11114259695018186,0.47979741128838005,0.42894499733368713
2025-11-05,18.010000228881836,18.010000228881836,20.020000457763672,17.309999465942383,19.3700008392334,0,-0.0535118072699787,-0.05351180726997873,0.002863513517299348,0.05351180726997873,0.1196512238093625,0.4799872015178521,0.4350600974234945
2025-11-06,19.5,19.5,20.309999465942383,17.639999389648438,18.36000061035156,0,0.0794872936732393,0.07948729367323937,0.006318229855495799,0.07948729367323937,0.14364642596131014,0.4832829539463457,0.44184484146626374
2025-11-07,19.07999992370605,19.07999992370605,22.71999931335449,19.07999992370605,19.520000457763672,0,-0.0217738035481951,-0.021773803548195136,0.0004740985209553951,0.021773803548195136,0.14197173898342247,0.48370797669029214,0.45267300990576553
2025-11-10,17.600000381469727,17.600000381469727,18.81999969482422,17.600000381469727,18.57999992370605,0,-0.0807417383029833,-0.08074173830298337,0.0065192283041874514,0.08074173830298337,0.16257846275037496,0.40511570437995087,0.410700196948331
2025-11-11,17.280000686645508,17.280000686645508,18.010000228881836,17.25,17.899999618530273,0,-0.0183491206061834,-0.018349120606183433,0.0003366902270202655,0.018349120606183433,0.1284980950246284,0.38431495908308166,0.40619696803176886
2025-11-12,17.510000228881836,17.510000228881836,18.059999465942383,17.100000381469727,17.209999084472656,0,0.013222356256914,0.013222356256914036,0.00017483070498475377,0.013222356256914036,0.11757158505627044,0.3740019210485542,0.3930825224301897
2025-11-13,20.0,20.0,21.309999465942383,17.510000228881836,17.610000610351562,0,0.1329601141847378,0.13296011418473785,0.01767839196401853,0.13296011418473785,0.15869227996713187,0.39684826390452815,0.3988987847378073
2025-11-14,19.82999992370605,19.82999992370605,23.030000686645508,19.559999465942383,21.32999992370605,0,-0.0085363348696865,-0.008536334869686968,7.286901300743363e-05,0.008536334869686968,0.1574230294881235,0.3405263668039649,0.38289134879370873
2025-11-17,22.88999938964844,22.88999938964844,23.440000534057617,19.540000915527344,19.57999992370605,0,0.1435041686156202,0.14350416861562065,0.020593446410060483,0.14350416861562065,0.19711983238398828,0.3125067146859298,0.3434884525076577
