Price,Close,High,Low,Open,Volume,log_return
Ticker,^VIX,^VIX,^VIX,^VIX,^VIX,
Date,,,,,,
2013-01-03,14.5600004196167,14.920000076293945,14.239999771118164,14.770000457763672,0,-0.008207972386542473
2013-01-04,13.829999923706055,14.3100004196167,13.640000343322754,14.229999542236328,0,-0.05143793142825537
2013-01-07,13.789999961853027,14.529999732971191,13.710000038146973,14.529999732971191,0,-0.002896451121179755
2013-01-08,13.619999885559082,14.289999961853027,13.619999885559082,13.880000114440918,0,-0.012404396719983168
2013-01-09,13.8100004196167,13.930000305175781,13.220000267028809,13.319999694824219,0,0.013853705487239854
2013-01-10,13.489999771118164,13.880000114440918,13.329999923706055,13.329999923706055,0,-0.023444344553303242
2013-01-11,13.359999656677246,13.789999961853027,13.220000267028809,13.550000190734863,0,-0.009683510842197762
2013-01-14,13.520000457763672,13.850000381469727,13.40999984741211,13.65999984741211,0,0.01190496206238878
2013-01-15,13.550000190734863,13.989999771118164,13.329999923706055,13.970000267028809,0,0.002216456929006405
2013-01-16,13.420000076293945,13.760000228881836,13.199999809265137,13.699999809265137,0,-0.00964042417345512
2013-01-17,13.569999694824219,13.699999809265137,13.15999984741211,13.449999809265137,0,0.011115314129145126
2013-01-18,12.460000038146973,13.529999732971191,12.289999961853027,13.520000457763672,0,-0.08533793493691189
2013-01-22,12.430000305175781,13.319999694824219,12.430000305175781,13.279999732971191,0,-0.0024105863466910016
2013-01-23,12.460000038146973,12.670000076293945,12.300000190734863,12.670000076293945,0,0.0024105863466910016
2013-01-24,12.6899995803833,13.5,12.399999618530273,12.729999542236328,0,0.01829073223871225
2013-01-25,12.890000343322754,12.989999771118164,12.5,12.630000114440918,0,0.015637594926335652
2013-01-28,13.569999694824219,13.90999984741211,13.289999961853027,13.289999961853027,0,0.051409607771863985
2013-01-29,13.3100004196167,13.880000114440918,13.039999961853027,13.869999885559082,0,-0.01934578742433013
2013-01-30,14.319999694824219,14.329999923706055,13.600000381469727,13.640000343322754,0,0.07314147628789769
2013-01-31,14.279999732971191,14.430000305175781,14.039999961853027,14.430000305175781,0,-0.002797202009399591
2013-02-01,12.899999618530273,13.380000114440918,12.720000267028809,13.369999885559082,0,-0.10163265641561248
2013-02-04,14.670000076293945,14.75,13.800000190734863,14.0,0,0.12857731555923912
2013-02-05,13.720000267028809,14.210000038146973,13.390000343322754,14.210000038146973,0,-0.0669499555950881
2013-02-06,13.40999984741211,14.079999923706055,13.34000015258789,14.0600004196167,0,-0.022853955845557827
2013-02-07,13.5,14.40999984741211,13.430000305175781,13.470000267028809,0,0.006688999529461448
2013-02-08,13.020000457763672,13.199999809265137,12.890000343322754,13.199999809265137,0,-0.03620301350546118
2013-02-11,12.9399995803833,13.420000076293945,12.90999984741211,13.369999885559082,0,-0.006163415294043517
2013-02-12,12.640000343322754,13.130000114440918,12.630000114440918,12.819999694824219,0,-0.023456840764557896
2013-02-13,12.979999542236328,13.1899995803833,12.670000076293945,12.880000114440918,0,0.02654326012877517
2013-02-14,12.65999984741211,13.319999694824219,12.640000343322754,13.300000190734863,0,-0.024962271345822185
2013-02-15,12.460000038146973,12.890000343322754,12.239999771118164,12.470000267028809,0,-0.01592388824241242
2013-02-19,12.3100004196167,12.850000381469727,12.079999923706055,12.8100004196167,0,-0.012111542137034803
2013-02-20,14.680000305175781,14.680000305175781,12.319999694824219,12.319999694824219,0,0.1760740696910834
2013-02-21,15.220000267028809,16.209999084472656,14.670000076293945,14.680000305175781,0,0.0361243260032289
2013-02-22,14.170000076293945,15.020000457763672,14.15999984741211,14.600000381469727,0,-0.07148331089136217
2013-02-25,18.989999771118164,19.280000686645508,13.569999694824219,13.6899995803833,0,0.29278545368466125
2013-02-26,16.8700008392334,18.229999542236328,16.75,17.5,0,-0.11837556646647318
2013-02-27,14.729999542236328,16.600000381469727,14.420000076293945,16.56999969482422,0,-0.1356507469073902
2013-02-28,15.510000228881836,15.600000381469727,14.15999984741211,15.0,0,0.05159879254792177
2013-03-01,15.359999656677246,16.81999969482422,15.140000343322754,16.100000381469727,0,-0.009718286577712565
2013-03-04,14.010000228881836,16.15999984741211,14.010000228881836,16.15999984741211,0,-0.09199532868183535
2013-03-05,13.479999542236328,13.65999984741211,13.239999771118164,13.4399995803833,0,-0.03856430516051779
2013-03-06,13.529999732971191,13.770000457763672,13.170000076293945,13.180000305175781,0,0.003702350921211739
2013-03-07,13.0600004196167,13.5600004196167,13.029999732971191,13.449999809265137,0,-0.03535526646844245
2013-03-08,12.59000015258789,13.300000190734863,12.489999771118164,12.670000076293945,0,-0.03665129580217563
2013-03-11,11.5600004196167,12.34000015258789,11.5,12.3100004196167,0,-0.08535196063277173
2013-03-12,12.270000457763672,12.930000305175781,11.739999771118164,11.789999961853027,0,0.059606396487119184
2013-03-13,11.829999923706055,12.550000190734863,11.789999961853027,12.180000305175781,0,-0.03651862448926879
2013-03-14,11.300000190734863,11.75,11.050000190734863,11.699999809265137,0,-0.04583592894361699
2013-03-15,11.300000190734863,11.989999771118164,11.210000038146973,11.520000457763672,0,0.0
2013-03-18,13.359999656677246,13.640000343322754,12.569999694824219,13.470000267028809,0,0.1674623998132021
2013-03-19,14.390000343322754,15.399999618530273,12.920000076293945,13.029999732971191,0,0.07426840234701393
2013-03-20,12.670000076293945,13.180000305175781,12.300000190734863,13.180000305175781,0,-0.12729654440303317
2013-03-21,13.989999771118164,14.210000038146973,12.619999885559082,13.069999694824219,0,0.09910577196233206
2013-03-22,13.569999694824219,13.850000381469727,13.1899995803833,13.34000015258789,0,-0.03048132095922762
2013-03-25,13.739999771118164,14.609999656677246,12.390000343322754,12.850000381469727,0,0.012449818778363042
2013-03-26,12.770000457763672,13.210000038146973,12.6899995803833,12.949999809265137,0,-0.07321256424488665
2013-03-27,13.149999618530273,13.970000267028809,12.970000267028809,13.720000267028809,0,0.02932302372341855
2013-03-28,12.699999809265137,13.069999694824219,12.539999961853027,12.90999984741211,0,-0.03481975116861635
2013-04-01,13.579999923706055,14.050000190734863,13.260000228881836,13.460000038146973,0,0.06699613806638682
2013-04-02,12.779999732971191,13.180000305175781,12.760000228881836,13.109999656677246,0,-0.06071668845732381
2013-04-03,14.210000038146973,14.65999984741211,12.619999885559082,12.649999618530273,0,0.10606451673841022
2013-04-04,13.890000343322754,14.789999961853027,13.890000343322754,14.100000381469727,0,-0.022776763310012438
2013-04-05,13.920000076293945,15.649999618530273,13.859999656677246,15.640000343322754,0,0.0021574789036473696
2013-04-08,13.1899995803833,14.5,13.1899995803833,14.039999961853027,0,-0.05386772547118257
2013-04-09,12.84000015258789,13.680000305175781,12.75,13.109999656677246,0,-0.026893624770370828
2013-04-10,12.359999656677246,12.880000114440918,12.319999694824219,12.65999984741211,0,-0.03809988589298419
2013-04-11,12.239999771118164,12.619999885559082,12.149999618530273,12.550000190734863,0,-0.00975616586793926
2013-04-12,12.0600004196167,13.119999885559082,11.989999771118164,12.609999656677246,0,-0.014815032291557007
2013-04-15,17.270000457763672,17.270000457763672,12.65999984741211,13.119999885559082,0,0.35907669257175323
2013-04-16,13.960000038146973,14.869999885559082,13.90999984741211,14.720000267028809,0,-0.21277481859806224
2013-04-17,16.510000228881836,17.899999618530273,14.979999542236328,15.350000381469727,0,0.16777017172844344
2013-04-18,17.559999465942383,18.200000762939453,16.31999969482422,16.34000015258789,0,0.061657285998405253
2013-04-19,14.970000267028809,16.979999542236328,14.869999885559082,16.670000076293945,0,-0.1595753415245338
2013-04-22,14.390000343322754,16.0,14.039999961853027,15.079999923706055,0,-0.039514671511430066
2013-04-23,13.479999542236328,14.869999885559082,13.460000038146973,13.8100004196167,0,-0.06532647323227136
2013-04-24,13.609999656677246,13.75,13.359999656677246,13.569999694824219,0,0.00959771991217151
2013-04-25,13.619999885559082,13.869999885559082,13.130000114440918,13.609999656677246,0,0.0007345008813470777
2013-04-26,13.609999656677246,14.180000305175781,13.489999771118164,13.9399995803833,0,-0.0007345008813470777
2013-04-29,13.710000038146973,13.9399995803833,13.359999656677246,13.720000267028809,0,0.007320704919040022
2013-04-30,13.520000457763672,14.279999732971191,13.510000228881836,13.710000038146973,0,-0.013955391883565316
2013-05-01,14.489999771118164,14.670000076293945,13.869999885559082,13.880000114440918,0,0.06928863606366553
2013-05-02,13.59000015258789,14.479999542236328,13.579999923706055,14.479999542236328,0,-0.06412450114573698
2013-05-03,12.850000381469727,13.149999618530273,12.770000457763672,12.920000076293945,0,-0.05599039836341735
2013-05-06,12.65999984741211,13.1899995803833,12.65999984741211,13.0600004196167,0,-0.014896436364314258
2013-05-07,12.829999923706055,12.960000038146973,12.489999771118164,12.630000114440918,0,0.013338768017743252
2013-05-08,12.65999984741211,13.039999961853027,12.619999885559082,12.869999885559082,0,-0.013338768017743252
2013-05-09,13.130000114440918,13.529999732971191,12.779999732971191,12.90999984741211,0,0.03645229236741798
2013-05-10,12.59000015258789,13.449999809265137,12.539999961853027,13.079999923706055,0,-0.041996836854667485
2013-05-13,12.550000190734863,12.869999885559082,12.489999771118164,12.569999694824219,0,-0.003182179400234464
2013-05-14,12.770000457763672,13.210000038146973,12.539999961853027,12.609999656677246,0,0.017378025115459828
2013-05-15,12.8100004196167,13.430000305175781,12.779999732971191,12.979999542236328,0,0.0031274427743555044
2013-05-16,13.069999694824219,13.460000038146973,12.789999961853027,13.069999694824219,0,0.020093355621191744
2013-05-17,12.449999809265137,12.9399995803833,12.260000228881836,12.729999542236328,0,-0.04859889669614992
2013-05-20,13.020000457763672,13.279999732971191,12.84000015258789,13.279999732971191,0,0.044766064348275236
2013-05-21,13.369999885559082,13.4399995803833,12.890000343322754,13.079999923706055,0,0.02652671061539902
2013-05-22,13.819999694824219,14.449999809265137,13.050000190734863,13.449999809265137,0,0.03310341370301817
2013-05-23,14.069999694824219,15.109999656677246,13.869999885559082,14.9399995803833,0,0.017928053179136594
2013-05-24,13.989999771118164,14.789999961853027,13.989999771118164,14.59000015258789,0,-0.005702077119475124
2013-05-28,14.479999542236328,14.5600004196167,13.5600004196167,13.670000076293945,0,0.03442558302705523
2013-05-29,14.829999923706055,15.649999618530273,14.59000015258789,15.300000190734863,0,0.023883795661216123
2013-05-30,14.529999732971191,14.979999542236328,14.270000457763672,14.899999618530273,0,-0.02043669180083807
2013-05-31,16.299999237060547,16.350000381469727,14.359999656677246,15.020000457763672,0,0.11494960180217939
2013-06-03,16.280000686645508,17.579999923706055,16.149999618530273,16.399999618530273,0,-0.00122765825497817
2013-06-04,16.270000457763672,17.25,15.819999694824219,16.15999984741211,0,-0.0006144533852459055
2013-06-05,17.5,17.84000015258789,16.56999969482422,16.860000610351562,0,0.07287793156307876
2013-06-06,16.6299991607666,18.510000228881836,16.600000381469727,17.700000762939453,0,-0.0509926381896606
2013-06-07,15.140000343322754,16.209999084472656,14.960000038146973,15.899999618530273,0,-0.09386797205396968
2013-06-10,15.4399995803833,15.600000381469727,15.100000381469727,15.15999984741211,0,0.01962124673354415
2013-06-11,17.06999969482422,17.139999389648438,16.0,16.90999984741211,0,0.10036100150906524
2013-06-12,18.59000015258789,18.600000381469727,16.43000030517578,16.510000228881836,0,0.0853012910129678
2013-06-13,16.40999984741211,18.579999923706055,16.3700008392334,18.3799991607666,0,-0.12473291413788568
2013-06-14,17.149999618530273,17.260000228881836,16.030000686645508,16.6299991607666,0,0.04410725556528616
2013-06-17,16.799999237060547,17.6200008392334,16.329999923706055,16.530000686645508,0,-0.02061931037266662
2013-06-18,16.610000610351562,16.950000762939453,16.459999084472656,16.809999465942383,0,-0.0113738806249164
2013-06-19,16.639999389648438,17.18000030517578,15.359999656677246,16.889999389648438,0,0.0018044383420474652
2013-06-20,20.489999771118164,21.31999969482422,18.010000228881836,18.399999618530273,0,0.20812755236711133
2013-06-21,18.899999618530273,20.93000030517578,18.25,18.969999313354492,0,-0.08077504919837875
2013-06-24,20.110000610351562,21.90999984741211,18.579999923706055,20.8700008392334,0,0.06205533225319648
2013-06-25,18.469999313354492,19.219999313354492,17.81999969482422,18.649999618530273,0,-0.08506947710032087
2013-06-26,17.209999084472656,18.059999465942383,17.079999923706055,17.229999542236328,0,-0.07065720000884701
2013-06-27,16.860000610351562,16.969999313354492,16.34000015258789,16.600000381469727,0,-0.020546568251172737
2013-06-28,16.860000610351562,17.690000534057617,16.190000534057617,17.25,0,0.0
2013-07-01,16.3700008392334,16.899999618530273,16.0,16.899999618530273,0,-0.029493546125278325
2013-07-02,16.440000534057617,16.93000030517578,15.880000114440918,16.489999771118164,0,0.004266979463699361
2013-07-03,16.200000762939453,17.31999969482422,16.200000762939453,17.219999313354492,0,-0.014706132779924719
2013-07-05,14.890000343322754,16.280000686645508,14.890000343322754,15.59000015258789,0,-0.0843214195801778
2013-07-08,14.779999732971191,15.270000457763672,14.65999984741211,14.65999984741211,0,-0.007414972300033629
2013-07-09,14.350000381469727,14.649999618530273,14.260000228881836,14.329999923706055,0,-0.029524928664268035
2013-07-10,14.210000038146973,14.619999885559082,14.0600004196167,14.460000038146973,0,-0.00980402399536029
2013-07-11,14.010000228881836,14.199999809265137,13.569999694824219,13.569999694824219,0,-0.014174568107576668
2013-07-12,13.84000015258789,14.039999961853027,13.739999771118164,13.899999618530273,0,-0.012208415471288703
2013-07-15,13.789999961853027,14.109999656677246,13.5,13.979999542236328,0,-0.0036192721757273283
2013-07-16,14.420000076293945,14.5600004196167,13.779999732971191,13.779999732971191,0,0.04467244810871218
2013-07-17,13.779999732971191,14.4399995803833,13.760000228881836,14.199999809265137,0,-0.045397890940130026
2013-07-18,13.770000457763672,13.800000190734863,13.199999809265137,13.630000114440918,0,-0.0007259002234025758
2013-07-19,12.539999961853027,13.970000267028809,12.539999961853027,13.890000343322754,0,-0.09356881382136084
2013-07-22,12.289999961853027,13.369999885559082,12.289999961853027,13.229999542236328,0,-0.02013761168871131
2013-07-23,12.65999984741211,13.0600004196167,12.069999694824219,12.149999618530273,0,0.029661484189233978
2013-07-24,13.180000305175781,13.489999771118164,12.6899995803833,12.6899995803833,0,0.04025314756554632
2013-07-25,12.970000267028809,13.539999961853027,12.90999984741211,13.470000267028809,0,-0.01606153331227933
2013-07-26,12.720000267028809,13.729999542236328,12.710000038146973,13.40999984741211,0,-0.019463440011734612
2013-07-29,13.390000343322754,13.859999656677246,13.380000114440918,13.539999961853027,0,0.051332606438509565
2013-07-30,13.390000343322754,14.140000343322754,13.350000381469727,13.449999809265137,0,0.0
2013-07-31,13.449999809265137,13.829999923706055,12.9399995803833,13.550000190734863,0,0.004470906523501128
2013-08-01,12.9399995803833,13.25,12.819999694824219,12.890000343322754,0,-0.03865583522193816
2013-08-02,11.979999542236328,12.739999771118164,11.979999542236328,12.65999984741211,0,-0.07708470216823349
2013-08-05,11.84000015258789,12.420000076293945,11.829999923706055,12.289999961853027,0,-0.011754912133294937
2013-08-06,12.720000267028809,12.930000305175781,12.0600004196167,12.1899995803833,0,0.0716919365614559
2013-08-07,12.979999542236328,13.90999984741211,12.960000038146973,13.170000076293945,0,0.020234097104289805
2013-08-08,12.729999542236328,13.130000114440918,12.369999885559082,12.5,0,-0.01944829939922199
2013-08-09,13.40999984741211,13.65999984741211,12.710000038146973,12.880000114440918,0,0.052039309305047965
2013-08-12,12.8100004196167,13.569999694824219,12.800000190734863,13.520000457763672,0,-0.04577453724931679
2013-08-13,12.3100004196167,13.369999885559082,12.289999961853027,12.859999656677246,0,-0.03981417438177859
2013-08-14,13.039999961853027,13.09000015258789,12.350000381469727,12.479999542236328,0,0.05760957928929855
2013-08-15,14.729999542236328,14.850000381469727,13.90999984741211,14.140000343322754,0,0.12186464582444945
2013-08-16,14.369999885559082,14.880000114440918,13.619999885559082,14.5600004196167,0,-0.024743507270518883
2013-08-19,15.100000381469727,15.199999809265137,14.350000381469727,14.9399995803833,0,0.04955207695671815
2013-08-20,14.90999984741211,15.25,14.289999961853027,15.220000267028809,0,-0.012662650541056752
2013-08-21,15.9399995803833,16.559999465942383,14.670000076293945,16.0,0,0.06679952849458992
2013-08-22,14.760000228881836,15.260000228881836,14.65999984741211,15.260000228881836,0,-0.0769108123580815
2013-08-23,13.979999542236328,14.819999694824219,13.979999542236328,14.289999961853027,0,-0.054293130617744545
2013-08-26,14.989999771118164,15.010000228881836,13.899999618530273,14.369999885559082,0,0.06975559278405674
2013-08-27,16.770000457763672,17.1299991607666,15.819999694824219,16.559999465942383,0,0.11220830628616074
2013-08-28,16.489999771118164,17.110000610351562,16.100000381469727,16.959999084472656,0,-0.016837480440230035
2013-08-29,16.809999465942383,16.979999542236328,15.989999771118164,16.790000915527344,0,0.019219792958821813
2013-08-30,17.010000228881836,17.809999465942383,16.700000762939453,16.75,0,0.011827504213202111
2013-09-03,16.610000610351562,17.3700008392334,16.110000610351562,16.469999313354492,0,-0.023796459492259725
2013-09-04,15.880000114440918,17.010000228881836,15.770000457763672,16.8799991607666,0,-0.044944497345636325
2013-09-05,15.770000457763672,16.1200008392334,15.630000114440918,16.1200008392334,0,-0.006951033023149922
2013-09-06,15.850000381469727,16.809999465942383,15.170000076293945,15.350000381469727,0,0.005060094388333436
2013-09-09,15.630000114440918,16.020000457763672,15.220000267028809,15.859999656677246,0,-0.013977372635519014
2013-09-10,14.529999732971191,15.09000015258789,14.5,14.890000343322754,0,-0.07297669255082662
2013-09-11,13.819999694824219,14.739999771118164,13.819999694824219,14.739999771118164,0,-0.05009866294709475
2013-09-12,14.289999961853027,14.390000343322754,13.729999542236328,13.930000305175781,0,0.033443193014949024
2013-09-13,14.15999984741211,14.550000190734863,14.109999656677246,14.270000457763672,0,-0.009138911782696102
2013-09-16,14.380000114440918,14.489999771118164,13.869999885559082,14.100000381469727,0,0.015417282761647222
2013-09-17,14.529999732971191,14.609999656677246,14.279999732971191,14.4399995803833,0,0.010377098953194608
2013-09-18,13.59000015258789,14.680000305175781,13.229999542236328,14.680000305175781,0,-0.06688121981342876
2013-09-19,13.15999984741211,13.390000343322754,13.020000457763672,13.020000457763672,0,-0.032152325088659506
2013-09-20,13.119999885559082,13.470000267028809,12.520000457763672,13.300000190734863,0,-0.0030441395090341494
2013-09-23,14.3100004196167,14.710000038146973,14.020000457763672,14.039999961853027,0,0.0868208480983661
2013-09-24,14.079999923706055,14.369999885559082,13.75,14.170000076293945,0,-0.0162032775803862
2013-09-25,14.010000228881836,14.619999885559082,13.890000343322754,14.239999771118164,0,-0.004983968625343227
2013-09-26,14.0600004196167,14.399999618530273,13.579999923706055,13.800000190734863,0,0.003562539541285048
2013-09-27,15.460000038146973,15.789999961853027,14.619999885559082,14.619999885559082,0,0.09492212939950484
2013-09-30,16.600000381469727,17.489999771118164,16.15999984741211,17.489999771118164,0,0.07114667271586272
2013-10-01,15.539999961853027,16.459999084472656,15.470000267028809,16.309999465942383,0,-0.06598537585786035
2013-10-02,16.600000381469727,16.809999465942383,16.1299991607666,16.399999618530273,0,0.06598537585786035
2013-10-03,17.670000076293945,18.709999084472656,16.6299991607666,16.6299991607666,0,0.062465572306714456
2013-10-04,16.739999771118164,17.8700008392334,16.65999984741211,17.719999313354492,0,-0.054067239260736866
2013-10-07,19.40999984741211,19.40999984741211,18.079999923706055,18.760000228881836,0,0.14798733793103702
2013-10-08,20.34000015258789,21.010000228881836,18.979999542236328,19.010000228881836,0,0.04680100880266114
2013-10-09,19.600000381469727,21.34000015258789,19.040000915527344,20.190000534057617,0,-0.037059812423065
2013-10-10,16.479999542236328,17.920000076293945,16.290000915527344,17.65999984741211,0,-0.17338208899480856
2013-10-11,15.720000267028809,16.3799991607666,15.460000038146973,16.309999465942383,0,-0.047213692716777445
2013-10-14,16.06999969482422,17.739999771118164,15.800000190734863,17.079999923706055,0,0.02202035677139147
2013-10-15,18.65999984741211,18.670000076293945,16.15999984741211,16.40999984741211,0,0.1494280264829082
2013-10-16,14.710000038146973,17.149999618530273,14.670000076293945,17.139999389648438,0,-0.2378546500353118
2013-10-17,13.479999542236328,14.59000015258789,12.890000343322754,14.520000457763672,0,-0.08732046568118301
2013-10-18,13.039999961853027,13.529999732971191,12.34000015258789,12.859999656677246,0,-0.03318551795230551
2013-10-21,13.15999984741211,13.630000114440918,13.069999694824219,13.34000015258789,0,0.009160360729220773
2013-10-22,13.329999923706055,13.920000076293945,12.930000305175781,12.989999771118164,0,0.012835214164794273
2013-10-23,13.420000076293945,14.210000038146973,13.420000076293945,13.710000038146973,0,0.0067290087614879646
2013-10-24,13.199999809265137,13.619999885559082,13.149999618530273,13.5,0,-0.016529322085914178
2013-10-25,13.09000015258789,13.4399995803833,13.079999923706055,13.15999984741211,0,-0.00836822356407696
2013-10-28,13.3100004196167,13.720000267028809,13.220000267028809,13.619999885559082,0,0.016667072354806134
2013-10-29,13.40999984741211,13.630000114440918,13.0600004196167,13.25,0,0.007485021981478823
2013-10-30,13.649999618530273,14.350000381469727,13.640000343322754,13.720000267028809,0,0.01773880776954595
2013-10-31,13.75,14.020000457763672,13.279999732971191,13.829999923706055,0,0.00729933042811215
2013-11-01,13.279999732971191,13.920000076293945,13.220000267028809,13.460000038146973,0,-0.03477970017188392
2013-11-04,12.930000305175781,13.670000076293945,12.90999984741211,13.350000381469727,0,-0.02670890755478217
2013-11-05,13.270000457763672,13.640000343322754,12.859999656677246,13.220000267028809,0,0.025955666454333226
2013-11-06,12.670000076293945,13.329999923706055,12.670000076293945,13.010000228881836,0,-0.046268882485578366
2013-11-07,13.90999984741211,14.140000343322754,12.930000305175781,12.989999771118164,0,0.09337099461102794
2013-11-08,12.899999618530273,13.800000190734863,12.84000015258789,13.760000228881836,0,-0.07538071316936801
2013-11-11,12.529999732971191,12.930000305175781,12.399999618530273,12.850000381469727,0,-0.029101534199510226
2013-11-12,12.819999694824219,13.0600004196167,12.630000114440918,12.800000190734863,0,0.022880680091041494
2013-11-13,12.520000457763672,13.350000381469727,12.460000038146973,13.350000381469727,0,-0.023679025453314573
2013-11-14,12.369999885559082,12.9399995803833,12.279999732971191,12.800000190734863,0,-0.012053225081638086
2013-11-15,12.1899995803833,12.449999809265137,11.989999771118164,12.119999885559082,0,-0.014658268082754944
2013-11-18,13.100000381469727,13.220000267028809,12.40999984741211,12.40999984741211,0,0.07199635025677908
2013-11-19,13.390000343322754,13.680000305175781,12.880000114440918,13.029999732971191,0,0.021895926016384237
2013-11-20,13.399999618530273,13.9399995803833,12.970000267028809,13.5600004196167,0,0.0007464931456588886
2013-11-21,12.65999984741211,13.09000015258789,12.4399995803833,13.09000015258789,0,-0.05680727382570083
2013-11-22,12.260000228881836,12.90999984741211,12.239999771118164,12.6899995803833,0,-0.03210545548621724
2013-11-25,12.789999961853027,12.920000076293945,12.489999771118164,12.550000190734863,0,0.04232166343113164
2013-11-26,12.8100004196167,12.989999771118164,12.489999771118164,12.84000015258789,0,0.0015625360574169633
2013-11-27,12.979999542236328,12.979999542236328,12.4399995803833,12.8100004196167,0,0.01318352734349082
2013-11-29,13.699999809265137,13.779999732971191,12.930000305175781,13.0600004196167,0,0.05398614290273018
2013-12-02,14.229999542236328,14.3100004196167,13.779999732971191,13.90999984741211,0,0.037956561021017965
2013-12-03,14.550000190734863,15.039999961853027,14.430000305175781,14.739999771118164,0,0.022238626793582128
2013-12-04,14.699999809265137,15.710000038146973,14.220000267028809,15.029999732971191,0,0.01025647408310304
2013-12-05,15.079999923706055,15.380000114440918,14.699999809265137,14.819999694824219,0,0.025521876711000147
2013-12-06,13.789999961853027,14.09000015258789,13.619999885559082,13.970000267028809,0,-0.08942566848159705
2013-12-09,13.489999771118164,14.069999694824219,13.489999771118164,13.970000267028809,0,-0.021995035786046557
2013-12-10,13.90999984741211,14.220000267028809,13.6899995803833,14.140000343322754,0,0.030659341712810928
2013-12-11,15.420000076293945,15.430000305175781,13.979999542236328,13.979999542236328,0,0.10305737811721327
2013-12-12,15.539999961853027,16.09000015258789,15.210000038146973,15.4399995803833,0,0.0077519694018306495
2013-12-13,15.760000228881836,15.800000190734863,15.0600004196167,15.170000076293945,0,0.014057756467951155
2013-12-16,16.030000686645508,16.079999923706055,15.300000190734863,15.640000343322754,0,0.01698691050379697
2013-12-17,16.209999084472656,16.670000076293945,15.8100004196167,16.040000915527344,0,0.011166269811924145
2013-12-18,13.800000190734863,16.75,13.739999771118164,15.949999809265137,0,-0.16095967328388738
2013-12-19,14.149999618530273,14.210000038146973,12.890000343322754,13.59000015258789,0,0.02504599114572903
2013-12-20,13.789999961853027,13.869999885559082,13.119999885559082,13.609999656677246,0,-0.02577090809132221
2013-12-23,13.039999961853027,13.529999732971191,13.020000457763672,13.369999885559082,0,-0.055922135465807266
2013-12-24,12.479999542236328,12.890000343322754,12.479999542236328,12.850000381469727,0,-0.043894227311625844
2013-12-26,12.329999923706055,12.5,11.6899995803833,12.479999542236328,0,-0.01209201527291448
2013-12-27,12.460000038146973,12.59000015258789,12.199999809265137,12.210000038146973,0,0.010488205432276576
2013-12-30,13.5600004196167,13.579999923706055,12.829999923706055,12.869999885559082,0,0.08460079703657142
2013-12-31,13.720000267028809,14.350000381469727,13.380000114440918,13.430000305175781,0,0.011730328303046988
2014-01-02,14.229999542236328,14.59000015258789,14.0,14.319999694824219,0,0.03649773817236435
2014-01-03,13.760000228881836,14.220000267028809,13.569999694824219,14.0600004196167,0,-0.03358653079379259
2014-01-06,13.550000190734863,14.0,13.220000267028809,13.40999984741211,0,-0.015379287736968283
2014-01-07,12.920000076293945,13.279999732971191,12.15999984741211,12.380000114440918,0,-0.047610057142523754
2014-01-08,12.869999885559082,13.239999771118164,12.859999656677246,13.039999961853027,0,-0.00387749154359307
2014-01-09,12.890000343322754,13.260000228881836,12.829999923706055,12.829999923706055,0,0.001552830869942845
2014-01-10,12.140000343322754,12.899999618530273,12.140000343322754,12.600000381469727,0,-0.05994602967426488
2014-01-13,13.279999732971191,13.649999618530273,11.819999694824219,12.180000305175781,0,0.08975331002905174
2014-01-14,12.279999732971191,12.899999618530273,11.960000038146973,12.890000343322754,0,-0.07828722296671708
2014-01-15,12.279999732971191,12.399999618530273,11.8100004196167,12.149999618530273,0,0.0
2014-01-16,12.529999732971191,12.65999984741211,12.279999732971191,12.319999694824219,0,0.020153846622839477
2014-01-17,12.4399995803833,12.930000305175781,12.039999961853027,12.34000015258789,0,-0.007208694017031725
2014-01-21,12.869999885559082,13.420000076293945,12.609999656677246,12.630000114440918,0,0.03398195913617963
2014-01-22,12.84000015258789,13.119999885559082,12.550000190734863,12.569999694824219,0,-0.002333702570359808
2014-01-23,13.770000457763672,14.65999984741211,13.670000076293945,13.670000076293945,0,0.06992703583850535
2014-01-24,18.139999389648438,18.139999389648438,14.920000076293945,14.949999809265137,0,0.2756270650561543
2014-01-27,17.420000076293945,18.989999771118164,16.850000381469727,17.290000915527344,0,-0.04050043523623437
2014-01-28,15.800000190734863,17.280000686645508,15.800000190734863,17.270000457763672,0,-0.09760902369928415
2014-01-29,17.350000381469727,18.040000915527344,16.709999084472656,17.950000762939453,0,0.0935825762748479
2014-01-30,17.290000915527344,17.389999389648438,15.960000038146973,16.3700008392334,0,-0.0034641757331348444
2014-01-31,18.40999984741211,18.989999771118164,17.270000457763672,18.709999084472656,0,0.06276563431020987
2014-02-03,21.440000534057617,21.479999542236328,18.34000015258789,18.56999969482422,0,0.15236437415533377
2014-02-04,19.110000610351562,20.06999969482422,18.440000534057617,19.989999771118164,0,-0.11504657092096648
2014-02-05,19.950000762939453,20.719999313354492,19.1299991607666,19.59000015258789,0,0.04301739138741256
2014-02-06,17.229999542236328,19.09000015258789,17.09000015258789,19.09000015258789,0,-0.14657715760644052
2014-02-07,15.289999961853027,16.309999465942383,15.09000015258789,16.149999618530273,0,-0.11945300652593627
2014-02-10,15.260000228881836,15.760000228881836,15.100000381469727,15.630000114440918,0,-0.00196397659095382
2014-02-11,14.510000228881836,15.289999961853027,14.079999923706055,15.289999961853027,0,-0.05039695818494838
2014-02-12,14.300000190734863,14.640000343322754,14.020000457763672,14.3100004196167,0,-0.014578532066208183
2014-02-13,14.140000343322754,15.239999771118164,13.979999542236328,15.239999771118164,0,-0.011251865855285814
2014-02-14,13.569999694824219,14.220000267028809,13.4399995803833,14.210000038146973,0,-0.041146233390904285
2014-02-18,13.869999885559082,14.510000228881836,13.770000457763672,13.949999809265137,0,0.02186677471799925
2014-02-19,15.5,15.729999542236328,14.119999885559082,14.850000381469727,0,0.11111179784942804
2014-02-20,14.789999961853027,15.800000190734863,14.59000015258789,15.279999732971191,0,-0.046888749781733186
2014-02-21,14.680000305175781,14.789999961853027,14.1899995803833,14.739999771118164,0,-0.00746523016855738
2014-02-24,14.229999542236328,14.829999923706055,13.970000267028809,14.829999923706055,0,-0.031133664042065856
2014-02-25,13.670000076293945,14.829999923706055,13.65999984741211,14.170000076293945,0,-0.04014872361586397
2014-02-26,14.350000381469727,14.539999961853027,13.729999542236328,13.829999923706055,0,0.04854631247190522
2014-02-27,14.039999961853027,14.6899995803833,13.920000076293945,14.5600004196167,0,-0.021839572908241678
2014-02-28,14.0,14.789999961853027,13.489999771118164,14.220000267028809,0,-0.0028530662653856176
2014-03-03,16.0,16.780000686645508,15.380000114440918,16.469999313354492,0,0.13353139262452274
2014-03-04,14.100000381469727,14.539999961853027,14.0,14.529999732971191,0,-0.1264138978010685
2014-03-05,13.890000343322754,14.319999694824219,13.8100004196167,14.130000114440918,0,-0.015005642955199683
2014-03-06,14.210000038146973,14.420000076293945,13.729999542236328,13.819999694824219,0,0.022776763310012438
2014-03-07,14.109999656677246,14.430000305175781,13.510000228881836,13.510000228881836,0,-0.007062203260677968
2014-03-10,14.199999809265137,15.279999732971191,14.199999809265137,14.760000228881836,0,0.006358209642334689
2014-03-11,14.800000190734863,14.930000305175781,13.84000015258789,14.220000267028809,0,0.04138524248237818
2014-03-12,14.470000267028809,15.640000343322754,14.430000305175781,15.369999885559082,0,-0.022549634560207643
2014-03-13,16.219999313354492,16.65999984741211,14.239999771118164,14.279999732971191,0,0.1141674472566514
2014-03-14,17.81999969482422,18.219999313354492,16.09000015258789,16.739999771118164,0,0.09407639856319427
2014-03-17,15.640000343322754,16.399999618530273,15.369999885559082,16.389999389648438,0,-0.13048964784845074
2014-03-18,14.520000457763672,15.470000267028809,14.15999984741211,15.420000076293945,0,-0.07430471614567447
2014-03-19,15.119999885559082,15.949999809265137,13.890000343322754,14.5600004196167,0,0.04049132225947005
2014-03-20,14.520000457763672,15.619999885559082,14.5,15.579999923706055,0,-0.04049132225947005
2014-03-21,15.0,15.170000076293945,13.770000457763672,13.960000038146973,0,0.03252316017913692
2014-03-24,15.09000015258789,16.06999969482422,14.5600004196167,14.699999809265137,0,0.005982081789402294
2014-03-25,14.020000457763672,15.050000190734863,13.960000038146973,14.15999984741211,0,-0.07354736863440792
2014-03-26,14.930000305175781,15.279999732971191,13.460000038146973,13.640000343322754,0,0.06288771773433499
2014-03-27,14.619999885559082,15.630000114440918,14.489999771118164,15.0,0,-0.020982185497603112
2014-03-28,14.40999984741211,14.859999656677246,13.729999542236328,14.149999618530273,0,-0.014468047071533707
2014-03-31,13.880000114440918,14.15999984741211,13.569999694824219,13.880000114440918,0,-0.03747343609872145
2014-04-01,13.100000381469727,13.5600004196167,13.0600004196167,13.430000305175781,0,-0.05783670399674934
2014-04-02,13.09000015258789,13.350000381469727,12.920000076293945,13.170000076293945,0,-0.0007636677482945053
2014-04-03,13.369999885559082,13.699999809265137,13.020000457763672,13.020000457763672,0,0.021164790975684245
2014-04-04,13.960000038146973,14.550000190734863,12.600000381469727,12.880000114440918,0,0.043182717512495916
2014-04-07,15.569999694824219,16.010000228881836,14.569999694824219,14.960000038146973,0,0.10914986617884637
2014-04-08,14.890000343322754,16.200000762939453,14.8100004196167,15.59000015258789,0,-0.04465609649247648
2014-04-09,13.819999694824219,14.9399995803833,13.699999809265137,14.579999923706055,0,-0.07457307349584763
2014-04-10,15.890000343322754,16.3799991607666,13.8100004196167,13.979999542236328,0,0.13957320589749944
2014-04-11,17.030000686645508,17.850000381469727,15.890000343322754,16.65999984741211,0,0.06928653283951691
2014-04-14,16.110000610351562,17.399999618530273,16.100000381469727,16.139999389648438,0,-0.05553629991897102
2014-04-15,15.609999656677246,17.5,15.470000267028809,16.139999389648438,0,-0.03152852254181493
2014-04-16,14.180000305175781,15.270000457763672,14.050000190734863,14.890000343322754,0,-0.09607916990802456
2014-04-17,13.359999656677246,14.170000076293945,13.069999694824219,14.09000015258789,0,-0.05956740021485718
2014-04-21,13.25,14.109999656677246,13.170000076293945,14.100000381469727,0,-0.008267589978457224
2014-04-22,13.1899995803833,13.260000228881836,12.899999618530273,13.130000114440918,0,-0.004538617516253396
2014-04-23,13.270000457763672,13.75,13.270000457763672,13.350000381469727,0,0.006046947924269741
2014-04-24,13.319999694824219,14.079999923706055,13.09000015258789,13.359999656677246,0,0.0037607593609005896
2014-04-25,14.0600004196167,14.670000076293945,13.90999984741211,13.930000305175781,0,0.05406727402608569
2014-04-28,13.970000267028809,15.279999732971191,13.819999694824219,14.270000457763672,0,-0.006421723843917704
2014-04-29,13.710000038146973,14.239999771118164,13.609999656677246,13.880000114440918,0,-0.0187866960266736
2014-04-30,13.40999984741211,14.180000305175781,13.34000015258789,14.050000190734863,0,-0.02212481044172021
2014-05-01,13.25,13.75,13.100000381469727,13.640000343322754,0,-0.012003133482691108
2014-05-02,12.90999984741211,13.5,12.829999923706055,13.149999618530273,0,-0.025995359393036654
2014-05-05,13.289999961853027,14.199999809265137,13.079999923706055,13.949999809265137,0,0.029009676815607843
2014-05-06,13.800000190734863,13.899999618530273,13.279999732971191,13.649999618530273,0,0.037656736129723534
2014-05-07,13.399999618530273,14.489999771118164,13.390000343322754,13.640000343322754,0,-0.02941392749555094
2014-05-08,13.430000305175781,13.880000114440918,12.920000076293945,13.6899995803833,0,0.0022363547696095942
2014-05-09,12.920000076293945,14.029999732971191,12.869999885559082,13.550000190734863,0,-0.03871452899902472
2014-05-12,12.229999542236328,12.579999923706055,11.880000114440918,12.460000038146973,0,-0.05488459199005202
2014-05-13,12.130000114440918,12.739999771118164,12.050000190734863,12.359999656677246,0,-0.008210179879013069
2014-05-14,12.170000076293945,12.510000228881836,12.029999732971191,12.420000076293945,0,0.0032921808779589057
2014-05-15,13.170000076293945,13.770000457763672,12.720000267028809,12.729999542236328,0,0.07896760827974614
2014-05-16,12.4399995803833,13.65999984741211,12.260000228881836,13.3100004196167,0,-0.05702446796841265
2014-05-19,12.420000076293945,13.210000038146973,12.279999732971191,13.170000076293945,0,-0.0016089709316244871
2014-05-20,12.960000038146973,13.300000190734863,12.319999694824219,12.6899995803833,0,0.0425596112194051
2014-05-21,11.90999984741211,12.460000038146973,11.800000190734863,12.380000114440918,0,-0.08448932331210468
2014-05-22,12.029999732971191,12.09000015258789,11.680000305175781,11.930000305175781,0,0.01002513723421572
2014-05-23,11.359999656677246,11.970000267028809,11.359999656677246,11.960000038146973,0,-0.05730512471874727
2014-05-27,11.510000228881836,11.84000015258789,11.5,11.6899995803833,0,0.013117859548335886
2014-05-28,11.680000305175781,11.859999656677246,11.5,11.600000381469727,0,0.014661760908876609
2014-05-29,11.569999694824219,11.819999694824219,11.40999984741211,11.579999923706055,0,-0.009462488699031102
2014-05-30,11.399999618530273,11.699999809265137,11.319999694824219,11.65999984741211,0,-0.014802192890920551
2014-06-02,11.579999923706055,12.170000076293945,11.289999961853027,11.6899995803833,0,0.015666143618233264
2014-06-03,11.869999885559082,12.130000114440918,11.720000267028809,12.029999732971191,0,0.024734733423961597
2014-06-04,12.079999923706055,12.329999923706055,11.90999984741211,12.149999618530273,0,0.017536987210557964
2014-06-05,11.680000305175781,12.34000015258789,11.4399995803833,12.09000015258789,0,-0.03367318266280117
2014-06-06,10.729999542236328,11.390000343322754,10.729999542236328,11.319999694824219,0,-0.08483448954757611
2014-06-09,11.149999618530273,11.510000228881836,10.989999771118164,11.229999542236328,0,0.03839594971302773
2014-06-10,10.989999771118164,11.65999984741211,10.930000305175781,11.300000190734863,0,-0.014453716104438463
2014-06-11,11.600000381469727,11.869999885559082,11.1899995803833,11.420000076293945,0,0.05401938340848256
2014-06-12,12.5600004196167,12.8100004196167,11.710000038146973,11.8100004196167,0,0.07951206345138528
2014-06-13,12.180000305175781,12.6899995803833,11.890000343322754,12.449999809265137,0,-0.030721907111791236
2014-06-16,12.649999618530273,12.869999885559082,12.279999732971191,12.649999618530273,0,0.037861897680585344
2014-06-17,12.0600004196167,12.890000343322754,12.0600004196167,12.8100004196167,0,-0.04776295892469262
2014-06-18,10.609999656677246,11.90999984741211,10.569999694824219,11.800000190734863,0,-0.12809730582564738
2014-06-19,10.619999885559082,10.819999694824219,10.420000076293945,10.529999732971191,0,0.0009420847703327517
2014-06-20,10.850000381469727,11.020000457763672,10.34000015258789,10.399999618530273,0,0.021426110107155782
2014-06-23,10.979999542236328,11.350000381469727,10.920000076293945,11.260000228881836,0,0.011910279245735733
2014-06-24,12.130000114440918,12.270000457763672,10.869999885559082,11.020000457763672,0,0.09960633799979135
2014-06-25,11.59000015258789,12.329999923706055,11.369999885559082,12.3100004196167,0,-0.045539061873356435
2014-06-26,11.630000114440918,12.510000228881836,11.5,11.510000228881836,0,0.003445305853582603
2014-06-27,11.260000228881836,12.039999961853027,11.1899995803833,11.720000267028809,0,-0.03233133333219307
2014-06-30,11.569999694824219,11.8100004196167,11.300000190734863,11.75,0,0.02715887179058507
2014-07-01,11.149999618530273,11.420000076293945,10.920000076293945,11.279999732971191,0,-0.036976051135517274
2014-07-02,10.819999694824219,11.180000305175781,10.5600004196167,11.180000305175781,0,-0.03004321848004654
2014-07-03,10.319999694824219,10.760000228881836,10.279999732971191,10.470000267028809,0,-0.04731251473142972
2014-07-07,11.329999923706055,11.539999961853027,11.010000228881836,11.149999618530273,0,0.09337033782399651
2014-07-08,11.979999542236328,12.510000228881836,11.720000267028809,11.720000267028809,0,0.05578448617052967
2014-07-09,11.649999618530273,12.050000190734863,11.5,11.739999771118164,0,-0.02793240720911916
2014-07-10,12.59000015258789,13.229999542236328,12.050000190734863,13.220000267028809,0,0.07759671290849823
2014-07-11,12.079999923706055,12.680000305175781,12.069999694824219,12.5,0,-0.04135167398507944
2014-07-14,11.819999694824219,11.829999923706055,11.399999618530273,11.600000381469727,0,-0.02175820003158746
2014-07-15,11.960000038146973,12.470000267028809,11.460000038146973,11.529999732971191,0,0.011774765552674094
2014-07-16,11.0,11.449999809265137,10.59000015258789,10.8100004196167,0,-0.08367247891366114
2014-07-17,14.539999961853027,15.380000114440918,10.850000381469727,11.350000381469727,0,0.2790081966834146
2014-07-18,12.0600004196167,13.550000190734863,12.039999961853027,13.34000015258789,0,-0.18700924338865876
2014-07-21,12.8100004196167,13.619999885559082,12.460000038146973,12.850000381469727,0,0.06033192257247899
2014-07-22,12.239999771118164,12.239999771118164,11.6899995803833,11.970000267028809,0,-0.045516890280921984
2014-07-23,11.520000457763672,12.15999984741211,11.40999984741211,11.539999961853027,0,-0.060624563380509144
2014-07-24,11.84000015258789,12.0600004196167,11.430000305175781,11.430000305175781,0,0.02739894733917625
2014-07-25,12.6899995803833,12.75,12.029999732971191,12.029999732971191,0,0.06933060631622334
2014-07-28,12.5600004196167,13.640000343322754,12.539999961853027,12.930000305175781,0,-0.01029705421054894
2014-07-29,13.279999732971191,13.350000381469727,12.119999885559082,12.350000381469727,0,0.05574192949167145
2014-07-30,13.329999923706055,14.069999694824219,12.529999732971191,12.630000114440918,0,0.0037580045264440365
2014-07-31,16.950000762939453,17.110000610351562,14.260000228881836,14.350000381469727,0,0.2402507503704947
2014-08-01,17.030000686645508,17.56999969482422,15.520000457763672,16.670000076293945,0,0.004708656156720892
2014-08-04,15.119999885559082,16.799999237060547,14.6899995803833,16.639999389648438,0,-0.1189581718118129
2014-08-05,16.8700008392334,17.139999389648438,15.100000381469727,15.539999961853027,0,0.10951858312242191
2014-08-06,16.3700008392334,17.299999237060547,15.699999809265137,17.219999313354492,0,-0.030086503655374575
2014-08-07,16.65999984741211,17.25,15.4399995803833,15.5,0,0.017560184930168976
2014-08-08,15.770000457763672,17.09000015258789,15.529999732971191,16.43000030517578,0,-0.05490119757731282
2014-08-11,14.229999542236328,15.15999984741211,13.720000267028809,15.15999984741211,0,-0.10275705006960223
2014-08-12,14.130000114440918,14.739999771118164,13.760000228881836,14.420000076293945,0,-0.007052175137263639
2014-08-13,12.899999618530273,13.930000305175781,12.84000015258789,13.569999694824219,0,-0.09107292299925174
2014-08-14,12.420000076293945,13.130000114440918,12.420000076293945,13.050000190734863,0,-0.03791919914816644
2014-08-15,13.149999618530273,14.9399995803833,11.890000343322754,11.90999984741211,0,0.05711364696650589
2014-08-18,12.319999694824219,12.850000381469727,12.260000228881836,12.850000381469727,0,-0.06519779628005651
2014-08-19,12.210000038146973,12.460000038146973,11.90999984741211,12.140000343322754,0,-0.008968642087758383
2014-08-20,11.779999732971191,12.239999771118164,11.600000381469727,12.229999542236328,0,-0.03585213569139345
2014-08-21,11.760000228881836,13.510000228881836,11.520000457763672,11.930000305175781,0,-0.0016991936222381376
2014-08-22,11.470000267028809,12.479999542236328,11.470000267028809,11.880000114440918,0,-0.0249690075113147
2014-08-25,11.699999809265137,11.770000457763672,11.239999771118164,11.579999923706055,0,0.019853871079678065
2014-08-26,11.630000114440918,11.930000305175781,11.329999923706055,11.329999923706055,0,-0.006000849130864516
2014-08-27,11.779999732971191,11.930000305175781,11.539999961853027,11.6899995803833,0,0.01281517918473929
2014-08-28,12.050000190734863,12.729999542236328,12.050000190734863,12.380000114440918,0,0.02266152020982304
2014-08-29,12.09000015258789,12.4399995803833,11.779999732971191,11.859999656677246,0,0.0033140014824182273
2014-09-02,12.25,13.40999984741211,12.229999542236328,12.319999694824219,0,0.013147259743034656
2014-09-03,12.359999656677246,12.550000190734863,11.90999984741211,12.029999732971191,0,0.008939487261886647
2014-09-04,12.640000343322754,12.989999771118164,11.699999809265137,12.399999618530273,0,0.022400991627698374
2014-09-05,12.09000015258789,13.180000305175781,11.960000038146973,12.369999885559082,0,-0.04448773863261968
2014-09-08,12.65999984741211,13.09000015258789,12.399999618530273,12.640000343322754,0,0.04606872741557266
2014-09-09,13.5,13.90999984741211,12.699999809265137,12.699999809265137,0,0.0642422807811096
2014-09-10,12.880000114440918,14.0600004196167,12.859999656677246,13.359999656677246,0,-0.04701395588301205
2014-09-11,12.800000190734863,13.670000076293945,12.65999984741211,13.529999732971191,0,-0.006230543734639493
2014-09-12,13.3100004196167,14.270000457763672,12.850000381469727,12.850000381469727,0,0.03907047810671127
2014-09-15,14.119999885559082,14.1899995803833,13.539999961853027,13.539999961853027,0,0.05907656002677131
2014-09-16,12.729999542236328,14.529999732971191,12.720000267028809,14.479999542236328,0,-0.10363084735034045
2014-09-17,12.649999618530273,14.529999732971191,11.729999542236328,13.0600004196167,0,-0.006304191592055197
2014-09-18,12.029999732971191,12.579999923706055,11.979999542236328,12.550000190734863,0,-0.05025367722814034
2014-09-19,12.109999656677246,12.609999656677246,11.520000457763672,11.729999542236328,0,0.006628021424970321
2014-09-22,13.6899995803833,13.979999542236328,13.130000114440918,13.140000343322754,0,0.12263407943437832
2014-09-23,14.930000305175781,14.9399995803833,13.829999923706055,14.819999694824219,0,0.08670702334251201
2014-09-24,13.270000457763672,14.930000305175781,13.239999771118164,14.619999885559082,0,-0.11786674915129192
2014-09-25,15.640000343322754,16.690000534057617,14.029999732971191,14.109999656677246,0,0.1643258742285001
2014-09-26,14.850000381469727,15.979999542236328,14.3100004196167,15.770000457763672,0,-0.05183186613184221
2014-09-29,15.979999542236328,17.079999923706055,15.449999809265137,16.959999084472656,0,0.0733380207551857
2014-09-30,16.309999465942383,16.43000030517578,15.180000305175781,15.489999771118164,0,0.02044047219664824
2014-10-01,16.709999084472656,17.559999465942383,16.079999923706055,16.440000534057617,0,0.024228903929372603
2014-10-02,16.15999984741211,17.979999542236328,15.899999618530273,16.700000762939453,0,-0.03346824416748273
2014-10-03,14.550000190734863,15.430000305175781,14.4399995803833,15.15999984741211,0,-0.10494803692420263
2014-10-06,15.460000038146973,15.770000457763672,14.050000190734863,14.460000038146973,0,0.06066503890031205
2014-10-07,17.200000762939453,17.459999084472656,15.970000267028809,16.18000030517578,0,0.10665338254961299
2014-10-08,15.109999656677246,18.030000686645508,14.970000267028809,17.350000381469727,0,-0.12955267461326248
2014-10-09,18.760000228881836,19.3799991607666,15.34000015258789,15.640000343322754,0,0.21637020221551362
2014-10-10,21.239999771118164,22.059999465942383,18.139999389648438,19.110000610351562,0,0.1241592298191545
2014-10-13,24.639999389648438,24.639999389648438,20.520000457763672,21.15999984741211,0,0.14848492829680016
2014-10-14,22.790000915527344,24.549999237060547,21.479999542236328,23.770000457763672,0,-0.07804923046463808
2014-10-15,25.270000457763672,31.059999465942383,24.639999389648438,26.360000610351562,0,0.1032960560850893
2014-10-16,25.200000762939453,29.40999984741211,24.610000610351562,29.260000228881836,0,-0.002773914722256521
2014-10-17,21.989999771118164,23.079999923706055,20.229999542236328,21.68000030517578,0,-0.13625623063453363
2014-10-20,18.56999969482422,22.15999984741211,18.510000228881836,22.110000610351562,0,-0.1690404352274104
2014-10-21,16.079999923706055,17.75,16.030000686645508,17.719999313354492,0,-0.1439710999246362
2014-10-22,17.8700008392334,18.43000030517578,15.5600004196167,16.059999465942383,0,0.10554711712842035
2014-10-23,16.530000686645508,17.059999465942383,15.680000305175781,16.06999969482422,0,-0.07794642276230723
2014-10-24,16.110000610351562,18.059999465942383,16.09000015258789,16.43000030517578,0,-0.02573671829689994
2014-10-27,16.040000915527344,17.8700008392334,16.0,17.239999771118164,0,-0.004354575559253782
2014-10-28,14.390000343322754,15.779999732971191,14.390000343322754,15.6899995803833,0,-0.10855211475842896
2014-10-29,15.149999618530273,16.280000686645508,14.1899995803833,14.609999656677246,0,0.05146696201815537
2014-10-30,14.520000457763672,15.75,14.069999694824219,15.3100004196167,0,-0.04247346585278455
2014-10-31,14.029999732971191,14.829999923706055,13.720000267028809,13.84000015258789,0,-0.034329165841405995
2014-11-03,14.729999542236328,14.989999771118164,14.229999542236328,14.40999984741211,0,0.04868832431590775
2014-11-04,14.890000343322754,15.930000305175781,14.829999923706055,15.050000190734863,0,0.010803670355612471
2014-11-05,14.170000076293945,14.989999771118164,14.149999618530273,14.149999618530273,0,-0.04956281066641033
2014-11-06,13.670000076293945,15.079999923706055,13.670000076293945,14.460000038146973,0,-0.03592340276979655
2014-11-07,13.119999885559082,14.15999984741211,13.010000228881836,13.710000038146973,0,-0.04106588152366841
2014-11-10,12.670000076293945,13.25,12.380000114440918,13.15999984741211,0,-0.03490077443864292
2014-11-11,12.920000076293945,13.180000305175781,12.600000381469727,12.710000038146973,0,0.019539503904890676
2014-11-12,13.020000457763672,13.760000228881836,12.989999771118164,13.760000228881836,0,0.007710167679362723
2014-11-13,13.789999961853027,14.3100004196167,12.869999885559082,13.329999923706055,0,0.057457017100010166
2014-11-14,13.3100004196167,14.149999618530273,13.3100004196167,13.789999961853027,0,-0.03542802510548926
2014-11-17,13.989999771118164,14.729999542236328,13.84000015258789,14.699999809265137,0,0.04982710838355775
2014-11-18,13.859999656677246,13.989999771118164,13.130000114440918,13.859999656677246,0,-0.00933580332600581
2014-11-19,13.960000038146973,14.779999732971191,13.829999923706055,14.010000228881836,0,0.007189131075822086
2014-11-20,13.579999923706055,15.739999771118164,13.579999923706055,14.65999984741211,0,-0.02759798355437848
2014-11-21,12.899999618530273,13.800000190734863,12.899999618530273,13.15999984741211,0,-0.051370834716109925
2014-11-24,12.619999885559082,13.020000457763672,12.430000305175781,12.920000076293945,0,-0.021944433751480474
2014-11-25,12.25,13.020000457763672,12.229999542236328,12.550000190734863,0,-0.02975691105411249
2014-11-26,12.069999694824219,12.399999618530273,11.90999984741211,12.270000457763672,0,-0.014802927165122437
2014-11-28,13.329999923706055,13.489999771118164,12.359999656677246,12.640000343322754,0,0.09929411864152682
2014-12-01,14.15999984741211,14.75,13.9399995803833,14.15999984741211,0,0.060403949022452164
2014-12-02,12.850000381469727,14.170000076293945,12.850000381469727,14.100000381469727,0,-0.09707723646200428
2014-12-03,12.5,12.880000114440918,12.210000038146973,12.75,0,-0.02761519671933277
2014-12-04,12.380000114440918,13.229999542236328,12.09000015258789,12.699999809265137,0,-0.009646367807789602
2014-12-05,11.890000343322754,12.279999732971191,11.529999732971191,12.079999923706055,0,-0.04038453692285948
2014-12-08,14.210000038146973,14.670000076293945,12.550000190734863,13.050000190734863,0,0.1782482052159189
2014-12-09,15.350000381469727,16.68000030517578,15.119999885559082,16.229999542236328,0,0.07716955409112813
2014-12-10,18.530000686645508,18.920000076293945,15.399999618530273,15.5600004196167,0,0.18827557846849663
2014-12-11,20.079999923706055,20.1299991607666,15.9399995803833,17.68000030517578,0,0.08033321367087876
2014-12-12,21.079999923706055,23.059999465942383,18.34000015258789,20.510000228881836,0,0.04860042902987516
2014-12-15,20.420000076293945,24.829999923706055,17.770000457763672,19.59000015258789,0,-0.0318099035811481
2014-12-16,23.56999969482422,25.200000762939453,19.600000381469727,23.549999237060547,0,0.14345988752764782
2014-12-17,19.440000534057617,24.610000610351562,19.260000228881836,23.899999618530273,0,-0.19264187749601147
2014-12-18,16.809999465942383,18.510000228881836,16.06999969482422,17.139999389648438,0,-0.1453589108541018
2014-12-19,16.489999771118164,17.200000762939453,16.110000610351562,16.56999969482422,0,-0.019219792958821813
2014-12-22,15.25,16.8799991607666,15.029999732971191,16.31999969482422,0,-0.07817461963804817
2014-12-23,14.800000190734863,15.210000038146973,14.319999694824219,14.470000267028809,0,-0.029952309395860244
2014-12-24,14.369999885559082,14.539999961853027,14.010000228881836,14.520000457763672,0,-0.029484501530504303
2014-12-26,14.5,14.84000015258789,14.130000114440918,14.600000381469727,0,0.009005957299472733
2014-12-29,15.0600004196167,16.139999389648438,15.0600004196167,16.040000915527344,0,0.03789360080821291
2014-12-30,15.920000076293945,16.200000762939453,15.479999542236328,15.899999618530273,0,0.055533934973828636
2014-12-31,19.200000762939453,19.90999984741211,15.859999656677246,15.90999984741211,0,0.18733413356159456
2015-01-02,17.790000915527344,20.139999389648438,17.049999237060547,17.760000228881836,0,-0.07627376562939014
2015-01-05,19.920000076293945,21.290000915527344,19.190000534057617,19.190000534057617,0,0.1130877028456947
2015-01-06,21.1200008392334,22.899999618530273,19.520000457763672,20.329999923706055,0,0.05849624258802022
2015-01-07,19.309999465942383,20.719999313354492,19.040000915527344,20.149999618530273,0,-0.08959742979111596
2015-01-08,17.010000228881836,18.09000015258789,16.989999771118164,17.93000030517578,0,-0.126821648919881
2015-01-09,17.549999237060547,18.420000076293945,16.440000534057617,16.440000534057617,0,0.03125248657604773
2015-01-12,19.600000381469727,20.440000534057617,18.020000457763672,18.020000457763672,0,0.11047567925967172
2015-01-13,20.559999465942383,21.579999923706055,17.649999618530273,18.209999084472656,0,0.04781782891218711
2015-01-14,21.479999542236328,23.34000015258789,21.31999969482422,22.8700008392334,0,0.04377483371810653
2015-01-15,22.389999389648438,23.309999465942383,20.860000610351562,21.229999542236328,0,0.04149215502115
2015-01-16,20.950000762939453,23.43000030517578,20.950000762939453,22.799999237060547,0,-0.06647572056535189
2015-01-20,19.889999389648438,21.3700008392334,19.579999923706055,20.06999969482422,0,-0.05192162060577665
2015-01-21,18.850000381469727,21.280000686645508,18.639999389648438,20.920000076293945,0,-0.05370412804838676
2015-01-22,16.399999618530273,19.229999542236328,16.06999969482422,17.979999542236328,0,-0.13923162256133725
2015-01-23,16.65999984741211,17.09000015258789,15.8100004196167,16.790000915527344,0,0.015729316009956307
2015-01-26,15.520000457763672,17.43000030517578,15.520000457763672,16.959999084472656,0,-0.07088108332960541
2015-01-27,17.219999313354492,18.40999984741211,16.670000076293945,17.600000381469727,0,0.10394191487454574
2015-01-28,20.440000534057617,20.440000534057617,16.920000076293945,16.969999313354492,0,0.17142233233886728
2015-01-29,18.760000228881836,21.559999465942383,18.65999984741211,20.459999084472656,0,-0.08576683568496435
2015-01-30,20.969999313354492,22.18000030517578,19.239999771118164,20.229999542236328,0,0.11136585639104313
2015-02-02,19.43000030517578,22.809999465942383,19.350000381469727,20.889999389648438,0,-0.076274533073875
2015-02-03,17.329999923706055,18.889999389648438,17.200000762939453,18.40999984741211,0,-0.11437917977067658
2015-02-04,18.329999923706055,18.3799991607666,16.81999969482422,17.81999969482422,0,0.05609995836427473
2015-02-05,16.850000381469727,17.43000030517578,16.670000076293945,17.290000915527344,0,-0.08418837825184555
2015-02-06,17.290000915527344,18.739999771118164,16.059999465942383,16.290000915527344,0,0.025777673208937646
2015-02-09,18.549999237060547,19.280000686645508,18.209999084472656,19.15999984741211,0,0.07034139527817063
2015-02-10,17.229999542236328,18.360000610351562,16.969999313354492,17.719999313354492,0,-0.07381772395262143
2015-02-11,16.959999084472656,17.809999465942383,16.81999969482422,17.43000030517578,0,-0.01579444758981996
2015-02-12,15.34000015258789,16.469999313354492,15.279999732971191,16.389999389648438,0,-0.10039377049602116
2015-02-13,14.6899995803833,15.640000343322754,14.6899995803833,15.109999656677246,0,-0.04329684426516911
2015-02-17,15.800000190734863,16.329999923706055,15.529999732971191,15.850000381469727,0,0.07284299048374798
2015-02-18,15.449999809265137,16.739999771118164,15.4399995803833,16.739999771118164,0,-0.022400961106292083
2015-02-19,15.289999961853027,16.219999313354492,15.100000381469727,16.110000610351562,0,-0.010409973552381935
2015-02-20,14.300000190734863,16.290000915527344,14.270000457763672,15.729999542236328,0,-0.06693946684211038
2015-02-23,14.5600004196167,15.479999542236328,14.489999771118164,15.050000190734863,0,0.01801852098440415
2015-02-24,13.6899995803833,14.630000114440918,13.529999732971191,14.5,0,-0.06161246293934042
2015-02-25,13.84000015258789,14.0600004196167,12.859999656677246,13.640000343322754,0,0.010897352565632623
2015-02-26,13.90999984741211,14.569999694824219,13.550000190734863,13.550000190734863,0,0.0050450337510370424
2015-02-27,13.34000015258789,14.170000076293945,13.289999961853027,14.069999694824219,0,-0.041840943039846756
2015-03-02,13.039999961853027,13.899999618530273,12.869999885559082,13.899999618530273,0,-0.02274549835272488
2015-03-03,13.859999656677246,14.6899995803833,13.25,13.350000381469727,0,0.06098541541786995
2015-03-04,14.229999542236328,14.710000038146973,14.130000114440918,14.279999732971191,0,0.026345410941849057
2015-03-05,14.039999961853027,14.579999923706055,13.880000114440918,14.010000228881836,0,-0.013441984052200429
2015-03-06,15.199999809265137,15.829999923706055,14.180000305175781,14.609999656677246,0,0.07938501942324017
2015-03-09,15.0600004196167,15.760000228881836,14.710000038146973,15.720000267028809,0,-0.009253165069142533
2015-03-10,16.690000534057617,16.90999984741211,16.030000686645508,16.469999313354492,0,0.10276751943766049
2015-03-11,16.8700008392334,17.190000534057617,16.290000915527344,16.440000534057617,0,0.010727176632562951
2015-03-12,15.420000076293945,16.450000762939453,15.300000190734863,16.450000762939453,0,-0.08987157322205475
2015-03-13,16.0,16.739999771118164,15.319999694824219,15.470000267028809,0,0.03692334915687079
2015-03-16,15.609999656677246,15.890000343322754,15.359999656677246,15.779999732971191,0,-0.024677009706211006
2015-03-17,15.65999984741211,16.3700008392334,15.65999984741211,16.309999465942383,0,0.0031979682852880664
2015-03-18,13.970000267028809,16.290000915527344,13.380000114440918,14.600000381469727,0,-0.11419748843554212
2015-03-19,14.069999694824219,14.970000267028809,13.84000015258789,14.680000305175781,0,0.007132657053160241
2015-03-20,13.020000457763672,13.529999732971191,12.539999961853027,13.520000457763672,0,-0.07755817749755378
2015-03-23,13.40999984741211,13.529999732971191,12.890000343322754,13.520000457763672,0,0.02951401397599973
2015-03-24,13.619999885559082,13.680000305175781,12.59000015258789,13.359999656677246,0,0.015538606404027266
2015-03-25,15.4399995803833,15.550000190734863,13.199999809265137,13.260000228881836,0,0.12542222510043288
2015-03-26,15.800000190734863,17.190000534057617,15.229999542236328,16.639999389648438,0,0.02304843468536566
2015-03-27,15.069999694824219,15.829999923706055,14.1899995803833,15.729999542236328,0,-0.04730395971689383
2015-03-30,14.510000228881836,14.760000228881836,14.079999923706055,14.760000228881836,0,-0.03786790971768239
2015-03-31,15.289999961853027,15.739999771118164,14.329999923706055,14.970000267028809,0,0.0523609347759022
2015-04-01,15.109999656677246,16.65999984741211,15.079999923706055,15.319999694824219,0,-0.011842263882984927
2015-04-02,14.670000076293945,15.510000228881836,14.270000457763672,15.300000190734863,0,-0.02955215620752094
2015-04-06,14.739999771118164,15.760000228881836,14.039999961853027,15.75,0,0.004760273877681964
2015-04-07,14.779999732971191,14.8100004196167,14.010000228881836,14.569999694824219,0,0.002710026219903572
2015-04-08,13.979999542236328,14.770000457763672,13.75,14.59000015258789,0,-0.055647193391672456
2015-04-09,13.09000015258789,14.59000015258789,13.09000015258789,14.140000343322754,0,-0.06577911248284396
2015-04-10,12.579999923706055,13.260000228881836,12.510000228881836,13.199999809265137,0,-0.0397403463710444
2015-04-13,13.9399995803833,14.3100004196167,12.710000038146973,13.170000076293945,0,0.10265413002315604
2015-04-14,13.670000076293945,14.739999771118164,13.640000343322754,14.34000015258789,0,-0.01955871891376848
2015-04-15,12.84000015258789,13.579999923706055,12.829999923706055,13.579999923706055,0,-0.06263834617137354
2015-04-16,12.600000381469727,13.350000381469727,12.5,13.270000457763672,0,-0.01886846591279978
2015-04-17,13.890000343322754,15.020000457763672,13.729999542236328,13.970000267028809,0,0.09747233725070581
2015-04-20,13.300000190734863,13.670000076293945,12.829999923706055,13.670000076293945,0,-0.04340513191483808
2015-04-21,13.25,13.510000228881836,12.65999984741211,12.75,0,-0.003766497136443725
2015-04-22,12.710000038146973,13.800000190734863,12.569999694824219,12.970000267028809,0,-0.041608464229533126
2015-04-23,12.479999542236328,12.960000038146973,12.119999885559082,12.960000038146973,0,-0.01826176194119844
2015-04-24,12.289999961853027,13.020000457763672,12.15999984741211,12.210000038146973,0,-0.015341405787459461
2015-04-27,13.119999885559082,13.399999618530273,12.329999923706055,12.34000015258789,0,0.06535185431927193
2015-04-28,12.40999984741211,14.229999542236328,12.40999984741211,13.260000228881836,0,-0.05563518787235555
2015-04-29,13.390000343322754,14.34000015258789,12.609999656677246,13.4399995803833,0,0.07600559842235954
2015-04-30,14.550000190734863,15.289999961853027,12.489999771118164,13.890000343322754,0,0.08308282138311052
2015-05-01,12.699999809265137,13.979999542236328,12.680000305175781,13.979999542236328,0,-0.1359890282803744
2015-05-04,12.850000381469727,13.180000305175781,12.100000381469727,13.119999885559082,0,0.0117418625815362
2015-05-05,14.3100004196167,14.40999984741211,12.970000267028809,13.210000038146973,0,0.10761478186408979
2015-05-06,15.149999618530273,16.360000610351562,13.890000343322754,13.930000305175781,0,0.05704188388417952
2015-05-07,15.130000114440918,15.970000267028809,14.8100004196167,15.479999542236328,0,-0.0013209714117521365
2015-05-08,12.859999656677246,13.420000076293945,12.699999809265137,13.359999656677246,0,-0.16255784325158107
2015-05-11,13.850000381469727,13.850000381469727,13.0,13.350000381469727,0,0.07416356806376312
2015-05-12,13.859999656677246,15.130000114440918,13.729999542236328,14.729999542236328,0,0.0007217088147077888
2015-05-13,13.760000228881836,14.039999961853027,13.0600004196167,13.630000114440918,0,-0.007241119851943534
2015-05-14,12.739999771118164,13.289999961853027,12.720000267028809,13.140000343322754,0,-0.07701921696064185
2015-05-15,12.380000114440918,13.09000015258789,12.350000381469727,12.460000038146973,0,-0.02866435567794401
2015-05-18,12.729999542236328,13.220000267028809,12.550000190734863,13.079999923706055,0,0.027879100109408306
2015-05-19,12.850000381469727,13.130000114440918,12.550000190734863,12.949999809265137,0,0.009382464417714065
2015-05-20,12.880000114440918,13.270000457763672,12.619999885559082,12.899999618530273,0,0.0023318885337832995
2015-05-21,12.109999656677246,13.09000015258789,12.09000015258789,13.029999732971191,0,-0.06164420034672258
2015-05-22,12.130000114440918,12.369999885559082,11.819999694824219,12.369999885559082,0,0.0016502031758456326
2015-05-26,14.0600004196167,14.630000114440918,13.34000015258789,13.449999809265137,0,0.14765218383673906
2015-05-27,13.270000457763672,14.40999984741211,13.050000190734863,14.15999984741211,0,-0.05782803338698628
2015-05-28,13.3100004196167,13.989999771118164,13.3100004196167,13.489999771118164,0,0.00300978109319594
2015-05-29,13.84000015258789,14.430000305175781,13.399999618530273,13.59000015258789,0,0.039047297281216586
2015-06-01,13.970000267028809,14.859999656677246,13.470000267028809,13.920000076293945,0,0.009349231168656047
2015-06-02,14.239999771118164,15.050000190734863,13.59000015258789,14.720000267028809,0,0.019142697527350983
2015-06-03,13.65999984741211,14.199999809265137,13.399999618530273,13.729999542236328,0,-0.04158304693843995
2015-06-04,14.710000038146973,15.489999771118164,13.989999771118164,14.569999694824219,0,0.07405569423438685
2015-06-05,14.210000038146973,15.649999618530273,14.210000038146973,15.010000228881836,0,-0.03458159241308856
2015-06-08,15.289999961853027,15.5,14.670000076293945,14.84000015258789,0,0.07325307265254866
2015-06-09,14.470000267028809,15.739999771118164,14.470000267028809,15.180000305175781,0,-0.0551214583487214
2015-06-10,13.220000267028809,14.369999885559082,12.960000038146973,14.239999771118164,0,-0.09034670447496174
2015-06-11,12.850000381469727,13.220000267028809,12.5600004196167,13.039999961853027,0,-0.028387013594802557
2015-06-12,13.779999732971191,14.020000457763672,13.300000190734863,13.3100004196167,0,0.06987440517992649
2015-06-15,15.390000343322754,15.569999694824219,14.90999984741211,15.479999542236328,0,0.11049972395144403
2015-06-16,14.8100004196167,15.619999885559082,14.8100004196167,15.619999885559082,0,-0.03841531354591643
2015-06-17,14.5,15.489999771118164,14.069999694824219,14.65999984741211,0,-0.021154007186513724
2015-06-18,13.1899995803833,14.029999732971191,12.539999961853027,14.029999732971191,0,-0.09468971451055097
2015-06-19,13.960000038146973,14.0,12.960000038146973,13.350000381469727,0,0.05673716515083971
2015-06-22,12.739999771118164,13.460000038146973,12.430000305175781,13.420000076293945,0,-0.09144946788840747
2015-06-23,12.109999656677246,12.680000305175781,11.930000305175781,12.5,0,-0.050715102963760916
2015-06-24,13.260000228881836,13.329999923706055,12.010000228881836,12.569999694824219,0,0.09072047280414086
2015-06-25,14.010000228881836,14.15999984741211,12.920000076293945,12.960000038146973,0,0.05501937466715878
2015-06-26,14.020000457763672,14.90999984741211,13.640000343322754,14.130000114440918,0,0.0007135375712556957
2015-06-29,18.850000381469727,19.5,15.819999694824219,16.700000762939453,0,0.296028019873936
2015-06-30,18.229999542236328,19.799999237060547,17.489999771118164,17.600000381469727,0,-0.033444370551028335
2015-07-01,16.09000015258789,17.260000228881836,15.649999618530273,16.6299991607666,0,-0.12487059309242143
2015-07-02,16.790000915527344,17.479999542236328,15.390000343322754,15.430000305175781,0,0.042585555129889485
2015-07-06,17.010000228881836,18.950000762939453,16.56999969482422,18.649999618530273,0,0.013017894245912487
2015-07-07,16.09000015258789,19.200000762939453,15.930000305175781,17.219999313354492,0,-0.05560344937580197
2015-07-08,19.65999984741211,19.760000228881836,16.940000534057617,17.3799991607666,0,0.20038813646999243
2015-07-09,19.969999313354492,20.049999237060547,17.200000762939453,17.459999084472656,0,0.015645006086189017
2015-07-10,16.829999923706055,18.170000076293945,16.600000381469727,17.450000762939453,0,-0.17106810937436867
2015-07-13,13.899999618530273,15.359999656677246,13.819999694824219,15.289999961853027,0,-0.19127419097672282
2015-07-14,13.369999885559082,13.949999809265137,12.899999618530273,13.90999984741211,0,-0.038875430138459066
2015-07-15,13.229999542236328,13.970000267028809,12.8100004196167,13.350000381469727,0,-0.010526439027886525
2015-07-16,12.109999656677246,12.609999656677246,11.869999885559082,12.59000015258789,0,-0.08845541431178594
2015-07-17,11.949999809265137,12.220000267028809,11.770000457763672,11.770000457763672,0,-0.01330026679820584
2015-07-20,12.25,12.369999885559082,11.710000038146973,12.25,0,0.024794674574292852
2015-07-21,12.220000267028809,12.789999961853027,12.210000038146973,12.420000076293945,0,-0.002451961395502078
2015-07-22,12.119999885559082,12.829999923706055,12.050000190734863,12.770000457763672,0,-0.008217004396385619
2015-07-23,12.640000343322754,13.079999923706055,11.729999542236328,12.0600004196167,0,0.04200944468147272
2015-07-24,13.739999771118164,14.729999542236328,12.859999656677246,12.869999885559082,0,0.08344485425581549
2015-07-27,15.600000381469727,16.270000457763672,15.029999732971191,15.600000381469727,0,0.12695966857254204
2015-07-28,13.4399995803833,15.619999885559082,13.319999694824219,14.869999885559082,0,-0.14903563483515647
2015-07-29,12.5,13.59000015258789,11.850000381469727,13.569999694824219,0,-0.07250665956526658
2015-07-30,12.130000114440918,13.420000076293945,12.09000015258789,12.720000267028809,0,-0.030046911917760877
2015-07-31,12.119999885559082,12.630000114440918,11.819999694824219,12.029999732971191,0,-0.0008247611916463171
2015-08-03,12.5600004196167,13.550000190734863,12.319999694824219,12.850000381469727,0,0.03566022325017659
2015-08-04,13.0,13.220000267028809,12.289999961853027,12.65999984741211,0,0.03443216301251173
2015-08-05,12.510000228881836,12.720000267028809,10.880000114440918,12.020000457763672,0,-0.03842101468680692
2015-08-06,13.770000457763672,14.25,12.15999984741211,12.199999809265137,0,0.09596400320938248
2015-08-07,13.390000343322754,14.579999923706055,13.289999961853027,13.569999694824219,0,-0.02798416064079623
2015-08-10,12.229999542236328,12.779999732971191,12.180000305175781,12.729999542236328,0,-0.09061627307380826
2015-08-11,13.710000038146973,14.329999923706055,13.020000457763672,13.239999771118164,0,0.11423358408713469
2015-08-12,13.609999656677246,16.280000686645508,13.449999809265137,15.1899995803833,0,-0.007320704919040022
2015-08-13,13.489999771118164,14.329999923706055,13.0600004196167,13.869999885559082,0,-0.008856138184716311
2015-08-14,12.829999923706055,13.869999885559082,12.800000190734863,13.6899995803833,0,-0.050162480571868784
2015-08-17,13.020000457763672,14.520000457763672,13.010000228881836,14.319999694824219,0,0.014700499257905175
2015-08-18,13.789999961853027,13.9399995803833,13.170000076293945,13.40999984741211,0,0.057457017100010166
2015-08-19,15.25,15.960000038146973,13.729999542236328,14.84000015258789,0,0.10063581401448785
2015-08-20,19.139999389648438,19.239999771118164,16.1299991607666,16.549999237060547,0,0.22720085108259047
2015-08-21,28.030000686645508,28.3799991607666,20.799999237060547,22.549999237060547,0,0.38149503553749264
2015-08-24,40.7400016784668,53.290000915527344,28.030000686645508,28.030000686645508,0,0.3739350623246347
2015-08-25,36.02000045776367,38.060001373291016,28.079999923706055,31.1299991607666,0,-0.12313609954173144
2015-08-26,30.31999969482422,35.619998931884766,28.670000076293945,31.1299991607666,0,-0.1722668017474005
2015-08-27,26.100000381469727,29.899999618530273,24.489999771118164,27.110000610351562,0,-0.1498722217646602
2015-08-28,26.049999237060547,29.200000762939453,25.770000457763672,26.690000534057617,0,-0.001917590032473715
2015-08-31,28.43000030517578,29.3700008392334,26.6299991607666,27.030000686645508,0,0.08742719748532313
2015-09-01,31.399999618530273,33.81999969482422,29.90999984741211,31.90999984741211,0,0.09936294436829485
2015-09-02,26.09000015258789,30.450000762939453,24.770000457763672,29.139999389648438,0,-0.1852557757683333
2015-09-03,25.610000610351562,26.309999465942383,23.450000762939453,25.209999084472656,0,-0.01856918095317539
2015-09-04,27.799999237060547,29.469999313354492,25.68000030517578,27.43000030517578,0,0.08205306920874422
2015-09-08,24.899999618530273,26.25,24.1299991607666,25.049999237060547,0,-0.11016820510213332
2015-09-09,26.229999542236328,26.81999969482422,21.510000228881836,22.389999389648438,0,0.05203598827627687
2015-09-10,24.3700008392334,27.219999313354492,23.530000686645508,26.8700008392334,0,-0.07355087435260321
2015-09-11,23.200000762939453,25.809999465942383,23.149999618530273,25.3799991607666,0,-0.04920059051668124
2015-09-14,24.25,25.31999969482422,23.639999389648438,24.030000686645508,0,0.0442643058259069
2015-09-15,22.540000915527344,23.770000457763672,22.1299991607666,23.280000686645508,0,-0.07312506815396835
2015-09-16,21.350000381469727,22.940000534057617,21.09000015258789,22.56999969482422,0,-0.05423979168745552
2015-09-17,21.139999389648438,23.329999923706055,17.8700008392334,21.540000915527344,0,-0.009884805971857702
2015-09-18,22.280000686645508,23.989999771118164,20.979999542236328,23.06999969482422,0,0.05252249430779088
2015-09-21,20.139999389648438,22.479999542236328,20.049999237060547,21.969999313354492,0,-0.10098158889302589
2015-09-22,22.440000534057617,26.290000915527344,22.25,22.969999313354492,0,0.10813724746887887
2015-09-23,22.1299991607666,23.200000762939453,21.139999389648438,22.09000015258789,0,-0.013910988313779349
2015-09-24,23.469999313354492,25.299999237060547,21.809999465942383,23.530000686645508,0,0.05878886446655063
2015-09-25,23.6200008392334,24.290000915527344,20.809999465942383,21.1200008392334,0,0.006370865693216654
2015-09-28,27.6299991607666,28.329999923706055,24.940000534057617,25.020000457763672,0,0.15680826226149058
2015-09-29,26.829999923706055,28.200000762939453,25.760000228881836,26.56999969482422,0,-0.029381446967406077
2015-09-30,24.5,25.8799991607666,23.25,24.639999389648438,0,-0.09084754404324524
2015-10-01,22.549999237060547,25.229999542236328,22.549999237060547,23.139999389648438,0,-0.08293808543522996
2015-10-02,20.940000534057617,24.469999313354492,20.350000381469727,23.989999771118164,0,-0.07407380116887685
2015-10-05,19.540000915527344,20.420000076293945,19.139999389648438,20.309999465942383,0,-0.06919753747793012
2015-10-06,19.399999618530273,20.31999969482422,18.81999969482422,19.540000915527344,0,-0.007190647062750077
2015-10-07,18.399999618530273,19.729999542236328,18.329999923706055,18.959999084472656,0,-0.05292240252300484
2015-10-08,17.420000076293945,19.020000457763672,16.34000015258789,18.6200008392334,0,-0.05473166807885743
2015-10-09,17.079999923706055,18.200000762939453,16.889999389648438,17.149999618530273,0,-0.019710791910466874
2015-10-12,16.170000076293945,17.809999465942383,16.149999618530273,17.68000030517578,0,-0.05475050558630956
2015-10-13,17.670000076293945,17.700000762939453,16.139999389648438,17.079999923706055,0,0.08871061234206001
2015-10-14,18.030000686645508,18.780000686645508,17.299999237060547,17.670000076293945,0,0.02016878464940941
2015-10-15,16.049999237060547,17.850000381469727,16.040000915527344,17.6200008392334,0,-0.11632827325786987
2015-10-16,15.050000190734863,16.860000610351562,15.050000190734863,15.640000343322754,0,-0.06433079817255782
2015-10-19,14.979999542236328,16.229999542236328,14.819999694824219,15.680000305175781,0,-0.004662056337547238
2015-10-20,15.75,16.34000015258789,14.720000267028809,15.170000076293945,0,0.050124417740891936
2015-10-21,16.700000762939453,16.700000762939453,14.40999984741211,14.979999542236328,0,0.0585683998360631
2015-10-22,14.449999809265137,15.920000076293945,14.449999809265137,15.020000457763672,0,-0.14471436374890878
2015-10-23,14.460000038146973,15.119999885559082,13.239999771118164,13.460000038146973,0,0.000691818009925349
2015-10-26,15.289999961853027,15.430000305175781,14.680000305175781,14.760000228881836,0,0.05581279807735218
2015-10-27,15.430000305175781,15.989999771118164,14.779999732971191,15.75,0,0.00911466870707578
2015-10-28,14.329999923706055,15.729999542236328,12.800000190734863,15.140000343322754,0,-0.07395844963714104
2015-10-29,14.609999656677246,15.460000038146973,14.329999923706055,14.800000190734863,0,0.019350965747437332
2015-10-30,15.069999694824219,15.390000343322754,14.0,14.600000381469727,0,0.030999790124408122
2015-11-02,14.149999618530273,15.510000228881836,13.670000076293945,15.40999984741211,0,-0.06299139525759934
2015-11-03,14.539999961853027,14.729999542236328,13.8100004196167,14.329999923706055,0,0.027188872351530335
2015-11-04,15.510000228881836,15.880000114440918,13.960000038146973,14.039999961853027,0,0.0645815224637114
2015-11-05,15.050000190734863,16.389999389648438,15.0,15.390000343322754,0,-0.030106988077199137
2015-11-06,14.329999923706055,16.0,14.319999694824219,14.90999984741211,0,-0.04902276735228872
2015-11-09,16.520000457763672,17.09000015258789,15.140000343322754,15.34000015258789,0,0.14221655928648813
2015-11-10,15.289999961853027,16.959999084472656,15.239999771118164,16.690000534057617,0,-0.07737277835642287
2015-11-11,16.059999465942383,16.149999618530273,15.020000457763672,15.069999694824219,0,0.049132657818641956
2015-11-12,18.3700008392334,18.5,16.649999618530273,17.059999465942383,0,0.1343872696473145
2015-11-13,20.079999923706055,20.670000076293945,18.200000762939453,18.68000030517578,0,0.0890053461119984
2015-11-16,18.15999984741211,20.549999237060547,17.25,20.510000228881836,0,-0.1005029262532986
2015-11-17,18.84000015258789,19.59000015258789,16.860000610351562,17.81999969482422,0,0.03676091247663171
2015-11-18,16.850000381469727,19.450000762939453,16.799999237060547,19.010000228881836,0,-0.11163159780983856
2015-11-19,16.989999771118164,18.260000228881836,16.0,16.25,0,0.00827424277475508
2015-11-20,15.470000267028809,16.3799991607666,15.470000267028809,16.1299991607666,0,-0.09372224036623011
2015-11-23,15.619999885559082,16.739999771118164,15.380000114440918,16.149999618530273,0,0.009649455238927906
2015-11-24,15.930000305175781,17.209999084472656,15.479999542236328,16.530000686645508,0,0.019652005994280408
2015-11-25,15.1899995803833,15.890000343322754,15.050000190734863,15.550000190734863,0,-0.04756685409611139
2015-11-27,15.119999885559082,16.09000015258789,15.119999885559082,15.3100004196167,0,-0.004618925800602192
2015-11-30,16.1299991607666,16.56999969482422,15.520000457763672,15.550000190734863,0,0.06466247692522398
2015-12-01,14.670000076293945,16.34000015258789,14.630000114440918,15.609999656677246,0,-0.09487624275219897
2015-12-02,15.90999984741211,16.489999771118164,14.710000038146973,15.039999961853027,0,0.08114323540343671
2015-12-03,18.110000610351562,19.350000381469727,15.859999656677246,15.869999885559082,0,0.1295164728387772
2015-12-04,14.8100004196167,17.649999618530273,14.6899995803833,17.43000030517578,0,-0.20116164898473965
2015-12-07,15.84000015258789,17.18000030517578,15.579999923706055,15.649999618530273,0,0.06723573940631145
2015-12-08,17.600000381469727,18.329999923706055,16.520000457763672,17.690000534057617,0,0.10536052769916848
2015-12-09,19.610000610351562,20.1299991607666,15.720000267028809,18.049999237060547,0,0.10814074761423775
2015-12-10,19.34000015258789,19.719999313354492,18.1299991607666,19.25,0,-0.013864173417855508
2015-12-11,24.389999389648438,25.270000457763672,20.8799991607666,21.360000610351562,0,0.2319976892882596
2015-12-14,22.729999542236328,26.809999465942383,21.469999313354492,24.700000762939453,0,-0.0704875694778977
2015-12-15,20.950000762939453,21.6200008392334,20.020000457763672,20.760000228881836,0,-0.08154693493996268
2015-12-16,17.860000610351562,20.239999771118164,17.1200008392334,19.25,0,-0.15957507316273212
2015-12-17,18.940000534057617,19.049999237060547,16.1299991607666,16.18000030517578,0,0.05871250633270009
2015-12-18,20.700000762939453,23.299999237060547,18.75,19.34000015258789,0,0.08885762117302942
2015-12-21,18.700000762939453,20.209999084472656,18.700000762939453,19.639999389648438,0,-0.10161017246886006
2015-12-22,16.600000381469727,18.219999313354492,16.600000381469727,17.610000610351562,0,-0.11912084631683983
2015-12-23,15.569999694824219,16.25,15.329999923706055,15.859999656677246,0,-0.06405675209693751
2015-12-24,15.739999771118164,15.880000114440918,14.449999809265137,15.4399995803833,0,0.010859262202180808
2015-12-28,16.90999984741211,18.1299991607666,16.8799991607666,17.649999618530273,0,0.07169992543911441
2015-12-29,16.079999923706055,16.479999542236328,15.630000114440918,15.90999984741211,0,-0.05032889488078718
2015-12-30,17.290000915527344,17.420000076293945,16.5,16.5,0,0.07255209364028925
2015-12-31,18.209999084472656,20.389999389648438,17.510000228881836,17.969999313354492,0,0.05184249081697789
2016-01-04,20.700000762939453,23.360000610351562,20.670000076293945,22.479999542236328,0,0.12816289366486222
2016-01-05,19.34000015258789,21.059999465942383,19.25,20.75,0,-0.06795823921339661
2016-01-06,20.59000015258789,21.860000610351562,19.799999237060547,21.670000076293945,0,0.06263003053557004
2016-01-07,24.989999771118164,25.860000610351562,22.399999618530273,23.219999313354492,0,0.19367020723744943
2016-01-08,27.010000228881836,27.079999923706055,22.479999542236328,22.959999084472656,0,0.07773144059056669
2016-01-11,24.299999237060547,27.389999389648438,23.829999923706055,25.579999923706055,0,-0.10573085732867415
2016-01-12,22.469999313354492,23.93000030517578,21.90999984741211,22.969999313354492,0,-0.07829526331090175
2016-01-13,25.219999313354492,26.110000610351562,21.440000534057617,21.719999313354492,0,0.11545624767162854
2016-01-14,23.950000762939453,26.280000686645508,23.06999969482422,24.75,0,-0.05166894759811003
2016-01-15,27.020000457763672,30.950000762939453,26.670000076293945,28.959999084472656,0,0.1206089937612802
2016-01-19,26.049999237060547,27.59000015258789,25.209999084472656,25.399999618530273,0,-0.036559610561841094
2016-01-20,27.59000015258789,32.09000015258789,26.59000015258789,27.780000686645508,0,0.05743565484787272
2016-01-21,26.690000534057617,28.43000030517578,25.010000228881836,27.790000915527344,0,-0.03316441033366058
2016-01-22,22.34000015258789,24.549999237060547,22.219999313354492,24.209999084472656,0,-0.17791018295477512
2016-01-25,24.149999618530273,24.309999465942383,22.3799991607666,23.299999237060547,0,0.07790556383142411
2016-01-26,22.5,24.020000457763672,22.329999923706055,23.75,0,-0.07076905509235942
2016-01-27,23.110000610351562,27.219999313354492,20.420000076293945,22.8799991607666,0,0.026750141486627133
2016-01-28,22.420000076293945,23.809999465942383,21.899999618530273,22.149999618530273,0,-0.03031202965004587
2016-01-29,20.200000762939453,21.739999771118164,19.5,21.59000015258789,0,-0.1042707788705175
2016-02-01,19.979999542236328,23.65999984741211,19.610000610351562,21.31999969482422,0,-0.010950891867125723
2016-02-02,21.979999542236328,22.420000076293945,21.059999465942383,21.34000015258789,0,0.09540117783978985
2016-02-03,21.649999618530273,27.700000762939453,21.420000076293945,21.489999771118164,0,-0.015127491320452435
2016-02-04,21.84000015258789,23.139999389648438,21.239999771118164,22.290000915527344,0,0.008737721034679513
2016-02-05,23.3799991607666,24.110000610351562,21.90999984741211,22.09000015258789,0,0.06813776228523771
2016-02-08,26.0,27.719999313354492,25.559999465942383,25.889999389648438,0,0.10621561787291522
2016-02-09,26.540000915527344,28.309999465942383,25.989999771118164,28.299999237060547,0,0.020556525378710777
2016-02-10,26.290000915527344,26.600000381469727,24.469999313354492,25.75,0,-0.009464389834236808
2016-02-11,28.139999389648438,30.899999618530273,26.670000076293945,29.010000228881836,0,0.06800335643046562
2016-02-12,25.399999618530273,27.56999969482422,24.920000076293945,27.15999984741211,0,-0.10244287099042415
2016-02-16,24.110000610351562,25.520000457763672,23.31999969482422,24.959999084472656,0,-0.052122441497631566
2016-02-17,22.309999465942383,24.15999984741211,21.829999923706055,23.399999618530273,0,-0.07759173300196265
2016-02-18,21.639999389648438,22.530000686645508,21.290000915527344,22.15999984741211,0,-0.030491558732908874
2016-02-19,20.530000686645508,23.440000534057617,20.520000457763672,22.389999389648438,0,-0.05265616129669537
2016-02-22,19.3799991607666,20.350000381469727,19.020000457763672,20.139999389648438,0,-0.05764570131827673
2016-02-23,20.979999542236328,21.15999984741211,19.540000915527344,19.75,0,0.07932801799057865
2016-02-24,20.719999313354492,22.8700008392334,20.260000228881836,22.280000686645508,0,-0.012470196897081287
2016-02-25,19.110000610351562,21.260000228881836,19.100000381469727,20.540000915527344,0,-0.08088759406098145
2016-02-26,19.809999465942383,20.1299991607666,18.459999084472656,18.889999389648438,0,0.035975043560429576
2016-02-29,20.549999237060547,20.809999465942383,18.3799991607666,20.489999771118164,0,0.03667407006476786
2016-03-01,17.700000762939453,20.170000076293945,17.65999984741211,19.84000015258789,0,-0.14929622113252927
2016-03-02,17.09000015258789,18.40999984741211,16.780000686645508,17.979999542236328,0,-0.03507117662771719
2016-03-03,16.700000762939453,17.559999465942383,16.31999969482422,17.25,0,-0.023084740948283944
2016-03-04,16.860000610351562,17.350000381469727,16.049999237060547,16.479999542236328,0,0.009535223667163528
2016-03-07,17.350000381469727,18.040000915527344,16.8700008392334,17.979999542236328,0,0.02864853960472713
2016-03-08,18.670000076293945,18.889999389648438,17.81999969482422,18.3799991607666,0,0.07332543326048091
2016-03-09,18.34000015258789,19.110000610351562,18.309999465942383,18.559999465942383,0,-0.017833486491807715
2016-03-10,18.049999237060547,19.59000015258789,17.059999465942383,18.170000076293945,0,-0.01593883263749385
2016-03-11,16.5,17.270000457763672,16.280000686645508,17.09000015258789,0,-0.0897852616042405
2016-03-14,16.920000076293945,17.670000076293945,16.690000534057617,17.010000228881836,0,0.025135977780640584
2016-03-15,16.84000015258789,17.850000381469727,16.84000015258789,17.600000381469727,0,-0.004739340811956261
2016-03-16,14.989999771118164,16.329999923706055,14.890000343322754,15.960000038146973,0,-0.11637372102968113
2016-03-17,14.4399995803833,15.380000114440918,13.819999694824219,15.34000015258789,0,-0.03738119244018678
2016-03-18,14.020000457763672,14.359999656677246,13.75,14.050000190734863,0,-0.0295171901481468
2016-03-21,13.789999961853027,14.729999542236328,13.789999961853027,14.569999694824219,0,-0.016541225218271727
2016-03-22,14.170000076293945,14.760000228881836,13.75,14.569999694824219,0,0.027183370047844324
2016-03-23,14.9399995803833,15.029999732971191,14.329999923706055,14.569999694824219,0,0.05291509253110016
2016-03-24,14.739999771118164,16.440000534057617,14.710000038146973,16.299999237060547,0,-0.013477280384627033
2016-03-28,15.239999771118164,16.040000915527344,14.890000343322754,15.649999618530273,0,0.03335866400675691
2016-03-29,13.819999694824219,15.890000343322754,13.789999961853027,15.739999771118164,0,-0.09780673898266734
2016-03-30,13.5600004196167,13.890000343322754,13.0600004196167,13.6899995803833,0,-0.018992482799906618
2016-03-31,13.949999809265137,14.279999732971191,13.489999771118164,13.729999542236328,0,0.028355181137191376
2016-04-01,13.100000381469727,15.279999732971191,13.0,15.229999542236328,0,-0.06286723526769267
2016-04-04,14.119999885559082,14.239999771118164,13.65999984741211,13.880000114440918,0,0.07497996463328294
2016-04-05,15.420000076293945,15.720000267028809,14.930000305175781,15.390000343322754,0,0.0880731491226956
2016-04-06,14.09000015258789,15.979999542236328,14.0,15.609999656677246,0,-0.09020003634280505
2016-04-07,16.15999984741211,16.770000457763672,14.680000305175781,15.140000343322754,0,0.1370737069105239
2016-04-08,15.359999656677246,15.930000305175781,14.84000015258789,15.34000015258789,0,-0.05077233828284511
2016-04-11,16.260000228881836,16.260000228881836,14.829999923706055,15.34000015258789,0,0.056941412828253934
2016-04-12,14.850000381469727,16.56999969482422,14.84000015258789,15.979999542236328,0,-0.09070822725913263
2016-04-13,13.84000015258789,14.529999732971191,13.600000381469727,14.489999771118164,0,-0.07043692972224536
2016-04-14,13.720000267028809,14.119999885559082,13.380000114440918,13.899999618530273,0,-0.008708319454179936
2016-04-15,13.619999885559082,14.1899995803833,13.579999923706055,13.770000457763672,0,-0.007315349441530561
2016-04-18,13.350000381469727,14.9399995803833,13.229999542236328,14.869999885559082,0,-0.020022878898179997
2016-04-19,13.239999771118164,13.880000114440918,12.979999542236328,13.180000305175781,0,-0.008273880199055395
2016-04-20,13.279999732971191,13.5,12.5,13.390000343322754,0,0.003016590718982304
2016-04-21,13.949999809265137,14.140000343322754,13.15999984741211,13.199999809265137,0,0.049220370653928036
2016-04-22,13.220000267028809,14.1899995803833,13.149999618530273,13.699999809265137,0,-0.05374863997223356
2016-04-25,14.079999923706055,14.760000228881836,13.859999656677246,14.069999694824219,0,0.06302449068890104
2016-04-26,13.960000038146973,14.430000305175781,13.65999984741211,14.010000228881836,0,-0.00855924524447449
2016-04-27,13.770000457763672,14.949999809265137,13.5,14.149999618530273,0,-0.013703754082705188
2016-04-28,15.220000267028809,15.609999656677246,13.300000190734863,14.529999732971191,0,0.10011802399402692
2016-04-29,15.699999809265137,17.09000015258789,14.90999984741211,15.210000038146973,0,0.031050330227405887
2016-05-02,14.680000305175781,16.5,14.479999542236328,16.329999923706055,0,-0.06717465623063479
2016-05-03,15.600000381469727,16.420000076293945,14.90999984741211,14.920000076293945,0,0.06078489473376836
2016-05-04,16.049999237060547,16.850000381469727,15.390000343322754,15.470000267028809,0,0.028437863332176683
2016-05-05,15.90999984741211,16.450000762939453,15.220000267028809,15.539999961853027,0,-0.00876096928185044
2016-05-06,14.720000267028809,16.579999923706055,14.710000038146973,16.200000762939453,0,-0.07774070131773092
2016-05-09,14.569999694824219,15.390000343322754,14.170000076293945,15.199999809265137,0,-0.010242532179649988
2016-05-10,13.630000114440918,14.350000381469727,13.550000190734863,13.979999542236328,0,-0.06669134515693065
2016-05-11,14.6899995803833,14.6899995803833,13.289999961853027,13.920000076293945,0,0.07489370751630675
2016-05-12,14.40999984741211,15.420000076293945,13.949999809265137,14.550000190734863,0,-0.019244562198597492
2016-05-13,15.039999961853027,15.470000267028809,13.970000267028809,15.149999618530273,0,0.04279091656292344
2016-05-16,14.680000305175781,15.979999542236328,14.279999732971191,15.720000267028809,0,-0.024227272010415746
2016-05-17,15.569999694824219,16.1200008392334,14.479999542236328,14.569999694824219,0,0.05885992227075354
2016-05-18,15.949999809265137,16.469999313354492,14.859999656677246,15.720000267028809,0,0.024112851026891313
2016-05-19,16.329999923706055,17.649999618530273,16.280000686645508,16.3700008392334,0,0.02354508503780739
2016-05-20,15.199999809265137,16.299999237060547,15.109999656677246,16.1299991607666,0,-0.07170848700647836
2016-05-23,15.819999694824219,16.469999313354492,15.399999618530273,16.329999923706055,0,0.039979527745118926
2016-05-24,14.420000076293945,16.059999465942383,14.359999656677246,16.030000686645508,0,-0.09265880590135822
2016-05-25,13.899999618530273,14.329999923706055,13.640000343322754,14.1899995803833,0,-0.03672732445486426
2016-05-26,13.430000305175781,14.109999656677246,13.430000305175781,13.800000190734863,0,-0.034397779434196085
2016-05-27,13.119999885559082,13.760000228881836,13.039999961853027,13.489999771118164,0,-0.023353258465272475
2016-05-31,14.1899995803833,15.0,13.449999809265137,13.9399995803833,0,0.07839968680734222
2016-06-01,14.199999809265137,15.25,14.180000305175781,14.449999809265137,0,0.0007044895745278446
2016-06-02,13.630000114440918,14.920000076293945,13.619999885559082,14.420000076293945,0,-0.04096869707048878
2016-06-03,13.470000267028809,14.65999984741211,12.899999618530273,13.779999732971191,0,-0.011808243858456358
2016-06-06,13.649999618530273,14.270000457763672,13.420000076293945,13.84000015258789,0,0.013274483438231233
2016-06-07,14.050000190734863,14.050000190734863,12.720000267028809,12.770000457763672,0,0.02888291567072132
2016-06-08,14.079999923706055,14.270000457763672,13.699999809265137,13.84000015258789,0,0.002132935956102422
2016-06-09,14.640000343322754,14.850000381469727,13.989999771118164,14.010000228881836,0,0.039002186672881134
2016-06-10,17.030000686645508,17.329999923706055,14.850000381469727,14.890000343322754,0,0.15121900301018298
2016-06-13,20.969999313354492,21.010000228881836,17.889999389648438,18.239999771118164,0,0.2081162771752898
2016-06-14,20.5,22.15999984741211,20.270000457763672,21.280000686645508,0,-0.022667926025283336
2016-06-15,20.139999389648438,20.450000762939453,18.6299991607666,20.25,0,-0.01771702915938711
2016-06-16,19.3700008392334,22.889999389648438,19.239999771118164,20.799999237060547,0,-0.038982336239618665
2016-06-17,19.40999984741211,20.030000686645508,18.709999084472656,19.420000076293945,0,0.0020628685742591912
2016-06-20,18.3700008392334,18.549999237060547,16.59000015258789,17.420000076293945,0,-0.05506944440758543
2016-06-21,18.479999542236328,18.959999084472656,16.90999984741211,17.670000076293945,0,0.005970096530746094
2016-06-22,21.170000076293945,21.219999313354492,17.829999923706055,18.260000228881836,0,0.13589604730786808
2016-06-23,17.25,19.790000915527344,17.25,19.540000915527344,0,-0.20477294527327583
2016-06-24,25.760000228881836,26.239999771118164,19.479999542236328,26.059999465942383,0,0.4010107666439482
2016-06-27,23.850000381469727,26.719999313354492,22.93000030517578,24.3799991607666,0,-0.07703867679242915
2016-06-28,18.75,22.06999969482422,18.75,21.760000228881836,0,-0.24059048091246815
2016-06-29,16.639999389648438,18.270000457763672,16.479999542236328,18.1200008392334,0,-0.11938435370313938
2016-06-30,15.630000114440918,16.989999771118164,15.289999961853027,16.90999984741211,0,-0.06261724695801929
2016-07-01,14.770000457763672,15.859999656677246,14.609999656677246,15.59000015258789,0,-0.056594024219172034
2016-07-05,15.579999923706055,16.6200008392334,15.489999771118164,16.049999237060547,0,0.05338990800959742
2016-07-06,14.960000038146973,17.040000915527344,14.960000038146973,15.869999885559082,0,-0.04060806044942389
2016-07-07,14.760000228881836,15.979999542236328,14.329999923706055,14.800000190734863,0,-0.013459140417036775
2016-07-08,13.199999809265137,14.75,13.1899995803833,14.640000343322754,0,-0.11170401953651155
2016-07-11,13.539999961853027,13.670000076293945,13.0,13.25,0,0.025431449524060845
2016-07-12,13.550000190734863,13.930000305175781,12.75,12.930000305175781,0,0.0007382967353084524
2016-07-13,13.039999961853027,13.789999961853027,12.920000076293945,13.319999694824219,0,-0.03836500782895813
2016-07-14,12.819999694824219,13.369999885559082,12.140000343322754,12.5,0,-0.017015125885265103
2016-07-15,12.670000076293945,13.220000267028809,12.270000457763672,13.119999885559082,0,-0.011769427333191196
2016-07-18,12.4399995803833,13.119999885559082,12.329999923706055,12.75,0,-0.018319946774882023
2016-07-19,11.970000267028809,12.829999923706055,11.9399995803833,12.529999732971191,0,-0.03851351170173434
2016-07-20,11.770000457763672,11.970000267028809,11.399999618530273,11.9399995803833,0,-0.016849581713457518
2016-07-21,12.739999771118164,13.0600004196167,11.6899995803833,11.800000190734863,0,0.07919267201381475
2016-07-22,12.020000457763672,12.880000114440918,11.970000267028809,12.800000190734863,0,-0.058174664987848956
2016-07-25,12.869999885559082,13.720000267028809,12.390000343322754,12.640000343322754,0,0.0683270455254057
2016-07-26,13.050000190734863,13.5,12.800000190734863,12.880000114440918,0,0.013889135668434083
2016-07-27,12.829999923706055,13.739999771118164,12.5,12.609999656677246,0,-0.017001975703383465
2016-07-28,12.720000267028809,13.520000457763672,12.359999656677246,12.510000228881836,0,-0.008610593776210873
2016-07-29,11.869999885559082,12.899999618530273,11.770000457763672,12.850000381469727,0,-0.06916137992441929
2016-08-01,12.4399995803833,12.979999542236328,11.859999656677246,11.890000343322754,0,0.04690285459939991
2016-08-02,13.369999885559082,14.239999771118164,12.350000381469727,12.390000343322754,0,0.07209632897453444
2016-08-03,12.859999656677246,13.90999984741211,12.729999542236328,13.529999732971191,0,-0.03889169044179708
2016-08-04,12.420000076293945,12.979999542236328,11.789999961853027,12.729999542236328,0,-0.03481360946436185
2016-08-05,11.390000343322754,12.260000228881836,11.180000305175781,12.079999923706055,0,-0.08657227504660048
2016-08-08,11.5,11.779999732971191,11.40999984741211,11.65999984741211,0,0.009611227767642117
2016-08-09,11.65999984741211,11.920000076293945,11.020000457763672,11.399999618530273,0,0.01381713246670202
2016-08-10,12.050000190734863,12.5,11.369999885559082,11.550000190734863,0,0.03290050792937693
2016-08-11,11.680000305175781,12.109999656677246,11.380000114440918,11.930000305175781,0,-0.031186672237139224
2016-08-12,11.550000190734863,12.0,11.279999732971191,11.609999656677246,0,-0.01119255004650066
2016-08-15,11.8100004196167,12.170000076293945,11.579999923706055,11.8100004196167,0,0.022261212258253504
2016-08-16,12.640000343322754,12.779999732971191,11.869999885559082,12.039999961853027,0,0.06791975014042428
2016-08-17,12.1899995803833,13.710000038146973,12.140000343322754,12.569999694824219,0,-0.03625050681016839
2016-08-18,11.430000305175781,12.529999732971191,11.420000076293945,12.199999809265137,0,-0.06437440456389032
2016-08-19,11.34000015258789,12.279999732971191,11.329999923706055,11.670000076293945,0,-0.007905192750933931
2016-08-22,12.270000457763672,13.020000457763672,11.9399995803833,12.529999732971191,0,0.07882098427504358
2016-08-23,12.380000114440918,12.4399995803833,11.720000267028809,12.149999618530273,0,0.008924980470093935
2016-08-24,13.449999809265137,14.010000228881836,12.300000190734863,12.699999809265137,0,0.08289681536635118
2016-08-25,13.630000114440918,14.09000015258789,13.289999961853027,13.619999885559082,0,0.013294162237876161
2016-08-26,13.649999618530273,14.930000305175781,12.130000114440918,13.539999961853027,0,0.001466239579774875
2016-08-29,12.9399995803833,14.430000305175781,12.899999618530273,14.09000015258789,0,-0.0534162370395892
2016-08-30,13.119999885559082,13.600000381469727,12.699999809265137,12.9399995803833,0,0.013814518148433041
2016-08-31,13.420000076293945,14.34000015258789,12.970000267028809,13.140000343322754,0,0.022608362435316387
2016-09-01,13.479999542236328,14.609999656677246,12.989999771118164,13.069999694824219,0,0.004460934296802499
2016-09-02,11.979999542236328,13.899999618530273,11.899999618530273,13.470000267028809,0,-0.11796851704878542
2016-09-06,12.020000457763672,12.930000305175781,11.850000381469727,12.420000076293945,0,0.003333412713915518
2016-09-07,11.9399995803833,12.449999809265137,11.770000457763672,11.890000343322754,0,-0.006677894369882864
2016-09-08,12.510000228881836,12.600000381469727,11.649999618530273,11.739999771118164,0,0.04663426995405162
2016-09-09,17.5,17.540000915527344,12.520000457763672,12.520000457763672,0,0.33567253815473874
2016-09-12,15.15999984741211,20.510000228881836,14.760000228881836,20.1299991607666,0,-0.14354051078040753
2016-09-13,17.850000381469727,18.969999313354492,15.829999923706055,15.979999542236328,0,0.1633431594474395
2016-09-14,18.139999389648438,18.139999389648438,16.34000015258789,17.6299991607666,0,0.016115881443766078
2016-09-15,16.299999237060547,18.06999969482422,15.739999771118164,17.969999313354492,0,-0.10695435003365272
2016-09-16,15.369999885559082,17.100000381469727,15.279999732971191,16.40999984741211,0,-0.05874751090184249
2016-09-19,15.529999732971191,15.960000038146973,14.600000381469727,15.140000343322754,0,0.010356069861438666
2016-09-20,15.920000076293945,16.09000015258789,14.6899995803833,14.979999542236328,0,0.02480256524236024
2016-09-21,13.300000190734863,15.649999618530273,12.979999542236328,15.069999694824219,0,-0.1798121356398954
2016-09-22,12.020000457763672,13.390000343322754,11.760000228881836,13.390000343322754,0,-0.10119208237811383
2016-09-23,12.289999961853027,12.579999923706055,11.930000305175781,12.0,0,0.022213953283479082
2016-09-26,14.5,14.630000114440918,13.260000228881836,13.260000228881836,0,0.1653627289524886
2016-09-27,13.100000381469727,14.760000228881836,12.970000267028809,13.359999656677246,0,-0.10153639009959692
2016-09-28,12.390000343322754,13.569999694824219,12.239999771118164,12.899999618530273,0,-0.05572253597621568
2016-09-29,14.020000457763672,15.6899995803833,12.140000343322754,12.529999732971191,0,0.1235951909064883
2016-09-30,13.289999961853027,15.199999809265137,12.529999732971191,14.90999984741211,0,-0.05347304440240208
2016-10-03,13.569999694824219,14.420000076293945,13.420000076293945,13.75,0,0.020849581502971226
2016-10-04,13.630000114440918,14.569999694824219,12.920000076293945,13.399999618530273,0,0.0044118027469197685
2016-10-05,12.989999771118164,13.680000305175781,12.699999809265137,13.5600004196167,0,-0.04809344104203417
2016-10-06,12.84000015258789,13.84000015258789,12.800000190734863,13.109999656677246,0,-0.011614502917052238
2016-10-07,13.479999542236328,14.149999618530273,12.210000038146973,13.520000457763672,0,0.04864176137982401
2016-10-10,13.380000114440918,14.359999656677246,13.289999961853027,14.1899995803833,0,-0.007446008272216087
2016-10-11,15.359999656677246,16.469999313354492,13.6899995803833,13.710000038146973,0,0.13800564211456923
2016-10-12,15.90999984741211,16.34000015258789,15.260000228881836,15.529999732971191,0,0.03518112739122081
2016-10-13,16.690000534057617,17.950000762939453,16.139999389648438,16.8799991607666,0,0.04786193691339724
2016-10-14,16.1200008392334,16.5,15.25,16.489999771118164,0,-0.03474898053229625
2016-10-17,16.209999084472656,17.110000610351562,16.1299991607666,17.010000228881836,0,0.005567490128307373
2016-10-18,15.279999732971191,15.850000381469727,15.029999732971191,15.819999694824219,0,-0.059083513005746546
2016-10-19,14.40999984741211,15.680000305175781,13.869999885559082,15.449999809265137,0,-0.05862236684026412
2016-10-20,13.75,14.720000267028809,13.739999771118164,14.430000305175781,0,-0.046883575309822234
2016-10-21,13.34000015258789,14.529999732971191,13.270000457763672,14.039999961853027,0,-0.03027177218673005
2016-10-24,13.020000457763672,13.260000228881836,12.829999923706055,13.1899995803833,0,-0.02428037998692778
2016-10-25,13.460000038146973,13.859999656677246,12.729999542236328,12.90999984741211,0,0.03323565511175808
2016-10-26,14.239999771118164,14.800000190734863,13.65999984741211,13.65999984741211,0,0.056332562859986446
2016-10-27,15.359999656677246,15.430000305175781,13.600000381469727,14.369999885559082,0,0.07571181545711703
2016-10-28,16.190000534057617,17.350000381469727,14.649999618530273,15.670000076293945,0,0.05262709530864074
2016-10-31,17.059999465942383,17.6299991607666,16.25,16.309999465942383,0,0.052342710082440735
2016-11-01,18.559999465942383,20.43000030517578,16.510000228881836,16.540000915527344,0,0.08427218782453227
2016-11-02,19.31999969482422,19.81999969482422,18.559999465942383,19.09000015258789,0,0.040132114405126096
2016-11-03,22.079999923706055,22.56999969482422,18.84000015258789,19.850000381469727,0,0.13353140496502913
2016-11-04,22.510000228881836,23.010000228881836,19.200000762939453,21.860000610351562,0,0.019287447133094382
2016-11-07,18.709999084472656,19.860000610351562,18.389999389648438,19.780000686645508,0,-0.18490157373316496
2016-11-08,18.739999771118164,19.90999984741211,17.700000762939453,18.920000076293945,0,0.001602173243248295
2016-11-09,14.380000114440918,21.479999542236328,14.329999923706055,20.700000762939453,0,-0.2648219043454909
2016-11-10,14.739999771118164,16.299999237060547,13.260000228881836,14.010000228881836,0,0.024726510982010286
2016-11-11,14.170000076293945,16.0,14.149999618530273,14.829999923706055,0,-0.03943781214647313
2016-11-14,14.479999542236328,15.5600004196167,14.390000343322754,14.6899995803833,0,0.021641296257279397
2016-11-15,13.369999885559082,14.649999618530273,13.300000190734863,14.15999984741211,0,-0.07975497278973487
2016-11-16,13.720000267028809,14.489999771118164,13.510000228881836,13.510000228881836,0,0.02584125920615854
2016-11-17,13.350000381469727,13.550000190734863,12.970000267028809,13.369999885559082,0,-0.027338228339710557
2016-11-18,12.850000381469727,13.739999771118164,12.850000381469727,13.5600004196167,0,-0.03817257239318117
2016-11-21,12.420000076293945,13.4399995803833,12.15999984741211,13.270000457763672,0,-0.03403575837942574
2016-11-22,12.40999984741211,12.829999923706055,12.199999809265137,12.260000228881836,0,-0.0008054957272061181
2016-11-23,12.430000305175781,13.010000228881836,12.1899995803833,12.34000015258789,0,0.0016103431532141776
2016-11-25,12.34000015258789,12.739999771118164,12.3100004196167,12.520000457763672,0,-0.007266899231621604
2016-11-28,13.149999618530273,13.5,12.739999771118164,13.399999618530273,0,0.06357569877211944
2016-11-29,12.899999618530273,13.550000190734863,12.619999885559082,13.069999694824219,0,-0.019194447818339455
2016-11-30,13.329999923706055,13.420000076293945,12.229999542236328,12.600000381469727,0,0.03278984667081142
2016-12-01,14.069999694824219,14.720000267028809,13.050000190734863,13.399999618530273,0,0.054027720969335835
2016-12-02,14.119999885559082,14.479999542236328,12.390000343322754,14.15999984741211,0,0.0035473745237384335
2016-12-05,12.140000343322754,13.770000457763672,12.140000343322754,13.75,0,-0.15108641004857004
2016-12-06,11.789999961853027,12.300000190734863,11.539999961853027,12.1899995803833,0,-0.029254102597901177
2016-12-07,12.220000267028809,12.239999771118164,11.329999923706055,11.59000015258789,0,0.03582226428149049
2016-12-08,12.640000343322754,13.399999618530273,11.300000190734863,12.100000381469727,0,0.0337924402850871
2016-12-09,11.75,12.720000267028809,11.670000076293945,12.59000015258789,0,-0.07301317529015305
2016-12-12,12.640000343322754,12.779999732971191,12.069999694824219,12.229999542236328,0,0.07301317529015305
2016-12-13,12.720000267028809,13.420000076293945,12.34000015258789,12.460000038146973,0,0.006309163024485365
2016-12-14,13.1899995803833,13.390000343322754,12.479999542236328,12.880000114440918,0,0.036283356011171275
2016-12-15,12.789999961853027,13.239999771118164,12.460000038146973,13.069999694824219,0,-0.030795322307789252
2016-12-16,12.199999809265137,12.949999809265137,12.149999618530273,12.880000114440918,0,-0.047227676502982874
2016-12-19,11.710000038146973,12.520000457763672,11.670000076293945,12.5,0,-0.040992755237938994
2016-12-20,11.449999809265137,11.75,11.380000114440918,11.649999618530273,0,-0.022453467525084925
2016-12-21,11.270000457763672,11.489999771118164,10.930000305175781,11.4399995803833,0,-0.015845344672603012
2016-12-22,11.430000305175781,11.670000076293945,11.140000343322754,11.319999694824219,0,0.014097135836683705
2016-12-23,11.4399995803833,11.8100004196167,11.350000381469727,11.380000114440918,0,0.000874444765607052
2016-12-27,11.989999771118164,12.329999923706055,11.84000015258789,12.260000228881836,0,0.04695700067815922
2016-12-28,12.949999809265137,13.039999961853027,11.850000381469727,11.890000343322754,0,0.07702282346695677
2016-12-29,13.369999885559082,13.710000038146973,12.949999809265137,13.149999618530273,0,0.0319176091373361
2016-12-30,14.039999961853027,14.680000305175781,13.050000190734863,13.199999809265137,0,0.04889701332632246
2017-01-03,12.850000381469727,14.069999694824219,12.850000381469727,14.069999694824219,0,-0.08856655485305565
2017-01-04,11.850000381469727,12.800000190734863,11.630000114440918,12.779999732971191,0,-0.0810159412549103
2017-01-05,11.670000076293945,12.09000015258789,11.399999618530273,11.960000038146973,0,-0.015306446936600437
2017-01-06,11.319999694824219,11.739999771118164,10.979999542236328,11.699999809265137,0,-0.030450407020032433
2017-01-09,11.5600004196167,12.079999923706055,11.460000038146973,11.710000038146973,0,0.020979853727207676
2017-01-10,11.489999771118164,11.789999961853027,11.3100004196167,11.59000015258789,0,-0.006073827602679049
2017-01-11,11.260000228881836,12.229999542236328,11.210000038146973,11.5600004196167,0,-0.020220428902046006
2017-01-12,11.539999961853027,12.600000381469727,11.319999694824219,11.479999542236328,0,0.02456261473579513
2017-01-13,11.229999542236328,11.619999885559082,10.9399995803833,11.449999809265137,0,-0.027230529786542945
2017-01-17,11.869999885559082,12.75,11.789999961853027,12.199999809265137,0,0.055425470992607195
2017-01-18,12.479999542236328,12.8100004196167,11.6899995803833,11.789999961853027,0,0.05011312728111239
2017-01-19,12.779999732971191,13.279999732971191,12.170000076293945,12.579999923706055,0,0.02375410179361559
2017-01-20,11.539999961853027,12.59000015258789,11.529999732971191,12.579999923706055,0,-0.10206217028079223
2017-01-23,11.770000457763672,12.619999885559082,11.59000015258789,12.300000190734863,0,0.019734702390272307
2017-01-24,11.069999694824219,11.890000343322754,11.039999961853027,11.819999694824219,0,-0.06131524101187136
2017-01-25,10.8100004196167,11.050000190734863,10.510000228881836,10.789999961853027,0,-0.023767048684152137
2017-01-26,10.630000114440918,11.010000228881836,10.600000381469727,10.609999656677246,0,-0.016791467348871603
2017-01-27,10.579999923706055,10.819999694824219,10.300000190734863,10.569999694824219,0,-0.004714783900694908
2017-01-30,11.880000114440918,12.899999618530273,11.100000381469727,11.100000381469727,0,0.11589090434856741
2017-01-31,11.989999771118164,12.989999771118164,11.789999961853027,12.289999961853027,0,0.009216626382456017
2017-02-01,11.8100004196167,12.050000190734863,9.970000267028809,11.789999961853027,0,-0.015126284210131846
2017-02-02,11.930000305175781,12.470000267028809,11.619999885559082,12.369999885559082,0,0.01010959595046268
2017-02-03,10.970000267028809,11.84000015258789,10.720000267028809,11.84000015258789,0,-0.08389196306148783
2017-02-06,11.369999885559082,11.84000015258789,11.09000015258789,11.369999885559082,0,0.035813999068408986
2017-02-07,11.289999961853027,11.670000076293945,11.0600004196167,11.390000343322754,0,-0.007060922914538192
2017-02-08,11.449999809265137,11.819999694824219,11.149999618530273,11.1899995803833,0,0.014072338559439235
2017-02-09,10.880000114440918,11.529999732971191,10.739999771118164,11.4399995803833,0,-0.05106346139591844
2017-02-10,10.850000381469727,10.949999809265137,10.550000190734863,10.850000381469727,0,-0.0027611368012956383
2017-02-13,11.069999694824219,11.399999618530273,11.069999694824219,11.359999656677246,0,0.020073604007756263
2017-02-14,10.739999771118164,11.34000015258789,10.729999542236328,11.170000076293945,0,-0.03026365138316356
2017-02-15,11.970000267028809,12.010000228881836,10.800000190734863,10.84000015258789,0,0.10842847410849243
2017-02-16,11.760000228881836,12.859999656677246,11.6899995803833,12.020000457763672,0,-0.017699579944830734
2017-02-17,11.489999771118164,12.260000228881836,11.369999885559082,11.84000015258789,0,-0.023226889992648214
2017-02-21,11.569999694824219,12.09000015258789,11.5,12.050000190734863,0,0.006938442888539065
2017-02-22,11.739999771118164,12.069999694824219,11.4399995803833,11.479999542236328,0,0.014586280074940117
2017-02-23,11.710000038146973,12.460000038146973,11.539999961853027,11.65999984741211,0,-0.0025586140367863663
2017-02-24,11.470000267028809,12.59000015258789,11.34000015258789,11.8100004196167,0,-0.0207082264453593
2017-02-27,12.09000015258789,12.140000343322754,11.529999732971191,11.779999732971191,0,0.052643722825794104
2017-02-28,12.920000076293945,12.960000038146973,12.130000114440918,12.1899995803833,0,0.06639782701185837
2017-03-01,12.539999961853027,12.579999923706055,11.779999732971191,12.3100004196167,0,-0.029852972096808372
2017-03-02,11.8100004196167,12.710000038146973,11.319999694824219,12.430000305175781,0,-0.0599768664228546
2017-03-03,10.960000038146973,11.970000267028809,10.9399995803833,11.960000038146973,0,-0.074694380739464
2017-03-06,11.239999771118164,11.720000267028809,11.0600004196167,11.59000015258789,0,0.02522653910195949
2017-03-07,11.449999809265137,11.579999923706055,11.039999961853027,11.270000457763672,0,0.018510889239789385
2017-03-08,11.859999656677246,11.859999656677246,11.09000015258789,11.489999771118164,0,0.03518165127944162
2017-03-09,12.300000190734863,12.430000305175781,11.619999885559082,11.75,0,0.036427913263648026
2017-03-10,11.65999984741211,12.09000015258789,11.460000038146973,11.970000267028809,0,-0.053435110049365075
2017-03-13,11.350000381469727,12.229999542236328,11.289999961853027,12.15999984741211,0,-0.026946390298827616
2017-03-14,12.300000190734863,12.539999961853027,11.279999732971191,11.390000343322754,0,0.08038150034819269
2017-03-15,11.630000114440918,12.25,10.600000381469727,12.119999885559082,0,-0.05601130151455047
2017-03-16,11.210000038146973,11.550000190734863,11.15999984741211,11.289999961853027,0,-0.03678173588371081
2017-03-17,11.279999732971191,11.380000114440918,10.779999732971191,11.380000114440918,0,0.006224981910135874
2017-03-20,11.34000015258789,11.720000267028809,11.029999732971191,11.710000038146973,0,0.005305089358182524
2017-03-21,12.470000267028809,12.850000381469727,10.920000076293945,11.149999618530273,0,0.09498946935031416
2017-03-22,12.8100004196167,13.15999984741211,11.989999771118164,12.949999809265137,0,0.026900367559962834
2017-03-23,13.119999885559082,13.170000076293945,12.180000305175781,12.649999618530273,0,0.023911626127706587
2017-03-24,12.960000038146973,14.15999984741211,12.270000457763672,12.859999656677246,0,-0.012270080925744331
2017-03-27,12.5,15.109999656677246,12.479999542236328,14.779999732971191,0,-0.03613904955931213
2017-03-28,11.529999732971191,12.670000076293945,11.34000015258789,12.4399995803833,0,-0.08077633318676858
2017-03-29,11.420000076293945,11.699999809265137,11.029999732971191,11.539999961853027,0,-0.009586100212892301
2017-03-30,11.539999961853027,11.640000343322754,11.119999885559082,11.369999885559082,0,0.010453046865728233
2017-03-31,12.369999885559082,12.539999961853027,11.5,11.609999656677246,0,0.06945491937858472
2017-04-03,12.380000114440918,13.59000015258789,12.270000457763672,12.59000015258789,0,0.000808099347558322
2017-04-04,11.789999961853027,13.069999694824219,11.699999809265137,12.710000038146973,0,-0.04883056518672246
2017-04-05,12.890000343322754,12.890000343322754,10.899999618530273,11.890000343322754,0,0.08920013227216606
2017-04-06,12.390000343322754,13.220000267028809,11.699999809265137,13.109999656677246,0,-0.039562120235193454
2017-04-07,12.869999885559082,13.430000305175781,12.229999542236328,13.170000076293945,0,0.03800928936525061
2017-04-10,14.050000190734863,14.109999656677246,12.9399995803833,13.239999771118164,0,0.0877233966392228
2017-04-11,15.069999694824219,15.880000114440918,14.170000076293945,14.319999694824219,0,0.07008358303266471
2017-04-12,15.770000457763672,16.15999984741211,14.84000015258789,15.15999984741211,0,0.04540343761459242
2017-04-13,15.960000038146973,16.219999313354492,14.970000267028809,15.890000343322754,0,0.011976164409377432
2017-04-17,14.65999984741211,16.280000686645508,14.600000381469727,16.190000534057617,0,-0.08496290836176978
2017-04-18,14.420000076293945,15.5,14.289999961853027,14.5,0,-0.016506548902409435
2017-04-19,14.930000305175781,15.149999618530273,13.460000038146973,14.0,0,0.034756494843894536
2017-04-20,14.149999618530273,14.8100004196167,13.829999923706055,14.59000015258789,0,-0.05365803486128451
2017-04-21,14.630000114440918,15.329999923706055,13.850000381469727,13.850000381469727,0,0.03335962572412354
2017-04-24,10.84000015258789,12.010000228881836,10.819999694824219,11.5600004196167,0,-0.29983121276650504
2017-04-25,10.760000228881836,11.149999618530273,10.220000267028809,10.8100004196167,0,-0.007407434082689512
2017-04-26,10.850000381469727,10.890000343322754,10.390000343322754,10.609999656677246,0,0.008329539139783737
2017-04-27,10.359999656677246,11.079999923706055,10.329999923706055,10.720000267028809,0,-0.0462129114528933
2017-04-28,10.819999694824219,11.15999984741211,10.289999961853027,10.390000343322754,0,0.04344404152147474
2017-05-01,10.109999656677246,11.039999961853027,9.899999618530273,10.920000076293945,0,-0.06787124613989892
2017-05-02,10.59000015258789,10.59000015258789,10.039999961853027,10.149999618530273,0,0.046385174948341934
2017-05-03,10.680000305175781,11.149999618530273,10.399999618530273,10.5600004196167,0,0.008462688084567738
2017-05-04,10.460000038146973,11.239999771118164,10.270000457763672,10.710000038146973,0,-0.02081439982284472
2017-05-05,10.569999694824219,10.979999542236328,9.989999771118164,10.510000228881836,0,0.010461308726549934
2017-05-08,9.770000457763672,10.550000190734863,9.670000076293945,10.529999732971191,0,-0.07870325810156542
2017-05-09,9.960000038146973,10.140000343322754,9.5600004196167,9.869999885559082,0,0.01926056251782482
2017-05-10,10.210000038146973,10.239999771118164,9.619999885559082,9.75,0,0.02479056048628614
2017-05-11,10.600000381469727,11.229999542236328,10.319999694824219,10.34000015258789,0,0.03748640119292013
2017-05-12,10.399999618530273,10.869999885559082,10.279999732971191,10.720000267028809,0,-0.019048267638185568
2017-05-15,10.420000076293945,10.880000114440918,10.25,10.539999961853027,0,0.0019212741795513466
2017-05-16,10.649999618530273,10.670000076293945,10.180000305175781,10.460000038146973,0,0.02183281268958348
2017-05-17,15.59000015258789,15.59000015258789,11.529999732971191,11.890000343322754,0,0.38106983652055426
2017-05-18,14.65999984741211,16.299999237060547,14.029999732971191,14.0600004196167,0,-0.06150700680717991
2017-05-19,12.039999961853027,14.229999542236328,11.720000267028809,14.229999542236328,0,-0.19688824933773263
2017-05-22,10.930000305175781,12.520000457763672,10.890000343322754,12.289999961853027,0,-0.09672310660294325
2017-05-23,10.720000267028809,11.0,10.5600004196167,11.0,0,-0.019400149557319057
2017-05-24,10.020000457763672,10.899999618530273,9.880000114440918,10.609999656677246,0,-0.06752803921034412
2017-05-25,9.989999771118164,10.289999961853027,9.720000267028809,9.819999694824219,0,-0.002998571592347954
2017-05-26,9.8100004196167,10.479999542236328,9.649999618530273,9.930000305175781,0,-0.018182253397712955
2017-05-30,10.380000114440918,10.84000015258789,10.140000343322754,10.609999656677246,0,0.05647857241122489
2017-05-31,10.40999984741211,11.300000190734863,9.930000305175781,10.100000381469727,0,0.002885979206179723
2017-06-01,9.890000343322754,10.539999961853027,9.6899995803833,10.420000076293945,0,-0.051242687620308036
2017-06-02,9.75,10.300000190734863,9.579999923706055,10.079999923706055,0,-0.01425689533899499
2017-06-05,10.069999694824219,10.279999732971191,9.600000381469727,10.079999923706055,0,0.03229339141527454
2017-06-06,10.449999809265137,10.770000457763672,9.859999656677246,10.1899995803833,0,0.037041283733649344
2017-06-07,10.390000343322754,10.930000305175781,10.119999885559082,10.479999542236328,0,-0.005758122003968413
2017-06-08,10.15999984741211,10.529999732971191,9.729999542236328,10.270000457763672,0,-0.02238541102286895
2017-06-09,10.699999809265137,12.109999656677246,9.369999885559082,9.930000305175781,0,0.051785296510329815
2017-06-12,11.460000038146973,12.369999885559082,11.1899995803833,11.1899995803833,0,0.0686189909731274
2017-06-13,10.420000076293945,11.140000343322754,10.260000228881836,11.119999885559082,0,-0.09513567096820319
2017-06-14,10.640000343322754,11.260000228881836,10.010000228881836,10.329999923706055,0,0.020893472533577206
2017-06-15,10.899999618530273,12.010000228881836,10.739999771118164,11.0600004196167,0,0.024142238057201393
2017-06-16,10.380000114440918,11.350000381469727,10.260000228881836,10.630000114440918,0,-0.048881865474995845
2017-06-19,10.369999885559082,10.600000381469727,10.010000228881836,10.569999694824219,0,-0.0009638775572118341
2017-06-20,10.859999656677246,11.149999618530273,10.239999771118164,10.279999732971191,0,0.04616927168660778
2017-06-21,10.75,11.399999618530273,10.399999618530273,11.029999732971191,0,-0.01018052831860361
2017-06-22,10.479999542236328,11.010000228881836,10.239999771118164,10.8100004196167,0,-0.025437119360515847
2017-06-23,10.020000457763672,10.6899995803833,9.850000381469727,10.25,0,-0.044885493871440474
2017-06-26,9.899999618530273,10.4399995803833,9.680000305175781,10.130000114440918,0,-0.012048422733467401
2017-06-27,11.0600004196167,11.3100004196167,9.800000190734863,10.039999961853027,0,0.11080031542596736
2017-06-28,10.029999732971191,11.489999771118164,9.760000228881836,11.170000076293945,0,-0.09775445868338295
2017-06-29,11.4399995803833,15.15999984741211,9.729999542236328,9.789999961853027,0,0.1315353739210372
2017-06-30,11.180000305175781,11.850000381469727,10.399999618530273,11.739999771118164,0,-0.022989454248335317
2017-07-03,11.220000267028809,11.449999809265137,10.279999732971191,11.069999694824219,0,0.00357142887037476
2017-07-05,11.069999694824219,12.029999732971191,10.789999961853027,11.199999809265137,0,-0.013459204741185005
2017-07-06,12.539999961853027,13.050000190734863,11.180000305175781,11.199999809265137,0,0.12468481301002754
2017-07-07,11.1899995803833,12.569999694824219,10.979999542236328,12.479999542236328,0,-0.11390304733817658
2017-07-10,11.109999656677246,11.729999542236328,10.609999656677246,11.260000228881836,0,-0.007174912075174511
2017-07-11,10.890000343322754,12.140000343322754,10.680000305175781,10.789999961853027,0,-0.020000604278108014
2017-07-12,10.300000190734863,10.850000381469727,10.079999923706055,10.850000381469727,0,-0.05570105471775477
2017-07-13,9.899999618530273,10.399999618530273,9.899999618530273,10.069999694824219,0,-0.03960919514528971
2017-07-14,9.510000228881836,10.140000343322754,9.5,10.09000015258789,0,-0.04019081798345825
2017-07-17,9.819999694824219,10.029999732971191,9.710000038146973,9.770000457763672,0,0.032077190664621114
2017-07-18,9.890000343322754,10.350000381469727,9.65999984741211,9.859999656677246,0,0.007103089059340206
2017-07-19,9.789999961853027,9.9399995803833,9.579999923706055,9.6899995803833,0,-0.010162727702855978
2017-07-20,9.579999923706055,10.279999732971191,9.5,9.65999984741211,0,-0.02168386862700311
2017-07-21,9.359999656677246,9.979999542236328,9.300000190734863,9.520000457763672,0,-0.023232330209173035
2017-07-24,9.430000305175781,9.970000267028809,9.260000228881836,9.9399995803833,0,0.007450875197871465
2017-07-25,9.430000305175781,9.520000457763672,9.039999961853027,9.399999618530273,0,0.0
2017-07-26,9.600000381469727,9.65999984741211,8.84000015258789,9.25,0,0.017867009202629625
2017-07-27,10.109999656677246,11.5,9.15999984741211,9.329999923706055,0,0.051761860863430265
2017-07-28,10.289999961853027,11.300000190734863,10.260000228881836,10.619999885559082,0,0.017647547065119173
2017-07-31,10.260000228881836,10.84000015258789,10.229999542236328,10.529999732971191,0,-0.0029196840879750496
2017-08-01,10.09000015258789,10.5600004196167,9.949999809265137,10.1899995803833,0,-0.0167080125625918
2017-08-02,10.279999732971191,10.8100004196167,9.800000190734863,10.079999923706055,0,0.01865538456325133
2017-08-03,10.4399995803833,10.600000381469727,9.899999618530273,10.470000267028809,0,0.015444308209867863
2017-08-04,10.029999732971191,10.5,9.680000305175781,10.479999542236328,0,-0.04006396691048941
2017-08-07,9.930000305175781,10.319999694824219,9.760000228881836,10.1899995803833,0,-0.01002006656104415
2017-08-08,10.960000038146973,11.520000457763672,9.520000457763672,10.039999961853027,0,0.09869177621064473
2017-08-09,11.109999656677246,12.630000114440918,11.109999656677246,11.489999771118164,0,0.013593287748967509
2017-08-10,16.040000915527344,16.170000076293945,11.5600004196167,11.569999694824219,0,0.3672400867667309
2017-08-11,15.510000228881836,17.280000686645508,14.5,16.170000076293945,0,-0.033600667570634624
2017-08-14,12.329999923706055,14.050000190734863,12.0600004196167,14.050000190734863,0,-0.22944968095691154
2017-08-15,12.039999961853027,12.369999885559082,11.449999809265137,11.779999732971191,0,-0.02380087427626343
2017-08-16,11.739999771118164,12.539999961853027,11.25,11.59000015258789,0,-0.025232641808268674
2017-08-17,15.550000190734863,15.770000457763672,11.539999961853027,11.8100004196167,0,0.28105885598709746
2017-08-18,14.260000228881836,16.040000915527344,13.319999694824219,15.380000114440918,0,-0.08660221985438099
2017-08-21,13.1899995803833,14.739999771118164,13.069999694824219,14.59000015258789,0,-0.07799949612079171
2017-08-22,11.350000381469727,12.9399995803833,11.350000381469727,12.600000381469727,0,-0.1502411573788991
2017-08-23,12.25,12.59000015258789,11.390000343322754,11.510000228881836,0,0.07630815945365743
2017-08-24,12.229999542236328,12.829999923706055,11.550000190734863,12.0600004196167,0,-0.001634024721228311
2017-08-25,11.279999732971191,12.449999809265137,11.100000381469727,12.199999809265137,0,-0.08086068987236184
2017-08-28,11.319999694824219,12.109999656677246,11.229999542236328,12.09000015258789,0,0.003539823418899246
2017-08-29,11.699999809265137,14.34000015258789,11.479999542236328,13.329999923706055,0,0.033017779685540205
2017-08-30,11.220000267028809,11.979999542236328,10.960000038146973,11.399999618530273,0,-0.0418909016076765
2017-08-31,10.59000015258789,11.220000267028809,10.34000015258789,11.069999694824219,0,-0.057787749871916816
2017-09-01,10.130000114440918,10.460000038146973,10.020000457763672,10.329999923706055,0,-0.04440884446417215
2017-09-05,12.229999542236328,14.0600004196167,11.40999984741211,11.75,0,0.18839058271168785
2017-09-06,11.630000114440918,12.59000015258789,11.350000381469727,12.270000457763672,0,-0.0503039358987869
2017-09-07,11.550000190734863,12.069999694824219,11.319999694824219,11.930000305175781,0,-0.006902522889077556
2017-09-08,12.119999885559082,12.600000381469727,11.84000015258789,11.869999885559082,0,0.04817151771720507
2017-09-11,10.729999542236328,11.390000343322754,10.510000228881836,11.380000114440918,0,-0.12181345721828052
2017-09-12,10.579999923706055,10.949999809265137,10.289999961853027,10.65999984741211,0,-0.014078094761562632
2017-09-13,10.5,10.859999656677246,10.329999923706055,10.720000267028809,0,-0.0075901620555276494
2017-09-14,10.4399995803833,11.039999961853027,10.279999732971191,10.569999694824219,0,-0.005730714902155931
2017-09-15,10.170000076293945,10.739999771118164,10.0,10.510000228881836,0,-0.026202324698989976
2017-09-18,10.149999618530273,10.420000076293945,9.880000114440918,10.180000305175781,0,-0.001968549657760388
2017-09-19,10.180000305175781,10.300000190734863,9.850000381469727,10.15999984741211,0,0.0029513731957795386
2017-09-20,9.779999732971191,10.670000076293945,9.670000076293945,10.039999961853027,0,-0.040085584357184345
2017-09-21,9.670000076293945,10.210000038146973,9.539999961853027,9.739999771118164,0,-0.01131113938820727
2017-09-22,9.59000015258789,10.199999809265137,9.5,9.899999618530273,0,-0.008307412548466342
2017-09-25,10.210000038146973,11.210000038146973,9.789999961853027,10.079999923706055,0,0.06264673110631769
2017-09-26,10.170000076293945,10.680000305175781,9.9399995803833,10.420000076293945,0,-0.003925418350478882
2017-09-27,9.869999885559082,10.420000076293945,9.630000114440918,9.899999618530273,0,-0.029942375711765834
2017-09-28,9.550000190734863,10.130000114440918,9.550000190734863,9.739999771118164,0,-0.03295866738569009
2017-09-29,9.510000228881836,9.829999923706055,9.359999656677246,9.59000015258789,0,-0.004197273840086169
2017-10-02,9.449999809265137,10.039999961853027,9.369999885559082,9.59000015258789,0,-0.006329179302722032
2017-10-03,9.510000228881836,9.75,9.300000190734863,9.300000190734863,0,0.006329179302722032
2017-10-04,9.630000114440918,9.880000114440918,9.529999732971191,9.529999732971191,0,0.012539337069036538
2017-10-05,9.1899995803833,9.619999885559082,9.130000114440918,9.479999542236328,0,-0.04676734698637297
2017-10-06,9.649999618530273,10.270000457763672,9.109999656677246,9.229999542236328,0,0.04884198511289917
2017-10-09,10.329999923706055,10.529999732971191,9.880000114440918,9.920000076293945,0,0.06809439992552724
2017-10-10,10.079999923706055,10.65999984741211,9.9399995803833,10.149999618530273,0,-0.02449902067150056
2017-10-11,9.850000381469727,10.380000114440918,9.720000267028809,9.949999809265137,0,-0.023081761162491166
2017-10-12,9.90999984741211,10.329999923706055,9.649999618530273,9.9399995803833,0,0.00607283903264344
2017-10-13,9.609999656677246,9.979999542236328,9.4399995803833,9.949999809265137,0,-0.030740145687903286
2017-10-16,9.90999984741211,10.020000457763672,9.75,9.949999809265137,0,0.030740145687903286
2017-10-17,10.3100004196167,10.460000038146973,9.779999732971191,9.850000381469727,0,0.03957000578430714
2017-10-18,10.069999694824219,10.40999984741211,9.869999885559082,10.34000015258789,0,-0.023553662303807954
2017-10-19,10.050000190734863,11.770000457763672,9.989999771118164,10.220000267028809,0,-0.001988022941352252
2017-10-20,9.970000267028809,10.039999961853027,9.289999961853027,9.920000076293945,0,-0.007992042726701065
2017-10-23,11.069999694824219,11.079999923706055,9.9399995803833,10.25,0,0.10465810839574674
2017-10-24,11.15999984741211,11.15999984741211,10.390000343322754,10.890000343322754,0,0.008097224127690872
2017-10-25,11.229999542236328,13.199999809265137,10.989999771118164,11.34000015258789,0,0.006252784707365233
2017-10-26,11.300000190734863,11.8100004196167,10.600000381469727,11.170000076293945,0,0.006214014609706275
2017-10-27,9.800000190734863,11.119999885559082,9.739999771118164,11.119999885559082,0,-0.14242033745821914
2017-10-30,10.5,10.890000343322754,10.100000381469727,10.279999732971191,0,0.06899285202421046
2017-10-31,10.180000305175781,10.369999885559082,9.899999618530273,10.34000015258789,0,-0.030950216063126756
2017-11-01,10.199999809265137,10.489999771118164,9.739999771118164,9.789999961853027,0,0.0019626604903781875
2017-11-02,9.930000305175781,10.890000343322754,9.670000076293945,10.4399995803833,0,-0.026827192800940924
2017-11-03,9.140000343322754,9.90999984741211,8.989999771118164,9.829999923706055,0,-0.08290008576106578
2017-11-06,9.399999618530273,9.739999771118164,9.380000114440918,9.630000114440918,0,0.028049225665349287
2017-11-07,9.890000343322754,10.3100004196167,9.289999961853027,9.3100004196167,0,0.05081453165467931
2017-11-08,9.779999732971191,10.270000457763672,9.5,9.789999961853027,0,-0.011184723605584423
2017-11-09,10.5,12.1899995803833,9.789999961853027,9.9399995803833,0,0.0710358004203111
2017-11-10,11.289999961853027,11.579999923706055,10.5,10.779999732971191,0,0.07254211761926488
2017-11-13,11.5,12.180000305175781,11.0,11.430000305175781,0,0.018429660586461782
2017-11-14,11.59000015258789,12.609999656677246,11.449999809265137,11.529999732971191,0,0.007795635147934021
2017-11-15,13.130000114440918,14.510000228881836,12.329999923706055,12.520000457763672,0,0.1247570265135538
2017-11-16,11.760000228881836,12.520000457763672,11.380000114440918,12.470000267028809,0,-0.11019573509747005
2017-11-17,11.430000305175781,12.010000228881836,11.15999984741211,11.75,0,-0.02846245742695963
2017-11-20,10.649999618530273,12.079999923706055,10.4399995803833,11.960000038146973,0,-0.07068164816958245
2017-11-21,9.729999542236328,10.779999732971191,9.670000076293945,10.739999771118164,0,-0.09034600718539343
2017-11-22,9.880000114440918,9.880000114440918,9.319999694824219,9.600000381469727,0,0.015298674191579043
2017-11-24,9.670000076293945,9.960000038146973,8.5600004196167,9.819999694824219,0,-0.021484205987906346
2017-11-27,9.869999885559082,10.260000228881836,9.789999961853027,10.069999694824219,0,0.02047152449560663
2017-11-28,10.029999732971191,10.3100004196167,9.529999732971191,9.720000267028809,0,0.016080733500266398
2017-11-29,10.699999809265137,10.930000305175781,9.8100004196167,9.90999984741211,0,0.06466314829134001
2017-11-30,11.279999732971191,12.050000190734863,10.25,10.489999771118164,0,0.05278749875497368
2017-12-01,11.430000305175781,14.579999923706055,10.539999961853027,11.1899995803833,0,0.013210282109116456
2017-12-04,11.680000305175781,11.859999656677246,10.260000228881836,11.050000190734863,0,0.021636499021881583
2017-12-05,11.329999923706055,11.670000076293945,10.649999618530273,11.380000114440918,0,-0.03042393522202813
2017-12-06,11.020000457763672,11.680000305175781,10.859999656677246,11.630000114440918,0,-0.02774222304199503
2017-12-07,10.15999984741211,11.319999694824219,10.119999885559082,10.899999618530273,0,-0.08125341813227838
2017-12-08,9.579999923706055,10.0600004196167,9.430000305175781,10.0,0,-0.05878084311295062
2017-12-11,9.34000015258789,10.079999923706055,9.279999732971191,9.739999771118164,0,-0.025371315441107267
2017-12-12,9.920000076293945,9.920000076293945,9.210000038146973,9.359999656677246,0,0.060246660409918995
2017-12-13,10.180000305175781,10.210000038146973,9.649999618530273,9.779999732971191,0,0.025872112112647283
2017-12-14,10.489999771118164,10.539999961853027,9.779999732971191,9.979999542236328,0,0.029997359488804776
2017-12-15,9.420000076293945,10.199999809265137,9.220000267028809,10.119999885559082,0,-0.10758730390173898
2017-12-18,9.529999732971191,9.890000343322754,9.239999771118164,9.460000038146973,0,0.011609592958881976
2017-12-19,10.029999732971191,10.149999618530273,9.180000305175781,9.399999618530273,0,0.051135885704533646
2017-12-20,9.720000267028809,9.850000381469727,8.899999618530273,9.6899995803833,0,-0.03139492940638533
2017-12-21,9.619999885559082,9.859999656677246,9.199999809265137,9.59000015258789,0,-0.01034139316297722
2017-12-22,9.899999618530273,10.180000305175781,9.350000381469727,9.369999885559082,0,0.028690465826778144
2017-12-26,10.25,10.460000038146973,10.130000114440918,10.1899995803833,0,0.03474298697616929
2017-12-27,10.470000267028809,10.789999961853027,9.710000038146973,10.039999961853027,0,0.021236344802212148
2017-12-28,10.180000305175781,10.4399995803833,10.069999694824219,10.289999961853027,0,-0.028089009286278444
2017-12-29,11.039999961853027,11.0600004196167,9.949999809265137,10.029999732971191,0,0.08109999629325682
2018-01-02,9.770000457763672,11.069999694824219,9.520000457763672,10.949999809265137,0,-0.12220852448490804
2018-01-03,9.149999618530273,9.649999618530273,8.9399995803833,9.5600004196167,0,-0.06556267531195115
2018-01-04,9.220000267028809,9.3100004196167,8.920000076293945,9.010000228881836,0,0.00762122893366346
2018-01-05,9.220000267028809,9.539999961853027,9.0,9.100000381469727,0,0.0
2018-01-08,9.520000457763672,9.890000343322754,9.319999694824219,9.609999656677246,0,0.03201983035728029
2018-01-09,10.079999923706055,10.09000015258789,9.369999885559082,9.40999984741211,0,0.0571583581866868
2018-01-10,9.819999694824219,10.850000381469727,9.819999694824219,10.109999656677246,0,-0.0261321637849683
2018-01-11,9.880000114440918,10.020000457763672,9.619999885559082,9.6899995803833,0,0.006091432053454859
2018-01-12,10.15999984741211,10.3100004196167,9.539999961853027,9.739999771118164,0,0.027945903788976878
2018-01-16,11.65999984741211,12.40999984741211,10.399999618530273,10.420000076293945,0,0.13770574070406383
2018-01-17,11.90999984741211,12.8100004196167,11.180000305175781,11.350000381469727,0,0.021214202719556763
2018-01-18,12.220000267028809,12.399999618530273,11.619999885559082,12.010000228881836,0,0.025695605039770975
2018-01-19,11.270000457763672,12.329999923706055,11.180000305175781,12.300000190734863,0,-0.08092960692565532
2018-01-22,11.029999732971191,11.619999885559082,10.84000015258789,11.59000015258789,0,-0.021525559613488454
2018-01-23,11.100000381469727,11.569999694824219,10.760000228881836,10.770000457763672,0,0.00632633362883972
2018-01-24,11.470000267028809,12.1899995803833,10.890000343322754,11.0,0,0.03278981173697737
2018-01-25,11.579999923706055,12.010000228881836,11.199999809265137,11.270000457763672,0,0.009544511134518263
2018-01-26,11.079999923706055,11.600000381469727,11.079999923706055,11.399999618530273,0,-0.04413779112302274
2018-01-29,13.84000015258789,13.84000015258789,11.680000305175781,11.710000038146973,0,0.22242128678125717
2018-01-30,14.789999961853027,15.420000076293945,13.880000114440918,13.930000305175781,0,0.06638831292880765
2018-01-31,13.539999961853027,14.4399995803833,13.40999984741211,14.229999542236328,0,-0.08830300947669256
2018-02-01,13.470000267028809,14.300000190734863,12.5,13.050000190734863,0,-0.00518325442053813
2018-02-02,17.309999465942383,17.860000610351562,13.640000343322754,13.640000343322754,0,0.25081932808933205
2018-02-05,37.31999969482422,38.79999923706055,16.799999237060547,18.440000534057617,0,0.7682450294663021
2018-02-06,29.979999542236328,50.29999923706055,22.420000076293945,37.31999969482422,0,-0.21899889039638776
2018-02-07,27.729999542236328,31.639999389648438,21.170000076293945,31.3799991607666,0,-0.07801563428568237
2018-02-08,33.459999084472656,36.16999816894531,24.40999984741211,27.290000915527344,0,0.18783582507703134
2018-02-09,29.059999465942383,41.060001373291016,27.729999542236328,32.18000030517578,0,-0.1409880284324525
2018-02-12,25.610000610351562,29.700000762939453,24.420000076293945,27.25,0,-0.12637971572039808
2018-02-13,24.969999313354492,27.81999969482422,24.469999313354492,26.940000534057617,0,-0.02530784725111923
2018-02-14,19.260000228881836,25.719999313354492,18.989999771118164,23.479999542236328,0,-0.259644658539091
2018-02-15,19.1299991607666,20.65999984741211,17.600000381469727,18.389999389648438,0,-0.006772678671626675
2018-02-16,19.459999084472656,20.989999771118164,17.440000534057617,18.739999771118164,0,0.017103290129087068
2018-02-20,20.600000381469727,21.610000610351562,19.75,20.530000686645508,0,0.05693006460225103
2018-02-21,20.020000457763672,21.040000915527344,16.969999313354492,20.760000228881836,0,-0.028559297561090435
2018-02-22,18.719999313354492,20.610000610351562,18.06999969482422,20.56999969482422,0,-0.06713936238272877
2018-02-23,16.489999771118164,18.799999237060547,16.469999313354492,17.959999084472656,0,-0.12683831167819504
2018-02-26,15.800000190734863,16.940000534057617,15.800000190734863,16.530000686645508,0,-0.04274417058672064
2018-02-27,18.59000015258789,18.979999542236328,15.289999961853027,15.829999923706055,0,0.16261385783666737
2018-02-28,19.850000381469727,20.440000534057617,15.649999618530273,18.079999923706055,0,0.06558021640940215
2018-03-01,22.469999313354492,25.299999237060547,19.56999969482422,19.959999084472656,0,0.12397702928809728
2018-03-02,19.59000015258789,26.219999313354492,19.360000610351562,22.469999313354492,0,-0.13716181589339538
2018-03-05,18.729999542236328,21.56999969482422,17.940000534057617,21.549999237060547,0,-0.044892747729655014
2018-03-06,18.360000610351562,19.639999389648438,17.68000030517578,18.25,0,-0.01995207357997142
2018-03-07,17.760000228881836,20.489999771118164,17.520000457763672,20.110000610351562,0,-0.03322566798437876
2018-03-08,16.540000915527344,17.68000030517578,14.90999984741211,17.559999465942383,0,-0.07116700550365263
2018-03-09,14.640000343322754,16.75,13.3100004196167,16.40999984741211,0,-0.1220242129636886
2018-03-12,15.779999732971191,16.350000381469727,15.180000305175781,15.279999732971191,0,0.07498576651157718
2018-03-13,16.350000381469727,16.979999542236328,15.029999732971191,15.699999809265137,0,0.03548462217899351
2018-03-14,17.229999542236328,17.59000015258789,14.9399995803833,16.59000015258789,0,0.052424103297266544
2018-03-15,16.59000015258789,17.40999984741211,15.960000038146973,16.989999771118164,0,-0.03785191057207493
2018-03-16,15.800000190734863,16.719999313354492,15.229999542236328,16.600000381469727,0,-0.04879016129518732
2018-03-19,19.020000457763672,21.8700008392334,16.559999465942383,16.6299991607666,0,0.18548112907998648
2018-03-20,18.200000762939453,19.309999465942383,18.09000015258789,18.3799991607666,0,-0.04406944518223588
2018-03-21,17.860000610351562,18.3700008392334,16.260000228881836,17.760000228881836,0,-0.01885802637992695
2018-03-22,23.34000015258789,23.809999465942383,18.1200008392334,18.1299991607666,0,0.2676050237734513
2018-03-23,24.8700008392334,26.010000228881836,21.6299991607666,24.020000457763672,0,0.06349365816409858
2018-03-26,21.030000686645508,24.540000915527344,20.709999084472656,23.40999984741211,0,-0.16771226919475257
2018-03-27,22.5,24.059999465942383,19.84000015258789,20.329999923706055,0,0.06756528684500518
2018-03-28,22.8700008392334,24.940000534057617,21.709999084472656,22.520000457763672,0,0.016310735520134845
2018-03-29,19.969999313354492,23.049999237060547,19.600000381469727,22.8700008392334,0,-0.13559493168663694
2018-04-02,23.6200008392334,25.719999313354492,20.440000534057617,21.06999969482422,0,0.16786273325597012
2018-04-03,21.100000381469727,23.3799991607666,20.920000076293945,23.030000686645508,0,-0.11282078773868776
2018-04-04,20.059999465942383,24.510000228881836,19.860000610351562,21.68000030517578,0,-0.050545302650377266
2018-04-05,18.940000534057617,20.209999084472656,18.56999969482422,19.760000228881836,0,-0.057451639955505396
2018-04-06,21.489999771118164,23.1200008392334,18.600000381469727,20.329999923706055,0,0.12631158404852671
2018-04-09,21.770000457763672,22.020000457763672,20.34000015258789,21.270000457763672,0,0.012945196269927184
2018-04-10,20.469999313354492,21.68000030517578,20.239999771118164,20.510000228881836,0,-0.061572530144519355
2018-04-11,20.239999771118164,21.65999984741211,19.639999389648438,20.950000762939453,0,-0.011299533018332752
2018-04-12,18.489999771118164,19.920000076293945,18.15999984741211,19.829999923706055,0,-0.09043080009052229
2018-04-13,17.40999984741211,18.450000762939453,17.260000228881836,18.270000457763672,0,-0.06018528800463541
2018-04-16,16.559999465942383,17.65999984741211,16.3799991607666,17.59000015258789,0,-0.05005462830845886
2018-04-17,15.25,16.270000457763672,14.569999694824219,16.15999984741211,0,-0.0824106136538365
2018-04-18,15.600000381469727,16.899999618530273,14.949999809265137,15.300000190734863,0,0.022691435655258108
2018-04-19,15.960000038146973,16.920000076293945,15.15999984741211,15.550000190734863,0,0.022814655703145448
2018-04-20,16.8799991607666,17.5,15.1899995803833,16.15999984741211,0,0.056043845038367124
2018-04-23,16.34000015258789,17.559999465942383,15.789999961853027,17.290000915527344,0,-0.0325133406800302
2018-04-24,18.020000457763672,19.65999984741211,15.369999885559082,16.15999984741211,0,0.09786617881311965
2018-04-25,17.84000015258789,19.84000015258789,17.75,18.139999389648438,0,-0.010039141878284585
2018-04-26,16.239999771118164,18.1200008392334,16.239999771118164,18.06999969482422,0,-0.09396581506517343
2018-04-27,15.40999984741211,16.770000457763672,15.25,16.219999313354492,0,-0.052460681209673066
2018-04-30,15.930000305175781,16.350000381469727,15.130000114440918,15.3100004196167,0,0.033187503649107164
2018-05-01,15.489999771118164,16.81999969482422,15.420000076293945,16.0,0,-0.028009503426582594
2018-05-02,15.970000267028809,15.970000267028809,14.75,15.479999542236328,0,0.030517339294898527
2018-05-03,15.899999618530273,18.65999984741211,15.430000305175781,15.779999732971191,0,-0.004392893713193846
2018-05-04,14.770000457763672,16.920000076293945,10.90999984741211,15.9399995803833,0,-0.07372095769828979
2018-05-07,14.75,15.270000457763672,14.510000228881836,15.050000190734863,0,-0.0013550447502601592
2018-05-08,14.710000038146973,15.5600004196167,14.520000457763672,14.529999732971191,0,-0.0027155455792149397
2018-05-09,13.420000076293945,14.630000114440918,13.380000114440918,14.539999961853027,0,-0.09178139997798551
2018-05-10,13.229999542236328,13.630000114440918,12.920000076293945,13.359999656677246,0,-0.014259193702193418
2018-05-11,12.649999618530273,13.4399995803833,12.649999618530273,13.220000267028809,0,-0.044829758508615924
2018-05-14,12.930000305175781,13.279999732971191,12.8100004196167,13.09000015258789,0,0.021893031368095173
2018-05-15,14.630000114440918,15.010000228881836,12.5,13.130000114440918,0,0.12352400646846418
2018-05-16,13.420000076293945,14.90999984741211,13.210000038146973,14.380000114440918,0,-0.08632808562575
2018-05-17,13.430000305175781,13.859999656677246,12.649999618530273,13.539999961853027,0,0.0007448960299560881
2018-05-18,13.420000076293945,13.869999885559082,13.0600004196167,13.180000305175781,0,-0.0007448960299560881
2018-05-21,13.079999923706055,13.59000015258789,12.779999732971191,12.989999771118164,0,-0.0256617970324462
2018-05-22,13.220000267028809,13.420000076293945,12.770000457763672,13.029999732971191,0,0.010646514426208675
2018-05-23,12.579999923706055,14.600000381469727,12.489999771118164,13.5,0,-0.04962260941479801
2018-05-24,12.529999732971191,14.239999771118164,12.529999732971191,12.729999542236328,0,-0.003982497610774072
2018-05-25,13.220000267028809,13.520000457763672,12.289999961853027,12.4399995803833,0,0.053605107025572085
2018-05-29,17.020000457763672,18.780000686645508,14.390000343322754,14.390000343322754,0,0.25265829541846996
2018-05-30,14.9399995803833,16.639999389648438,14.649999618530273,16.600000381469727,0,-0.1303469984229837
2018-05-31,15.430000305175781,16.290000915527344,14.199999809265137,14.930000305175781,0,0.03227153453527265
2018-06-01,13.460000038146973,14.930000305175781,13.369999885559082,14.920000076293945,0,-0.13659135910246922
2018-06-04,12.739999771118164,13.90999984741211,12.6899995803833,13.90999984741211,0,-0.05497569487227061
2018-06-05,12.399999618530273,13.34000015258789,12.300000190734863,12.90999984741211,0,-0.027050190331106894
2018-06-06,11.640000343322754,12.5600004196167,11.619999885559082,12.100000381469727,0,-0.06324897004892982
2018-06-07,12.130000114440918,13.279999732971191,11.220000267028809,11.65999984741211,0,0.04123426059212143
2018-06-08,12.180000305175781,13.3100004196167,12.09000015258789,12.539999961853027,0,0.00411355494673904
2018-06-11,12.350000381469727,12.6899995803833,12.140000343322754,12.520000457763672,0,0.01386080662498923
2018-06-12,12.34000015258789,12.600000381469727,11.880000114440918,12.289999961853027,0,-0.0008100631196739094
2018-06-13,12.9399995803833,12.949999809265137,11.979999542236328,12.130000114440918,0,0.047477225802329936
2018-06-14,12.119999885559082,13.069999694824219,11.880000114440918,12.979999542236328,0,-0.06546628544603061
2018-06-15,11.979999542236328,13.15999984741211,11.930000305175781,12.1899995803833,0,-0.011618416722202873
2018-06-18,12.3100004196167,13.739999771118164,12.279999732971191,12.789999961853027,0,0.027173419807181354
2018-06-19,13.350000381469727,14.680000305175781,13.210000038146973,14.609999656677246,0,0.08110443913694265
2018-06-20,12.789999961853027,13.020000457763672,12.25,12.899999618530273,0,-0.04285280081258103
2018-06-21,14.640000343322754,15.180000305175781,12.180000305175781,12.539999961853027,0,0.13509391937598458
2018-06-22,13.770000457763672,14.600000381469727,13.109999656677246,14.600000381469727,0,-0.06126518600006081
2018-06-25,17.329999923706055,19.610000610351562,14.5600004196167,15.069999694824219,0,0.22994675334098202
2018-06-26,15.920000076293945,17.540000915527344,15.100000381469727,16.709999084472656,0,-0.08486291411652402
2018-06-27,17.90999984741211,18.190000534057617,14.760000228881836,16.520000457763672,0,0.11778302234434657
2018-06-28,16.850000381469727,18.989999771118164,16.399999618530273,17.540000915527344,0,-0.06100852811539337
2018-06-29,16.09000015258789,16.510000228881836,14.65999984741211,15.729999542236328,0,-0.04615270894983281
2018-07-02,15.600000381469727,18.079999923706055,15.539999961853027,17.700000762939453,0,-0.030927031779012015
2018-07-03,16.139999389648438,16.450000762939453,14.680000305175781,15.369999885559082,0,0.034029686317041286
2018-07-05,14.970000267028809,16.219999313354492,14.470000267028809,15.619999885559082,0,-0.07525240875658756
2018-07-06,13.369999885559082,15.449999809265137,13.34000015258789,14.989999771118164,0,-0.11303483371481082
2018-07-09,12.6899995803833,13.220000267028809,12.600000381469727,13.020000457763672,0,-0.05219913389474762
2018-07-10,12.640000343322754,13.210000038146973,11.930000305175781,12.520000457763672,0,-0.003947832779252813
2018-07-11,13.630000114440918,14.149999618530273,13.09000015258789,14.050000190734863,0,0.07540683822437222
2018-07-12,12.579999923706055,13.329999923706055,12.420000076293945,13.069999694824219,0,-0.08016500889710043
2018-07-13,12.180000305175781,12.970000267028809,11.619999885559082,12.390000343322754,0,-0.03231295787035915
2018-07-16,12.829999923706055,12.970000267028809,12.460000038146973,12.770000457763672,0,0.0519908853437836
2018-07-17,12.0600004196167,13.180000305175781,11.850000381469727,12.90999984741211,0,-0.06189194658789088
2018-07-18,12.100000381469727,12.470000267028809,11.4399995803833,11.869999885559082,0,0.003311258035992193
2018-07-19,12.869999885559082,13.09000015258789,11.789999961853027,12.199999809265137,0,0.06169352858684807
2018-07-20,12.859999656677246,13.579999923706055,12.489999771118164,13.0,0,-0.0007773206034422664
2018-07-23,12.619999885559082,13.550000190734863,12.579999923706055,13.470000267028809,0,-0.018838844067675886
2018-07-24,12.40999984741211,13.210000038146973,11.65999984741211,12.609999656677246,0,-0.016780261123892082
2018-07-25,12.289999961853027,12.819999694824219,11.800000190734863,12.369999885559082,0,-0.009716666446916378
2018-07-26,12.140000343322754,12.529999732971191,11.779999732971191,12.449999809265137,0,-0.01228010656239542
2018-07-27,13.029999732971191,14.260000228881836,11.600000381469727,12.170000076293945,0,0.07074855673172387
2018-07-30,14.260000228881836,14.460000038146973,12.979999542236328,13.630000114440918,0,0.0902040603934009
2018-07-31,12.829999923706055,14.119999885559082,12.8100004196167,13.979999542236328,0,-0.10567225835575211
2018-08-01,13.149999618530273,13.630000114440918,12.449999809265137,13.09000015258789,0,0.02463555693365116
2018-08-02,12.1899995803833,14.529999732971191,12.170000076293945,13.569999694824219,0,-0.07580582054451579
2018-08-03,11.640000343322754,12.460000038146973,11.069999694824219,12.430000305175781,0,-0.04616843727177944
2018-08-06,11.270000457763672,12.149999618530273,11.170000076293945,11.90999984741211,0,-0.032303103128794586
2018-08-07,10.930000305175781,11.239999771118164,10.520000457763672,11.119999885559082,0,-0.030633038560200276
2018-08-08,10.850000381469727,11.180000305175781,10.520000457763672,10.930000305175781,0,-0.007346214964410791
2018-08-09,11.270000457763672,11.3100004196167,10.170000076293945,10.9399995803833,0,0.03797925352461107
2018-08-10,13.15999984741211,13.819999694824219,12.300000190734863,12.34000015258789,0,0.1550375456327675
2018-08-13,14.779999732971191,15.020000457763672,12.949999809265137,14.5,0,0.11609298315080752
2018-08-14,13.3100004196167,14.220000267028809,13.109999656677246,13.930000305175781,0,-0.10475923351971028
2018-08-15,14.640000343322754,16.860000610351562,13.4399995803833,13.520000457763672,0,0.09524186805072965
2018-08-16,13.449999809265137,14.359999656677246,12.819999694824219,14.180000305175781,0,-0.08477844011735591
2018-08-17,12.640000343322754,13.960000038146973,12.399999618530273,13.180000305175781,0,-0.06211267598649606
2018-08-20,12.489999771118164,12.789999961853027,12.260000228881836,12.569999694824219,0,-0.011938110068042018
2018-08-21,12.859999656677246,12.890000343322754,12.09000015258789,12.470000267028809,0,0.029193386300245372
2018-08-22,12.25,13.289999961853027,11.970000267028809,13.09000015258789,0,-0.048595755121788375
2018-08-23,12.40999984741211,12.680000305175781,11.649999618530273,12.029999732971191,0,0.012976649930220407
2018-08-24,11.989999771118164,12.170000076293945,11.829999923706055,12.130000114440918,0,-0.034429636970927824
2018-08-27,12.15999984741211,12.479999542236328,12.020000457763672,12.369999885559082,0,0.014078914039646229
2018-08-28,12.5,12.5,11.869999885559082,12.010000228881836,0,0.027576780318580685
2018-08-29,12.25,12.550000190734863,12.09000015258789,12.34000015258789,0,-0.020202707317519497
2018-08-30,13.529999732971191,13.949999809265137,12.239999771118164,12.25,0,0.09938348545590658
2018-08-31,12.859999656677246,14.029999732971191,12.819999694824219,13.539999961853027,0,-0.05078773033411821
2018-09-04,13.15999984741211,14.350000381469727,13.119999885559082,13.130000114440918,0,0.023060222189821733
2018-09-05,13.90999984741211,14.300000190734863,13.229999542236328,13.6899995803833,0,0.05542608066335086
2018-09-06,14.649999618530273,15.40999984741211,13.720000267028809,14.210000038146973,0,0.05183231445848957
2018-09-07,14.880000114440918,15.630000114440918,14.3100004196167,14.720000267028809,0,0.015577727671681085
2018-09-10,14.15999984741211,15.199999809265137,13.930000305175781,15.09000015258789,0,-0.04959695960627508
2018-09-11,13.220000267028809,14.920000076293945,13.210000038146973,13.960000038146973,0,-0.06869022286720172
2018-09-12,13.140000343322754,13.859999656677246,12.90999984741211,13.069999694824219,0,-0.006069815437863557
2018-09-13,12.369999885559082,12.90999984741211,12.300000190734863,12.90999984741211,0,-0.06038686203161969
2018-09-14,12.069999694824219,13.149999618530273,11.930000305175781,12.130000114440918,0,-0.02455116732729401
2018-09-17,13.680000305175781,13.75,12.319999694824219,12.720000267028809,0,0.1252119246769614
2018-09-18,12.789999961853027,13.479999542236328,12.5600004196167,13.479999542236328,0,-0.06727132189438656
2018-09-19,11.75,12.770000457763672,11.65999984741211,12.609999656677246,0,-0.08481037201802044
2018-09-20,11.800000190734863,11.960000038146973,11.3100004196167,11.819999694824219,0,0.004246307045422615
2018-09-21,11.680000305175781,12.029999732971191,11.100000381469727,11.760000228881836,0,-0.01022154410744669
2018-09-24,12.199999809265137,12.920000076293945,12.180000305175781,12.460000038146973,0,0.04355793257706164
2018-09-25,12.420000076293945,12.600000381469727,11.800000190734863,12.279999732971191,0,0.01787214654295699
2018-09-26,12.890000343322754,13.130000114440918,11.550000190734863,12.210000038146973,0,0.03714376093774696
2018-09-27,12.40999984741211,13.0,11.9399995803833,12.770000457763672,0,-0.03794925666495308
2018-09-28,12.119999885559082,13.220000267028809,12.09000015258789,12.59000015258789,0,-0.023645615722108104
2018-10-01,12.0,12.399999618530273,11.569999694824219,11.989999771118164,0,-0.009950321410848062
2018-10-02,12.050000190734863,12.6899995803833,11.609999656677246,12.470000267028809,0,0.004158025977282875
2018-10-03,11.609999656677246,12.140000343322754,11.34000015258789,11.65999984741211,0,-0.03719790962678049
2018-10-04,14.220000267028809,15.84000015258789,12.420000076293945,12.84000015258789,0,0.20278267701498898
2018-10-05,14.819999694824219,17.360000610351562,11.720000267028809,14.289999961853027,0,0.041328156122291126
2018-10-08,15.6899995803833,18.3799991607666,15.6899995803833,16.049999237060547,0,0.05704594072494551
2018-10-09,15.949999809265137,17.489999771118164,15.270000457763672,16.1200008392334,0,0.01643527727182681
2018-10-10,22.959999084472656,22.959999084472656,15.829999923706055,16.030000686645508,0,0.36429471430392546
2018-10-11,24.979999542236328,28.84000015258789,20.649999618530273,23.06999969482422,0,0.08432195479574389
2018-10-12,21.309999465942383,26.799999237060547,20.8799991607666,21.6299991607666,0,-0.15889906532306064
2018-10-15,21.299999237060547,22.889999389648438,19.469999313354492,21.969999313354492,0,-0.00046938415253849897
2018-10-16,17.6200008392334,20.559999465942383,17.549999237060547,20.280000686645508,0,-0.1896723687590014
2018-10-17,17.399999618530273,19.549999237060547,17.059999465942383,17.059999465942383,0,-0.012564483840688201
2018-10-18,20.059999465942383,21.56999969482422,17.510000228881836,18.020000457763672,0,0.14225757161384145
2018-10-19,19.889999389648438,21.079999923706055,18.389999389648438,19.239999771118164,0,-0.008510693731250019
2018-10-22,19.639999389648438,20.889999389648438,18.81999969482422,19.3799991607666,0,-0.012648790330171522
2018-10-23,20.709999084472656,24.65999984741211,20.18000030517578,22.18000030517578,0,0.05304835935111818
2018-10-24,25.229999542236328,26.3799991607666,20.399999618530273,21.600000381469727,0,0.19741711330886647
2018-10-25,24.219999313354492,24.780000686645508,22.059999465942383,24.780000686645508,0,-0.04085503473474583
2018-10-26,24.15999984741211,27.520000457763672,23.329999923706055,24.510000228881836,0,-0.0024803430237039237
2018-10-29,24.700000762939453,27.860000610351562,22.010000228881836,24.479999542236328,0,0.022104907771277826
2018-10-30,23.350000381469727,25.549999237060547,23.110000610351562,23.940000534057617,0,-0.05620627407022871
2018-10-31,21.229999542236328,22.799999237060547,20.389999389648438,22.719999313354492,0,-0.09518174629888865
2018-11-01,19.34000015258789,21.209999084472656,19.030000686645508,20.959999084472656,0,-0.0932397562381464
2018-11-02,19.510000228881836,21.610000610351562,18.049999237060547,18.520000457763672,0,0.008751668451628891
2018-11-05,19.959999084472656,20.8700008392334,19.639999389648438,20.579999923706055,0,0.02280305864867982
2018-11-06,19.90999984741211,20.600000381469727,19.690000534057617,19.84000015258789,0,-0.0025081146029908297
2018-11-07,16.360000610351562,18.049999237060547,16.329999923706055,18.030000686645508,0,-0.19638274193006966
2018-11-08,16.719999313354492,17.200000762939453,16.09000015258789,16.18000030517578,0,0.021766198107086687
2018-11-09,17.360000610351562,18.40999984741211,16.84000015258789,16.8700008392334,0,0.03756317780146423
2018-11-12,20.450000762939453,20.709999084472656,17.25,17.260000228881836,0,0.16381417540565923
2018-11-13,20.020000457763672,21.25,19.110000610351562,19.450000762939453,0,-0.021251123043970477
2018-11-14,21.25,22.360000610351562,19.299999237060547,20.520000457763672,0,0.059625098618033334
2018-11-15,19.979999542236328,22.969999313354492,19.940000534057617,20.40999984741211,0,-0.061625145061113606
2018-11-16,18.139999389648438,21.360000610351562,18.100000381469727,20.040000915527344,0,-0.09661233926904567
2018-11-19,20.100000381469727,20.989999771118164,18.520000457763672,18.780000686645508,0,0.10260042300335659
2018-11-20,22.479999542236328,23.809999465942383,20.3700008392334,20.760000228881836,0,0.11190617061871455
2018-11-21,20.799999237060547,22.309999465942383,20.110000610351562,21.65999984741211,0,-0.0776730546348472
2018-11-23,21.520000457763672,22.649999618530273,20.649999618530273,21.229999542236328,0,0.03402980653763876
2018-11-26,18.899999618530273,20.799999237060547,18.670000076293945,20.780000686645508,0,-0.12982085468311633
2018-11-27,19.020000457763672,19.93000030517578,18.700000762939453,19.40999984741211,0,0.006329179302721588
2018-11-28,18.489999771118164,19.3799991607666,18.18000030517578,18.8700008392334,0,-0.02826104816438324
2018-11-29,18.790000915527344,20.479999542236328,18.59000015258789,18.649999618530273,0,0.01609482912920157
2018-11-30,18.06999969482422,19.90999984741211,18.030000686645508,19.18000030517578,0,-0.03907177443394838
2018-12-03,16.440000534057617,17.280000686645508,15.9399995803833,16.040000915527344,0,-0.09453566560231463
2018-12-04,20.739999771118164,21.940000534057617,16.260000228881836,16.84000015258789,0,0.23234676965232293
2018-12-06,21.190000534057617,25.940000534057617,20.940000534057617,23.530000686645508,0,0.02146520571788013
2018-12-07,23.229999542236328,24.709999084472656,19.899999618530273,22.420000076293945,0,0.09191512959311332
2018-12-10,22.639999389648438,25.940000534057617,22.5,23.950000762939453,0,-0.0257263007006161
2018-12-11,21.760000228881836,23.600000381469727,21.389999389648438,22.959999084472656,0,-0.039644793869781925
2018-12-12,21.459999084472656,21.90999984741211,20.5,21.90999984741211,0,-0.013882737965694947
2018-12-13,20.649999618530273,21.56999969482422,20.34000015258789,21.0,0,-0.03847539360658203
2018-12-14,21.6299991607666,22.469999313354492,20.950000762939453,21.56999969482422,0,0.046365900231525536
2018-12-17,24.520000457763672,25.8799991607666,21.969999313354492,22.360000610351562,0,0.12540792857154548
2018-12-18,25.579999923706055,26.139999389648438,23.639999389648438,24.68000030517578,0,0.04232166343113164
2018-12-19,25.579999923706055,26.639999389648438,22.5,25.149999618530273,0,0.0
2018-12-20,28.3799991607666,30.299999237060547,24.68000030517578,26.09000015258789,0,0.10387384899246577
2018-12-21,30.110000610351562,31.350000381469727,25.709999084472656,28.239999771118164,0,0.05917272060376888
2018-12-24,36.06999969482422,36.099998474121094,29.15999984741211,29.290000915527344,0,0.18060412369042522
2018-12-26,30.40999984741211,36.20000076293945,29.59000015258789,35.5,0,-0.1706899897832086
2018-12-27,29.959999084472656,33.79999923706055,29.65999984741211,31.200000762939453,0,-0.014908368580889508
2018-12-28,28.34000015258789,31.049999237060547,27.43000030517578,29.969999313354492,0,-0.05558888844397325
2018-12-31,25.420000076293945,27.639999389648438,25.329999923706055,27.59000015258789,0,-0.108737970884079
2019-01-02,23.219999313354492,28.530000686645508,23.049999237060547,27.540000915527344,0,-0.0905223220641953
2019-01-03,25.450000762939453,26.600000381469727,24.049999237060547,25.68000030517578,0,0.09170182627605783
2019-01-04,21.3799991607666,24.479999542236328,21.190000534057617,24.360000610351562,0,-0.1742599066308066
2019-01-07,21.399999618530273,22.709999084472656,20.90999984741211,22.059999465942383,0,0.0009350378584183083
2019-01-08,20.469999313354492,22.030000686645508,20.09000015258789,20.959999084472656,0,-0.04443053807291131
2019-01-09,19.979999542236328,22.799999237060547,19.479999542236328,20.440000534057617,0,-0.024228615819894106
2019-01-10,19.5,21.31999969482422,19.290000915527344,20.979999542236328,0,-0.024317284739611367
2019-01-11,18.190000534057617,20.15999984741211,18.1200008392334,19.68000030517578,0,-0.06954244367971363
2019-01-14,19.06999969482422,20.270000457763672,18.700000762939453,19.84000015258789,0,0.04724438171941481
2019-01-15,18.600000381469727,19.200000762939453,17.979999542236328,18.530000686645508,0,-0.024954802381121688
2019-01-16,19.040000915527344,19.040000915527344,17.760000228881836,18.079999923706055,0,0.023380476219356794
2019-01-17,18.059999465942383,19.719999313354492,17.850000381469727,19.510000228881836,0,-0.05284255903009516
2019-01-18,17.799999237060547,18.18000030517578,17.170000076293945,17.799999237060547,0,-0.014501103981270802
2019-01-22,20.799999237060547,21.149999618530273,18.200000762939453,18.530000686645508,0,0.15575453559121932
2019-01-23,19.520000457763672,22.020000457763672,19.469999313354492,20.850000381469727,0,-0.06351334559153665
2019-01-24,18.889999389648438,20.25,18.6299991607666,19.690000534057617,0,-0.03280695523336563
2019-01-25,17.420000076293945,18.459999084472656,17.309999465942383,18.43000030517578,0,-0.08101367339855603
2019-01-28,18.8700008392334,20.420000076293945,18.420000076293945,18.559999465942383,0,0.07995442805090347
2019-01-29,19.1299991607666,19.93000030517578,18.420000076293945,19.450000762939453,0,0.013684335727209174
2019-01-30,17.65999984741211,19.309999465942383,17.540000915527344,19.149999618530273,0,-0.07995555304664181
2019-01-31,16.56999969482422,17.719999313354492,16.540000915527344,17.389999389648438,0,-0.06370837351439951
2019-02-01,16.139999389648438,16.829999923706055,16.079999923706055,16.6299991607666,0,-0.026293187995383605
2019-02-04,15.729999542236328,16.729999542236328,15.600000381469727,16.719999313354492,0,-0.025730937056847925
2019-02-05,15.569999694824219,15.9399995803833,15.039999961853027,15.789999961853027,0,-0.010223721723208179
2019-02-06,15.380000114440918,15.869999885559082,15.09000015258789,15.4399995803833,0,-0.012277994727273978
2019-02-07,16.3700008392334,17.889999389648438,15.510000228881836,15.65999984741211,0,0.062382471131200656
2019-02-08,15.720000267028809,17.6299991607666,15.619999885559082,16.809999465942383,0,-0.04051663866196442
2019-02-11,15.970000267028809,16.5,15.34000015258789,16.170000076293945,0,0.0157781749599466
2019-02-12,15.430000305175781,15.649999618530273,14.949999809265137,15.229999542236328,0,-0.03439829279442286
2019-02-13,15.649999618530273,15.90999984741211,15.0,15.460000038146973,0,0.014157206457949822
2019-02-14,16.219999313354492,17.270000457763672,15.300000190734863,15.609999656677246,0,0.0357741137429044
2019-02-15,14.90999984741211,16.81999969482422,14.789999961853027,16.81999969482422,0,-0.08421288781128666
2019-02-19,14.880000114440918,16.15999984741211,14.640000343322754,15.649999618530273,0,-0.0020140814468496693
2019-02-20,14.020000457763672,15.1899995803833,13.989999771118164,14.920000076293945,0,-0.0595331228386633
2019-02-21,14.460000038146973,15.170000076293945,13.850000381469727,14.0,0,0.030901305111517452
2019-02-22,13.510000228881836,14.470000267028809,13.510000228881836,14.460000038146973,0,-0.06795605045495368
2019-02-25,14.850000381469727,14.899999618530273,13.4399995803833,13.90999984741211,0,0.09456972202313718
2019-02-26,15.170000076293945,15.279999732971191,14.520000457763672,15.15999984741211,0,0.021319907452800102
2019-02-27,14.699999809265137,16.170000076293945,14.699999809265137,15.529999732971191,0,-0.03147231758017588
2019-02-28,14.779999732971191,15.239999771118164,14.390000343322754,15.170000076293945,0,0.005427416643624117
2019-03-01,13.569999694824219,14.84000015258789,13.40999984741211,14.569999694824219,0,-0.08541344609538015
2019-03-04,14.630000114440918,16.979999542236328,13.380000114440918,13.770000457763672,0,0.07521277149660488
2019-03-05,14.739999771118164,15.390000343322754,14.260000228881836,14.520000457763672,0,0.0074906483788717
2019-03-06,15.739999771118164,16.110000610351562,14.739999771118164,14.90999984741211,0,0.06564035721459449
2019-03-07,16.59000015258789,17.809999465942383,15.539999961853027,16.329999923706055,0,0.05259488495209075
2019-03-08,16.049999237060547,18.329999923706055,16.020000457763672,17.3799991607666,0,-0.033091311359080056
2019-03-11,14.329999923706055,16.43000030517578,14.329999923706055,16.280000686645508,0,-0.11335356552484654
2019-03-12,13.770000457763672,14.699999809265137,13.609999656677246,13.970000267028809,0,-0.03986289053189651
2019-03-13,13.40999984741211,14.050000190734863,13.25,14.0,0,-0.026491660069190015
2019-03-14,13.5,13.84000015258789,13.15999984741211,13.350000381469727,0,0.006688999529461448
2019-03-15,12.880000114440918,13.279999732971191,12.5,13.210000038146973,0,-0.04701395588301205
2019-03-18,13.100000381469727,13.800000190734863,13.0,13.130000114440918,0,0.01693652976556015
2019-03-19,13.5600004196167,13.770000457763672,12.369999885559082,12.890000343322754,0,0.03451205413050129
2019-03-20,13.90999984741211,14.300000190734863,13.050000190734863,13.539999961853027,0,0.025483681508263967
2019-03-21,13.630000114440918,14.5600004196167,13.260000228881836,14.109999656677246,0,-0.02033474086100373
2019-03-22,16.479999542236328,17.520000457763672,13.619999885559082,13.770000457763672,0,0.1898742425997102
2019-03-25,16.329999923706055,17.850000381469727,16.260000228881836,17.760000228881836,0,-0.009143594394041
2019-03-26,14.680000305175781,16.299999237060547,14.670000076293945,16.219999313354492,0,-0.10651785833545224
2019-03-27,15.149999618530273,16.709999084472656,14.510000228881836,14.520000457763672,0,0.031514462800947385
2019-03-28,14.430000305175781,15.619999885559082,14.40999984741211,15.380000114440918,0,-0.04869111284137562
2019-03-29,13.710000038146973,14.430000305175781,13.640000343322754,14.1899995803833,0,-0.05118389757783959
2019-04-01,13.399999618530273,14.010000228881836,13.319999694824219,13.899999618530273,0,-0.022870817867667537
2019-04-02,13.359999656677246,13.680000305175781,13.130000114440918,13.619999885559082,0,-0.0029895360782865588
2019-04-03,13.739999771118164,14.270000457763672,12.850000381469727,13.0600004196167,0,0.028046127725448233
2019-04-04,13.579999923706055,14.029999732971191,13.399999618530273,13.84000015258789,0,-0.011713153623697625
2019-04-05,12.819999694824219,13.470000267028809,12.170000076293945,13.460000038146973,0,-0.05759168882457866
2019-04-08,13.180000305175781,13.770000457763672,13.100000381469727,13.550000190734863,0,0.027694124540960097
2019-04-09,14.279999732971191,14.390000343322754,13.3100004196167,13.460000038146973,0,0.08015938598312111
2019-04-10,13.300000190734863,14.289999961853027,13.270000457763672,14.09000015258789,0,-0.07109588864326666
2019-04-11,13.020000457763672,13.579999923706055,12.90999984741211,13.369999885559082,0,-0.021277377629752348
2019-04-12,12.010000228881836,12.960000038146973,11.949999809265137,12.960000038146973,0,-0.08074701678942553
2019-04-15,12.319999694824219,13.140000343322754,12.239999771118164,12.460000038146973,0,0.025484278185115006
2019-04-16,12.180000305175781,12.470000267028809,11.850000381469727,12.260000228881836,0,-0.01142864599737825
2019-04-17,12.600000381469727,13.020000457763672,11.029999732971191,12.119999885559082,0,0.03390155689557339
2019-04-18,12.09000015258789,13.119999885559082,12.020000457763672,12.800000190734863,0,-0.04131816698510571
2019-04-22,12.420000076293945,13.359999656677246,12.380000114440918,13.210000038146973,0,0.02692940540046118
2019-04-23,12.279999732971191,12.6899995803833,12.079999923706055,12.65999984741211,0,-0.011336181674183265
2019-04-24,13.140000343322754,13.229999542236328,12.260000228881836,12.529999732971191,0,0.067689138210548
2019-04-25,13.25,14.300000190734863,12.8100004196167,13.289999961853027,0,0.008336513247703792
2019-04-26,12.729999542236328,13.619999885559082,12.489999771118164,13.4399995803833,0,-0.040036175822356856
2019-04-29,13.109999656677246,13.270000457763672,12.649999618530273,13.039999961853027,0,0.029413894977880606
2019-04-30,13.119999885559082,14.050000190734863,12.880000114440918,13.109999656677246,0,0.0007625032055571523
2019-05-01,14.800000190734863,14.829999923706055,12.739999771118164,12.859999656677246,0,0.12048941886424824
2019-05-02,14.420000076293945,15.920000076293945,13.800000190734863,14.350000381469727,0,-0.02601105650991542
2019-05-03,12.869999885559082,14.149999618530273,12.800000190734863,14.109999656677246,0,-0.11371712443167814
2019-05-06,15.4399995803833,18.799999237060547,12.890000343322754,12.890000343322754,0,0.18206250470341567
2019-05-07,19.31999969482422,21.84000015258789,15.800000190734863,15.899999618530273,0,0.2241792955691415
2019-05-08,19.399999618530273,21.739999771118164,18.290000915527344,18.950000762939453,0,0.004132233417370568
2019-05-09,19.100000381469727,23.3799991607666,18.8700008392334,21.399999618530273,0,-0.015584691381073768
2019-05-10,16.040000915527344,20.190000534057617,15.569999694824219,18.790000915527344,0,-0.17460269550868945
2019-05-13,20.549999237060547,21.31999969482422,18.350000381469727,18.6200008392334,0,0.24777524430010445
2019-05-14,18.059999465942383,19.649999618530273,17.450000762939453,19.399999618530273,0,-0.1291613853986937
2019-05-15,16.440000534057617,19.149999618530273,16.40999984741211,17.56999969482422,0,-0.09398209630425214
2019-05-16,15.289999961853027,17.1299991607666,15.15999984741211,16.690000534057617,0,-0.07251840466721582
2019-05-17,15.960000038146973,16.809999465942383,14.859999656677246,15.890000343322754,0,0.042886576965750045
2019-05-20,16.309999465942383,17.6299991607666,15.460000038146973,15.880000114440918,0,0.02169278947691522
2019-05-21,14.949999809265137,16.219999313354492,14.789999961853027,15.859999656677246,0,-0.08706709681022895
2019-05-22,14.75,15.4399995803833,14.420000076293945,15.0600004196167,0,-0.013468204292681474
2019-05-23,16.920000076293945,18.049999237060547,15.279999732971191,15.930000305175781,0,0.1372532759013465
2019-05-24,15.850000381469727,16.520000457763672,15.520000457763672,16.34000015258789,0,-0.0653268342963953
2019-05-28,17.5,17.700000762939453,15.899999618530273,16.549999237060547,0,0.09903135653868844
2019-05-29,17.899999618530273,19.040000915527344,17.6200008392334,18.549999237060547,0,0.022599810606082293
2019-05-30,17.299999237060547,18.110000610351562,16.719999313354492,17.469999313354492,0,-0.034094234132364676
2019-05-31,18.709999084472656,19.719999313354492,18.010000228881836,19.049999237060547,0,0.07835163395029632
2019-06-03,18.860000610351562,19.75,18.15999984741211,19.40999984741211,0,0.00798521821405318
2019-06-04,16.969999313354492,18.739999771118164,16.969999313354492,18.739999771118164,0,-0.10559627078371792
2019-06-05,16.09000015258789,17.489999771118164,16.040000915527344,17.059999465942383,0,-0.05324906829612708
2019-06-06,15.930000305175781,16.540000915527344,15.359999656677246,16.25,0,-0.009993827408433908
2019-06-07,16.299999237060547,16.440000534057617,15.329999923706055,15.649999618530273,0,0.022960917927357105
2019-06-10,15.9399995803833,16.469999313354492,15.84000015258789,16.299999237060547,0,-0.022333413969306548
2019-06-11,15.989999771118164,16.700000762939453,15.5,15.84000015258789,0,0.0031318654944945123
2019-06-12,15.90999984741211,16.43000030517578,15.779999732971191,16.260000228881836,0,-0.005015679772796933
2019-06-13,15.819999694824219,16.209999084472656,15.609999656677246,16.15999984741211,0,-0.005672889710001794
2019-06-14,15.279999732971191,16.399999618530273,15.210000038146973,16.0,0,-0.034730176786336386
2019-06-17,15.350000381469727,15.760000228881836,15.239999771118164,15.649999618530273,0,0.004570732621986817
2019-06-18,15.149999618530273,15.539999961853027,14.619999885559082,14.890000343322754,0,-0.013114992108795853
2019-06-19,14.329999923706055,15.710000038146973,14.149999618530273,15.050000190734863,0,-0.05564527025984889
2019-06-20,14.75,16.030000686645508,13.1899995803833,14.039999961853027,0,0.028887846269820106
2019-06-21,15.399999618530273,15.479999542236328,14.420000076293945,14.739999771118164,0,0.04312440186299282
2019-06-24,15.260000228881836,15.5600004196167,15.229999542236328,15.460000038146973,0,-0.009132443793701484
2019-06-25,16.280000686645508,16.68000030517578,15.100000381469727,15.430000305175781,0,0.06470236189651546
2019-06-26,16.209999084472656,16.600000381469727,15.470000267028809,16.100000381469727,0,-0.004309123483222432
2019-06-27,15.819999694824219,16.399999618530273,15.65999984741211,15.65999984741211,0,-0.02435333621941016
2019-06-28,15.079999923706055,16.1299991607666,15.079999923706055,15.699999809265137,0,-0.04790558552847335
2019-07-01,14.0600004196167,14.640000343322754,13.800000190734863,13.850000381469727,0,-0.07003544129329597
2019-07-02,12.930000305175781,14.300000190734863,12.899999618530273,14.15999984741211,0,-0.0837836998413195
2019-07-03,12.569999694824219,13.1899995803833,12.5600004196167,13.180000305175781,0,-0.028237218061863523
2019-07-05,13.279999732971191,14.470000267028809,12.039999961853027,13.0,0,0.05494612561664569
2019-07-08,13.960000038146973,14.4399995803833,13.640000343322754,13.729999542236328,0,0.049936976126121024
2019-07-09,14.09000015258789,14.710000038146973,13.989999771118164,14.470000267028809,0,0.009269236673287828
2019-07-10,13.029999732971191,14.6899995803833,12.979999542236328,14.380000114440918,0,-0.07821096609673672
2019-07-11,12.930000305175781,13.329999923706055,12.390000343322754,13.010000228881836,0,-0.007704154257454299
2019-07-12,12.390000343322754,12.819999694824219,12.279999732971191,12.760000228881836,0,-0.042660493035198144
2019-07-15,12.680000305175781,13.020000457763672,12.489999771118164,12.579999923706055,0,0.02313624972585382
2019-07-16,12.859999656677246,13.140000343322754,12.279999732971191,12.609999656677246,0,0.014095719035954524
2019-07-17,13.970000267028809,13.970000267028809,12.239999771118164,12.619999885559082,0,0.0827905002707916
2019-07-18,13.529999732971191,14.5,13.1899995803833,14.449999809265137,0,-0.03200276993667339
2019-07-19,14.449999809265137,14.449999809265137,13.09000015258789,13.3100004196167,0,0.06578497891215385
2019-07-22,13.529999732971191,14.699999809265137,13.420000076293945,14.550000190734863,0,-0.06578497891215385
2019-07-23,12.609999656677246,13.520000457763672,12.550000190734863,13.420000076293945,0,-0.07041929969604421
2019-07-24,12.069999694824219,13.100000381469727,11.979999542236328,12.800000190734863,0,-0.04376711292498481
2019-07-25,12.739999771118164,13.539999961853027,11.6899995803833,12.239999771118164,0,0.05402362235279634
2019-07-26,12.15999984741211,12.720000267028809,12.010000228881836,12.579999923706055,0,-0.04659476818873509
2019-07-29,12.829999923706055,13.170000076293945,12.149999618530273,12.149999618530273,0,0.05363430869134245
2019-07-30,13.9399995803833,14.180000305175781,12.869999885559082,12.869999885559082,0,0.08297620254973159
2019-07-31,16.1200008392334,16.549999237060547,13.460000038146973,13.829999923706055,0,0.14529841390935694
2019-08-01,17.8700008392334,19.459999084472656,13.729999542236328,15.40999984741211,0,0.10306258699448634
2019-08-02,17.610000610351562,20.110000610351562,17.040000915527344,17.690000534057617,0,-0.014656418967104567
2019-08-05,24.59000015258789,24.809999465942383,19.90999984741211,19.959999084472656,0,0.33387290526589597
2019-08-06,20.170000076293945,22.8700008392334,19.770000457763672,22.290000915527344,0,-0.1981435066847177
2019-08-07,19.489999771118164,23.670000076293945,18.940000534057617,20.700000762939453,0,-0.034294853972749006
2019-08-08,16.90999984741211,19.889999389648438,16.81999969482422,19.360000610351562,0,-0.14199634788895787
2019-08-09,17.969999313354492,19.440000534057617,17.309999465942383,18.139999389648438,0,0.06079850869785064
2019-08-12,21.09000015258789,21.260000228881836,17.770000457763672,17.8700008392334,0,0.16009533914095586
2019-08-13,17.520000457763672,21.639999389648438,17.520000457763672,21.280000686645508,0,-0.18545589008945695
2019-08-14,22.100000381469727,22.709999084472656,17.75,17.809999465942383,0,0.2322345141484723
2019-08-15,21.18000030517578,24.100000381469727,20.780000686645508,21.579999923706055,0,-0.04252027120284341
2019-08-16,18.469999313354492,20.5,18.40999984741211,20.479999542236328,0,-0.1369095975470489
2019-08-19,16.8799991607666,18.219999313354492,16.520000457763672,17.93000030517578,0,-0.09001831758469736
2019-08-20,17.5,17.700000762939453,16.450000762939453,16.780000686645508,0,0.03607144147927732
2019-08-21,15.800000190734863,17.040000915527344,15.510000228881836,17.010000228881836,0,-0.10219092882472047
2019-08-22,16.68000030517578,17.68000030517578,15.630000114440918,16.1200008392334,0,0.05420046312176252
2019-08-23,19.8700008392334,21.06999969482422,16.040000915527344,16.149999618530273,0,0.17500068357341902
2019-08-26,19.31999969482422,21.329999923706055,19.059999465942383,20.34000015258789,0,-0.028070285811405693
2019-08-27,20.309999465942383,21.040000915527344,18.489999771118164,20.18000030517578,0,0.04997253630846554
2019-08-28,19.350000381469727,21.639999389648438,19.100000381469727,20.549999237060547,0,-0.048420910107001
2019-08-29,17.8799991607666,19.200000762939453,17.600000381469727,19.020000457763672,0,-0.0790097163816128
2019-08-30,18.979999542236328,19.18000030517578,17.09000015258789,17.940000534057617,0,0.05970304625519329
2019-09-03,19.65999984741211,21.149999618530273,19.40999984741211,20.959999084472656,0,0.03520033789411414
2019-09-04,17.329999923706055,18.829999923706055,17.260000228881836,18.229999542236328,0,-0.1261470076325888
2019-09-05,16.270000457763672,17.049999237060547,15.449999809265137,16.920000076293945,0,-0.06311614995870451
2019-09-06,15.0,16.059999465942383,14.90999984741211,15.920000076293945,0,-0.08127274826417974
2019-09-09,15.270000457763672,16.1299991607666,14.949999809265137,15.260000228881836,0,0.01783994810630496
2019-09-10,15.199999809265137,16.520000457763672,15.109999656677246,15.529999732971191,0,-0.004594733904630832
2019-09-11,14.609999656677246,15.520000457763672,14.550000190734863,15.329999923706055,0,-0.039589213040438054
2019-09-12,14.220000267028809,14.9399995803833,13.850000381469727,14.6899995803833,0,-0.02705675910995442
2019-09-13,13.739999771118164,14.3100004196167,13.510000228881836,14.15999984741211,0,-0.03433817301735509
2019-09-16,14.670000076293945,15.289999961853027,14.5,14.890000343322754,0,0.06549332721943157
2019-09-17,14.4399995803833,15.029999732971191,14.399999618530273,14.920000076293945,0,-0.015802492950216962
2019-09-18,13.949999809265137,15.800000190734863,13.800000190734863,14.609999656677246,0,-0.034522609810726745
2019-09-19,14.050000190734863,14.65999984741211,13.3100004196167,14.65999984741211,0,0.007142914760565056
2019-09-20,15.319999694824219,15.84000015258789,13.350000381469727,13.9399995803833,0,0.08653673503716508
2019-09-23,14.90999984741211,16.0,14.710000038146973,15.350000381469727,0,-0.02712702584963722
2019-09-24,17.049999237060547,17.6200008392334,14.329999923706055,14.770000457763672,0,0.13411804043962539
2019-09-25,15.960000038146973,18.450000762939453,15.6899995803833,17.049999237060547,0,-0.06606456457051868
2019-09-26,16.06999969482422,17.09000015258789,15.350000381469727,16.229999542236328,0,0.006868566347193461
2019-09-27,17.219999313354492,18.690000534057617,15.149999618530273,15.770000457763672,0,0.06911729836568226
2019-09-30,16.239999771118164,17.350000381469727,16.200000762939453,17.229999542236328,0,-0.058594138484877156
2019-10-01,18.559999465942383,18.6200008392334,15.789999961853027,16.020000457763672,0,0.13353137794357517
2019-10-02,20.559999465942383,21.459999084472656,18.75,18.75,0,0.10233871602800138
2019-10-03,19.1200008392334,21.440000534057617,19.030000686645508,20.110000610351562,0,-0.07261246309518476
2019-10-04,17.040000915527344,19.969999313354492,16.969999313354492,19.420000076293945,0,-0.11517137638691555
2019-10-07,17.860000610351562,18.520000457763672,16.440000534057617,18.270000457763672,0,0.047000034493272835
2019-10-08,20.280000686645508,20.3799991607666,17.420000076293945,17.610000610351562,0,0.12707160295867004
2019-10-09,18.639999389648438,20.0,17.770000457763672,19.940000534057617,0,-0.08432543606797971
2019-10-10,17.56999969482422,19.799999237060547,17.559999465942383,19.280000686645508,0,-0.05911689168339551
2019-10-11,15.579999923706055,17.440000534057617,15.109999656677246,17.350000381469727,0,-0.12020484928418007
2019-10-14,14.569999694824219,16.5,14.510000228881836,15.65999984741211,0,-0.06702343628406249
2019-10-15,13.539999961853027,14.430000305175781,13.390000343322754,13.9399995803833,0,-0.07331633459484888
2019-10-16,13.680000305175781,14.260000228881836,13.600000381469727,13.9399995803833,0,0.010286669835799955
2019-10-17,13.789999961853027,14.180000305175781,13.3100004196167,13.789999961853027,0,0.008008754536357632
2019-10-18,14.25,15.15999984741211,13.779999732971191,14.199999809265137,0,0.03281321767572676
2019-10-21,14.0,14.630000114440918,14.0,14.239999771118164,0,-0.017699577099401065
2019-10-22,14.460000038146973,14.609999656677246,13.699999809265137,13.989999771118164,0,0.032328889753463486
2019-10-23,14.010000228881836,15.119999885559082,14.010000228881836,14.829999923706055,0,-0.03161484268277315
2019-10-24,13.710000038146973,14.34000015258789,13.399999618530273,13.979999542236328,0,-0.021645880329306255
2019-10-25,12.649999618530273,13.789999961853027,12.619999885559082,13.529999732971191,0,-0.08046831133882337
2019-10-28,13.109999656677246,13.140000343322754,12.65999984741211,13.010000228881836,0,0.0357180865699358
2019-10-29,13.199999809265137,13.520000457763672,13.069999694824219,13.15999984741211,0,0.006841543554959362
2019-10-30,12.329999923706055,13.369999885559082,12.270000457763672,13.079999923706055,0,-0.06818150415412916
2019-10-31,13.220000267028809,13.949999809265137,13.180000305175781,13.510000228881836,0,0.06969554363380581
2019-11-01,12.300000190734863,12.600000381469727,12.260000228881836,12.5,0,-0.07213157673711956
2019-11-04,12.829999923706055,13.130000114440918,12.4399995803833,12.680000305175781,0,0.042186894795746
2019-11-05,13.100000381469727,13.279999732971191,12.25,12.850000381469727,0,0.020826086645914454
2019-11-06,12.619999885559082,13.390000343322754,12.600000381469727,13.180000305175781,0,-0.037329411282083225
2019-11-07,12.729999542236328,12.890000343322754,12.260000228881836,12.59000015258789,0,0.008678528565025712
2019-11-08,12.069999694824219,13.050000190734863,12.0,12.979999542236328,0,-0.05323836678426064
2019-11-11,12.6899995803833,13.489999771118164,12.65999984741211,13.149999618530273,0,0.05009123883396027
2019-11-12,12.680000305175781,13.100000381469727,12.359999656677246,12.640000343322754,0,-0.0007882755830039834
2019-11-13,13.0,13.899999618530273,12.880000114440918,12.90999984741211,0,0.024923384384966774
2019-11-14,13.050000190734863,13.8100004196167,12.930000305175781,13.15999984741211,0,0.0038387909228640993
2019-11-15,12.050000190734863,12.970000267028809,11.920000076293945,12.949999809265137,0,-0.07972347261911761
2019-11-18,12.460000038146973,13.100000381469727,12.319999694824219,12.390000343322754,0,0.03345884065557847
2019-11-19,12.859999656677246,13.010000228881836,12.15999984741211,12.329999923706055,0,0.03159817569166279
2019-11-20,12.779999732971191,14.170000076293945,12.609999656677246,13.420000076293945,0,-0.006240264057409295
2019-11-21,13.130000114440918,13.859999656677246,12.489999771118164,13.350000381469727,0,0.02701826897557691
2019-11-22,12.34000015258789,13.25,12.329999923706055,12.819999694824219,0,-0.06205366618814301
2019-11-25,11.869999885559082,12.59000015258789,11.729999542236328,12.510000228881836,0,-0.03883183186216188
2019-11-26,11.539999961853027,12.039999961853027,11.420000076293945,11.880000114440918,0,-0.02819494120606425
2019-11-27,11.75,11.789999961853027,11.4399995803833,11.550000190734863,0,0.018033982815845118
2019-11-29,12.619999885559082,12.829999923706055,12.119999885559082,12.5,0,0.07142960745468052
2019-12-02,14.90999984741211,15.270000457763672,12.550000190734863,12.6899995803833,0,0.1667492704978688
2019-12-03,15.960000038146973,17.989999771118164,14.609999656677246,14.680000305175781,0,0.0680534758691067
2019-12-04,14.800000190734863,16.399999618530273,14.119999885559082,16.3799991607666,0,-0.0754584007542638
2019-12-05,14.520000457763672,15.369999885559082,14.170000076293945,14.460000038146973,0,-0.019100152734487175
2019-12-06,13.619999885559082,14.470000267028809,13.1899995803833,14.369999885559082,0,-0.0639877486041236
2019-12-09,15.859999656677246,16.06999969482422,12.25,14.25,0,0.15226090224066802
2019-12-10,15.680000305175781,16.899999618530273,14.930000305175781,15.800000190734863,0,-0.011414160174614718
2019-12-11,14.989999771118164,15.970000267028809,14.979999542236328,15.569999694824219,0,-0.04500273753946482
2019-12-12,13.9399995803833,15.550000190734863,13.600000381469727,14.9399995803833,0,-0.07262092161478906
2019-12-13,12.630000114440918,14.350000381469727,12.539999961853027,13.180000305175781,0,-0.0986874298073106
2019-12-16,12.140000343322754,12.529999732971191,11.710000038146973,12.470000267028809,0,-0.03956913151179364
2019-12-17,12.289999961853027,12.470000267028809,11.899999618530273,12.229999542236328,0,0.01228010656239542
2019-12-18,12.579999923706055,12.699999809265137,11.930000305175781,12.239999771118164,0,0.02332232473355278
2019-12-19,12.5,12.779999732971191,12.430000305175781,12.550000190734863,0,-0.006379600899337312
2019-12-20,12.510000228881836,12.609999656677246,12.039999961853027,12.550000190734863,0,0.000799698466474208
2019-12-23,12.609999656677246,12.899999618530273,12.40999984741211,12.8100004196167,0,0.007961779975868666
2019-12-24,12.670000076293945,12.84000015258789,12.5600004196167,12.649999618530273,0,0.004746877604070665
2019-12-26,12.649999618530273,12.75,11.720000267028809,12.739999771118164,0,-0.0015798153368500323
2019-12-27,13.430000305175781,13.720000267028809,11.890000343322754,12.609999656677246,0,0.05983384824076543
2019-12-30,14.819999694824219,15.140000343322754,13.4399995803833,13.739999771118164,0,0.0984865660171983
2019-12-31,13.779999732971191,15.390000343322754,13.75,14.84000015258789,0,-0.07275935306826797
2020-01-02,12.470000267028809,13.720000267028809,12.420000076293945,13.460000038146973,0,-0.09989246510187222
2020-01-03,14.020000457763672,16.200000762939453,13.130000114440918,15.010000228881836,0,0.11715913315156179
2020-01-06,13.850000381469727,16.389999389648438,13.539999961853027,15.449999809265137,0,-0.012199654080916833
2020-01-07,13.789999961853027,14.460000038146973,13.390000343322754,13.84000015258789,0,-0.004341571137354894
2020-01-08,13.449999809265137,15.239999771118164,12.829999923706055,15.15999984741211,0,-0.02496459717211552
2020-01-09,12.539999961853027,13.239999771118164,12.529999732971191,12.949999809265137,0,-0.07005555970406574
2020-01-10,12.5600004196167,12.869999885559082,12.09000015258789,12.420000076293945,0,0.001593662286273556
2020-01-13,12.319999694824219,13.09000015258789,12.319999694824219,12.84000015258789,0,-0.019293261114412985
2020-01-14,12.390000343322754,13.819999694824219,12.050000190734863,12.720000267028809,0,0.005665790016104122
2020-01-15,12.420000076293945,12.829999923706055,11.949999809265137,12.789999961853027,0,0.002418359297446493
2020-01-16,12.319999694824219,12.420000076293945,11.779999732971191,12.199999809265137,0,-0.008084149313550615
2020-01-17,12.100000381469727,12.479999542236328,11.75,12.210000038146973,0,-0.018018449205493337
2020-01-21,12.850000381469727,13.329999923706055,12.319999694824219,13.229999542236328,0,0.06013835689846969
2020-01-22,12.90999984741211,13.010000228881836,12.3100004196167,12.449999809265137,0,0.004658352011606137
2020-01-23,12.979999542236328,14.149999618530273,12.9399995803833,13.260000228881836,0,0.005407482969901789
2020-01-24,14.5600004196167,15.979999542236328,12.619999885559082,12.75,0,0.11486839557927153
2020-01-27,18.229999542236328,19.020000457763672,16.81999969482422,17.420000076293945,0,0.22479049199174428
2020-01-28,16.280000686645508,18.030000686645508,15.6899995803833,16.940000534057617,0,-0.11313116082847641
2020-01-29,16.389999389648438,16.649999618530273,14.9399995803833,15.680000305175781,0,0.0067339527648364594
2020-01-30,15.489999771118164,18.389999389648438,15.300000190734863,17.81999969482422,0,-0.05647671586379799
2020-01-31,18.84000015258789,19.989999771118164,16.18000030517578,16.25,0,0.19578763759468787
2020-02-03,17.969999313354492,18.8799991607666,17.100000381469727,18.639999389648438,0,-0.04727861466255234
2020-02-04,16.049999237060547,16.459999084472656,15.630000114440918,16.450000762939453,0,-0.11299486054395436
2020-02-05,15.149999618530273,16.31999969482422,15.020000457763672,16.290000915527344,0,-0.057708295264997655
2020-02-06,14.960000038146973,15.65999984741211,14.699999809265137,15.130000114440918,0,-0.012620531679595093
2020-02-07,15.470000267028809,16.15999984741211,14.8100004196167,15.069999694824219,0,0.03352270674978586
2020-02-10,15.039999961853027,16.43000030517578,15.010000228881836,15.880000114440918,0,-0.028189365860722404
2020-02-11,15.180000305175781,15.270000457763672,14.380000114440918,14.90999984741211,0,0.009265476085964064
2020-02-12,13.739999771118164,14.880000114440918,13.729999542236328,14.859999656677246,0,-0.09966752193515349
2020-02-13,14.149999618530273,15.4399995803833,14.0,14.430000305175781,0,0.029403326994118295
2020-02-14,13.680000305175781,14.539999961853027,13.380000114440918,14.119999885559082,0,-0.03377966262767984
2020-02-18,14.829999923706055,15.489999771118164,14.529999732971191,14.979999542236328,0,0.08071721650269748
2020-02-19,14.380000114440918,14.739999771118164,14.210000038146973,14.65999984741211,0,-0.030813790754032677
2020-02-20,15.5600004196167,17.209999084472656,14.489999771118164,14.539999961853027,0,0.07886518546665933
2020-02-21,17.079999923706055,18.209999084472656,16.190000534057617,17.329999923706055,0,0.09320463817566615
2020-02-24,25.030000686645508,26.350000381469727,22.0,22.25,0,0.38216694898301773
2020-02-25,27.850000381469727,30.25,22.190000534057617,22.190000534057617,0,0.10675784719400694
2020-02-26,27.559999465942383,29.56999969482422,24.760000228881836,26.6299991607666,0,-0.010467553303129762
2020-02-27,39.15999984741211,39.310001373291016,27.790000915527344,28.950000762939453,0,0.35129038699832504
2020-02-28,40.11000061035156,49.47999954223633,39.369998931884766,42.02000045776367,0,0.023969881233118606
2020-03-02,33.41999816894531,40.40999984741211,31.5,38.540000915527344,0,-0.18247122662084658
2020-03-03,36.81999969482422,41.060001373291016,24.93000030517578,33.650001525878906,0,0.09688669913855907
2020-03-04,31.989999771118164,35.58000183105469,30.299999237060547,34.439998626708984,0,-0.14061782070998285
2020-03-05,39.619998931884766,42.84000015258789,33.540000915527344,33.61000061035156,0,0.21391066750477972
2020-03-06,41.939998626708984,54.38999938964844,40.84000015258789,48.93000030517578,0,0.05690597841817757
2020-03-09,54.459999084472656,62.119998931884766,41.939998626708984,41.939998626708984,0,0.2612264777050175
2020-03-10,47.29999923706055,55.65999984741211,43.560001373291016,49.68000030517578,0,-0.14095619106651958
2020-03-11,53.900001525878906,55.81999969482422,49.97999954223633,52.2400016784668,0,0.13062022685630392
2020-03-12,75.47000122070312,76.83000183105469,59.90999984741211,61.459999084472656,0,0.33660473624706455
2020-03-13,57.83000183105469,77.56999969482422,55.16999816894531,71.30999755859375,0,-0.2662275386386179
2020-03-16,82.69000244140625,83.55999755859375,57.83000183105469,57.83000183105469,0,0.3575910014260426
2020-03-17,75.91000366210938,84.83000183105469,70.37000274658203,82.69000244140625,0,-0.0855502289874277
2020-03-18,76.44999694824219,85.47000122070312,69.37000274658203,69.37000274658203,0,0.007088416185267121
2020-03-19,72.0,84.26000213623047,68.56999969482422,80.62000274658203,0,-0.059970773440666036
2020-03-20,66.04000091552734,69.51000213623047,57.41999816894531,67.86000061035156,0,-0.08640548610090448
2020-03-23,61.59000015258789,76.73999786376953,60.459999084472656,74.08000183105469,0,-0.06976111073872016
2020-03-24,61.66999816894531,61.880001068115234,36.2400016784668,58.7599983215332,0,0.0012980371357969034
2020-03-25,63.95000076293945,68.86000061035156,58.029998779296875,61.439998626708984,0,0.03630398064287377
2020-03-26,61.0,67.05999755859375,57.65999984741211,65.66999816894531,0,-0.04722767578178999
2020-03-27,65.54000091552734,69.0999984741211,61.79999923706055,64.94999694824219,0,0.07178679306634272
2020-03-30,57.08000183105469,67.69000244140625,56.599998474121094,66.30000305175781,0,-0.1382068325522754
2020-03-31,53.540000915527344,58.75,50.880001068115234,56.689998626708984,0,-0.06402476949529667
2020-04-01,57.060001373291016,60.59000015258789,52.7599983215332,57.380001068115234,0,0.06367431466076212
2020-04-02,50.90999984741211,57.2400016784668,50.45000076293945,54.459999084472656,0,-0.11404400493580802
2020-04-03,46.79999923706055,52.290000915527344,46.7400016784668,51.11000061035156,0,-0.08417617829556034
2020-04-06,45.2400016784668,45.72999954223633,43.45000076293945,44.16999816894531,0,-0.033901498272168595
2020-04-07,46.70000076293945,47.5099983215332,43.5099983215332,44.83000183105469,0,0.03176249266257747
2020-04-08,43.349998474121094,47.279998779296875,42.529998779296875,45.900001525878906,0,-0.07443751298438661
2020-04-09,41.66999816894531,45.72999954223633,41.38999938964844,43.0,0,-0.03952526653493438
2020-04-13,41.16999816894531,45.040000915527344,41.16999816894531,44.599998474121094,0,-0.012071610186211057
2020-04-14,37.7599983215332,40.56999969482422,37.310001373291016,40.2400016784668,0,-0.08645949447997525
2020-04-15,40.84000015258789,43.22999954223633,40.04999923706055,42.56999969482422,0,0.0784117002063236
2020-04-16,40.11000061035156,43.02000045776367,39.869998931884766,41.91999816894531,0,-0.018036302033797025
2020-04-17,38.150001525878906,40.2599983215332,37.630001068115234,39.5,0,-0.0500998972716129
2020-04-20,43.83000183105469,43.83000183105469,39.880001068115234,40.68000030517578,0,0.13879275847971329
2020-04-21,45.40999984741211,47.77000045776367,43.77000045776367,44.279998779296875,0,0.03541378554262886
2020-04-22,41.97999954223633,45.06999969482422,41.40999984741211,44.90999984741211,0,-0.07853903826147413
2020-04-23,41.380001068115234,42.470001220703125,39.060001373291016,41.29999923706055,0,-0.014395605358407781
2020-04-24,35.93000030517578,40.16999816894531,35.599998474121094,38.79999923706055,0,-0.1412250885107036
2020-04-27,33.290000915527344,36.439998626708984,32.5099983215332,36.290000915527344,0,-0.0763155305305423
2020-04-28,33.56999969482422,35.38999938964844,30.540000915527344,33.209999084472656,0,0.008375722812708819
2020-04-29,31.229999542236328,33.189998626708984,30.709999084472656,32.47999954223633,0,-0.07225364526404565
2020-04-30,34.150001525878906,35.939998626708984,30.93000030517578,30.989999771118164,0,0.08938347406129621
2020-05-01,37.189998626708984,39.56999969482422,36.59000015258789,38.16999816894531,0,0.08527724031216177
2020-05-04,35.970001220703125,40.31999969482422,35.529998779296875,39.130001068115234,0,-0.03335457936639363
2020-05-05,33.61000061035156,36.220001220703125,31.950000762939453,34.81999969482422,0,-0.06786163174739857
2020-05-06,34.119998931884766,35.689998626708984,31.68000030517578,32.689998626708984,0,0.01506003142197665
2020-05-07,31.440000534057617,32.279998779296875,30.3700008392334,32.119998931884766,0,-0.08180270677123946
2020-05-08,27.979999542236328,30.389999389648438,27.889999389648438,30.139999389648438,0,-0.1165910316706249
2020-05-11,27.56999969482422,31.459999084472656,26.969999313354492,28.459999084472656,0,-0.014761738910366251
2020-05-12,33.040000915527344,33.040000915527344,26.0,28.469999313354492,0,0.18099076239586198
2020-05-13,35.279998779296875,37.41999816894531,30.770000457763672,32.7400016784668,0,0.0655972201757189
2020-05-14,32.61000061035156,39.279998779296875,32.33000183105469,35.15999984741211,0,-0.07869718802023451
2020-05-15,31.889999389648438,35.130001068115234,31.040000915527344,32.5,0,-0.02232654663523803
2020-05-18,29.299999237060547,31.079999923706055,28.350000381469727,30.709999084472656,0,-0.08470497189855664
2020-05-19,30.530000686645508,30.739999771118164,28.3700008392334,28.729999542236328,0,0.04112233925349962
2020-05-20,27.989999771118164,29.829999923706055,27.829999923706055,29.520000457763672,0,-0.08686253388754128
2020-05-21,29.530000686645508,30.200000762939453,27.670000076293945,28.969999313354492,0,0.05355942365821331
2020-05-22,28.15999984741211,31.549999237060547,28.030000686645508,31.360000610351562,0,-0.04750419313706633
2020-05-26,28.010000228881836,28.579999923706055,27.18000030517578,27.719999313354492,0,-0.005340928427787439
2020-05-27,27.6200008392334,30.530000686645508,25.920000076293945,27.6200008392334,0,-0.014021419077315134
2020-05-28,28.59000015258789,29.889999389648438,27.43000030517578,27.81999969482422,0,0.03451683330519284
2020-05-29,27.510000228881836,30.15999984741211,27.290000915527344,29.299999237060547,0,-0.03850742841489385
2020-06-01,28.229999542236328,30.600000381469727,28.110000610351562,28.940000534057617,0,0.025835642793460067
2020-06-02,26.84000015258789,28.520000457763672,26.65999984741211,28.399999618530273,0,-0.050491908261319995
2020-06-03,25.65999984741211,26.979999542236328,25.040000915527344,26.75,0,-0.044959964547611087
2020-06-04,25.809999465942383,26.43000030517578,24.3799991607666,26.229999542236328,0,0.005828639797671897
2020-06-05,24.520000457763672,25.09000015258789,23.540000915527344,24.790000915527344,0,-0.05127286330163239
2020-06-08,25.809999465942383,25.979999542236328,24.649999618530273,25.559999465942383,0,0.05127286330163239
2020-06-09,27.56999969482422,27.700000762939453,25.709999084472656,25.93000030517578,0,0.06596622092794568
2020-06-10,27.56999969482422,29.010000228881836,26.059999465942383,26.729999542236328,0,0.0
2020-06-11,40.790000915527344,42.58000183105469,29.489999771118164,30.450000762939453,0,0.391708761807783
2020-06-12,36.09000015258789,44.15999984741211,34.970001220703125,37.68000030517578,0,-0.12242115289168387
2020-06-15,34.400001525878906,44.439998626708984,34.279998779296875,44.09000015258789,0,-0.04795921414638249
2020-06-16,33.66999816894531,37.45000076293945,31.729999542236328,34.279998779296875,0,-0.021449429945693765
2020-06-17,33.470001220703125,35.16999816894531,32.25,33.279998779296875,0,-0.00595762709580816
2020-06-18,32.939998626708984,36.25,32.2400016784668,33.83000183105469,0,-0.015961868635982146
2020-06-19,35.119998931884766,35.119998931884766,30.399999618530273,32.06999969482422,0,0.06408305529479819
2020-06-22,31.770000457763672,35.38999938964844,31.639999389648438,35.220001220703125,0,-0.10024827566350902
2020-06-23,31.3700008392334,31.709999084472656,29.260000228881836,31.709999084472656,0,-0.012670413734777064
2020-06-24,33.84000015258789,37.119998931884766,30.950000762939453,31.049999237060547,0,0.07579149029179577
2020-06-25,32.220001220703125,36.93000030517578,31.59000015258789,36.59000015258789,0,-0.04905612361179035
2020-06-26,34.72999954223633,36.25,31.040000915527344,33.0099983215332,0,0.07501643794001112
2020-06-29,31.780000686645508,36.310001373291016,31.780000686645508,35.04999923706055,0,-0.088766670860557
2020-06-30,30.43000030517578,32.939998626708984,29.559999465942383,32.540000915527344,0,-0.04340820877712481
2020-07-01,28.6200008392334,31.760000228881836,28.200000762939453,30.959999084472656,0,-0.061323170486036194
2020-07-02,27.68000030517578,28.440000534057617,25.899999618530273,28.329999923706055,0,-0.03339566167701813
2020-07-06,27.940000534057617,28.329999923706055,24.920000076293945,27.760000228881836,0,0.009349231168656047
2020-07-07,29.43000030517578,29.6299991607666,27.25,28.770000457763672,0,0.051955199671667174
2020-07-08,28.079999923706055,30.200000762939453,27.239999771118164,28.950000762939453,0,-0.04695699617433924
2020-07-09,29.260000228881836,31.479999542236328,26.110000610351562,28.18000030517578,0,0.04116382697373444
2020-07-10,27.290000915527344,30.90999984741211,27.1299991607666,30.860000610351562,0,-0.06970103514598858
2020-07-13,32.189998626708984,32.45000076293945,26.8700008392334,27.850000381469727,0,0.16513543438034217
2020-07-14,29.520000457763672,33.66999816894531,29.209999084472656,31.139999389648438,0,-0.08658778740950623
2020-07-15,27.760000228881836,30.09000015258789,27.170000076293945,29.149999618530273,0,-0.06147187135554466
2020-07-16,28.0,29.290000915527344,26.979999542236328,28.40999984741211,0,0.00860836629157724
2020-07-17,25.68000030517578,27.540000915527344,25.40999984741211,27.149999618530273,0,-0.08649201946965146
2020-07-20,24.459999084472656,27.079999923706055,24.350000381469727,26.940000534057617,0,-0.04867339787609959
2020-07-21,24.84000015258789,25.649999618530273,23.610000610351562,24.079999923706055,0,0.01541617037865528
2020-07-22,24.31999969482422,26.260000228881836,24.1299991607666,24.559999465942383,0,-0.021156218658488157
2020-07-23,26.079999923706055,26.950000762939453,23.600000381469727,23.969999313354492,0,0.06986968958345097
2020-07-24,25.84000015258789,28.579999923706055,25.530000686645508,27.959999084472656,0,-0.009245049313565623
2020-07-27,24.739999771118164,26.940000534057617,24.549999237060547,26.600000381469727,0,-0.04350232710665214
2020-07-28,25.440000534057617,25.850000381469727,24.049999237060547,24.860000610351562,0,0.027901401751898813
2020-07-29,24.100000381469727,25.420000076293945,23.729999542236328,25.15999984741211,0,-0.05411090313952327
2020-07-30,24.760000228881836,28.290000915527344,24.639999389648438,25.040000915527344,0,0.02701760073518278
2020-07-31,24.459999084472656,26.40999984741211,23.549999237060547,24.790000915527344,0,-0.01219036423095865
2020-08-03,24.280000686645508,26.010000228881836,22.170000076293945,25.75,0,-0.00738609835786308
2020-08-04,23.760000228881836,24.760000228881836,22.920000076293945,24.010000228881836,0,-0.021649490344071598
2020-08-05,22.989999771118164,23.610000610351562,22.860000610351562,23.440000534057617,0,-0.03294417530814053
2020-08-06,22.649999618530273,24.110000610351562,20.969999313354492,23.030000686645508,0,-0.014899493732265512
2020-08-07,22.209999084472656,24.020000457763672,22.020000457763672,23.450000762939453,0,-0.01961723840217866
2020-08-10,22.1299991607666,23.520000457763672,21.459999084472656,22.8799991607666,0,-0.0036084805448584056
2020-08-11,24.030000686645508,24.93000030517578,20.280000686645508,21.850000381469727,0,0.08236896218281364
2020-08-12,22.280000686645508,22.8799991607666,21.540000915527344,22.81999969482422,0,-0.07561363244488728
2020-08-13,22.1299991607666,22.920000076293945,21.450000762939453,22.200000762939453,0,-0.006755329737926363
2020-08-14,22.049999237060547,23.549999237060547,21.790000915527344,22.270000457763672,0,-0.003621548847648981
2020-08-17,21.350000381469727,22.81999969482422,21.34000015258789,22.520000457763672,0,-0.03226080975035783
2020-08-18,21.510000228881836,22.549999237060547,21.18000030517578,21.690000534057617,0,0.007466196378287826
2020-08-19,22.540000915527344,22.979999542236328,20.989999771118164,21.600000381469727,0,0.04677359530916769
2020-08-20,22.719999313354492,24.600000381469727,22.3700008392334,24.100000381469727,0,0.007954014401352794
2020-08-21,22.540000915527344,24.469999313354492,22.059999465942383,22.579999923706055,0,-0.007954014401352794
2020-08-24,22.3700008392334,23.18000030517578,21.25,22.8700008392334,0,-0.007570736211464535
2020-08-25,22.030000686645508,23.43000030517578,21.530000686645508,22.15999984741211,0,-0.01531562103515105
2020-08-26,23.270000457763672,23.270000457763672,20.920000076293945,22.139999389648438,0,0.05475980500313016
2020-08-27,24.469999313354492,27.09000015258789,21.440000534057617,23.420000076293945,0,0.050282852407834255
2020-08-28,22.959999084472656,26.299999237060547,22.639999389648438,24.59000015258789,0,-0.06369431781739188
2020-08-31,26.40999984741211,26.5,21.770000457763672,23.90999984741211,0,0.13998918895490453
2020-09-01,26.1200008392334,26.59000015258789,25.020000457763672,25.860000610351562,0,-0.011041383993239506
2020-09-02,26.56999969482422,27.06999969482422,25.530000686645508,26.010000228881836,0,0.01708141174784883
2020-09-03,33.599998474121094,35.939998626708984,25.65999984741211,26.280000686645508,0,0.23474327327010025
2020-09-04,30.75,38.279998779296875,29.5,34.619998931884766,0,-0.08863602730356801
2020-09-08,31.459999084472656,35.93000030517578,30.520000457763672,30.610000610351562,0,0.02282687427629071
2020-09-09,28.809999465942383,31.780000686645508,28.1200008392334,31.68000030517578,0,-0.08799433796961109
2020-09-10,29.709999084472656,30.559999465942383,27.59000015258789,28.670000076293945,0,0.030761128099848545
2020-09-11,26.8700008392334,29.729999542236328,26.510000228881836,28.6299991607666,0,-0.10047320479855548
2020-09-14,25.850000381469727,26.790000915527344,25.3799991607666,25.860000610351562,0,-0.03869983814901223
2020-09-15,25.59000015258789,26.0,24.920000076293945,25.920000076293945,0,-0.010108959576996313
2020-09-16,26.040000915527344,26.59000015258789,24.84000015258789,25.309999465942383,0,0.017432196364377095
2020-09-17,26.459999084472656,28.920000076293945,26.260000228881836,28.219999313354492,0,0.016000271587512493
2020-09-18,25.829999923706055,28.100000381469727,25.280000686645508,26.649999618530273,0,-0.02409751993232634
2020-09-21,27.780000686645508,31.18000030517578,27.389999389648438,28.040000915527344,0,0.07277975788940427
2020-09-22,26.860000610351562,28.780000686645508,26.479999542236328,28.610000610351562,0,-0.03367814822492843
2020-09-23,28.579999923706055,29.729999542236328,25.190000534057617,27.020000457763672,0,0.06206895601370421
2020-09-24,28.510000228881836,30.489999771118164,27.940000534057617,29.540000915527344,0,-0.0024522588795288236
2020-09-25,26.3799991607666,30.43000030517578,26.020000457763672,28.170000076293945,0,-0.07764879547678216
2020-09-28,26.190000534057617,27.190000534057617,24.899999618530273,27.149999618530273,0,-0.0072284365646413384
2020-09-29,26.270000457763672,27.43000030517578,25.979999542236328,26.809999465942383,0,0.003049942211506007
2020-09-30,26.3700008392334,27.1200008392334,25.059999465942383,26.690000534057617,0,0.003799411067715752
2020-10-01,26.700000762939453,27.110000610351562,25.329999923706055,25.780000686645508,0,0.012436561790211353
2020-10-02,27.6299991607666,29.899999618530273,26.93000030517578,28.8700008392334,0,0.034238514580617885
2020-10-05,27.959999084472656,29.690000534057617,27.270000457763672,29.520000457763672,0,0.011872776060093848
2020-10-06,29.479999542236328,30.0,26.010000228881836,28.049999237060547,0,0.052937167171768884
2020-10-07,28.059999465942383,29.760000228881836,27.940000534057617,29.260000228881836,0,-0.04936699615158302
2020-10-08,26.360000610351562,27.989999771118164,24.8799991607666,27.649999618530273,0,-0.062497322852846704
2020-10-09,25.0,26.219999313354492,24.030000686645508,26.200000762939453,0,-0.052971907920565275
2020-10-12,25.06999969482422,25.649999618530273,24.139999389648438,25.649999618530273,0,0.0027960751290541097
2020-10-13,26.06999969482422,26.93000030517578,25.15999984741211,25.670000076293945,0,0.03911331624214176
2020-10-14,26.399999618530273,27.229999542236328,25.530000686645508,25.719999313354492,0,0.012578779463263245
2020-10-15,26.969999313354492,29.059999465942383,26.81999969482422,27.100000381469727,0,0.021361115989374735
2020-10-16,27.40999984741211,27.459999084472656,26.190000534057617,27.15999984741211,0,0.016182793055790512
2020-10-19,29.18000030517578,29.690000534057617,27.040000915527344,27.360000610351562,0,0.06257564880520361
2020-10-20,29.350000381469727,29.600000381469727,28.290000915527344,28.809999465942383,0,0.005809005718341975
2020-10-21,28.649999618530273,30.549999237060547,28.3700008392334,29.1200008392334,0,-0.024139129425446715
2020-10-22,28.110000610351562,30.1200008392334,27.68000030517578,30.100000381469727,0,-0.019028023214514356
2020-10-23,27.549999237060547,28.670000076293945,27.260000228881836,28.469999313354492,0,-0.020122898725388083
2020-10-26,32.459999084472656,33.68000030517578,29.219999313354492,29.3799991607666,0,0.16400602597563774
2020-10-27,33.349998474121094,33.77000045776367,31.850000381469727,32.040000915527344,0,0.027049192726482207
2020-10-28,40.279998779296875,40.77000045776367,34.68000030517578,34.689998626708984,0,0.18879731093677954
2020-10-29,37.59000015258789,41.15999984741211,35.630001068115234,38.79999923706055,0,-0.06911697590956623
2020-10-30,38.02000045776367,41.09000015258789,36.5,40.810001373291016,0,0.011374287465003796
2020-11-02,37.130001068115234,38.779998779296875,36.130001068115234,38.56999969482422,0,-0.02368705214446365
2020-11-03,35.54999923706055,36.439998626708984,34.189998626708984,36.439998626708984,0,-0.0434851621676704
2020-11-04,29.56999969482422,36.849998474121094,28.030000686645508,36.790000915527344,0,-0.18417981124429073
2020-11-05,27.579999923706055,28.139999389648438,26.040000915527344,27.559999465942383,0,-0.06966945394505553
2020-11-06,24.860000610351562,29.440000534057617,24.559999465942383,27.8700008392334,0,-0.10383075896476202
2020-11-09,25.75,25.81999969482422,22.40999984741211,24.799999237060547,0,0.03517451647562897
2020-11-10,24.799999237060547,26.770000457763672,24.350000381469727,25.360000610351562,0,-0.037591004702496544
2020-11-11,23.450000762939453,25.1200008392334,22.56999969482422,25.010000228881836,0,-0.055973094980228844
2020-11-12,25.350000381469727,27.270000457763672,23.530000686645508,24.389999389648438,0,0.0779082176582877
2020-11-13,23.100000381469727,25.030000686645508,22.739999771118164,24.940000534057617,0,-0.09294611104371864
2020-11-16,22.450000762939453,24.079999923706055,22.43000030517578,23.65999984741211,0,-0.028541985869385833
2020-11-17,22.709999084472656,24.09000015258789,22.34000015258789,22.84000015258789,0,0.011514667631421727
2020-11-18,23.84000015258789,23.920000076293945,21.65999984741211,22.860000610351562,0,0.04855953279402314
2020-11-19,23.110000610351562,24.520000457763672,22.559999465942383,23.6200008392334,0,-0.03109939790064642
2020-11-20,23.700000762939453,23.729999542236328,22.1299991607666,23.43000030517578,0,0.02520962963562212
2020-11-23,22.65999984741211,23.959999084472656,22.450000762939453,23.65999984741211,0,-0.04487383146656265
2020-11-24,21.639999389648438,22.479999542236328,20.799999237060547,22.040000915527344,0,-0.04605782309256634
2020-11-25,21.25,22.5,21.1299991607666,21.649999618530273,0,-0.018186530403068613
2020-11-27,20.84000015258789,21.600000381469727,19.510000228881836,21.520000457763672,0,-0.01948267116338398
2020-11-30,20.56999969482422,22.889999389648438,20.479999542236328,22.639999389648438,0,-0.013040535378140206
2020-12-01,20.770000457763672,20.920000076293945,20.0,20.209999084472656,0,0.00967597109877616
2020-12-02,21.170000076293945,21.25,20.040000915527344,21.0,0,0.019075428822966867
2020-12-03,21.280000686645508,21.8799991607666,20.719999313354492,21.239999771118164,0,0.005182607989974386
2020-12-04,20.790000915527344,21.149999618530273,19.969999313354492,21.049999237060547,0,-0.02329555083378887
2020-12-07,21.299999237060547,22.6200008392334,21.170000076293945,22.040000915527344,0,0.024234890989795144
2020-12-08,20.68000030517578,22.25,20.520000457763672,21.649999618530273,0,-0.029539972499347478
2020-12-09,22.270000457763672,22.93000030517578,20.100000381469727,20.65999984741211,0,0.07407343742716987
2020-12-10,22.520000457763672,23.459999084472656,21.530000686645508,22.1200008392334,0,0.011163321774025015
2020-12-11,23.309999465942383,25.139999389648438,22.479999542236328,22.489999771118164,0,0.03447860653809798
2020-12-14,24.719999313354492,24.81999969482422,21.950000762939453,22.670000076293945,0,0.05873017467599739
2020-12-15,22.889999389648438,24.06999969482422,22.729999542236328,24.0,0,-0.07691249751264362
2020-12-16,22.5,23.670000076293945,22.290000915527344,22.510000228881836,0,-0.017184798089550313
2020-12-17,21.93000030517578,22.270000457763672,21.520000457763672,21.979999542236328,0,-0.02565973286467349
2020-12-18,21.56999969482422,23.770000457763672,21.56999969482422,22.149999618530273,0,-0.01655213009279466
2020-12-21,25.15999984741211,31.459999084472656,24.229999542236328,24.25,0,0.1539519795146318
2020-12-22,24.229999542236328,25.559999465942383,23.530000686645508,25.239999771118164,0,-0.037663909831537445
2020-12-23,23.309999465942383,23.68000030517578,22.1299991607666,23.489999771118164,0,-0.038709085799429666
2020-12-24,21.530000686645508,22.829999923706055,21.389999389648438,22.469999313354492,0,-0.07943508686780065
2020-12-28,21.700000762939453,22.1200008392334,21.149999618530273,22.110000610351562,0,0.007864952436142936
2020-12-29,23.079999923706055,23.719999313354492,20.989999771118164,21.610000610351562,0,0.06165414262935531
2020-12-30,22.770000457763672,23.149999618530273,22.40999984741211,22.579999923706055,0,-0.013522538154814079
2020-12-31,22.75,23.25,21.239999771118164,22.989999771118164,0,-0.0008787547824948838
2021-01-04,26.969999313354492,29.190000534057617,22.559999465942383,23.040000915527344,0,0.17015996629507502
2021-01-05,25.34000015258789,28.600000381469727,24.799999237060547,26.940000534057617,0,-0.06234093077741987
2021-01-06,25.06999969482422,26.770000457763672,22.139999389648438,25.479999542236328,0,-0.010712280917359873
2021-01-07,22.3700008392334,23.90999984741211,22.25,23.670000076293945,0,-0.11395108697919554
2021-01-08,21.559999465942383,23.34000015258789,21.420000076293945,22.43000030517578,0,-0.03688109174802445
2021-01-11,24.079999923706055,24.809999465942383,23.229999542236328,23.309999465942383,0,0.11054189600223241
2021-01-12,23.329999923706055,25.149999618530273,22.829999923706055,23.489999771118164,0,-0.03164153450913609
2021-01-13,22.209999084472656,24.18000030517578,21.920000076293945,23.06999969482422,0,-0.04919748607819763
2021-01-14,23.25,23.469999313354492,21.65999984741211,22.219999313354492,0,0.04576253534843211
2021-01-15,24.34000015258789,25.799999237060547,23.079999923706055,23.520000457763672,0,0.04581596179503311
2021-01-19,23.239999771118164,23.559999465942383,22.530000686645508,23.030000686645508,0,-0.04624617169330403
2021-01-20,21.579999923706055,22.860000610351562,21.3700008392334,22.81999969482422,0,-0.07410796584050683
2021-01-21,21.31999969482422,22.219999313354492,21.09000015258789,21.34000015258789,0,-0.012121371311005102
2021-01-22,21.90999984741211,23.729999542236328,21.270000457763672,22.239999771118164,0,0.0272975616594886
2021-01-25,23.190000534057617,26.6299991607666,22.200000762939453,22.309999465942383,0,0.0567780276540204
2021-01-26,23.020000457763672,23.940000534057617,22.549999237060547,23.90999984741211,0,-0.007357751117878841
2021-01-27,37.209999084472656,37.209999084472656,23.709999084472656,23.81999969482422,0,0.48021409457498176
2021-01-28,30.209999084472656,36.290000915527344,27.389999389648438,33.25,0,-0.2084045526610545
2021-01-29,33.09000015258789,37.5099983215332,29.239999771118164,35.15999984741211,0,0.09105816145167989
2021-02-01,30.239999771118164,33.959999084472656,29.030000686645508,31.450000762939453,0,-0.09006558280233135
2021-02-02,25.559999465942383,28.079999923706055,25.309999465942383,28.010000228881836,0,-0.168136935127428
2021-02-03,22.90999984741211,25.43000030517578,22.90999984741211,24.59000015258789,0,-0.10945511880997483
2021-02-04,21.770000457763672,23.440000534057617,21.68000030517578,23.440000534057617,0,-0.051040593531360035
2021-02-05,20.8700008392334,22.15999984741211,20.860000610351562,21.989999771118164,0,-0.04222013497218757
2021-02-08,21.239999771118164,22.06999969482422,21.229999542236328,21.889999389648438,0,0.01757342429621911
2021-02-09,21.6299991607666,22.260000228881836,20.649999618530273,21.56999969482422,0,0.018195015567699535
2021-02-10,21.989999771118164,23.850000381469727,19.690000534057617,21.639999389648438,0,0.016506592992761693
2021-02-11,21.25,23.25,21.110000610351562,22.09000015258789,0,-0.03423089878779262
2021-02-12,19.969999313354492,22.450000762939453,19.950000762939453,21.600000381469727,0,-0.06212578232655375
2021-02-16,21.459999084472656,22.459999084472656,20.8799991607666,21.1299991607666,0,0.07195958149664117
2021-02-17,21.5,23.440000534057617,21.09000015258789,22.020000457763672,0,0.0018622405931036923
2021-02-18,22.489999771118164,24.229999542236328,21.799999237060547,21.979999542236328,0,0.04501782066055826
2021-02-19,22.049999237060547,23.190000534057617,20.84000015258789,23.100000381469727,0,-0.019758188501749263
2021-02-22,23.450000762939453,25.09000015258789,21.959999084472656,24.459999084472656,0,0.06155796013459369
2021-02-23,23.110000610351562,27.010000228881836,22.5,22.81999969482422,0,-0.014605076730018318
2021-02-24,21.34000015258789,25.040000915527344,21.309999465942383,23.760000228881836,0,-0.07968219767307128
2021-02-25,28.889999389648438,31.15999984741211,21.520000457763672,21.729999542236328,0,0.30291224032747177
2021-02-26,27.950000762939453,30.81999969482422,25.229999542236328,28.729999542236328,0,-0.03307826645371259
2021-03-01,23.350000381469727,25.389999389648438,23.170000076293945,25.200000762939453,0,-0.17982022644574958
2021-03-02,24.100000381469727,24.600000381469727,22.799999237060547,23.579999923706055,0,0.03161485587328894
2021-03-03,26.670000076293945,26.790000915527344,22.450000762939453,22.799999237060547,0,0.10132748472935971
2021-03-04,28.56999969482422,31.899999618530273,24.93000030517578,26.520000457763672,0,0.06881786450640703
2021-03-05,24.65999984741211,30.030000686645508,24.329999923706055,29.479999542236328,0,-0.14717471401246485
2021-03-08,25.469999313354492,28.389999389648438,24.06999969482422,27.610000610351562,0,0.03231877048384346
2021-03-09,24.030000686645508,25.25,22.899999618530273,25.110000610351562,0,-0.058198183709485374
2021-03-10,22.559999465942383,23.8700008392334,22.3799991607666,23.760000228881836,0,-0.06312467536579769
2021-03-11,21.90999984741211,22.5,21.450000762939453,22.5,0,-0.029235256314019686
2021-03-12,20.690000534057617,22.989999771118164,20.6299991607666,22.56999969482422,0,-0.05729262907326538
2021-03-15,20.030000686645508,21.860000610351562,19.8700008392334,21.84000015258789,0,-0.03241933361122573
2021-03-16,19.790000915527344,20.309999465942383,19.329999923706055,20.139999389648438,0,-0.012054378081987505
2021-03-17,19.229999542236328,20.950000762939453,19.18000030517578,20.100000381469727,0,-0.02870527008056767
2021-03-18,21.579999923706055,22.600000381469727,18.950000762939453,18.950000762939453,0,0.11529542049856278
2021-03-19,20.950000762939453,23.170000076293945,19.899999618530273,21.43000030517578,0,-0.029628273509283876
2021-03-22,18.8799991607666,22.290000915527344,18.8700008392334,21.90999984741211,0,-0.10403556651887191
2021-03-23,20.299999237060547,21.579999923706055,18.799999237060547,19.459999084472656,0,0.07251773219808477
2021-03-24,21.200000762939453,21.489999771118164,19.299999237060547,20.639999389648438,0,0.0433803692011594
2021-03-25,19.809999465942383,23.549999237060547,19.809999465942383,20.799999237060547,0,-0.06781438391420824
2021-03-26,18.860000610351562,21.489999771118164,18.68000030517578,19.31999969482422,0,-0.0491435241839322
2021-03-29,20.739999771118164,21.600000381469727,19.420000076293945,20.399999618530273,0,0.09502088219807714
2021-03-30,19.610000610351562,21.75,19.469999313354492,20.760000228881836,0,-0.056024520432852665
2021-03-31,19.399999618530273,20.110000610351562,18.850000381469727,19.799999237060547,0,-0.010766624926865642
2021-04-01,17.329999923706055,18.639999389648438,17.290000915527344,18.600000381469727,0,-0.11283394708080019
2021-04-05,17.90999984741211,18.399999618530273,17.350000381469727,18.15999984741211,0,0.03292010822782254
2021-04-06,18.1200008392334,18.299999237060547,17.3700008392334,18.06999969482422,0,0.011657139377224013
2021-04-07,17.15999984741211,18.170000076293945,16.8700008392334,17.989999771118164,0,-0.054435261762392884
2021-04-08,16.950000762939453,17.360000610351562,16.549999237060547,16.920000076293945,0,-0.012313206330112791
2021-04-09,16.690000534057617,17.34000015258789,16.200000762939453,17.049999237060547,0,-0.015458109165233047
2021-04-12,16.90999984741211,17.90999984741211,16.809999465942383,17.43000030517578,0,0.013095384214556915
2021-04-13,16.649999618530273,17.860000610351562,16.43000030517578,16.989999771118164,0,-0.015494960371601252
2021-04-14,16.989999771118164,17.690000534057617,15.380000114440918,16.709999084472656,0,0.02021472869692076
2021-04-15,16.56999969482422,16.920000076293945,15.9399995803833,16.780000686645508,0,-0.025031109191175016
2021-04-16,16.25,16.8799991607666,16.049999237060547,16.649999618530273,0,-0.01950090424535711
2021-04-19,17.290000915527344,18.610000610351562,16.780000686645508,17.040000915527344,0,0.06203544387071469
2021-04-20,18.68000030517578,19.700000762939453,17.239999771118164,17.360000610351562,0,0.0773250964912684
2021-04-21,17.5,19.290000915527344,16.90999984741211,18.479999542236328,0,-0.06525256820826097
2021-04-22,18.709999084472656,19.899999618530273,16.989999771118164,17.280000686645508,0,0.06685721042401394
2021-04-23,17.329999923706055,18.780000686645508,16.799999237060547,18.559999465942383,0,-0.07661899202838818
2021-04-26,17.639999389648438,18.170000076293945,16.8700008392334,17.940000534057617,0,0.017729916653121958
2021-04-27,17.559999465942383,18.15999984741211,16.969999313354492,17.6200008392334,0,-0.0045454581845501
2021-04-28,17.280000686645508,17.84000015258789,16.670000076293945,17.469999313354492,0,-0.016073754681327213
2021-04-29,17.610000610351562,18.8700008392334,16.770000457763672,16.8799991607666,0,0.01891715405514871
2021-04-30,18.610000610351562,19.25,17.639999389648438,17.670000076293945,0,0.05523214628363826
2021-05-03,18.309999465942383,19.1200008392334,17.799999237060547,18.649999618530273,0,-0.01625177393224453
2021-05-04,19.479999542236328,21.850000381469727,18.110000610351562,18.15999984741211,0,0.06194094519634552
2021-05-05,19.149999618530273,19.579999923706055,17.889999389648438,18.84000015258789,0,-0.017085579008662588
2021-05-06,18.389999389648438,20.600000381469727,18.209999084472656,18.40999984741211,0,-0.040495690279653385
2021-05-07,16.690000534057617,18.56999969482422,16.68000030517578,18.450000762939453,0,-0.0969972357545088
2021-05-10,19.65999984741211,19.75,17.06999969482422,17.34000015258789,0,0.16377633728528096
2021-05-11,21.84000015258789,23.729999542236328,20.709999084472656,21.170000076293945,0,0.10515705090564609
2021-05-12,27.59000015258789,28.3799991607666,21.65999984741211,22.420000076293945,0,0.23371023589641604
2021-05-13,23.1299991607666,28.93000030517578,22.229999542236328,26.030000686645508,0,-0.17632295379972707
2021-05-14,18.809999465942383,22.100000381469727,18.65999984741211,21.770000457763672,0,-0.2067418250392974
2021-05-17,19.719999313354492,21.579999923706055,19.670000076293945,19.889999389648438,0,0.04724469943401566
2021-05-18,21.34000015258789,21.450000762939453,18.809999465942383,18.889999389648438,0,0.07894993866919364
2021-05-19,22.18000030517578,25.959999084472656,21.8799991607666,22.459999084472656,0,0.03860774265734346
2021-05-20,20.670000076293945,23.5,20.190000534057617,22.329999923706055,0,-0.07050761829654961
2021-05-21,20.149999618530273,20.889999389648438,19.530000686645508,20.420000076293945,0,-0.02547910792353214
2021-05-24,18.399999618530273,20.510000228881836,18.3799991607666,20.5,0,-0.09085362557830212
2021-05-25,18.84000015258789,19.290000915527344,16.8700008392334,18.350000381469727,0,0.023631633364472382
2021-05-26,17.360000610351562,18.920000076293945,17.350000381469727,18.3700008392334,0,-0.08181353285665827
2021-05-27,16.739999771118164,18.170000076293945,16.520000457763672,18.030000686645508,0,-0.036367693002124835
2021-05-28,16.760000228881836,16.860000610351562,15.899999618530273,16.799999237060547,0,0.001194057321792119
2021-06-01,17.899999618530273,18.530000686645508,15.680000305175781,17.239999771118164,0,0.06580558282517979
2021-06-02,17.479999542236328,18.309999465942383,16.739999771118164,17.860000610351562,0,-0.0237433474960147
2021-06-03,18.040000915527344,19.270000457763672,17.450000762939453,17.729999542236328,0,0.03153422134479289
2021-06-04,16.420000076293945,18.420000076293945,16.18000030517578,18.09000015258789,0,-0.0940914567136435
2021-06-07,16.420000076293945,17.350000381469727,15.779999732971191,17.34000015258789,0,0.0
2021-06-08,17.06999969482422,17.75,15.149999618530273,16.579999923706055,0,0.03882241025776212
2021-06-09,17.889999389648438,17.959999084472656,15.550000190734863,17.18000030517578,0,0.04691934447526691
2021-06-10,16.100000381469727,18.290000915527344,16.010000228881836,18.18000030517578,0,-0.10542256771952596
2021-06-11,15.649999618530273,16.200000762939453,15.149999618530273,16.18000030517578,0,-0.028348403073088946
2021-06-14,16.389999389648438,17.040000915527344,15.039999961853027,16.040000915527344,0,0.0462004629053725
2021-06-15,17.020000457763672,17.350000381469727,16.139999389648438,16.270000457763672,0,0.037717794524388726
2021-06-16,18.149999618530273,19.110000610351562,16.420000076293945,16.989999771118164,0,0.06428138965238261
2021-06-17,17.75,19.219999313354492,16.709999084472656,18.489999771118164,0,-0.022285023771818846
2021-06-18,20.700000762939453,21.040000915527344,16.920000076293945,16.959999084472656,0,0.1537482212068766
2021-06-21,17.889999389648438,21.81999969482422,17.809999465942383,21.739999771118164,0,-0.14589187372458667
2021-06-22,16.65999984741211,18.31999969482422,15.760000228881836,17.90999984741211,0,-0.07123123582395507
2021-06-23,16.31999969482422,16.84000015258789,14.859999656677246,16.25,0,-0.020619296743295212
2021-06-24,15.970000267028809,16.049999237060547,14.1899995803833,15.989999771118164,0,-0.021679351888891585
2021-06-25,15.619999885559082,16.170000076293945,15.210000038146973,16.040000915527344,0,-0.02215984186259634
2021-06-28,15.760000228881836,16.459999084472656,15.390000343322754,16.06999969482422,0,0.008922961867715795
2021-06-29,16.020000457763672,16.309999465942383,14.100000381469727,15.6899995803833,0,0.01636287126203184
2021-06-30,15.829999923706055,17.309999465942383,15.579999923706055,16.18000030517578,0,-0.011931101141382516
2021-07-01,15.479999542236328,16.010000228881836,15.3100004196167,15.619999885559082,0,-0.02235803048305751
2021-07-02,15.069999694824219,15.539999961853027,14.25,15.529999732971191,0,-0.026842846202429715
2021-07-06,16.440000534057617,17.940000534057617,15.729999542236328,15.770000457763672,0,0.08701142972543563
2021-07-07,16.200000762939453,17.639999389648438,16.079999923706055,16.43000030517578,0,-0.014706132779924719
2021-07-08,19.0,21.290000915527344,17.739999771118164,17.739999771118164,0,0.1594276898330751
2021-07-09,16.18000030517578,18.1299991607666,16.079999923706055,17.8799991607666,0,-0.16066304867479797
2021-07-12,16.170000076293945,17.520000457763672,16.139999389648438,16.850000381469727,0,-0.0006182521843864919
2021-07-13,17.1200008392334,17.229999542236328,15.9399995803833,16.389999389648438,0,0.05708974142698153
2021-07-14,16.329999923706055,17.510000228881836,15.949999809265137,17.34000015258789,0,-0.04724351742387478
2021-07-15,17.010000228881836,18.09000015258789,16.559999465942383,16.700000762939453,0,0.0407975175531301
2021-07-16,18.450000762939453,18.700000762939453,16.030000686645508,16.799999237060547,0,0.08126299197477449
2021-07-19,22.5,25.09000015258789,19.270000457763672,19.610000610351562,0,0.19845089737210708
2021-07-20,19.729999542236328,22.969999313354492,19.3700008392334,20.889999389648438,0,-0.13137501237725324
2021-07-21,17.90999984741211,19.81999969482422,17.809999465942383,19.729999542236328,0,-0.09678108928020412
2021-07-22,17.690000534057617,18.450000762939453,17.399999618530273,17.59000015258789,0,-0.012359669191420064
2021-07-23,17.200000762939453,17.479999542236328,16.329999923706055,16.979999542236328,0,-0.02809011018514518
2021-07-26,17.579999923706055,19.389999389648438,17.530000686645508,18.670000076293945,0,0.02185245974086447
2021-07-27,19.360000610351562,20.440000534057617,18.25,18.6200008392334,0,0.09644722545763829
2021-07-28,18.309999465942383,19.6200008392334,17.520000457763672,19.40999984741211,0,-0.05576178385597297
2021-07-29,17.700000762939453,18.010000228881836,17.190000534057617,17.90999984741211,0,-0.033882646835174945
2021-07-30,18.239999771118164,19.719999313354492,17.530000686645508,19.690000534057617,0,0.030052289414132183
2021-08-02,19.459999084472656,19.8700008392334,17.989999771118164,18.15999984741211,0,0.0647440576133933
2021-08-03,18.040000915527344,20.440000534057617,17.700000762939453,19.170000076293945,0,-0.0757694643269029
2021-08-04,17.969999313354492,18.899999618530273,17.670000076293945,18.229999542236328,0,-0.0038879027995193383
2021-08-05,17.280000686645508,17.84000015258789,17.229999542236328,17.729999542236328,0,-0.03915385947247074
2021-08-06,16.149999618530273,17.5,16.139999389648438,17.459999084472656,0,-0.06762977706409012
2021-08-09,16.719999313354492,17.389999389648438,16.59000015258789,17.1200008392334,0,0.03468554054099071
2021-08-10,16.790000915527344,17.049999237060547,16.34000015258789,16.81999969482422,0,0.0041779590283406165
2021-08-11,16.170000076293945,17.09000015258789,16.06999969482422,16.809999465942383,0,-0.03762584731032437
2021-08-12,15.59000015258789,16.420000076293945,15.489999771118164,16.329999923706055,0,-0.03652798545002156
2021-08-13,15.449999809265137,15.720000267028809,15.1899995803833,15.680000305175781,0,-0.009020701858778235
2021-08-16,16.1200008392334,17.709999084472656,16.020000457763672,17.049999237060547,0,0.0424517981416499
2021-08-17,17.90999984741211,19.559999465942383,16.709999084472656,17.309999465942383,0,0.10529841841281096
2021-08-18,21.56999969482422,21.639999389648438,17.309999465942383,17.559999465942383,0,0.18594423869998922
2021-08-19,21.670000076293945,24.739999771118164,20.3700008392334,23.1200008392334,0,0.004625372816078777
2021-08-20,18.559999465942383,23.899999618530273,18.18000030517578,22.739999771118164,0,-0.154920120485587
2021-08-23,17.149999618530273,18.950000762939453,16.950000762939453,18.829999923706055,0,-0.0790105472145819
2021-08-24,17.219999313354492,17.510000228881836,16.940000534057617,16.959999084472656,0,0.0040733077558838815
2021-08-25,16.790000915527344,17.5,16.459999084472656,17.420000076293945,0,-0.025287933507119664
2021-08-26,18.84000015258789,19.270000457763672,17.15999984741211,17.459999084472656,0,0.11519875162978188
2021-08-27,16.389999389648438,18.219999313354492,16.110000610351562,17.950000762939453,0,-0.13931092173088988
2021-08-30,16.190000534057617,16.799999237060547,15.979999542236328,16.770000457763672,0,-0.012277554840047333
2021-08-31,16.479999542236328,17.06999969482422,15.90999984741211,15.979999542236328,0,0.017753696027978716
2021-09-01,16.110000610351562,16.709999084472656,15.680000305175781,16.059999465942383,0,-0.022707261629018483
2021-09-02,16.40999984741211,16.979999542236328,15.729999542236328,16.270000457763672,0,0.01845066072814472
2021-09-03,16.40999984741211,17.059999465942383,16.079999923706055,16.270000457763672,0,0.0
2021-09-07,18.139999389648438,18.389999389648438,16.889999389648438,16.940000534057617,0,0.10022851523673681
2021-09-08,17.959999084472656,19.639999389648438,17.780000686645508,18.969999313354492,0,-0.009972399142124555
2021-09-09,18.799999237060547,19.540000915527344,17.170000076293945,19.440000534057617,0,0.04570981735587498
2021-09-10,20.950000762939453,21.1299991607666,16.989999771118164,17.940000534057617,0,0.10828185353128683
2021-09-13,19.3700008392334,21.18000030517578,18.760000228881836,19.639999389648438,0,-0.07841316203994708
2021-09-14,19.459999084472656,20.469999313354492,18.389999389648438,19.579999923706055,0,0.004635508965875168
2021-09-15,18.18000030517578,20.270000457763672,18.010000228881836,19.299999237060547,0,-0.06803892417555302
2021-09-16,18.690000534057617,19.760000228881836,17.649999618530273,18.40999984741211,0,0.027666544506303126
2021-09-17,20.809999465942383,21.510000228881836,18.350000381469727,18.3700008392334,0,0.10744496470005194
2021-09-20,25.709999084472656,28.790000915527344,23.899999618530273,24.25,0,0.21144637092598728
2021-09-21,24.360000610351562,25.600000381469727,21.709999084472656,23.40999984741211,0,-0.05393751777084255
2021-09-22,20.8700008392334,23.399999618530273,20.75,22.719999313354492,0,-0.15462970659564057
2021-09-23,18.6299991607666,20.209999084472656,18.420000076293945,19.90999984741211,0,-0.11353962173546028
2021-09-24,17.75,20.40999984741211,17.6299991607666,19.329999923706055,0,-0.04838762364465321
2021-09-27,18.760000228881836,19.31999969482422,17.739999771118164,17.780000686645508,0,0.0553414398571781
2021-09-28,23.25,24.81999969482422,19.709999084472656,19.739999771118164,0,0.21457817625476272
2021-09-29,22.559999465942383,23.790000915527344,21.450000762939453,22.06999969482422,0,-0.03012672907627456
2021-09-30,23.139999389648438,24.709999084472656,20.600000381469727,21.479999542236328,0,0.02538429243196738
2021-10-01,21.100000381469727,24.889999389648438,20.850000381469727,24.780000686645508,0,-0.09228963682790381
2021-10-04,22.959999084472656,24.579999923706055,21.8799991607666,22.899999618530273,0,0.08448047301532613
2021-10-05,21.299999237060547,23.170000076293945,20.6200008392334,22.920000076293945,0,-0.07504649467985525
2021-10-06,21.0,24.399999618530273,20.989999771118164,22.950000762939453,0,-0.014184599173202361
2021-10-07,19.540000915527344,20.760000228881836,19.06999969482422,20.540000915527344,0,-0.07205874425477843
2021-10-08,18.770000457763672,19.940000534057617,18.200000762939453,19.459999084472656,0,-0.04020381848217891
2021-10-11,20.0,20.450000762939453,18.110000610351562,19.93000030517578,0,0.06347239856752518
2021-10-12,19.850000381469727,20.809999465942383,18.969999313354492,20.6200008392334,0,-0.007528247203173244
2021-10-13,18.639999389648438,20.229999542236328,18.440000534057617,20.139999389648438,0,-0.06289424983755554
2021-10-14,16.860000610351562,18.079999923706055,16.799999237060547,18.010000228881836,0,-0.10036578773839322
2021-10-15,16.299999237060547,16.850000381469727,15.720000267028809,16.639999389648438,0,-0.033778927768254974
2021-10-18,16.309999465942383,17.93000030517578,16.270000457763672,17.290000915527344,0,0.0006133228821254555
2021-10-19,15.699999809265137,16.309999465942383,15.569999694824219,16.09000015258789,0,-0.03811768368319424
2021-10-20,15.489999771118164,15.890000343322754,15.289999961853027,15.819999694824219,0,-0.013466060552870918
2021-10-21,15.010000228881836,16.110000610351562,14.920000076293945,16.059999465942383,0,-0.031477978758680525
2021-10-22,15.430000305175781,16.389999389648438,14.84000015258789,15.350000381469727,0,0.027597025259156194
2021-10-25,15.239999771118164,16.329999923706055,15.100000381469727,16.139999389648438,0,-0.012390150913142772
2021-10-26,15.979999542236328,16.709999084472656,14.899999618530273,15.020000457763672,0,0.04741437645208402
2021-10-27,16.979999542236328,17.290000915527344,15.539999961853027,15.789999961853027,0,0.06069824223211828
2021-10-28,16.530000686645508,17.15999984741211,16.229999542236328,17.059999465942383,0,-0.026859200551924367
2021-10-29,16.260000228881836,18.059999465942383,16.1299991607666,17.399999618530273,0,-0.016468835176246976
2021-11-01,16.40999984741211,17.700000762939453,16.31999969482422,16.850000381469727,0,0.009182777607491754
2021-11-02,16.030000686645508,16.649999618530273,15.890000343322754,16.540000915527344,0,-0.023428886347040656
2021-11-03,15.100000381469727,16.389999389648438,14.899999618530273,16.110000610351562,0,-0.05976724037271497
2021-11-04,15.4399995803833,16.139999389648438,14.729999542236328,15.0600004196167,0,0.022266748335608266
2021-11-05,16.479999542236328,17.020000457763672,14.949999809265137,15.59000015258789,0,0.06518597928502112
2021-11-08,17.219999313354492,17.690000534057617,16.440000534057617,17.229999542236328,0,0.04392396242029628
2021-11-09,17.780000686645508,18.56999969482422,17.209999084472656,17.43000030517578,0,0.032002809580040203
2021-11-10,18.729999542236328,19.899999618530273,17.219999313354492,17.739999771118164,0,0.05205222331112447
2021-11-11,17.65999984741211,18.389999389648438,17.270000457763672,18.34000015258789,0,-0.05882430548036144
2021-11-12,16.290000915527344,17.690000534057617,16.149999618530273,17.489999771118164,0,-0.08075070771974957
2021-11-15,16.489999771118164,17.459999084472656,16.489999771118164,17.030000686645508,0,0.012202643875715236
2021-11-16,16.3700008392334,17.079999923706055,16.030000686645508,16.860000610351562,0,-0.007303680041878202
2021-11-17,17.110000610351562,17.190000534057617,16.280000686645508,16.360000610351562,0,0.04421268092672381
2021-11-18,17.59000015258789,18.149999618530273,16.3799991607666,16.809999465942383,0,0.027667443847847917
2021-11-19,17.90999984741211,19.010000228881836,17.229999542236328,17.360000610351562,0,0.018028640128754603
2021-11-22,19.170000076293945,19.59000015258789,17.350000381469727,18.200000762939453,0,0.06798735348449769
2021-11-23,19.3799991607666,20.90999984741211,19.030000686645508,20.239999771118164,0,0.010895002121107833
2021-11-24,18.579999923706055,20.959999084472656,18.520000457763672,19.170000076293945,0,-0.0421558338790704
2021-11-26,28.6200008392334,28.989999771118164,23.8799991607666,26.6200008392334,0,0.4320200741721716
2021-11-29,22.959999084472656,25.690000534057617,21.709999084472656,25.309999465942383,0,-0.22035227187514295
2021-11-30,27.190000534057617,28.559999465942383,23.709999084472656,26.229999542236328,0,0.16909574670959104
2021-12-01,31.1200008392334,32.61000061035156,22.3799991607666,24.920000076293945,0,0.13500144799177294
2021-12-02,27.950000762939453,30.68000030517578,27.149999618530273,29.440000534057617,0,-0.10743349938015534
2021-12-03,30.670000076293945,35.31999969482422,25.889999389648438,26.950000762939453,0,0.0928677537160465
2021-12-06,27.18000030517578,30.81999969482422,26.75,28.989999771118164,0,-0.12080356066278464
2021-12-07,21.889999389648438,24.690000534057617,21.579999923706055,24.579999923706055,0,-0.2164515362988464
2021-12-08,19.899999618530273,23.110000610351562,19.850000381469727,21.739999771118164,0,-0.09531017109099116
2021-12-09,21.579999923706055,22.1200008392334,19.940000534057617,20.309999465942383,0,0.08104724373347416
2021-12-10,18.690000534057617,21.299999237060547,18.690000534057617,21.270000457763672,0,-0.14377830625260568
2021-12-13,20.309999465942383,21.18000030517578,18.959999084472656,19.290000915527344,0,0.08312469925500743
2021-12-14,21.889999389648438,23.0,19.670000076293945,19.670000076293945,0,0.07491653435511525
2021-12-15,19.290000915527344,23.469999313354492,19.020000457763672,21.600000381469727,0,-0.12644300927322671
2021-12-16,20.56999969482422,22.1299991607666,18.190000534057617,18.559999465942383,0,0.06424681445002367
2021-12-17,21.56999969482422,23.260000228881836,20.489999771118164,20.700000762939453,0,0.04746975742400439
2021-12-20,22.8700008392334,27.389999389648438,22.850000381469727,25.889999389648438,0,0.058522598477602994
2021-12-21,21.010000228881836,22.68000030517578,20.899999618530273,22.280000686645508,0,-0.0848275189796528
2021-12-22,18.6299991607666,21.360000610351562,18.59000015258789,21.040000915527344,0,-0.1202253861847784
2021-12-23,17.959999084472656,18.93000030517578,17.6200008392334,18.809999465942383,0,-0.036626127667935826
2021-12-27,17.68000030517578,19.40999984741211,17.549999237060547,19.3700008392334,0,-0.01571293742757085
2021-12-28,17.540000915527344,18.469999313354492,17.510000228881836,17.780000686645508,0,-0.007950035329993721
2021-12-29,16.950000762939453,18.0,16.709999084472656,17.6299991607666,0,-0.03421616030294228
2021-12-30,17.329999923706055,17.790000915527344,16.6200008392334,17.299999237060547,0,0.02217122048745912
2021-12-31,17.219999313354492,18.270000457763672,16.989999771118164,17.6299991607666,0,-0.0063676402003944865
2022-01-03,16.600000381469727,18.540000915527344,16.559999465942383,17.600000381469727,0,-0.036668740782098475
2022-01-04,16.90999984741211,17.809999465942383,16.34000015258789,16.56999969482422,0,0.01850243554435771
2022-01-05,19.729999542236328,20.170000076293945,16.579999923706055,17.06999969482422,0,0.15423514294616192
2022-01-06,19.610000610351562,21.059999465942383,19.079999923706055,20.290000915527344,0,-0.0061006255003608345
2022-01-07,18.760000228881836,20.799999237060547,18.56999969482422,19.850000381469727,0,-0.04431271555415739
2022-01-10,19.399999618530273,23.329999923706055,19.290000915527344,19.579999923706055,0,0.03354609062729175
2022-01-11,18.40999984741211,21.0,18.200000762939453,19.6200008392334,0,-0.0523790594492235
2022-01-12,17.6200008392334,18.690000534057617,17.360000610351562,18.170000076293945,0,-0.04385931881904703
2022-01-13,20.309999465942383,20.610000610351562,17.450000762939453,18.059999465942383,0,0.1420786811593655
2022-01-14,19.190000534057617,22.06999969482422,19.049999237060547,20.110000610351562,0,-0.0567240114473857
2022-01-18,22.790000915527344,23.200000762939453,21.18000030517578,21.18000030517578,0,0.17193254558031557
2022-01-19,23.850000381469727,23.989999771118164,21.850000381469727,23.1200008392334,0,0.04546234989896858
2022-01-20,25.59000015258789,25.889999389648438,21.68000030517578,23.459999084472656,0,0.07041742280560292
2022-01-21,28.850000381469727,29.790000915527344,25.309999465942383,25.3799991607666,0,0.11990835004213851
2022-01-24,29.899999618530273,38.939998626708984,28.020000457763672,28.200000762939453,0,0.03574846146182642
2022-01-25,31.15999984741211,35.849998474121094,29.1299991607666,32.290000915527344,0,0.041276748467176105
2022-01-26,31.959999084472656,33.040000915527344,26.899999618530273,29.350000381469727,0,0.025349876146404604
2022-01-27,30.489999771118164,33.0,28.420000076293945,32.189998626708984,0,-0.047086338758656865
2022-01-28,27.65999984741211,32.81999969482422,27.280000686645508,30.270000457763672,0,-0.09741143277332176
2022-01-31,24.829999923706055,29.40999984741211,24.709999084472656,28.360000610351562,0,-0.10793472427263451
2022-02-01,21.959999084472656,25.329999923706055,21.959999084472656,24.56999969482422,0,-0.12283002149677502
2022-02-02,22.09000015258789,22.729999542236328,20.459999084472656,21.559999465942383,0,0.005902449388932585
2022-02-03,24.350000381469727,25.809999465942383,22.299999237060547,22.6299991607666,0,0.09740684085512541
2022-02-04,23.219999313354492,26.260000228881836,22.06999969482422,23.770000457763672,0,-0.047517918496258194
2022-02-07,22.860000610351562,24.81999969482422,22.020000457763672,24.09000015258789,0,-0.015625261632240317
2022-02-08,21.440000534057617,23.479999542236328,21.31999969482422,23.09000015258789,0,-0.06413032395420304
2022-02-09,19.959999084472656,21.299999237060547,19.93000030517578,21.270000457763672,0,-0.07152813609679143
2022-02-10,23.90999984741211,24.770000457763672,20.18000030517578,20.3700008392334,0,0.1805665500732596
2022-02-11,27.360000610351562,30.989999771118164,23.329999923706055,24.389999389648438,0,0.1347853399740475
2022-02-14,28.329999923706055,32.040000915527344,28.329999923706055,29.170000076293945,0,0.03483919608686037
2022-02-15,25.700000762939453,28.09000015258789,25.329999923706055,28.09000015258789,0,-0.09743028956184707
2022-02-16,24.290000915527344,27.09000015258789,23.8799991607666,25.190000534057617,0,-0.056426240881920275
2022-02-17,28.110000610351562,28.3700008392334,24.760000228881836,24.829999923706055,0,0.14606062592579594
2022-02-18,27.75,29.709999084472656,26.3799991607666,26.65999984741211,0,-0.012889566438965883
2022-02-22,28.809999465942383,32.040000915527344,28.399999618530273,31.799999237060547,0,0.037486690366762776
2022-02-23,31.020000457763672,31.06999969482422,27.200000762939453,28.040000915527344,0,0.07390964194623573
2022-02-24,30.31999969482422,37.790000915527344,29.450000762939453,37.5,0,-0.02282462179643563
2022-02-25,27.59000015258789,32.0,26.93000030517578,31.68000030517578,0,-0.09435415694926119
2022-02-28,30.149999618530273,33.5099983215332,28.43000030517578,32.439998626708984,0,0.08873151676105362
2022-03-01,33.31999969482422,35.189998626708984,29.440000534057617,29.450000762939453,0,0.09997289761890604
2022-03-02,30.739999771118164,34.40999984741211,30.1200008392334,34.20000076293945,0,-0.08059307747498812
2022-03-03,30.479999542236328,32.0099983215332,29.309999465942383,30.520000457763672,0,-0.00849401486476431
2022-03-04,31.979999542236328,34.650001525878906,31.469999313354492,31.899999618530273,0,0.048039977291794767
2022-03-07,36.45000076293945,36.54999923706055,32.59000015258789,35.880001068115234,0,0.1308307862940432
2022-03-08,35.130001068115234,37.52000045776367,32.779998779296875,36.189998626708984,0,-0.036885982703408704
2022-03-09,32.45000076293945,34.119998931884766,31.389999389648438,33.7400016784668,0,-0.07935503002105193
2022-03-10,30.229999542236328,34.029998779296875,30.229999542236328,33.029998779296875,0,-0.07086567301265845
2022-03-11,30.75,31.040000915527344,28.84000015258789,30.43000030517578,0,0.017055200603855347
2022-03-14,31.770000457763672,33.18000030517578,30.059999465942383,31.030000686645508,0,0.03263246843757539
2022-03-15,29.829999923706055,33.83000183105469,29.56999969482422,33.130001068115234,0,-0.06300786672106984
2022-03-16,26.670000076293945,29.799999237060547,26.290000915527344,29.020000457763672,0,-0.11197525491444393
2022-03-17,25.670000076293945,27.469999313354492,25.25,26.510000228881836,0,-0.03821634319943401
2022-03-18,23.8700008392334,26.81999969482422,23.850000381469727,26.360000610351562,0,-0.07270052234591606
2022-03-21,23.530000686645508,25.360000610351562,22.989999771118164,25.139999389648438,0,-0.014346243588262642
2022-03-22,22.940000534057617,24.020000457763672,22.700000762939453,24.020000457763672,0,-0.025394096939122868
2022-03-23,23.56999969482422,24.030000686645508,22.639999389648438,23.040000915527344,0,0.02709256901855106
2022-03-24,21.670000076293945,23.790000915527344,21.489999771118164,23.610000610351562,0,-0.08404588493141896
2022-03-25,20.809999465942383,22.860000610351562,20.799999237060547,21.8700008392334,0,-0.04049520432695086
2022-03-28,19.6299991607666,23.329999923706055,19.540000915527344,22.139999389648438,0,-0.05837464920625823
2022-03-29,18.899999618530273,19.729999542236328,18.670000076293945,19.700000762939453,0,-0.037897063653762775
2022-03-30,19.329999923706055,20.510000228881836,18.719999313354492,19.3799991607666,0,0.02249638739130777
2022-03-31,20.559999465942383,21.479999542236328,19.540000915527344,19.68000030517578,0,0.061689125338078465
2022-04-01,19.6299991607666,20.860000610351562,19.40999984741211,20.6200008392334,0,-0.04628844907562346
2022-04-04,18.56999969482422,20.780000686645508,18.450000762939453,20.75,0,-0.05551160660496768
2022-04-05,21.030000686645508,21.56999969482422,18.549999237060547,18.790000915527344,0,0.12440266343456097
2022-04-06,22.100000381469727,24.780000686645508,21.239999771118164,21.270000457763672,0,0.04962760341941186
2022-04-07,21.549999237060547,23.81999969482422,21.1200008392334,21.969999313354492,0,-0.025201844638247817
2022-04-08,21.15999984741211,22.34000015258789,20.280000686645508,21.25,0,-0.018263181367582426
2022-04-11,24.3700008392334,24.420000076293945,22.09000015258789,23.09000015258789,0,0.1412403022953157
2022-04-12,24.260000228881836,25.3799991607666,22.270000457763672,24.940000534057617,0,-0.004523989123826677
2022-04-13,21.81999969482422,24.450000762939453,21.3700008392334,23.520000457763672,0,-0.10600194653157313
2022-04-14,22.700000762939453,22.700000762939453,20.850000381469727,21.719999313354492,0,0.03953799167815708
2022-04-18,22.170000076293945,24.600000381469727,21.979999542236328,24.520000457763672,0,-0.02362493102748875
2022-04-19,21.3700008392334,22.920000076293945,20.360000610351562,22.549999237060547,0,-0.036751918466911615
2022-04-20,20.31999969482422,21.31999969482422,19.75,21.1299991607666,0,-0.050382500910835404
2022-04-21,22.68000030517578,23.280000686645508,19.809999465942383,20.239999771118164,0,0.10987788462348558
2022-04-22,28.209999084472656,28.270000457763672,22.6200008392334,22.709999084472656,0,0.21819300024463084
2022-04-25,27.020000457763672,31.600000381469727,26.799999237060547,30.040000915527344,0,-0.04309914308619067
2022-04-26,33.52000045776367,33.810001373291016,27.059999465942383,27.3799991607666,0,0.21556493979660285
2022-04-27,31.600000381469727,32.77000045776367,29.81999969482422,31.110000610351562,0,-0.05898515660562342
2022-04-28,29.989999771118164,32.0,28.0,29.90999984741211,0,-0.05229314753571401
2022-04-29,33.400001525878906,34.34000015258789,28.540000915527344,28.969999313354492,0,0.1076919605386717
2022-05-02,32.34000015258789,36.63999938964844,31.739999771118164,33.349998474121094,0,-0.032251086800449524
2022-05-03,29.25,32.81999969482422,29.059999465942383,31.760000228881836,0,-0.10042528518933569
2022-05-04,25.420000076293945,29.420000076293945,24.940000534057617,29.1200008392334,0,-0.14034330491522207
2022-05-05,31.200000762939453,33.20000076293945,25.780000686645508,25.969999313354492,0,0.20488185050598062
2022-05-06,30.190000534057617,35.34000015258789,29.829999923706055,32.22999954223633,0,-0.032907357859992103
2022-05-09,34.75,35.47999954223633,31.899999618530273,31.899999618530273,0,0.14066881060216918
2022-05-10,32.9900016784668,34.84000015258789,32.2400016784668,33.65999984741211,0,-0.051975035892264376
2022-05-11,32.560001373291016,34.38999938964844,30.690000534057617,32.869998931884766,0,-0.01311995280695566
2022-05-12,31.770000457763672,34.7599983215332,31.700000762939453,33.7400016784668,0,-0.024562120621479
2022-05-13,28.8700008392334,31.200000762939453,28.780000686645508,31.09000015258789,0,-0.09571943994586496
2022-05-16,27.469999313354492,30.229999542236328,27.360000610351562,30.010000228881836,0,-0.049708547633251055
2022-05-17,26.100000381469727,27.170000076293945,25.510000228881836,27.06999969482422,0,-0.05115914616663986
2022-05-18,30.959999084472656,31.489999771118164,26.209999084472656,26.739999771118164,0,0.1707606902058827
2022-05-19,29.350000381469727,33.11000061035156,29.059999465942383,31.239999771118164,0,-0.05340345987885842
2022-05-20,29.43000030517578,32.90999984741211,28.059999465942383,28.780000686645508,0,0.0027220133435581495
2022-05-23,28.479999542236328,30.389999389648438,28.290000915527344,28.979999542236328,0,-0.03281250214431619
2022-05-24,29.450000762939453,31.06999969482422,29.040000915527344,29.43000030517578,0,0.033491865533246123
2022-05-25,28.3700008392334,30.229999542236328,28.15999984741211,29.329999923706055,0,-0.037361657601378884
2022-05-26,27.5,28.459999084472656,27.110000610351562,28.420000076293945,0,-0.031146273729953933
2022-05-27,25.719999313354492,27.540000915527344,25.56999969482422,27.5,0,-0.06691713200005589
2022-05-31,26.190000534057617,28.350000381469727,25.940000534057617,27.469999313354492,0,0.018108806238811948
2022-06-01,25.690000534057617,27.729999542236328,25.3799991607666,26.049999237060547,0,-0.019275847000948865
2022-06-02,24.719999313354492,26.5,24.329999923706055,25.729999542236328,0,-0.03848922709776481
2022-06-03,24.790000915527344,25.959999084472656,24.760000228881836,24.90999984741211,0,0.002827778165847228
2022-06-06,25.06999969482422,25.809999465942383,24.81999969482422,25.3700008392334,0,0.011231517018839288
2022-06-07,24.020000457763672,26.239999771118164,23.8799991607666,25.540000915527344,0,-0.04278506428781226
2022-06-08,23.959999084472656,24.780000686645508,23.739999771118164,24.3700008392334,0,-0.002501100672851475
2022-06-09,26.09000015258789,26.239999771118164,23.81999969482422,24.290000915527344,0,0.08516636996056626
2022-06-10,27.75,29.6299991607666,26.049999237060547,26.260000228881836,0,0.06168373519528636
2022-06-13,34.02000045776367,35.04999923706055,31.290000915527344,31.3700008392334,0,0.2037127602309945
2022-06-14,32.689998626708984,34.0,32.060001373291016,33.0099983215332,0,-0.039879421696833894
2022-06-15,29.6200008392334,32.77000045776367,27.760000228881836,32.38999938964844,0,-0.09861934155361629
2022-06-16,32.95000076293945,34.81999969482422,30.350000381469727,30.350000381469727,0,0.10654144692998813
2022-06-17,31.1299991607666,33.310001373291016,30.469999313354492,32.84000015258789,0,-0.056819326608450904
2022-06-21,30.190000534057617,30.649999618530273,29.329999923706055,30.6299991607666,0,-0.030661196085893128
2022-06-22,28.950000762939453,31.56999969482422,28.780000686645508,31.450000762939453,0,-0.04194053103593376
2022-06-23,29.049999237060547,29.770000457763672,28.739999771118164,29.290000915527344,0,0.003448226662245979
2022-06-24,27.229999542236328,29.719999313354492,26.829999923706055,29.06999969482422,0,-0.06469916716028123
2022-06-27,26.950000762939453,28.65999984741211,26.93000030517578,28.299999237060547,0,-0.010335964210215653
2022-06-28,28.360000610351562,28.68000030517578,26.469999313354492,26.899999618530273,0,0.05099639752104368
2022-06-29,28.15999984741211,29.360000610351562,27.850000381469727,28.799999237060547,0,-0.007077197314253603
2022-06-30,28.709999084472656,30.219999313354492,28.280000686645508,29.420000076293945,0,0.01934293637293827
2022-07-01,26.700000762939453,29.59000015258789,26.690000534057617,29.530000686645508,0,-0.07258186826346069
2022-07-05,27.540000915527344,29.81999969482422,27.299999237060547,27.3700008392334,0,0.030975932563342745
2022-07-06,26.729999542236328,28.06999969482422,26.43000030517578,27.84000015258789,0,-0.029853013518694738
2022-07-07,26.079999923706055,26.790000915527344,25.65999984741211,26.729999542236328,0,-0.024617778892292108
2022-07-08,24.639999389648438,26.610000610351562,24.43000030517578,26.40999984741211,0,-0.056797620238513424
2022-07-11,26.170000076293945,26.739999771118164,25.790000915527344,26.420000076293945,0,0.0602426055628178
2022-07-12,27.290000915527344,27.75,25.81999969482422,27.139999389648438,0,0.04190664881096007
2022-07-13,26.81999969482422,29.059999465942383,26.229999542236328,27.350000381469727,0,-0.01737250179346761
2022-07-14,26.399999618530273,28.450000762939453,26.200000762939453,27.469999313354492,0,-0.015783870772207997
2022-07-15,24.229999542236328,26.719999313354492,24.1299991607666,26.719999313354492,0,-0.08577247976665925
2022-07-18,25.299999237060547,25.90999984741211,24.3799991607666,24.829999923706055,0,0.043212849641764084
2022-07-19,24.5,25.40999984741211,24.229999542236328,25.1200008392334,0,-0.032131248027083004
2022-07-20,23.8799991607666,24.729999542236328,23.399999618530273,24.229999542236328,0,-0.025631864170057916
2022-07-21,23.110000610351562,24.670000076293945,22.920000076293945,24.06999969482422,0,-0.032775802683622235
2022-07-22,23.030000686645508,23.809999465942383,22.40999984741211,23.299999237060547,0,-0.003467707049145119
2022-07-25,23.360000610351562,24.56999969482422,23.190000534057617,24.329999923706055,0,0.014227440440233163
2022-07-26,24.690000534057617,25.309999465942383,23.81999969482422,23.950000762939453,0,0.05537314089952172
2022-07-27,23.239999771118164,24.40999984741211,23.020000457763672,24.270000457763672,0,-0.06052340285251656
2022-07-28,22.329999923706055,23.540000915527344,22.219999313354492,23.329999923706055,0,-0.039943859699684836
2022-07-29,21.329999923706055,22.15999984741211,21.209999084472656,22.1299991607666,0,-0.04581653352898796
2022-08-01,22.84000015258789,23.270000457763672,22.260000228881836,22.40999984741211,0,0.06839886256211836
2022-08-02,23.93000030517578,24.68000030517578,22.670000076293945,24.079999923706055,0,0.04661952320459539
2022-08-03,21.950000762939453,23.920000076293945,21.68000030517578,23.860000610351562,0,-0.08636574039389444
2022-08-04,21.440000534057617,22.65999984741211,21.440000534057617,22.059999465942383,0,-0.023508813167236298
2022-08-05,21.149999618530273,22.579999923706055,20.760000228881836,21.5,0,-0.013618473656111796
2022-08-08,21.290000915527344,22.010000228881836,20.829999923706055,21.739999771118164,0,0.006597634452187862
2022-08-09,21.770000457763672,22.229999542236328,21.40999984741211,21.40999984741211,0,0.022295374365644882
2022-08-10,19.739999771118164,22.34000015258789,19.540000915527344,22.280000686645508,0,-0.0978858738632149
2022-08-11,20.200000762939453,20.850000381469727,19.709999084472656,19.84000015258789,0,0.023035619765927162
2022-08-12,19.530000686645508,20.350000381469727,19.1200008392334,20.34000015258789,0,-0.03373086212935128
2022-08-15,19.950000762939453,21.15999984741211,19.809999465942383,20.739999771118164,0,0.02127740153136415
2022-08-16,19.690000534057617,20.389999389648438,19.5,20.229999542236328,0,-0.013118261804125453
2022-08-17,19.899999618530273,20.6299991607666,19.40999984741211,19.739999771118164,0,0.010608792786788168
2022-08-18,19.559999465942383,20.610000610351562,19.43000030517578,20.510000228881836,0,-0.017233075258002106
2022-08-19,20.600000381469727,21.270000457763672,20.079999923706055,20.15999984741211,0,0.05180445701037151
2022-08-22,23.799999237060547,24.6200008392334,22.389999389648438,22.40999984741211,0,0.1443944543076663
2022-08-23,24.110000610351562,24.209999084472656,23.06999969482422,24.1299991607666,0,0.012941168887216747
2022-08-24,22.81999969482422,24.860000610351562,22.729999542236328,24.3700008392334,0,-0.054989386447608535
2022-08-25,21.780000686645508,23.1299991607666,21.770000457763672,22.40999984741211,0,-0.04664518202952017
2022-08-26,25.559999465942383,25.899999618530273,21.670000076293945,22.06999969482422,0,0.1600364595838233
2022-08-29,26.209999084472656,27.670000076293945,25.469999313354492,26.860000610351562,0,0.02511237378979425
2022-08-30,26.209999084472656,27.690000534057617,25.1299991607666,25.75,0,0.0
2022-08-31,25.8700008392334,26.6200008392334,25.309999465942383,25.860000610351562,0,-0.013056953766508173
2022-09-01,25.559999465942383,27.450000762939453,25.25,26.8799991607666,0,-0.012055420023286079
2022-09-02,25.469999313354492,26.280000686645508,23.190000534057617,25.510000228881836,0,-0.003527346582686608
2022-09-06,26.90999984741211,27.799999237060547,25.329999923706055,25.459999084472656,0,0.054996697036135966
2022-09-07,24.639999389648438,27.149999618530273,24.540000915527344,26.93000030517578,0,-0.08812684517395253
2022-09-08,23.610000610351562,25.899999618530273,23.559999465942383,24.700000762939453,0,-0.04270073694573551
2022-09-09,22.790000915527344,23.56999969482422,22.639999389648438,23.489999771118164,0,-0.03534849351890257
2022-09-12,23.8700008392334,24.229999542236328,23.15999984741211,23.579999923706055,0,0.046300592079318914
2022-09-13,27.270000457763672,28.149999618530273,23.530000686645508,23.670000076293945,0,0.13316473813460528
2022-09-14,26.15999984741211,27.559999465942383,26.15999984741211,26.729999542236328,0,-0.04155569288771588
2022-09-15,26.270000457763672,26.93000030517578,25.420000076293945,26.100000381469727,0,0.004196100366660183
2022-09-16,26.299999237060547,28.450000762939453,26.139999389648438,27.469999313354492,0,0.0011412890518260888
2022-09-19,25.760000228881836,27.950000762939453,25.559999465942383,27.690000534057617,0,-0.020746000053296854
2022-09-20,27.15999984741211,27.809999465942383,25.610000610351562,25.649999618530273,0,0.052922386951067324
2022-09-21,27.989999771118164,30.18000030517578,25.549999237060547,28.030000686645508,0,0.030101998277705988
2022-09-22,27.350000381469727,28.3799991607666,26.709999084472656,28.15999984741211,0,-0.023130752534395338
2022-09-23,29.920000076293945,32.310001373291016,27.579999923706055,27.68000030517578,0,0.08981061284051295
2022-09-26,32.2599983215332,32.880001068115234,29.829999923706055,31.739999771118164,0,0.07530086501150457
2022-09-27,32.599998474121094,34.13999938964844,30.299999237060547,31.200000762939453,0,0.010484220898846708
2022-09-28,30.18000030517578,34.880001068115234,30.030000686645508,34.5,0,-0.07713277811500152
2022-09-29,31.84000015258789,33.459999084472656,31.15999984741211,31.670000076293945,0,0.053543902316957936
2022-09-30,31.6200008392334,33.25,29.389999389648438,31.610000610351562,0,-0.0069335074459697665
2022-10-03,30.100000381469727,33.060001373291016,29.6299991607666,33.0,0,-0.049264673894303
2022-10-04,29.06999969482422,29.6200008392334,28.559999465942383,29.520000457763672,0,-0.03481848035542123
2022-10-05,28.549999237060547,30.110000610351562,28.5,29.360000610351562,0,-0.018049794693725918
2022-10-06,30.520000457763672,30.739999771118164,28.559999465942383,28.600000381469727,0,0.06672531203596987
2022-10-07,31.360000610351562,32.02000045776367,29.8799991607666,30.3700008392334,0,0.027150993529882594
2022-10-10,32.45000076293945,33.9900016784668,32.04999923706055,32.93000030517578,0,0.034167251716381575
2022-10-11,33.630001068115234,34.43000030517578,32.45000076293945,33.560001373291016,0,0.03571809085163391
2022-10-12,33.56999969482422,34.529998779296875,33.11000061035156,33.540000915527344,0,-0.00178575561174954
2022-10-13,31.940000534057617,33.869998931884766,31.6299991607666,33.599998474121094,0,-0.04977364239369608
2022-10-14,32.02000045776367,32.97999954223633,31.139999389648438,31.889999389648438,0,0.0025015623572302026
2022-10-17,31.3700008392334,32.59000015258789,30.700000762939453,32.27000045776367,0,-0.020508672909423264
2022-10-18,30.5,31.93000030517578,30.420000076293945,31.100000381469727,0,-0.028125365341959085
2022-10-19,30.760000228881836,31.899999618530273,30.760000228881836,30.940000534057617,0,0.008488468464968868
2022-10-20,29.979999542236328,31.31999969482422,29.760000228881836,31.299999237060547,0,-0.025684674672851404
2022-10-21,29.690000534057617,30.440000534057617,29.239999771118164,30.209999084472656,0,-0.009720170642020687
2022-10-24,29.850000381469727,30.950000762939453,29.780000686645508,30.649999618530273,0,0.005374545854703872
2022-10-25,28.459999084472656,30.0,28.219999313354492,29.799999237060547,0,-0.047685292125376755
2022-10-26,27.280000686645508,28.520000457763672,27.270000457763672,28.440000534057617,0,-0.04234570234723911
2022-10-27,27.389999389648438,27.670000076293945,26.940000534057617,27.510000228881836,0,0.00402410284569843
2022-10-28,25.75,27.59000015258789,25.75,27.43000030517578,0,-0.0617433338815041
2022-10-31,25.8799991607666,27.06999969482422,25.84000015258789,26.90999984741211,0,0.005035810095079363
2022-11-01,25.809999465942383,26.350000381469727,25.65999984741211,25.959999084472656,0,-0.0027084441661897607
2022-11-02,25.860000610351562,26.6200008392334,25.389999389648438,26.040000915527344,0,0.0019354039072250195
2022-11-03,25.299999237060547,26.8700008392334,25.100000381469727,25.979999542236328,0,-0.021893031368095173
2022-11-04,24.549999237060547,25.709999084472656,24.0,25.6299991607666,0,-0.030092542414198675
2022-11-07,24.350000381469727,25.670000076293945,24.34000015258789,25.670000076293945,0,-0.008179957968859508
2022-11-08,25.540000915527344,26.15999984741211,24.239999771118164,24.709999084472656,0,0.04771402125648905
2022-11-09,26.09000015258789,26.350000381469727,25.020000457763672,25.34000015258789,0,0.02130621854596182
2022-11-10,23.530000686645508,26.59000015258789,22.84000015258789,26.510000228881836,0,-0.10327587307618158
2022-11-11,22.520000457763672,23.90999984741211,22.3700008392334,23.889999389648438,0,-0.04387240832250283
2022-11-14,23.729999542236328,24.329999923706055,22.860000610351562,23.989999771118164,0,0.05233622755869494
2022-11-15,24.540000915527344,26.219999313354492,23.18000030517578,23.770000457763672,0,0.03356442543314975
2022-11-16,24.110000610351562,24.719999313354492,23.989999771118164,24.290000915527344,0,-0.01767775908195146
2022-11-17,23.93000030517578,25.18000030517578,23.809999465942383,24.049999237060547,0,-0.00749380283523049
2022-11-18,23.1200008392334,24.1200008392334,22.979999542236328,24.030000686645508,0,-0.034434834569937234
2022-11-21,22.360000610351562,24.1200008392334,22.299999237060547,24.049999237060547,0,-0.03342440451971873
2022-11-22,21.290000915527344,22.709999084472656,21.280000686645508,22.59000015258789,0,-0.04903615367539871
2022-11-23,20.350000381469727,21.780000686645508,20.31999969482422,21.489999771118164,0,-0.04515659127403593
2022-11-25,20.5,21.110000610351562,20.459999084472656,20.610000610351562,0,0.007343955510317635
2022-11-28,22.209999084472656,22.5,21.649999618530273,22.09000015258789,0,0.08011771054057082
2022-11-29,21.889999389648438,22.56999969482422,21.829999923706055,22.09000015258789,0,-0.014512713032828639
2022-11-30,20.579999923706055,22.6299991607666,20.309999465942383,21.700000762939453,0,-0.061710156953389994
2022-12-01,19.84000015258789,21.059999465942383,19.799999237060547,20.829999923706055,0,-0.03661961715106621
2022-12-02,19.059999465942383,20.959999084472656,18.950000762939453,20.420000076293945,0,-0.04010823934140495
2022-12-05,20.75,21.290000915527344,19.780000686645508,20.299999237060547,0,0.08495437647046389
2022-12-06,22.170000076293945,22.600000381469727,20.3799991607666,20.690000534057617,0,0.06619378039282742
2022-12-07,22.68000030517578,23.010000228881836,22.18000030517578,22.31999969482422,0,0.02274346524573856
2022-12-08,22.290000915527344,23.280000686645508,22.059999465942383,22.809999465942383,0,-0.017345303844040316
2022-12-09,22.829999923706055,23.209999084472656,22.18000030517578,22.549999237060547,0,0.023937268728642547
2022-12-12,25.0,25.049999237060547,24.18000030517578,24.399999618530273,0,0.09080036766832489
2022-12-13,22.549999237060547,25.84000015258789,21.459999084472656,25.239999771118164,0,-0.10314079275274901
2022-12-14,21.139999389648438,23.469999313354492,21.06999969482422,22.829999923706055,0,-0.0645680805452411
2022-12-15,22.829999923706055,23.670000076293945,21.25,21.520000457763672,0,0.07690850562966522
2022-12-16,22.6200008392334,23.829999923706055,22.09000015258789,23.260000228881836,0,-0.009240949410513899
2022-12-19,22.420000076293945,22.860000610351562,21.610000610351562,22.6299991607666,0,-0.008881086742406286
2022-12-20,21.479999542236328,23.389999389648438,21.350000381469727,23.170000076293945,0,-0.04283117271744974
2022-12-21,20.06999969482422,21.290000915527344,19.940000534057617,21.25,0,-0.06789610072682883
2022-12-22,21.969999313354492,24.299999237060547,20.010000228881836,20.079999923706055,0,0.09045170754006282
2022-12-23,20.8700008392334,22.639999389648438,20.780000686645508,22.170000076293945,0,-0.05136509384120158
2022-12-27,21.649999618530273,22.799999237060547,21.59000015258789,21.670000076293945,0,0.03669267552711153
2022-12-28,22.139999389648438,22.260000228881836,20.959999084472656,21.469999313354492,0,0.022380462884019625
2022-12-29,21.440000534057617,22.309999465942383,21.360000610351562,22.25,0,-0.03212753860066453
2022-12-30,21.670000076293945,22.399999618530273,21.59000015258789,21.829999923706055,0,0.010670457956980073
2023-01-03,22.899999618530273,23.760000228881836,22.729999542236328,23.09000015258789,0,0.05520807483314227
2023-01-04,22.010000228881836,23.270000457763672,21.940000534057617,22.93000030517578,0,-0.039639987964763534
2023-01-05,22.459999084472656,22.920000076293945,21.969999313354492,22.200000762939453,0,0.020239002610361823
2023-01-06,21.1299991607666,22.899999618530273,21.0,22.690000534057617,0,-0.061042116637385124
2023-01-09,21.969999313354492,21.979999542236328,21.270000457763672,21.75,0,0.038984063232399446
2023-01-10,20.579999923706055,22.459999084472656,20.579999923706055,22.219999313354492,0,-0.065358128444025
2023-01-11,21.09000015258789,21.25,20.6200008392334,20.799999237060547,0,0.02447927502705083
2023-01-12,18.829999923706055,21.799999237060547,18.829999923706055,21.559999465942383,0,-0.11334766310842781
2023-01-13,18.350000381469727,19.40999984741211,18.010000228881836,19.0,0,-0.02582174332821774
2023-01-17,19.360000610351562,20.219999313354492,19.209999084472656,19.889999389648438,0,0.05357951808573436
2023-01-18,20.34000015258789,20.579999923706055,18.709999084472656,19.280000686645508,0,0.04938028474742273
2023-01-19,20.520000457763672,21.709999084472656,20.170000076293945,20.43000030517578,0,0.008810644488462582
2023-01-20,19.850000381469727,20.700000762939453,19.40999984741211,20.280000686645508,0,-0.03319601625992208
2023-01-23,19.809999465942383,20.329999923706055,19.549999237060547,20.209999084472656,0,-0.0020171925993497375
2023-01-24,19.200000762939453,20.469999313354492,18.90999984741211,19.889999389648438,0,-0.031276514981303016
2023-01-25,19.079999923706055,20.899999618530273,18.989999771118164,19.559999465942383,0,-0.0062696567486590915
2023-01-26,18.729999542236328,19.479999542236328,18.670000076293945,19.049999237060547,0,-0.01851417000564126
2023-01-27,18.510000228881836,19.0,17.969999313354492,18.899999618530273,0,-0.011815353065151246
2023-01-30,19.940000534057617,20.25,19.540000915527344,19.760000228881836,0,0.07441665236620887
2023-01-31,19.399999618530273,20.700000762939453,19.1299991607666,20.1200008392334,0,-0.027454744911027618
2023-02-01,17.8700008392334,20.040000915527344,17.700000762939453,19.6200008392334,0,-0.08214967027130227
2023-02-02,18.729999542236328,19.25,17.059999465942383,17.739999771118164,0,0.04700311588127226
2023-02-03,18.329999923706055,19.299999237060547,17.93000030517578,18.56999969482422,0,-0.021587434326495458
2023-02-06,19.43000030517578,19.809999465942383,19.209999084472656,19.229999542236328,0,0.05827922140640185
2023-02-07,18.65999984741211,19.989999771118164,18.43000030517578,19.540000915527344,0,-0.04043609185384511
2023-02-08,19.6299991607666,20.1200008392334,18.549999237060547,18.8799991607666,0,0.05067677829384998
2023-02-09,20.709999084472656,21.079999923706055,19.020000457763672,19.239999771118164,0,0.053557665664698106
2023-02-10,20.530000686645508,21.940000534057617,20.440000534057617,20.739999771118164,0,-0.008729366723674747
2023-02-13,20.34000015258789,21.690000534057617,20.329999923706055,21.65999984741211,0,-0.00929786635452201
2023-02-14,18.90999984741211,20.75,18.479999542236328,20.719999313354492,0,-0.07289852352107484
2023-02-15,18.229999542236328,19.40999984741211,18.110000610351562,19.3700008392334,0,-0.03662231102109015
2023-02-16,20.170000076293945,20.270000457763672,18.229999542236328,18.260000228881836,0,0.10112779216855383
2023-02-17,20.020000457763672,21.299999237060547,19.81999969482422,20.940000534057617,0,-0.007464558996273407
2023-02-21,22.8700008392334,23.34000015258789,21.799999237060547,21.799999237060547,0,0.13309424797811653
2023-02-22,22.290000915527344,23.6299991607666,22.020000457763672,23.030000686645508,0,-0.025687856259275943
2023-02-23,21.139999389648438,22.43000030517578,20.889999389648438,21.959999084472656,0,-0.05297123690102268
2023-02-24,21.670000076293945,22.899999618530273,21.31999969482422,21.350000381469727,0,0.024761867498774404
2023-02-27,20.950000762939453,22.020000457763672,20.68000030517578,21.989999771118164,0,-0.033790136283680994
2023-02-28,20.700000762939453,21.3700008392334,20.100000381469727,21.299999237060547,0,-0.012004945657002608
2023-03-01,20.579999923706055,21.31999969482422,20.219999313354492,20.389999389648438,0,-0.005814010429586514
2023-03-02,19.59000015258789,21.420000076293945,19.549999237060547,21.40999984741211,0,-0.04930048695319522
2023-03-03,18.489999771118164,19.760000228881836,18.15999984741211,19.760000228881836,0,-0.057789206725168185
2023-03-06,18.610000610351562,19.190000534057617,18.489999771118164,19.049999237060547,0,0.006469070430774604
2023-03-07,19.59000015258789,19.739999771118164,18.510000228881836,18.639999389648438,0,0.05132013629439358
2023-03-08,19.110000610351562,20.010000228881836,19.0,19.709999084472656,0,-0.02480744955448122
2023-03-09,22.610000610351562,23.139999389648438,18.8799991607666,19.329999923706055,0,0.16818052309360132
2023-03-10,24.799999237060547,28.969999313354492,21.790000915527344,23.34000015258789,0,0.0924513091226089
2023-03-13,26.520000457763672,30.809999465942383,23.850000381469727,24.049999237060547,0,0.06705556017148684
2023-03-14,23.729999542236328,27.239999771118164,22.270000457763672,26.850000381469727,0,-0.11115913142156764
2023-03-15,26.139999389648438,29.90999984741211,23.190000534057617,23.209999084472656,0,0.0967266336895749
2023-03-16,22.989999771118164,27.489999771118164,22.969999313354492,26.190000534057617,0,-0.12840735602736508
2023-03-17,25.510000228881836,26.139999389648438,22.579999923706055,22.920000076293945,0,0.10401121230658195
2023-03-20,24.149999618530273,28.90999984741211,24.0,27.770000457763672,0,-0.05478617682322584
2023-03-21,21.3799991607666,24.15999984741211,21.290000915527344,24.15999984741211,0,-0.12182849795903428
2023-03-22,22.260000228881836,22.3799991607666,19.940000534057617,21.799999237060547,0,0.04033548978590229
2023-03-23,22.610000610351562,24.90999984741211,20.15999984741211,21.540000915527344,0,0.015600957155037953
2023-03-24,21.739999771118164,25.209999084472656,21.600000381469727,22.110000610351562,0,-0.03923844211971961
2023-03-27,20.600000381469727,22.93000030517578,20.56999969482422,22.049999237060547,0,-0.05386277685143703
2023-03-28,19.969999313354492,21.399999618530273,19.90999984741211,20.530000686645508,0,-0.031059981269610848
2023-03-29,19.1200008392334,19.450000762939453,19.09000015258789,19.389999389648438,0,-0.04349616152765767
2023-03-30,19.020000457763672,20.079999923706055,18.850000381469727,19.1200008392334,0,-0.005243870331479883
2023-03-31,18.700000762939453,19.43000030517578,18.520000457763672,19.209999084472656,0,-0.01696751652529338
2023-04-03,18.549999237060547,19.829999923706055,18.540000915527344,19.790000915527344,0,-0.008053816734809427
2023-04-04,19.0,20.030000686645508,18.579999923706055,18.790000915527344,0,0.023969231241808497
2023-04-05,19.079999923706055,20.079999923706055,19.0,19.420000076293945,0,0.004201682855065503
2023-04-06,18.399999618530273,19.8799991607666,18.350000381469727,19.299999237060547,0,-0.0362900181386161
2023-04-10,18.969999313354492,20.049999237060547,18.93000030517578,19.389999389648438,0,0.030508103867643133
2023-04-11,19.100000381469727,19.280000686645508,18.559999465942383,19.079999923706055,0,0.006829607274287941
2023-04-12,19.09000015258789,19.979999542236328,18.25,19.3799991607666,0,-0.0005237092940850729
2023-04-13,17.799999237060547,19.059999465942383,17.770000457763672,18.829999923706055,0,-0.06996623129446444
2023-04-14,17.06999969482422,18.1200008392334,17.06999969482422,17.940000534057617,0,-0.04187589550782356
2023-04-17,16.950000762939453,17.790000915527344,16.899999618530273,17.579999923706055,0,-0.0070546400908124696
2023-04-18,16.829999923706055,17.34000015258789,16.579999923706055,16.940000534057617,0,-0.007104875168131741
2023-04-19,16.459999084472656,17.719999313354492,16.170000076293945,17.299999237060547,0,-0.022229864041926728
2023-04-20,17.170000076293945,17.690000534057617,16.329999923706055,16.850000381469727,0,0.042230539725252036
2023-04-21,16.770000457763672,17.709999084472656,16.579999923706055,17.510000228881836,0,-0.02357207622113
2023-04-24,16.889999389648438,18.239999771118164,16.739999771118164,18.219999313354492,0,0.007130091551149409
2023-04-25,18.760000228881836,19.860000610351562,17.329999923706055,17.6200008392334,0,0.10500526109575459
2023-04-26,18.84000015258789,19.610000610351562,17.8700008392334,18.65999984741211,0,0.004255321468759288
2023-04-27,17.030000686645508,18.43000030517578,16.719999313354492,18.43000030517578,0,-0.10100574225300596
2023-04-28,15.779999732971191,17.649999618530273,15.720000267028809,17.209999084472656,0,-0.0762332364986058
2023-05-01,16.079999923706055,16.6200008392334,15.529999732971191,16.40999984741211,0,0.018832960510421604
2023-05-02,17.780000686645508,19.809999465942383,16.260000228881836,16.270000457763672,0,0.10049800969856815
2023-05-03,18.34000015258789,18.829999923706055,17.190000534057617,17.81999969482422,0,0.031010206443529142
2023-05-04,20.09000015258789,21.329999923706055,18.670000076293945,19.170000076293945,0,0.09113771127378989
2023-05-05,17.190000534057617,19.6299991607666,16.690000534057617,19.5,0,-0.15589433595937718
2023-05-08,16.979999542236328,17.8799991607666,16.829999923706055,17.729999542236328,0,-0.012291696538472507
2023-05-09,17.709999084472656,17.860000610351562,17.219999313354492,17.290000915527344,0,0.04209324617502963
2023-05-10,16.940000534057617,18.309999465942383,16.360000610351562,17.579999923706055,0,-0.04445167934890737
2023-05-11,16.93000030517578,18.190000534057617,16.6299991607666,16.799999237060547,0,-0.0005905065795479558
2023-05-12,17.030000686645508,17.920000076293945,16.3799991607666,16.829999923706055,0,0.005889320823572408
2023-05-15,17.1200008392334,18.15999984741211,17.079999923706055,17.440000534057617,0,0.005270884739881243
2023-05-16,17.989999771118164,18.299999237060547,17.260000228881836,17.540000915527344,0,0.04956861550547842
2023-05-17,16.8700008392334,18.260000228881836,16.68000030517578,17.959999084472656,0,-0.06427908893475065
2023-05-18,16.049999237060547,17.149999618530273,16.049999237060547,16.920000076293945,0,-0.04982814426410975
2023-05-19,16.809999465942383,17.360000610351562,15.850000381469727,16.1299991607666,0,0.04626511360943519
2023-05-22,17.209999084472656,18.1299991607666,16.81999969482422,17.450000762939453,0,0.023516641375751046
2023-05-23,18.530000686645508,19.309999465942383,17.299999237060547,17.350000381469727,0,0.07390052032710859
2023-05-24,20.030000686645508,20.809999465942383,18.799999237060547,18.799999237060547,0,0.07784010660542995
2023-05-25,19.139999389648438,19.950000762939453,18.700000762939453,19.540000915527344,0,-0.045450829822569094
2023-05-26,17.950000762939453,19.559999465942383,17.270000457763672,19.06999969482422,0,-0.0641901966981333
2023-05-30,17.459999084472656,18.34000015258789,16.979999542236328,17.559999465942383,0,-0.027677659462124193
2023-05-31,17.940000534057617,18.399999618530273,17.1200008392334,18.040000915527344,0,0.02712038842399389
2023-06-01,15.649999618530273,17.59000015258789,15.579999923706055,17.239999771118164,0,-0.13656199378864775
2023-06-02,14.600000381469727,15.649999618530273,14.420000076293945,15.649999618530273,0,-0.06944933776874596
2023-06-05,14.729999542236328,15.289999961853027,14.65999984741211,15.279999732971191,0,0.00886464455522118
2023-06-06,13.960000038146973,14.970000267028809,13.949999809265137,14.90999984741211,0,-0.05369009933075741
2023-06-07,13.9399995803833,14.289999961853027,13.770000457763672,14.140000343322754,0,-0.0014337248360685173
2023-06-08,13.649999618530273,14.210000038146973,13.529999732971191,14.140000343322754,0,-0.021022881546280736
2023-06-09,13.829999923706055,14.140000343322754,13.5,13.779999732971191,0,0.01310064647564424
2023-06-12,15.010000228881836,15.020000457763672,14.319999694824219,14.4399995803833,0,0.08187652073388119
2023-06-13,14.609999656677246,15.0600004196167,14.470000267028809,14.989999771118164,0,-0.027010458630547518
2023-06-14,13.880000114440918,14.729999542236328,13.829999923706055,14.479999542236328,0,-0.05125723893976497
2023-06-15,14.5,14.520000457763672,13.789999961853027,14.09000015258789,0,0.04369968610284758
2023-06-16,13.539999961853027,14.539999961853027,13.479999542236328,14.489999771118164,0,-0.06850038475975362
2023-06-20,13.880000114440918,14.670000076293945,13.859999656677246,14.359999656677246,0,0.02480069865690604
2023-06-21,13.199999809265137,13.890000343322754,13.100000381469727,13.880000114440918,0,-0.050232148180966885
2023-06-22,12.90999984741211,13.979999542236328,12.729999542236328,13.880000114440918,0,-0.022214622103519766
2023-06-23,13.4399995803833,13.800000190734863,12.880000114440918,13.239999771118164,0,0.04023311083432768
2023-06-26,14.25,14.710000038146973,13.779999732971191,14.430000305175781,0,0.05852160284113728
2023-06-27,13.739999771118164,14.34000015258789,13.59000015258789,14.109999656677246,0,-0.036445636578522844
2023-06-28,13.430000305175781,13.960000038146973,13.359999656677246,13.899999618530273,0,-0.02282023687755208
2023-06-29,13.539999961853027,13.850000381469727,13.40999984741211,13.640000343322754,0,0.00815723140819058
2023-06-30,13.59000015258789,13.59000015258789,12.960000038146973,13.510000228881836,0,0.0036859747242306007
2023-07-03,13.569999694824219,13.850000381469727,13.470000267028809,13.850000381469727,0,-0.001472788033232142
2023-07-05,14.180000305175781,14.739999771118164,14.050000190734863,14.1899995803833,0,0.04397109126777199
2023-07-06,15.4399995803833,17.079999923706055,14.789999961853027,14.850000381469727,0,0.08512897479383685
2023-07-07,14.829999923706055,16.059999465942383,14.329999923706055,15.970000267028809,0,-0.04030936641410987
2023-07-10,15.069999694824219,16.209999084472656,15.039999961853027,16.079999923706055,0,0.0160538413825817
2023-07-11,14.84000015258789,15.25,14.630000114440918,15.020000457763672,0,-0.015379744366416759
2023-07-12,13.539999961853027,14.819999694824219,13.510000228881836,14.819999694824219,0,-0.09167798335466237
2023-07-13,13.609999656677246,13.609999656677246,13.119999885559082,13.4399995803833,0,0.005156526770827341
2023-07-14,13.34000015258789,13.760000228881836,13.220000267028809,13.720000267028809,0,-0.02003773951175214
2023-07-17,13.479999542236328,14.0,13.430000305175781,13.779999732971191,0,0.01044001959958063
2023-07-18,13.300000190734863,13.670000076293945,13.289999961853027,13.609999656677246,0,-0.013443021956756063
2023-07-19,13.760000228881836,13.84000015258789,13.119999885559082,13.319999694824219,0,0.03400179957037697
2023-07-20,13.989999771118164,14.229999542236328,13.579999923706055,13.960000038146973,0,0.016576923177949343
2023-07-21,13.600000381469727,13.890000343322754,13.369999885559082,13.869999885559082,0,-0.028272951525750933
2023-07-24,13.90999984741211,14.300000190734863,13.729999542236328,14.289999961853027,0,0.022538174174446812
2023-07-25,13.859999656677246,14.09000015258789,13.819999694824219,14.020000457763672,0,-0.003601025974701688
2023-07-26,13.1899995803833,14.15999984741211,13.149999618530273,13.859999656677246,0,-0.04954803407501762
2023-07-27,14.40999984741211,15.020000457763672,12.739999771118164,13.140000343322754,0,0.08846346450642484
2023-07-28,13.329999923706055,14.180000305175781,13.270000457763672,14.029999732971191,0,-0.07790527095526212
2023-07-31,13.630000114440918,14.09000015258789,13.569999694824219,13.979999542236328,0,0.02225612563755286
2023-08-01,13.930000305175781,14.300000190734863,13.75,13.75,0,0.021771555594829906
2023-08-02,16.09000015258789,16.479999542236328,14.949999809265137,15.699999809265137,0,0.14415316078816742
2023-08-03,15.920000076293945,17.420000076293945,15.720000267028809,16.770000457763672,0,-0.010621785279120388
2023-08-04,17.100000381469727,17.389999389648438,14.569999694824219,16.010000228881836,0,0.07150230060821494
2023-08-07,15.770000457763672,17.360000610351562,15.770000457763672,16.899999618530273,0,-0.08096905581433855
2023-08-08,15.989999771118164,18.139999389648438,15.960000038146973,16.280000686645508,0,0.01385408252935516
2023-08-09,15.960000038146973,16.8700008392334,15.380000114440918,15.8100004196167,0,-0.0018779181199777284
2023-08-10,15.850000381469727,16.860000610351562,14.600000381469727,15.579999923706055,0,-0.006916070021043996
2023-08-11,14.84000015258789,16.510000228881836,14.84000015258789,15.529999732971191,0,-0.06584327636934262
2023-08-14,14.819999694824219,16.059999465942383,14.770000457763672,15.880000114440918,0,-0.001348648745654657
2023-08-15,16.459999084472656,16.56999969482422,14.90999984741211,14.949999809265137,0,0.10495554035179389
2023-08-16,16.780000686645508,16.93000030517578,15.800000190734863,16.540000915527344,0,0.019254602331953752
2023-08-17,17.889999389648438,18.1299991607666,16.399999618530273,16.959999084472656,0,0.0640541214441841
2023-08-18,17.299999237060547,18.8799991607666,17.139999389648438,17.799999237060547,0,-0.0335354060005284
2023-08-21,17.1299991607666,18.110000610351562,16.8799991607666,18.030000686645508,0,-0.009875194059184356
2023-08-22,16.969999313354492,17.579999923706055,16.610000610351562,16.959999084472656,0,-0.009384224560184062
2023-08-23,15.979999542236328,17.100000381469727,15.90999984741211,16.639999389648438,0,-0.060109127091726666
2023-08-24,17.200000762939453,17.31999969482422,15.479999542236328,15.569999694824219,0,0.07357151648426052
2023-08-25,15.680000305175781,17.360000610351562,15.449999809265137,17.209999084472656,0,-0.09252339379134877
2023-08-28,15.079999923706055,16.280000686645508,15.0,16.239999771118164,0,-0.03901667686447308
2023-08-29,14.449999809265137,15.300000190734863,14.34000015258789,15.079999923706055,0,-0.042674956161733224
2023-08-30,13.880000114440918,14.699999809265137,13.829999923706055,14.529999732971191,0,-0.04024543803511538
2023-08-31,13.569999694824219,14.0,13.4399995803833,13.979999542236328,0,-0.02258751196590758
2023-09-01,13.09000015258789,13.5600004196167,13.020000457763672,13.5600004196167,0,-0.036012859779136264
2023-09-05,14.010000228881836,14.470000267028809,13.699999809265137,14.149999618530273,0,0.06792278510731142
2023-09-06,14.449999809265137,15.300000190734863,14.130000114440918,14.270000457763672,0,0.0309230246728478
2023-09-07,14.399999618530273,15.6899995803833,14.399999618530273,14.8100004196167,0,-0.0034662212677951665
2023-09-08,13.84000015258789,14.869999885559082,13.579999923706055,14.220000267028809,0,-0.039665218876341335
2023-09-11,13.800000190734863,14.329999923706055,13.739999771118164,14.170000076293945,0,-0.002894355230134149
2023-09-12,14.229999542236328,14.420000076293945,13.710000038146973,14.020000457763672,0,0.03068377394831856
2023-09-13,13.479999542236328,14.680000305175781,13.40999984741211,14.420000076293945,0,-0.054145308407413495
2023-09-14,12.819999694824219,13.460000038146973,12.789999961853027,13.390000343322754,0,-0.05020064383757061
2023-09-15,13.789999961853027,14.170000076293945,12.680000305175781,12.699999809265137,0,0.07293726135107237
2023-09-18,14.0,14.75,13.859999656677246,14.399999618530273,0,0.015113640576325693
2023-09-19,14.109999656677246,14.880000114440918,13.859999656677246,14.109999656677246,0,0.007826411917589038
2023-09-20,15.140000343322754,15.149999618530273,13.569999694824219,14.180000305175781,0,0.07045652915299083
2023-09-21,17.540000915527344,17.540000915527344,15.100000381469727,15.489999771118164,0,0.1471437684547392
2023-09-22,17.200000762939453,17.40999984741211,15.930000305175781,17.309999465942383,0,-0.019574610964225858
2023-09-25,16.899999618530273,18.40999984741211,16.790000915527344,17.25,0,-0.017595828819497505
2023-09-26,18.940000534057617,19.5,17.170000076293945,18.030000686645508,0,0.11396251659841772
2023-09-27,18.219999313354492,19.709999084472656,18.030000686645508,18.290000915527344,0,-0.03875626180982206
2023-09-28,17.34000015258789,18.770000457763672,17.059999465942383,18.219999313354492,0,-0.049503873993290703
2023-09-29,17.520000457763672,17.739999771118164,15.829999923706055,16.8700008392334,0,0.010327131484149543
2023-10-02,17.610000610351562,18.549999237060547,16.93000030517578,17.309999465942383,0,0.005123845531179061
2023-10-03,19.780000686645508,20.479999542236328,17.520000457763672,17.809999465942383,0,0.11620440374120822
2023-10-04,18.579999923706055,20.8799991607666,18.299999237060547,20.719999313354492,0,-0.06258563162924391
2023-10-05,18.489999771118164,19.579999923706055,18.260000228881836,18.670000076293945,0,-0.00485569625910065
2023-10-06,17.450000762939453,19.93000030517578,17.190000534057617,18.729999542236328,0,-0.05789034065045717
2023-10-09,17.700000762939453,19.600000381469727,17.559999465942383,19.540000915527344,0,0.014224990313812302
2023-10-10,17.030000686645508,17.860000610351562,16.510000228881836,17.700000762939453,0,-0.03858814768935037
2023-10-11,16.09000015258789,17.780000686645508,16.09000015258789,16.950000762939453,0,-0.05677856450666541
2023-10-12,16.690000534057617,18.079999923706055,15.4399995803833,16.079999923706055,0,0.03661179918471147
2023-10-13,19.31999969482422,20.780000686645508,16.5,16.530000686645508,0,0.1463310433161218
2023-10-16,17.209999084472656,19.56999969482422,17.139999389648438,19.100000381469727,0,-0.11565025596248235
2023-10-17,17.8799991607666,18.540000915527344,16.969999313354492,17.40999984741211,0,0.03819216578233409
2023-10-18,19.219999313354492,20.149999618530273,17.8799991607666,18.360000610351562,0,0.0722686450081973
2023-10-19,21.399999618530273,21.399999618530273,18.549999237060547,19.729999542236328,0,0.10743953638554471
2023-10-20,21.709999084472656,21.829999923706055,20.420000076293945,21.59000015258789,0,0.014382037517314927
2023-10-23,20.3700008392334,23.079999923706055,19.479999542236328,21.829999923706055,0,-0.0637096702812392
2023-10-24,18.969999313354492,20.239999771118164,18.649999618530273,20.030000686645508,0,-0.07120452368766061
2023-10-25,20.190000534057617,21.239999771118164,18.860000610351562,19.389999389648438,0,0.06232871102580351
2023-10-26,20.68000030517578,21.959999084472656,20.219999313354492,21.780000686645508,0,0.02397960562094159
2023-10-27,21.270000457763672,22.06999969482422,19.719999313354492,20.389999389648438,0,0.02813058633643184
2023-10-30,19.75,21.15999984741211,19.549999237060547,21.1299991607666,0,-0.07414415938657903
2023-10-31,18.139999389648438,19.860000610351562,17.969999313354492,19.860000610351562,0,-0.0850340803068641
2023-11-01,16.8700008392334,18.420000076293945,16.6299991607666,18.020000457763672,0,-0.0725824647353015
2023-11-02,15.65999984741211,16.6200008392334,15.579999923706055,16.59000015258789,0,-0.0744272654861069
2023-11-03,14.90999984741211,15.829999923706055,14.90999984741211,15.699999809265137,0,-0.049077562276140796
2023-11-06,14.890000343322754,15.579999923706055,14.84000015258789,15.390000343322754,0,-0.0013422487895300428
2023-11-07,14.8100004196167,15.170000076293945,14.710000038146973,15.100000381469727,0,-0.0053872131401448975
2023-11-08,14.449999809265137,15.09000015258789,14.300000190734863,14.90999984741211,0,-0.024608255254245925
2023-11-09,15.289999961853027,15.569999694824219,14.130000114440918,14.609999656677246,0,0.056504616087277526
2023-11-10,14.170000076293945,15.449999809265137,14.15999984741211,15.09000015258789,0,-0.07607195835929703
2023-11-13,14.760000228881836,15.1899995803833,14.579999923706055,15.15999984741211,0,0.04079377559244879
2023-11-14,14.15999984741211,14.859999656677246,13.90999984741211,14.829999923706055,0,-0.04149975718963317
2023-11-15,14.180000305175781,14.350000381469727,13.970000267028809,14.210000038146973,0,0.0014114651359529162
2023-11-16,14.319999694824219,14.420000076293945,13.680000305175781,14.119999885559082,0,0.00982459759579557
2023-11-17,13.800000190734863,14.1899995803833,13.670000076293945,14.180000305175781,0,-0.03698853423681525
2023-11-20,13.40999984741211,14.3100004196167,13.390000343322754,14.260000228881836,0,-0.028667920069603614
2023-11-21,13.350000381469727,14.3100004196167,13.130000114440918,13.449999809265137,0,-0.00448427249415273
2023-11-22,12.850000381469727,13.25,12.819999694824219,13.079999923706055,0,-0.03817257239318117
2023-11-24,12.460000038146973,13.170000076293945,12.449999809265137,13.029999732971191,0,-0.03082032460672668
2023-11-27,12.6899995803833,13.279999732971191,12.640000343322754,13.140000343322754,0,0.01829073223871225
2023-11-28,12.6899995803833,14.300000190734863,12.5600004196167,12.779999732971191,0,0.0
2023-11-29,12.979999542236328,13.100000381469727,12.479999542236328,12.710000038146973,0,0.022595427349522357
2023-11-30,12.920000076293945,13.390000343322754,12.819999694824219,13.069999694824219,0,-0.00463317174953648
2023-12-01,12.630000114440918,12.960000038146973,12.479999542236328,12.9399995803833,0,-0.02270155883612146
2023-12-04,13.079999923706055,13.699999809265137,12.979999542236328,13.279999732971191,0,0.035009394772743896
2023-12-05,12.850000381469727,13.760000228881836,12.8100004196167,13.260000228881836,0,-0.017740499168593882
2023-12-06,12.970000267028809,13.029999732971191,12.640000343322754,12.779999732971191,0,0.009295177888952733
2023-12-07,13.0600004196167,13.279999732971191,12.949999809265137,13.170000076293945,0,0.006915137061659138
2023-12-08,12.350000381469727,13.239999771118164,12.350000381469727,13.140000343322754,0,-0.055898062015977246
2023-12-11,12.630000114440918,13.140000343322754,12.609999656677246,13.050000190734863,0,0.02241885146121536
2023-12-12,12.069999694824219,12.739999771118164,11.8100004196167,12.6899995803833,0,-0.04535193559782469
2023-12-13,12.1899995803833,12.460000038146973,11.819999694824219,12.199999809265137,0,0.009892899244539066
2023-12-14,12.479999542236328,12.739999771118164,11.84000015258789,11.960000038146973,0,0.02351141719134686
2023-12-15,12.279999732971191,12.539999961853027,12.010000228881836,12.119999885559082,0,-0.01615542528752023
2023-12-18,12.5600004196167,12.640000343322754,12.399999618530273,12.619999885559082,0,0.022545293475045636
2023-12-19,12.529999732971191,12.600000381469727,12.329999923706055,12.600000381469727,0,-0.0023914468522061583
2023-12-20,13.670000076293945,13.930000305175781,12.289999961853027,12.630000114440918,0,0.08707790872016163
2023-12-21,13.649999618530273,14.489999771118164,13.34000015258789,13.399999618530273,0,-0.0014641626325122559
2023-12-22,13.029999732971191,13.960000038146973,13.0,13.720000267028809,0,-0.04648512304109964
2023-12-26,12.989999771118164,13.800000190734863,12.960000038146973,13.770000457763672,0,-0.0030745575807094028
2023-12-27,12.430000305175781,13.039999961853027,12.369999885559082,13.020000457763672,0,-0.04406688298848849
2023-12-28,12.470000267028809,12.649999618530273,12.380000114440918,12.4399995803833,0,0.0032128510314719527
2023-12-29,12.449999809265137,13.1899995803833,12.359999656677246,12.550000190734863,0,-0.0016051735149953394
2024-01-02,13.199999809265137,14.229999542236328,13.100000381469727,13.220000267028809,0,0.05849620755206697
2024-01-03,14.039999961853027,14.220000267028809,13.329999923706055,13.350000381469727,0,0.06169358073792974
2024-01-04,14.130000114440918,14.199999809265137,13.640000343322754,13.930000305175781,0,0.00638980891493679
2024-01-05,13.350000381469727,14.579999923706055,13.289999961853027,14.239999771118164,0,-0.056783791374811265
2024-01-08,13.079999923706055,14.180000305175781,13.020000457763672,14.0,0,-0.020432073224587288
2024-01-09,12.760000228881836,13.449999809265137,12.739999771118164,13.199999809265137,0,-0.02476904434209093
2024-01-10,12.6899995803833,12.949999809265137,12.670000076293945,12.859999656677246,0,-0.005501047194517383
2024-01-11,12.4399995803833,13.3100004196167,12.350000381469727,12.640000343322754,0,-0.019897195079786822
2024-01-12,12.699999809265137,13.079999923706055,12.470000267028809,12.65999984741211,0,0.020684924866265053
2024-01-16,13.84000015258789,14.350000381469727,13.520000457763672,14.119999885559082,0,0.08596098276860786
2024-01-17,14.789999961853027,15.399999618530273,14.380000114440918,14.59000015258789,0,0.06638831292880765
2024-01-18,14.130000114440918,14.890000343322754,13.890000343322754,14.850000381469727,0,-0.045651069347886875
2024-01-19,13.300000190734863,14.579999923706055,13.279999732971191,13.800000190734863,0,-0.06053615522690592
2024-01-22,13.1899995803833,13.84000015258789,13.170000076293945,13.770000457763672,0,-0.008305114652697121
2024-01-23,12.550000190734863,13.289999961853027,12.529999732971191,13.199999809265137,0,-0.04973825414018762
2024-01-24,13.140000343322754,13.180000305175781,12.40999984741211,12.65999984741211,0,0.045940358408737225
2024-01-25,13.449999809265137,13.579999923706055,13.0600004196167,13.180000305175781,0,0.023318052682289814
2024-01-26,13.260000228881836,14.100000381469727,13.199999809265137,13.729999542236328,0,-0.01422708984802723
2024-01-29,13.600000381469727,15.350000381469727,13.59000015258789,13.979999542236328,0,0.02531781877246031
2024-01-30,13.3100004196167,13.739999771118164,13.229999542236328,13.6899995803833,0,-0.021554156857806817
2024-01-31,14.350000381469727,14.609999656677246,13.180000305175781,13.420000076293945,0,0.07523430485544225
2024-02-01,13.880000114440918,14.630000114440918,13.869999885559082,14.210000038146973,0,-0.033301005465204536
2024-02-02,13.850000381469727,14.229999542236328,13.390000343322754,13.949999809265137,0,-0.0021637031473935586
2024-02-05,13.670000076293945,14.529999732971191,13.579999923706055,14.369999885559082,0,-0.013081603859307123
2024-02-06,13.0600004196167,13.779999732971191,12.979999542236328,13.569999694824219,0,-0.045649500338780236
2024-02-07,12.829999923706055,13.130000114440918,12.8100004196167,13.0600004196167,0,-0.017767983297182877
2024-02-08,12.789999961853027,13.170000076293945,12.739999771118164,12.949999809265137,0,-0.0031225600728288505
2024-02-09,12.930000305175781,13.010000228881836,12.6899995803833,12.789999961853027,0,0.010886603777725767
2024-02-12,13.930000305175781,13.9399995803833,13.34000015258789,13.479999542236328,0,0.07449459331360897
2024-02-13,15.850000381469727,17.940000534057617,13.430000305175781,13.960000038146973,0,0.12912471469125686
2024-02-14,14.380000114440918,15.470000267028809,14.220000267028809,15.380000114440918,0,-0.09733116413954024
2024-02-15,14.010000228881836,14.640000343322754,13.9399995803833,14.270000457763672,0,-0.026066983565291135
2024-02-16,14.239999771118164,14.710000038146973,13.75,13.9399995803833,0,0.016283513224718327
2024-02-20,15.420000076293945,15.90999984741211,15.069999694824219,15.09000015258789,0,0.07961048317224328
2024-02-21,15.34000015258789,16.1200008392334,15.220000267028809,15.539999961853027,0,-0.005201567196741141
2024-02-22,14.539999961853027,14.640000343322754,14.119999885559082,14.279999732971191,0,-0.05356033640438396
2024-02-23,13.75,14.3100004196167,13.640000343322754,14.3100004196167,0,-0.05586464536920488
2024-02-26,13.739999771118164,14.199999809265137,13.65999984741211,14.170000076293945,0,-0.0007275539764437511
2024-02-27,13.430000305175781,13.75,13.40999984741211,13.630000114440918,0,-0.02282023687755208
2024-02-28,13.84000015258789,13.899999618530273,13.4399995803833,13.520000457763672,0,0.030071927956075495
2024-02-29,13.399999618530273,14.149999618530273,13.300000190734863,14.140000343322754,0,-0.03230828272568509
2024-03-01,13.109999656677246,13.65999984741211,13.079999923706055,13.34000015258789,0,-0.021879406901220033
2024-03-04,13.489999771118164,13.579999923706055,13.319999694824219,13.489999771118164,0,0.028573381665131237
2024-03-05,14.460000038146973,15.100000381469727,13.75,13.75,0,0.06943756611583574
2024-03-06,14.5,14.930000305175781,13.890000343322754,14.270000457763672,0,0.002762430057806853
2024-03-07,14.4399995803833,14.979999542236328,14.25,14.979999542236328,0,-0.004146545021177506
2024-03-08,14.739999771118164,15.529999732971191,13.970000267028809,14.220000267028809,0,0.020562766827898926
2024-03-11,15.220000267028809,16.040000915527344,15.130000114440918,15.510000228881836,0,0.032045498744889045
2024-03-12,13.84000015258789,15.199999809265137,13.8100004196167,14.970000267028809,0,-0.09504740876347917
2024-03-13,13.75,14.039999961853027,13.670000076293945,13.890000343322754,0,-0.0065241371020796635
2024-03-14,14.399999618530273,15.329999923706055,13.420000076293945,13.619999885559082,0,0.046189355978421
2024-03-15,14.40999984741211,15.529999732971191,14.140000343322754,14.329999923706055,0,0.0006942193314012357
2024-03-18,14.329999923706055,14.850000381469727,14.260000228881836,14.75,0,-0.005567162906393808
2024-03-19,13.819999694824219,14.859999656677246,13.800000190734863,14.5,0,-0.03623844025866907
2024-03-20,13.039999961853027,14.170000076293945,13.010000228881836,13.829999923706055,0,-0.05809524268421429
2024-03-21,12.920000076293945,13.079999923706055,12.399999618530273,12.979999542236328,0,-0.009245049313565623
2024-03-22,13.0600004196167,13.149999618530273,12.579999923706055,12.920000076293945,0,0.010777651718640424
2024-03-25,13.1899995803833,13.670000076293945,13.109999656677246,13.670000076293945,0,0.009904778937777525
2024-03-26,13.239999771118164,13.430000305175781,12.84000015258789,13.119999885559082,0,0.00378359830573638
2024-03-27,12.779999732971191,13.34000015258789,12.65999984741211,13.130000114440918,0,-0.03536110516659896
2024-03-28,13.010000228881836,13.100000381469727,12.84000015258789,12.930000305175781,0,0.01783688206206069
2024-04-01,13.649999618530273,14.149999618530273,13.550000190734863,13.609999656677246,0,0.04802118356729235
2024-04-02,14.609999656677246,15.430000305175781,13.680000305175781,13.739999771118164,0,0.06796670857897791
2024-04-03,14.329999923706055,15.180000305175781,14.25,15.0,0,-0.019350965747437332
2024-04-04,16.350000381469727,16.920000076293945,13.739999771118164,14.289999961853027,0,0.131872684158735
2024-04-05,16.030000686645508,16.75,15.529999732971191,16.450000762939453,0,-0.01976591121825466
2024-04-08,15.1899995803833,16.5,15.109999656677246,16.239999771118164,0,-0.053824720473343746
2024-04-09,14.979999542236328,16.6299991607666,14.9399995803833,15.34000015258789,0,-0.013921341452395097
2024-04-10,15.800000190734863,16.6200008392334,14.59000015258789,15.239999771118164,0,0.0532940045739978
2024-04-11,14.90999984741211,17.610000610351562,14.90999984741211,16.020000457763672,0,-0.05797783356203068
2024-04-12,17.309999465942383,19.200000762939453,14.90999984741211,14.90999984741211,0,0.14925221979285164
2024-04-15,19.229999542236328,19.459999084472656,16.260000228881836,16.940000534057617,0,0.1051871974604559
2024-04-16,18.399999618530273,19.559999465942383,17.639999389648438,19.489999771118164,0,-0.044120891913135285
2024-04-17,18.209999084472656,19.110000610351562,17.540000915527344,18.239999771118164,0,-0.010379800419450635
2024-04-18,18.0,18.3700008392334,17.209999084472656,17.90999984741211,0,-0.011599085567274514
2024-04-19,18.709999084472656,21.360000610351562,18.170000076293945,21.329999923706055,0,0.03868633345731798
2024-04-22,16.940000534057617,18.719999313354492,16.690000534057617,18.59000015258789,0,-0.09938037060315086
2024-04-23,15.6899995803833,16.760000228881836,15.6899995803833,16.719999313354492,0,-0.07665418074960328
2024-04-24,15.970000267028809,16.3799991607666,15.579999923706055,15.760000228881836,0,0.017688438946844354
2024-04-25,15.369999885559082,17.549999237060547,15.270000457763672,16.25,0,-0.03829442884280132
2024-04-26,15.029999732971191,16.059999465942383,14.920000076293945,15.489999771118164,0,-0.0223693641062761
2024-04-29,14.670000076293945,15.420000076293945,14.630000114440918,15.369999885559082,0,-0.024243588642927083
2024-04-30,15.649999618530273,15.899999618530273,14.670000076293945,14.819999694824219,0,0.06466629525553147
2024-05-01,15.390000343322754,16.219999313354492,14.350000381469727,15.75,0,-0.016752922452140773
2024-05-02,14.680000305175781,16.09000015258789,14.600000381469727,15.140000343322754,0,-0.04723192618404859
2024-05-03,13.489999771118164,14.579999923706055,13.479999542236328,14.510000228881836,0,-0.08453739072202415
2024-05-06,13.489999771118164,14.020000457763672,13.4399995803833,13.979999542236328,0,0.0
2024-05-07,13.229999542236328,13.640000343322754,13.15999984741211,13.520000457763672,0,-0.019461709726451115
2024-05-08,13.0,13.510000228881836,12.9399995803833,13.239999771118164,0,-0.017537586064898303
2024-05-09,12.6899995803833,13.289999961853027,12.680000305175781,13.079999923706055,0,-0.02413510880196279
2024-05-10,12.550000190734863,12.960000038146973,12.5,12.770000457763672,0,-0.011093567883783795
2024-05-13,13.600000381469727,13.65999984741211,13.25,13.260000228881836,0,0.08034914001546012
2024-05-14,13.420000076293945,14.029999732971191,13.270000457763672,13.710000038146973,0,-0.013323683562621813
2024-05-15,12.449999809265137,13.9399995803833,12.380000114440918,13.729999542236328,0,-0.07502552963798115
2024-05-16,12.420000076293945,12.670000076293945,12.329999923706055,12.520000457763672,0,-0.002412524942484673
2024-05-17,11.989999771118164,12.479999542236328,11.90999984741211,12.279999732971191,0,-0.03523513269813394
2024-05-20,12.149999618530273,12.59000015258789,12.069999694824219,12.270000457763672,0,0.013256188439842997
2024-05-21,11.859999656677246,12.5600004196167,11.84000015258789,12.300000190734863,0,-0.024157773768248347
2024-05-22,12.289999961853027,12.8100004196167,11.779999732971191,12.050000190734863,0,0.035614555852416796
2024-05-23,12.770000457763672,13.369999885559082,11.520000457763672,11.529999732971191,0,0.03831278541720984
2024-05-24,11.930000305175781,12.890000343322754,11.890000343322754,12.859999656677246,0,-0.06804244420089045
2024-05-28,12.920000076293945,13.4399995803833,12.359999656677246,12.510000228881836,0,0.0797202425692003
2024-05-29,14.279999732971191,14.319999694824219,13.6899995803833,13.75,0,0.10008343395238173
2024-05-30,14.470000267028809,14.880000114440918,13.670000076293945,14.819999694824219,0,0.013217620885411119
2024-05-31,12.920000076293945,14.869999885559082,12.84000015258789,14.5,0,-0.11330105483779285
2024-06-03,13.109999656677246,14.3100004196167,13.0,13.079999923706055,0,0.014598767328195095
2024-06-04,13.15999984741211,14.079999923706055,13.109999656677246,13.510000228881836,0,0.0038066427145913018
2024-06-05,12.630000114440918,13.25,12.600000381469727,13.140000343322754,0,-0.04110696887890786
2024-06-06,12.579999923706055,12.979999542236328,12.539999961853027,12.75,0,-0.003966700215845442
2024-06-07,12.220000267028809,13.079999923706055,12.109999656677246,12.6899995803833,0,-0.029034269612358887
2024-06-10,12.739999771118164,13.279999732971191,12.619999885559082,13.09000015258789,0,0.04167265658317598
2024-06-11,12.850000381469727,13.470000267028809,12.779999732971191,12.850000381469727,0,0.008597208849178362
2024-06-12,12.039999961853027,13.149999618530273,11.9399995803833,13.100000381469727,0,-0.06510940431526668
2024-06-13,11.9399995803833,12.680000305175781,11.880000114440918,12.050000190734863,0,-0.008340363891643499
2024-06-14,12.65999984741211,13.449999809265137,12.119999885559082,12.220000267028809,0,0.058553331842595924
2024-06-17,12.75,13.289999961853027,12.5,13.069999694824219,0,0.00708386694116081
2024-06-18,12.300000190734863,12.739999771118164,12.239999771118164,12.699999809265137,0,-0.03593199371916356
2024-06-20,13.279999732971191,13.550000190734863,12.180000305175781,12.5,0,0.07665984605542508
2024-06-21,13.199999809265137,13.779999732971191,12.989999771118164,13.220000267028809,0,-0.006042308797982177
2024-06-24,13.329999923706055,13.880000114440918,13.149999618530273,13.850000381469727,0,0.009800313324426213
2024-06-25,12.84000015258789,13.520000457763672,12.84000015258789,13.479999542236328,0,-0.03745181832153355
2024-06-26,12.550000190734863,13.239999771118164,12.369999885559082,12.8100004196167,0,-0.022844629369816793
2024-06-27,12.239999771118164,12.770000457763672,12.210000038146973,12.6899995803833,0,-0.025011422391106652
2024-06-28,12.4399995803833,12.760000228881836,11.869999885559082,12.239999771118164,0,0.016207795195103625
2024-07-01,12.220000267028809,13.260000228881836,12.100000381469727,12.979999542236328,0,-0.01784307798455309
2024-07-02,12.029999732971191,12.880000114440918,11.850000381469727,12.670000076293945,0,-0.015670467805555255
2024-07-03,12.09000015258789,12.229999542236328,11.949999809265137,12.130000114440918,0,0.004975169458022677
2024-07-05,12.479999542236328,12.609999656677246,11.84000015258789,12.369999885559082,0,0.03174864901379815
2024-07-08,12.369999885559082,12.90999984741211,12.3100004196167,12.90999984741211,0,-0.008853149108591918
2024-07-09,12.510000228881836,12.609999656677246,12.350000381469727,12.479999542236328,0,0.011254165621822132
2024-07-10,12.850000381469727,12.920000076293945,12.390000343322754,12.510000228881836,0,0.02681549825285856
2024-07-11,12.920000076293945,13.329999923706055,12.229999542236328,12.880000114440918,0,0.005432663231971446
2024-07-12,12.460000038146973,12.890000343322754,12.109999656677246,12.869999885559082,0,-0.036252987838698125
2024-07-15,13.119999885559082,13.260000228881836,12.75,12.779999732971191,0,0.05161425837245037
2024-07-16,13.1899995803833,13.470000267028809,12.949999809265137,13.380000114440918,0,0.005321160122665702
2024-07-17,14.479999542236328,14.880000114440918,13.539999961853027,13.600000381469727,0,0.09330942042807866
2024-07-18,15.930000305175781,16.43000030517578,14.079999923706055,14.270000457763672,0,0.09543578773520034
2024-07-19,16.520000457763672,17.190000534057617,10.619999885559082,16.440000534057617,0,0.03636765272324016
2024-07-22,14.90999984741211,16.889999389648438,14.75,16.790000915527344,0,-0.10253967725977953
2024-07-23,14.720000267028809,15.350000381469727,13.899999618530273,15.210000038146973,0,-0.01282498710144342
2024-07-24,18.040000915527344,18.459999084472656,15.180000305175781,15.350000381469727,0,0.20338443394305505
2024-07-25,18.459999084472656,19.360000610351562,16.420000076293945,18.40999984741211,0,0.023014614095178576
2024-07-26,16.389999389648438,18.049999237060547,16.3700008392334,17.969999313354492,0,-0.11893482396303545
2024-07-29,16.600000381469727,17.209999084472656,16.229999542236328,16.59000015258789,0,0.012731362826129189
2024-07-30,17.690000534057617,18.31999969482422,16.260000228881836,16.639999389648438,0,0.06359682001889544
2024-07-31,16.360000610351562,16.770000457763672,15.710000038146973,16.65999984741211,0,-0.07816016987934393
2024-08-01,18.59000015258789,19.479999542236328,15.949999809265137,16.200000762939453,0,0.1277844414592626
2024-08-02,23.389999389648438,29.65999984741211,20.010000228881836,20.520000457763672,0,0.22968474456012045
2024-08-05,38.56999969482422,65.7300033569336,23.389999389648438,23.389999389648438,0,0.5001662098063431
2024-08-06,27.709999084472656,34.77000045776367,24.020000457763672,33.709999084472656,0,-0.3306814384725931
2024-08-07,27.850000381469727,29.760000228881836,21.969999313354492,24.770000457763672,0,0.0050396542353041696
2024-08-08,23.790000915527344,29.469999313354492,23.360000610351562,28.34000015258789,0,-0.15756761727201907
2024-08-09,20.3700008392334,24.520000457763672,20.260000228881836,23.780000686645508,0,-0.15520209136037755
2024-08-12,20.709999084472656,21.190000534057617,18.889999389648438,20.790000915527344,0,0.01655335976228045
2024-08-13,18.1200008392334,20.790000915527344,17.950000762939453,20.059999465942383,0,-0.133600284270333
2024-08-14,16.190000534057617,18.489999771118164,16.1200008392334,18.40999984741211,0,-0.11262254625371604
2024-08-15,15.229999542236328,16.68000030517578,14.770000457763672,16.270000457763672,0,-0.06112666382606324
2024-08-16,14.800000190734863,15.760000228881836,14.649999618530273,15.289999961853027,0,-0.028639943192801276
2024-08-19,14.649999618530273,16.06999969482422,14.460000038146973,15.9399995803833,0,-0.010186884233373661
2024-08-20,15.880000114440918,15.930000305175781,14.779999732971191,14.890000343322754,0,0.08062015360140995
2024-08-21,16.270000457763672,17.170000076293945,15.920000076293945,16.25,0,0.0242624863407932
2024-08-22,17.549999237060547,18.059999465942383,15.760000228881836,16.270000457763672,0,0.07573095707315058
2024-08-23,15.859999656677246,17.209999084472656,15.609999656677246,17.1200008392334,0,-0.10125371187992283
2024-08-26,16.149999618530273,16.670000076293945,15.8100004196167,16.270000457763672,0,0.018119831488631277
2024-08-27,15.430000305175781,16.809999465942383,15.369999885559082,16.209999084472656,0,-0.04560633989509899
2024-08-28,17.110000610351562,17.889999389648438,15.460000038146973,15.510000228881836,0,0.10334943742316449
2024-08-29,15.649999618530273,16.56999969482422,15.1899995803833,16.540000915527344,0,-0.08919223096521467
2024-08-30,15.0,16.040000915527344,14.779999732971191,15.670000076293945,0,-0.04242069150888961
2024-09-03,20.719999313354492,21.989999771118164,15.710000038146973,15.760000228881836,0,0.3230491831498097
2024-09-04,21.31999969482422,23.309999465942383,19.34000015258789,23.200000762939453,0,0.028546200731562887
2024-09-05,19.899999618530273,21.530000686645508,19.209999084472656,20.75,0,-0.06892587242246906
2024-09-06,22.3799991607666,23.760000228881836,18.829999923706055,21.979999542236328,0,0.1174479528234067
2024-09-09,19.450000762939453,21.40999984741211,19.290000915527344,21.31999969482422,0,-0.14032055609438698
2024-09-10,19.079999923706055,20.739999771118164,18.899999618530273,19.860000610351562,0,-0.019206447268627524
2024-09-11,17.690000534057617,21.40999984741211,17.549999237060547,19.40999984741211,0,-0.07564112366000897
2024-09-12,17.06999969482422,18.59000015258789,16.889999389648438,17.6200008392334,0,-0.03567701943304913
2024-09-13,16.559999465942383,17.18000030517578,16.229999542236328,17.030000686645508,0,-0.030332402221190602
2024-09-16,17.139999389648438,17.690000534057617,16.90999984741211,17.15999984741211,0,0.034424760852600045
2024-09-17,17.610000610351562,18.079999923706055,16.670000076293945,17.15999984741211,0,0.027052079607630564
2024-09-18,18.229999542236328,19.389999389648438,17.110000610351562,17.579999923706055,0,0.03460160641262444
2024-09-19,16.329999923706055,17.270000457763672,16.209999084472656,17.209999084472656,0,-0.11006466126974956
2024-09-20,16.149999618530273,16.68000030517578,15.8100004196167,16.350000381469727,0,-0.011083876262113712
2024-09-23,15.890000343322754,16.950000762939453,15.75,16.709999084472656,0,-0.016230023893409662
2024-09-24,15.390000343322754,16.670000076293945,15.270000457763672,15.869999885559082,0,-0.03197203199588028
2024-09-25,15.40999984741211,15.819999694824219,15.170000076293945,15.819999694824219,0,0.001298669271190711
2024-09-26,15.369999885559082,15.829999923706055,14.899999618530273,15.0600004196167,0,-0.0025990893253782232
2024-09-27,16.959999084472656,16.969999313354492,15.199999809265137,15.640000343322754,0,0.09844002627741899
2024-09-30,16.729999542236328,17.790000915527344,16.469999313354492,17.010000228881836,0,-0.013654088745303383
2024-10-01,19.260000228881836,20.729999542236328,16.610000610351562,16.959999084472656,0,0.14082693061688456
2024-10-02,18.899999618530273,20.360000610351562,18.579999923706055,19.649999618530273,0,-0.01886851637175857
2024-10-03,20.489999771118164,20.75,19.15999984741211,19.6299991607666,0,0.08077504919837875
2024-10-04,19.209999084472656,20.479999542236328,18.479999542236328,20.479999542236328,0,-0.06450602195882116
2024-10-07,22.639999389648438,23.030000686645508,20.649999618530273,20.760000228881836,0,0.1642872972544196
2024-10-08,21.420000076293945,23.139999389648438,21.139999389648438,22.920000076293945,0,-0.05539315779457876
2024-10-09,20.860000610351562,22.010000228881836,20.709999084472656,21.979999542236328,0,-0.026491589749362277
2024-10-10,20.93000030517578,21.389999389648438,20.639999389648438,20.90999984741211,0,0.003350072206642185
2024-10-11,20.459999084472656,21.15999984741211,20.139999389648438,20.8700008392334,0,-0.02271183526239362
2024-10-14,19.700000762939453,20.860000610351562,19.690000534057617,20.860000610351562,0,-0.037853041304464874
2024-10-15,20.639999389648438,20.889999389648438,19.440000534057617,19.610000610351562,0,0.046612236570231946
2024-10-16,19.579999923706055,21.010000228881836,19.450000762939453,20.770000457763672,0,-0.05272227783622485
2024-10-17,19.110000610351562,19.649999618530273,18.8799991607666,19.549999237060547,0,-0.024296843014801617
2024-10-18,18.030000686645508,19.31999969482422,17.989999771118164,19.299999237060547,0,-0.05817471489231307
2024-10-21,18.3700008392334,19.34000015258789,18.360000610351562,18.780000686645508,0,0.018681869613305313
2024-10-22,18.200000762939453,19.440000534057617,18.049999237060547,18.790000915527344,0,-0.009297308909531843
2024-10-23,19.239999771118164,20.469999313354492,18.18000030517578,18.209999084472656,0,0.05556979733891598
2024-10-24,19.079999923706055,20.239999771118164,18.6299991607666,18.8700008392334,0,-0.008350771319908912
2024-10-25,20.329999923706055,20.510000228881836,18.229999542236328,19.219999313354492,0,0.06345696186597305
2024-10-28,19.799999237060547,19.8799991607666,18.90999984741211,19.110000610351562,0,-0.026415724719285993
2024-10-29,19.34000015258789,20.530000686645508,19.059999465942383,19.75,0,-0.02350640125328818
2024-10-30,20.350000381469727,20.440000534057617,19.299999237060547,19.329999923706055,0,0.050905432719140276
2024-10-31,23.15999984741211,23.420000076293945,21.1200008392334,21.440000534057617,0,0.1293457154823261
2024-11-01,21.8799991607666,23.09000015258789,21.15999984741211,22.959999084472656,0,-0.05685370691877978
2024-11-04,21.979999542236328,23.06999969482422,21.729999542236328,22.5,0,0.004559988951510885
2024-11-05,20.489999771118164,22.059999465942383,20.200000762939453,21.979999542236328,0,-0.07019597706871039
2024-11-06,16.270000457763672,16.81999969482422,15.4399995803833,16.059999465942383,0,-0.23061400171400193
2024-11-07,15.199999809265137,15.859999656677246,15.130000114440918,15.859999656677246,0,-0.06802753406250561
2024-11-08,14.9399995803833,15.329999923706055,14.65999984741211,15.130000114440918,0,-0.017253263686006992
2024-11-11,14.970000267028809,15.5600004196167,14.890000343322754,15.329999923706055,0,0.0020060646512551905
2024-11-12,14.710000038146973,15.369999885559082,14.6899995803833,15.09000015258789,0,-0.01752067906251842
2024-11-13,14.020000457763672,15.260000228881836,13.770000457763672,15.09000015258789,0,-0.04804262294940953
2024-11-14,14.3100004196167,14.319999694824219,13.59000015258789,14.170000076293945,0,0.02047370863447373
2024-11-15,16.139999389648438,17.549999237060547,14.5600004196167,15.020000457763672,0,0.12034200213404178
2024-11-18,15.579999923706055,17.0,15.350000381469727,16.600000381469727,0,-0.03531258948003346
2024-11-19,16.350000381469727,17.93000030517578,15.369999885559082,15.4399995803833,0,0.0482398851290573
2024-11-20,17.15999984741211,18.790000915527344,16.040000915527344,16.190000534057617,0,0.0483531644930042
2024-11-21,16.8700008392334,17.989999771118164,15.729999542236328,17.100000381469727,0,-0.017044138862782887
2024-11-22,15.239999771118164,17.559999465942383,15.239999771118164,16.670000076293945,0,-0.10161341106495803
2024-11-25,14.600000381469727,15.720000267028809,14.539999961853027,15.229999542236328,0,-0.04290198039765336
2024-11-26,14.100000381469727,15.029999732971191,13.880000114440918,14.949999809265137,0,-0.03484673040364106
2024-11-27,14.100000381469727,15.130000114440918,13.960000038146973,14.279999732971191,0,0.0
2024-11-29,13.510000228881836,14.149999618530273,13.489999771118164,14.0,0,-0.04274465552494444
2024-12-02,13.34000015258789,14.100000381469727,13.300000190734863,14.079999923706055,0,-0.012663116987917888
2024-12-03,13.300000190734863,13.770000457763672,13.1899995803833,13.380000114440918,0,-0.0030030023571754327
2024-12-04,13.449999809265137,13.609999656677246,12.890000343322754,13.15999984741211,0,0.011215042298142297
2024-12-05,13.539999961853027,13.699999809265137,13.260000228881836,13.460000038146973,0,0.006669172799957934
2024-12-06,12.770000457763672,13.739999771118164,12.699999809265137,13.619999885559082,0,-0.058549558775525146
2024-12-09,14.1899995803833,14.229999542236328,13.350000381469727,13.359999656677246,0,0.10543875570940431
2024-12-10,14.180000305175781,14.539999961853027,13.859999656677246,14.300000190734863,0,-0.0007049189751087148
2024-12-11,13.579999923706055,14.430000305175781,13.520000457763672,14.420000076293945,0,-0.04323442611310657
2024-12-12,13.920000076293945,13.949999809265137,13.390000343322754,13.729999542236328,0,0.024728543874721343
2024-12-13,13.8100004196167,14.25,13.239999771118164,13.569999694824219,0,-0.007933662580970946
2024-12-16,14.6899995803833,14.6899995803833,13.989999771118164,14.369999885559082,0,0.061773963814810706
2024-12-17,15.869999885559082,15.9399995803833,14.779999732971191,14.979999542236328,0,0.07726356570616977
2024-12-18,27.6200008392334,28.31999969482422,14.819999694824219,15.569999694824219,0,0.5541096510389649
2024-12-19,24.09000015258789,24.1200008392334,20.15999984741211,21.610000610351562,0,-0.1367433554052786
2024-12-20,18.360000610351562,26.510000228881836,17.81999969482422,24.139999389648438,0,-0.2716224045249631
2024-12-23,16.780000686645508,20.020000457763672,16.739999771118164,18.09000015258789,0,-0.0899866764763626
2024-12-24,14.270000457763672,17.040000915527344,14.270000457763672,16.969999313354492,0,-0.16202827839204215
2024-12-26,14.729999542236328,15.930000305175781,14.550000190734863,14.989999771118164,0,0.03172673583008656
2024-12-27,15.949999809265137,18.450000762939453,15.289999961853027,15.380000114440918,0,0.07957261787498027
2024-12-30,17.399999618530273,19.219999313354492,16.440000534057617,17.209999084472656,0,0.08701136702438061
2024-12-31,17.350000381469727,17.809999465942383,16.68000030517578,17.389999389648438,0,-0.002877655917339794
2025-01-02,17.93000030517578,19.5,16.959999084472656,17.209999084472656,0,0.03288277625784586
2025-01-03,16.1299991607666,17.940000534057617,16.110000610351562,17.65999984741211,0,-0.10579446452967467
2025-01-06,16.040000915527344,16.8700008392334,15.710000038146973,16.770000457763672,0,-0.005595180591635884
2025-01-07,17.81999969482422,18.899999618530273,15.789999961853027,16.479999542236328,0,0.10523574540106706
2025-01-08,17.700000762939453,19.5,17.3700008392334,17.90999984741211,0,-0.006756722233491885
2025-01-10,19.540000915527344,20.309999465942383,18.049999237060547,18.290000915527344,0,0.09889901078493812
2025-01-13,19.190000534057617,22.040000915527344,19.149999618530273,21.18000030517578,0,-0.018074355619040805
2025-01-14,18.709999084472656,19.65999984741211,18.239999771118164,18.790000915527344,0,-0.025331246496121285
2025-01-15,16.1200008392334,19.139999389648438,15.960000038146973,19.079999923706055,0,-0.1489973022133766
2025-01-16,16.600000381469727,16.600000381469727,15.640000343322754,15.869999885559082,0,0.029341929202495454
2025-01-17,15.970000267028809,16.229999542236328,15.529999732971191,16.190000534057617,0,-0.03869073939502865
2025-01-21,15.0600004196167,16.290000915527344,14.930000305175781,16.290000915527344,0,-0.05866972871283105
2025-01-22,15.100000381469727,15.289999961853027,14.59000015258789,14.890000343322754,0,0.0026525188490325036
2025-01-23,15.020000457763672,15.390000343322754,14.59000015258789,15.279999732971191,0,-0.005312092270843838
2025-01-24,14.850000381469727,15.15999984741211,14.579999923706055,15.020000457763672,0,-0.011382785876024926
2025-01-27,17.899999618530273,22.510000228881836,17.56999969482422,18.829999923706055,0,0.18680080059864546
2025-01-28,16.40999984741211,18.389999389648438,16.25,18.290000915527344,0,-0.08690979573202107
2025-01-29,16.559999465942383,18.079999923706055,16.170000076293945,16.420000076293945,0,0.009099220903727279
2025-01-30,15.84000015258789,16.420000076293945,15.319999694824219,15.930000305175781,0,-0.04445172068790315
2025-01-31,16.43000030517578,17.09000015258789,14.899999618530273,15.449999809265137,0,0.03657055460412462
2025-02-03,18.6200008392334,20.420000076293945,17.65999984741211,20.360000610351562,0,0.12512736629705223
2025-02-04,17.209999084472656,19.110000610351562,16.780000686645508,18.780000686645508,0,-0.07874575989448918
2025-02-05,15.770000457763672,17.75,15.770000457763672,17.540000915527344,0,-0.0873811270235949
2025-02-06,15.5,16.149999618530273,14.989999771118164,15.880000114440918,0,-0.017269406077245808
2025-02-07,16.540000915527344,16.65999984741211,14.789999961853027,15.380000114440918,0,0.06494172102266083
2025-02-10,15.8100004196167,16.610000610351562,15.699999809265137,16.579999923706055,0,-0.04513906718526073
2025-02-11,16.020000457763672,16.420000076293945,15.75,16.1299991607666,0,0.01319529245212303
2025-02-12,15.890000343322754,17.18000030517578,15.640000343322754,15.90999984741211,0,-0.008147968059884825
2025-02-13,15.100000381469727,16.329999923706055,14.979999542236328,15.970000267028809,0,-0.050995233071065016
2025-02-14,14.770000457763672,15.420000076293945,14.739999771118164,15.079999923706055,0,-0.022096641547685092
2025-02-18,15.350000381469727,16.030000686645508,15.350000381469727,15.569999694824219,0,0.03851737134856448
2025-02-19,15.270000457763672,15.960000038146973,15.050000190734863,15.140000343322754,0,-0.005225349676138524
2025-02-20,15.65999984741211,16.6299991607666,15.119999885559082,15.609999656677246,0,0.025219531610343182
2025-02-21,18.209999084472656,19.030000686645508,15.279999732971191,15.630000114440918,0,0.15086116264458083
2025-02-24,18.979999542236328,20.239999771118164,17.309999465942383,18.079999923706055,0,0.04141492560012994
2025-02-25,19.43000030517578,21.479999542236328,18.850000381469727,19.09000015258789,0,0.023432510032201925
2025-02-26,19.100000381469727,20.059999465942383,17.829999923706055,18.959999084472656,0,-0.017129924070950153
2025-02-27,21.1299991607666,21.469999313354492,17.670000076293945,18.25,0,0.10100543688551955
2025-02-28,19.6299991607666,22.399999618530273,19.049999237060547,21.209999084472656,0,-0.07363482637456453
2025-03-03,22.780000686645508,24.309999465942383,19.25,19.829999923706055,0,0.1488240226257318
2025-03-04,23.510000228881836,26.350000381469727,21.709999084472656,22.959999084472656,0,0.031542884125980386
2025-03-05,21.93000030517578,24.84000015258789,21.3700008392334,23.030000686645508,0,-0.06957029594178721
2025-03-06,24.8700008392334,25.920000076293945,22.389999389648438,22.600000381469727,0,0.12580671521442088
2025-03-07,23.3700008392334,26.559999465942383,23.09000015258789,24.850000381469727,0,-0.0622091070986408
2025-03-10,27.860000610351562,29.559999465942383,24.68000030517578,24.700000762939453,0,0.17573880579798784
2025-03-11,26.920000076293945,29.56999969482422,26.18000030517578,27.940000534057617,0,-0.034322482648842634
2025-03-12,24.229999542236328,26.90999984741211,23.889999389648438,26.8799991607666,0,-0.10527799167462559
2025-03-13,24.65999984741211,26.1299991607666,23.459999084472656,24.920000076293945,0,0.01759097561253009
2025-03-14,21.770000457763672,24.360000610351562,21.479999542236328,24.350000381469727,0,-0.12464959527480479
2025-03-17,20.510000228881836,22.950000762939453,20.31999969482422,22.889999389648438,0,-0.05962031302991244
2025-03-18,21.700000762939453,22.56999969482422,20.40999984741211,20.829999923706055,0,0.05639971246109976
2025-03-19,19.899999618530273,22.100000381469727,19.420000076293945,21.84000015258789,0,-0.08659258314379947
2025-03-20,19.799999237060547,21.170000076293945,19.299999237060547,19.520000457763672,0,-0.005037813392920754
2025-03-21,19.280000686645508,21.139999389648438,19.149999618530273,20.020000457763672,0,-0.02661357437140044
2025-03-24,17.479999542236328,19.139999389648438,17.459999084472656,19.1299991607666,0,-0.09801098075725623
2025-03-25,17.149999618530273,17.770000457763672,17.020000457763672,17.579999923706055,0,-0.019059192670720204
2025-03-26,18.329999923706055,19.06999969482422,16.969999313354492,17.229999542236328,0,0.0665409063205531
2025-03-27,18.690000534057617,19.280000686645508,17.950000762939453,18.360000610351562,0,0.01944959235261301
2025-03-28,21.649999618530273,22.18000030517578,18.920000076293945,19.079999923706055,0,0.14701678678666763
2025-03-31,22.280000686645508,24.799999237060547,21.670000076293945,24.110000610351562,0,0.028684009049351644
2025-04-01,21.770000457763672,23.520000457763672,21.579999923706055,22.059999465942383,0,-0.0231565496042756
2025-04-02,21.510000228881836,23.65999984741211,20.68000030517578,22.299999237060547,0,-0.01201494235336975
2025-04-03,30.020000457763672,30.020000457763672,24.93000030517578,26.3799991607666,0,0.3333458875335831
2025-04-04,45.310001373291016,45.61000061035156,29.989999771118164,30.1200008392334,0,0.4116639475338917
2025-04-07,46.97999954223633,60.130001068115234,38.58000183105469,60.130001068115234,0,0.03619418049913703
2025-04-08,52.33000183105469,57.52000045776367,36.47999954223633,44.040000915527344,0,0.10784788588768324
2025-04-09,33.619998931884766,57.959999084472656,31.899999618530273,50.97999954223633,0,-0.44244875916441506
2025-04-10,40.720001220703125,54.869998931884766,34.439998626708984,34.439998626708984,0,0.19159830601000527
2025-04-11,37.560001373291016,46.119998931884766,36.849998474121094,40.79999923706055,0,-0.08077971131758588
2025-04-14,30.889999389648438,35.16999816894531,29.75,34.7599983215332,0,-0.19550720373103747
2025-04-15,30.1200008392334,31.450000762939453,28.290000915527344,30.010000228881836,0,-0.025243056376930806
2025-04-16,32.63999938964844,34.959999084472656,29.479999542236328,33.2400016784668,0,0.08034908060172263
2025-04-17,29.649999618530273,32.54999923706055,29.56999969482422,30.790000915527344,0,-0.096076398818433
2025-04-21,33.81999969482422,35.75,31.790000915527344,32.75,0,0.13159022186892777
2025-04-22,30.56999969482422,32.68000030517578,30.079999923706055,32.61000061035156,0,-0.10103320852701314
2025-04-23,28.450000762939453,30.290000915527344,27.110000610351562,28.75,0,-0.07187093853069904
2025-04-24,26.469999313354492,29.65999984741211,26.360000610351562,28.690000534057617,0,-0.07213619709070063
2025-04-25,24.84000015258789,27.200000762939453,24.84000015258789,26.219999313354492,0,-0.06355672709038362
2025-04-28,25.149999618530273,26.93000030517578,24.700000762939453,25.75,0,0.012402618169857327
2025-04-29,24.170000076293945,25.989999771118164,23.760000228881836,24.760000228881836,0,-0.039745683506017926
2025-04-30,24.700000762939453,28.170000076293945,24.229999542236328,24.350000381469727,0,0.021691076650220964
2025-05-01,24.600000381469727,25.18000030517578,23.299999237060547,23.940000534057617,0,-0.00405681607695163
2025-05-02,22.68000030517578,24.31999969482422,22.34000015258789,23.6299991607666,0,-0.08126296612994333
2025-05-05,23.639999389648438,24.6299991607666,22.809999465942383,24.25,0,0.04145667440402967
2025-05-06,24.760000228881836,25.110000610351562,23.899999618530273,23.969999313354492,0,0.04628929034110829
2025-05-07,23.549999237060547,25.6200008392334,23.290000915527344,24.559999465942383,0,-0.05010366899456464
2025-05-08,22.479999542236328,23.610000610351562,21.8799991607666,22.84000015258789,0,-0.04649978340350902
2025-05-09,21.899999618530273,22.81999969482422,21.829999923706055,22.399999618530273,0,-0.02613938525859183
2025-05-12,18.389999389648438,20.440000534057617,18.139999389648438,19.84000015258789,0,-0.17467961397683496
2025-05-13,18.219999313354492,18.850000381469727,17.649999618530273,18.690000534057617,0,-0.009287151281461181
2025-05-14,18.6200008392334,18.81999969482422,18.059999465942383,18.100000381469727,0,0.02171646277508099
2025-05-15,17.829999923706055,19.3799991607666,17.770000457763672,19.190000534057617,0,-0.043353889324446726
2025-05-16,17.239999771118164,17.959999084472656,17.149999618530273,17.959999084472656,0,-0.03365017563674577
2025-05-19,18.139999389648438,19.920000076293945,17.920000076293945,19.84000015258789,0,0.050887159080928335
2025-05-20,18.09000015258789,18.68000030517578,17.700000762939453,18.459999084472656,0,-0.0027601031981325796
2025-05-21,20.8700008392334,21.049999237060547,17.770000457763672,18.770000457763672,0,0.14295345345940413
2025-05-22,20.280000686645508,22.06999969482422,19.639999389648438,20.6200008392334,0,-0.028677548720296375
2025-05-23,22.290000915527344,25.530000686645508,19.829999923706055,20.139999389648438,0,0.09450297588999135
2025-05-27,18.959999084472656,21.010000228881836,18.950000762939453,20.6299991607666,0,-0.1618067399316656
2025-05-28,19.309999465942383,19.43000030517578,18.68000030517578,19.209999084472656,0,0.01829162024380615
2025-05-29,19.18000030517578,20.200000762939453,18.110000610351562,18.25,0,-0.006754983416935811
2025-05-30,18.56999969482422,20.549999237060547,18.56999969482422,19.610000610351562,0,-0.032320726435629776
2025-06-02,18.360000610351562,20.450000762939453,18.360000610351562,19.809999465942383,0,-0.011372940494914996
2025-06-03,17.690000534057617,19.209999084472656,17.639999389648438,18.829999923706055,0,-0.03717488007439629
2025-06-04,17.610000610351562,18.06999969482422,17.40999984741211,17.68000030517578,0,-0.004532581194009122
2025-06-05,18.479999542236328,18.799999237060547,17.079999923706055,17.68000030517578,0,0.04822208427528896
2025-06-06,16.770000457763672,18.350000381469727,16.649999618530273,18.15999984741211,0,-0.09709743831107787
2025-06-09,17.15999984741211,17.719999313354492,16.81999969482422,17.690000534057617,0,0.022989482036049225
2025-06-10,16.950000762939453,17.989999771118164,16.68000030517578,17.5,0,-0.012313206330112791
2025-06-11,17.260000228881836,18.09000015258789,16.229999542236328,17.040000915527344,0,0.018123820078471464
2025-06-12,18.020000457763672,18.8700008392334,17.43000030517578,17.8700008392334,0,0.04309057866717403
2025-06-13,20.81999969482422,22.0,18.8799991607666,21.760000228881836,0,0.14443177094572368
2025-06-16,19.110000610351562,20.219999313354492,18.670000076293945,19.780000686645508,0,-0.08570225833796608
2025-06-17,21.600000381469727,21.790000915527344,19.549999237060547,20.530000686645508,0,0.1224815421597163
2025-06-18,20.139999389648438,21.579999923706055,19.59000015258789,20.899999618530273,0,-0.06998547536577915
2025-06-20,20.6200008392334,21.06999969482422,19.110000610351562,20.739999771118164,0,0.023553662303808398
2025-06-23,19.829999923706055,22.510000228881836,19.81999969482422,21.149999618530273,0,-0.03906558060447951
2025-06-24,17.479999542236328,18.719999313354492,17.329999923706055,18.190000534057617,0,-0.12613859464476818
2025-06-25,16.760000228881836,17.510000228881836,16.68000030517578,17.280000686645508,0,-0.04206223532916509
2025-06-26,16.59000015258789,16.780000686645508,16.110000610351562,16.670000076293945,0,-0.010194995310435662
2025-06-27,16.31999969482422,17.290000915527344,16.1200008392334,16.309999465942383,0,-0.016408782563471114
2025-06-30,16.729999542236328,17.43000030517578,16.549999237060547,17.190000534057617,0,0.024812156800422702
2025-07-01,16.829999923706055,17.479999542236328,16.510000228881836,16.979999542236328,0,0.005959516032616463
2025-07-02,16.639999389648438,17.3700008392334,16.540000915527344,16.75,0,-0.011353604956223062
2025-07-03,16.3799991607666,16.829999923706055,16.139999389648438,16.649999618530273,0,-0.01574837152360864
2025-07-07,17.790000915527344,18.5,17.510000228881836,17.829999923706055,0,0.08257552595110296
2025-07-08,16.809999465942383,17.440000534057617,16.540000915527344,17.40999984741211,0,-0.05666263749048417
2025-07-09,15.9399995803833,16.760000228881836,15.760000228881836,16.760000228881836,0,-0.05314226861298321
2025-07-10,15.779999732971191,16.239999771118164,15.699999809265137,16.229999542236328,0,-0.010088348541557046
2025-07-11,16.399999618530273,17.239999771118164,15.979999542236328,16.40999984741211,0,0.03853801307405291
2025-07-14,17.200000762939453,17.850000381469727,16.90999984741211,17.729999542236328,0,0.04762811660654842
2025-07-15,17.3799991607666,17.389999389648438,16.559999465942383,16.889999389648438,0,0.010410643373586215
2025-07-16,17.15999984741211,19.479999542236328,16.690000534057617,17.65999984741211,0,-0.012738986382189843
2025-07-17,16.520000457763672,17.3700008392334,16.479999542236328,17.15999984741211,0,-0.03800928936525105
2025-07-18,16.40999984741211,16.809999465942383,16.280000686645508,16.43000030517578,0,-0.006680899998967149
2025-07-21,16.649999618530273,16.989999771118164,16.299999237060547,16.8700008392334,0,0.014519297711828028
2025-07-22,16.5,17.479999542236328,16.43000030517578,16.75,0,-0.009049812608822982
2025-07-23,15.369999885559082,16.31999969482422,15.319999694824219,16.229999542236328,0,-0.07094283080176345
2025-07-24,15.390000343322754,15.539999961853027,14.949999809265137,15.390000343322754,0,0.0013004200541875122
2025-07-25,14.930000305175781,15.390000343322754,14.920000076293945,15.329999923706055,0,-0.030345338167419467
2025-07-28,15.029999732971191,15.539999961853027,15.0,15.149999618530273,0,0.006675554006955853
2025-07-29,15.979999542236328,16.1200008392334,14.699999809265137,14.949999809265137,0,0.06128972569359581
2025-07-30,15.479999542236328,17.270000457763672,15.4399995803833,15.869999885559082,0,-0.03178907310180712
2025-07-31,16.719999313354492,17.170000076293945,14.739999771118164,14.989999771118164,0,0.07705672799895558
2025-08-01,20.3799991607666,21.899999618530273,17.389999389648438,17.399999618530273,0,0.1979484200260746
2025-08-04,17.520000457763672,19.579999923706055,17.479999542236328,19.559999465942383,0,-0.15121087497900554
2025-08-05,17.850000381469727,18.940000534057617,17.110000610351562,17.209999084472656,0,0.01866041796019191
2025-08-06,16.770000457763672,17.8799991607666,16.559999465942383,17.219999313354492,0,-0.06241192646480176
2025-08-07,16.56999969482422,17.639999389648438,15.979999542236328,16.40999984741211,0,-0.011997790110595208
2025-08-08,15.149999618530273,16.520000457763672,15.149999618530273,16.479999542236328,0,-0.08959330624524586
2025-08-11,16.25,16.360000610351562,15.520000457763672,15.8100004196167,0,0.07009240199988875
2025-08-12,14.729999542236328,16.559999465942383,14.65999984741211,16.09000015258789,0,-0.09820670937817155
2025-08-13,14.489999771118164,14.8100004196167,14.300000190734863,14.619999885559082,0,-0.01642745886083219
2025-08-14,14.829999923706055,15.390000343322754,14.569999694824219,14.65999984741211,0,0.02319341046852985
2025-08-15,15.09000015258789,15.180000305175781,14.399999618530273,14.430000305175781,0,0.0173801318863398
2025-08-18,14.989999771118164,15.949999809265137,14.949999809265137,15.729999542236328,0,-0.006648986046074334
2025-08-19,15.569999694824219,15.90999984741211,14.760000228881836,15.229999542236328,0,0.037962669400125826
2025-08-20,15.6899995803833,17.190000534057617,15.569999694824219,15.949999809265137,0,0.007677573755064504
2025-08-21,16.600000381469727,17.239999771118164,15.649999618530273,15.720000267028809,0,0.056379178341873004
2025-08-22,14.220000267028809,16.829999923706055,14.210000038146973,16.809999465942383,0,-0.15475327518910964
2025-08-25,14.789999961853027,15.1899995803833,14.239999771118164,15.050000190734863,0,0.03930183098997597
2025-08-26,14.619999885559082,15.75,14.619999885559082,15.75,0,-0.011560827649531369
2025-08-27,14.850000381469727,15.229999542236328,14.65999984741211,14.65999984741211,0,0.015609444442969078
2025-08-28,14.430000305175781,14.6899995803833,14.119999885559082,14.420000076293945,0,-0.02869049700242332
2025-08-29,15.359999656677246,15.970000267028809,14.3100004196167,14.3100004196167,0,0.06245731143330202
2025-09-02,17.170000076293945,19.3799991607666,16.549999237060547,16.649999618530273,0,0.11139697398504467
2025-09-03,16.350000381469727,17.56999969482422,16.34000015258789,17.399999618530273,0,-0.04893575867808497
2025-09-04,15.300000190734863,16.350000381469727,15.279999732971191,16.219999313354492,0,-0.06637507981002333
2025-09-05,15.180000305175781,16.920000076293945,14.739999771118164,15.229999542236328,0,-0.007874048793430344
2025-09-08,15.109999656677246,15.649999618530273,14.989999771118164,15.579999923706055,0,-0.004622038508200976
2025-09-09,15.039999961853027,15.819999694824219,14.970000267028809,15.020000457763672,0,-0.004643437577763088
2025-09-10,15.350000381469727,15.630000114440918,14.630000114440918,14.979999542236328,0,0.020402182899327492
2025-09-11,14.710000038146973,15.239999771118164,14.649999618530273,15.1899995803833,0,-0.042587961678039576
2025-09-12,14.760000228881836,14.970000267028809,14.40999984741211,14.619999885559082,0,0.003393297472611856
2025-09-15,15.6899995803833,15.84000015258789,14.920000076293945,15.140000343322754,0,0.061102705321502526
2025-09-16,16.360000610351562,16.3799991607666,15.4399995803833,15.600000381469727,0,0.04181582848142451
2025-09-17,15.720000267028809,16.75,15.260000228881836,16.420000076293945,0,-0.03990556449452676
2025-09-18,15.699999809265137,15.800000190734863,14.329999923706055,14.930000305175781,0,-0.0012731037820810087
2025-09-19,15.449999809265137,16.1299991607666,15.289999961853027,15.760000228881836,0,-0.016051709207089093
2025-09-22,16.100000381469727,16.350000381469727,15.779999732971191,16.139999389648438,0,0.04121030468573261
2025-09-23,16.639999389648438,17.06999969482422,15.949999809265137,16.100000381469727,0,0.03299010302909178
2025-09-24,16.18000030517578,17.209999084472656,16.18000030517578,16.56999969482422,0,-0.028033468221638103
2025-09-25,16.739999771118164,17.739999771118164,16.31999969482422,16.549999237060547,0,0.034025120896936656
2025-09-26,15.289999961853027,17.049999237060547,15.289999961853027,16.889999389648438,0,-0.09060203394250488
2025-09-29,16.1200008392334,16.290000915527344,15.739999771118164,15.84000015258789,0,0.052861771694031834
2025-09-30,16.280000686645508,16.700000762939453,16.020000457763672,16.489999771118164,0,0.009876613611529805
2025-10-01,16.290000915527344,17.280000686645508,15.979999542236328,17.280000686645508,0,0.0006140760641177856
2025-10-02,16.6299991607666,16.920000076293945,15.930000305175781,16.1200008392334,0,0.020656763924054466
2025-10-03,16.649999618530273,17.059999465942383,16.200000762939453,16.350000381469727,0,0.0012019507755498537
2025-10-06,16.3700008392334,17.09000015258789,16.290000915527344,16.739999771118164,0,-0.016959750865767287
2025-10-07,17.239999771118164,17.549999237060547,16.190000534057617,16.579999923706055,0,0.05178180930974774
2025-10-08,16.299999237060547,17.200000762939453,16.229999542236328,17.170000076293945,0,-0.05606719095272439
2025-10-09,16.43000030517578,17.270000457763672,16.260000228881836,16.309999465942383,0,0.007943889616864652
2025-10-10,21.65999984741211,22.440000534057617,16.229999542236328,16.360000610351562,0,0.2763582839046803
2025-10-13,19.030000686645508,20.770000457763672,18.610000610351562,19.450000762939453,0,-0.1294505171378364
2025-10-14,20.809999465942383,22.940000534057617,19.18000030517578,21.459999084472656,0,0.08941689735171154
2025-10-15,20.639999389648438,22.440000534057617,19.110000610351562,20.020000457763672,0,-0.008202703699969227
2025-10-16,25.309999465942383,25.43000030517578,19.850000381469727,20.489999771118164,0,0.20396864241431123
2025-10-17,20.780000686645508,28.989999771118164,20.729999542236328,28.40999984741211,0,-0.19720853474171918
2025-10-20,18.229999542236328,21.020000457763672,18.229999542236328,20.530000686645508,0,-0.1309224551345447
2025-10-21,17.8700008392334,18.889999389648438,17.399999618530273,18.649999618530273,0,-0.019945187445519874
2025-10-22,18.600000381469727,21.010000228881836,17.729999542236328,17.84000015258789,0,0.04003822509368815
2025-10-23,17.299999237060547,19.350000381469727,17.079999923706055,18.360000610351562,0,-0.07245514382509421
2025-10-24,16.3700008392334,17.219999313354492,16.020000457763672,17.020000457763672,0,-0.05525601475359565
2025-10-27,15.789999961853027,16.06999969482422,15.619999885559082,15.729999542236328,0,-0.03607361679793408
2025-10-28,16.420000076293945,16.549999237060547,15.65999984741211,15.949999809265137,0,0.039123282819029104
2025-10-29,16.920000076293945,17.579999923706055,16.260000228881836,16.34000015258789,0,0.029996250016489867
2025-10-30,16.90999984741211,17.40999984741211,15.729999542236328,16.260000228881836,0,-0.0005912048002163495
2025-10-31,17.440000534057617,18.540000915527344,15.960000038146973,16.43000030517578,0,0.030861295216443985
2025-11-03,17.170000076293945,18.829999923706055,17.0,18.059999465942383,0,-0.015602769750574286
2025-11-04,19.0,20.479999542236328,17.899999618530273,19.729999542236328,0,0.1012752998136115
2025-11-05,18.010000228881836,20.020000457763672,17.309999465942383,19.3700008392334,0,-0.05351180726997873
2025-11-06,19.5,20.309999465942383,17.639999389648438,18.360000610351562,0,0.07948729367323937
2025-11-07,19.079999923706055,22.719999313354492,19.079999923706055,19.520000457763672,0,-0.021773803548195136
2025-11-10,17.600000381469727,18.81999969482422,17.600000381469727,18.579999923706055,0,-0.08074173830298337
2025-11-11,17.280000686645508,18.010000228881836,17.25,17.899999618530273,0,-0.018349120606183433
2025-11-12,17.510000228881836,18.059999465942383,17.100000381469727,17.209999084472656,0,0.013222356256914036
2025-11-13,20.0,21.309999465942383,17.510000228881836,17.610000610351562,0,0.13296011418473785
2025-11-14,19.829999923706055,23.030000686645508,19.559999465942383,21.329999923706055,0,-0.008536334869686524
